ROOT g=0 t=0 ctx=loose n=13 BLITZ:1:0.0614:0.0614 BLOCK:3:0.2875:0.0958 PICKUP:1:0.1597:0.1597 REPOSITION:7:0.4300:0.0614 END_TURN:1:0.0614:0.0614
ROOT g=0 t=1 ctx=def n=12 BLITZ:2:0.3243:0.1622 REPOSITION:9:0.6081:0.0676 END_TURN:1:0.0676:0.0676
ROOT g=0 t=2 ctx=off n=16 ADVANCE:1:0.0932:0.0932 CAGE:1:0.0932:0.0932 BLITZ:1:0.0485:0.0485 BLOCK:3:0.2796:0.0932 PASS_ACTION:3:0.1456:0.0485 REPOSITION:6:0.2913:0.0485 END_TURN:1:0.0485:0.0485
ROOT g=0 t=3 ctx=def n=12 BLITZ:2:0.3243:0.1622 REPOSITION:9:0.6081:0.0676 END_TURN:1:0.0676:0.0676
ROOT g=0 t=4 ctx=off n=22 ADVANCE:1:0.0874:0.0874 CAGE:1:0.0874:0.0874 BLITZ:1:0.0331:0.0331 BLOCK:3:0.2623:0.0874 PASS_ACTION:9:0.2980:0.0331 REPOSITION:6:0.1987:0.0331 END_TURN:1:0.0331:0.0331
ROOT g=0 t=5 ctx=def n=10 BLITZ:2:0.3333:0.1667 REPOSITION:7:0.5833:0.0833 END_TURN:1:0.0833:0.0833
ROOT g=0 t=6 ctx=off n=19 ADVANCE:1:0.0998:0.0998 CAGE:1:0.0998:0.0998 BLITZ:1:0.0438:0.0438 BLOCK:1:0.0998:0.0998 PASS_ACTION:7:0.3065:0.0438 FOUL:1:0.0438:0.0438 REPOSITION:6:0.2627:0.0438 END_TURN:1:0.0438:0.0438
ROOT g=0 t=7 ctx=def n=14 BLITZ:2:0.2851:0.1426 BLOCK:3:0.2566:0.0855 FOUL:2:0.1018:0.0509 REPOSITION:6:0.3055:0.0509 END_TURN:1:0.0509:0.0509
ROOT g=0 t=8 ctx=off n=20 ADVANCE:1:0.0992:0.0992 CAGE:1:0.0992:0.0992 BLITZ:1:0.0413:0.0413 BLOCK:1:0.0992:0.0992 PASS_ACTION:7:0.2893:0.0413 FOUL:2:0.0826:0.0413 REPOSITION:6:0.2479:0.0413 END_TURN:1:0.0413:0.0413
ROOT g=0 t=9 ctx=def n=13 BLITZ:2:0.2908:0.1454 BLOCK:3:0.2617:0.0872 FOUL:2:0.1119:0.0559 REPOSITION:5:0.2796:0.0559 END_TURN:1:0.0559:0.0559
ROOT g=0 t=10 ctx=off n=18 ADVANCE:1:0.1006:0.1006 CAGE:1:0.1006:0.1006 BLITZ:1:0.0466:0.0466 BLOCK:1:0.1006:0.1006 PASS_ACTION:5:0.2328:0.0466 FOUL:2:0.0931:0.0466 REPOSITION:6:0.2793:0.0466 END_TURN:1:0.0466:0.0466
ROOT g=0 t=11 ctx=def n=13 BLITZ:2:0.3002:0.1501 BLOCK:2:0.1801:0.0901 FOUL:3:0.1732:0.0577 REPOSITION:5:0.2887:0.0577 END_TURN:1:0.0577:0.0577
ROOT g=0 t=12 ctx=off n=17 ADVANCE:1:0.1069:0.1069 CAGE:1:0.1069:0.1069 BLITZ:1:0.0524:0.0524 PASS_ACTION:5:0.2621:0.0524 FOUL:2:0.1048:0.0524 REPOSITION:6:0.3145:0.0524 END_TURN:1:0.0524:0.0524
ROOT g=0 t=13 ctx=def n=13 BLITZ:2:0.3210:0.1605 FOUL:3:0.1852:0.0617 REPOSITION:7:0.4321:0.0617 END_TURN:1:0.0617:0.0617
ROOT g=0 t=14 ctx=off n=14 ADVANCE:1:0.0966:0.0966 CAGE:1:0.0966:0.0966 BLITZ:1:0.0575:0.0575 BLOCK:3:0.2897:0.0966 PASS_ACTION:1:0.0575:0.0575 FOUL:1:0.0575:0.0575 REPOSITION:5:0.2874:0.0575 END_TURN:1:0.0575:0.0575
ROOT g=0 t=15 ctx=def n=13 BLITZ:2:0.2908:0.1454 BLOCK:3:0.2617:0.0872 FOUL:3:0.1678:0.0559 REPOSITION:4:0.2237:0.0559 END_TURN:1:0.0559:0.0559
ROOT g=0 t=16 ctx=loose n=13 BLITZ:1:0.0614:0.0614 BLOCK:3:0.2875:0.0958 PICKUP:1:0.1597:0.1597 REPOSITION:7:0.4300:0.0614 END_TURN:1:0.0614:0.0614
ROOT g=0 t=17 ctx=loose n=12 BLITZ:1:0.0746:0.0746 PICKUP:1:0.1791:0.1791 REPOSITION:9:0.6716:0.0746 END_TURN:1:0.0746:0.0746
ROOT g=0 t=18 ctx=loose n=13 BLITZ:1:0.0614:0.0614 BLOCK:3:0.2875:0.0958 PICKUP:1:0.1597:0.1597 REPOSITION:7:0.4300:0.0614 END_TURN:1:0.0614:0.0614
ROOT g=0 t=19 ctx=def n=12 BLITZ:2:0.3243:0.1622 REPOSITION:9:0.6081:0.0676 END_TURN:1:0.0676:0.0676
ROOT g=0 t=20 ctx=off n=22 ADVANCE:1:0.0981:0.0981 CAGE:1:0.0981:0.0981 BLITZ:1:0.0371:0.0371 BLOCK:1:0.0981:0.0981 PASS_ACTION:9:0.3343:0.0371 REPOSITION:8:0.2972:0.0371 END_TURN:1:0.0371:0.0371
ROOT g=0 t=21 ctx=def n=12 BLITZ:2:0.3243:0.1622 FOUL:1:0.0676:0.0676 REPOSITION:8:0.5405:0.0676 END_TURN:1:0.0676:0.0676
ROOT g=0 t=22 ctx=off n=15 ADVANCE:1:0.1084:0.1084 CAGE:1:0.1084:0.1084 BLITZ:1:0.0602:0.0602 PASS_ACTION:3:0.1807:0.0602 REPOSITION:8:0.4819:0.0602 END_TURN:1:0.0602:0.0602
ROOT g=0 t=23 ctx=def n=12 BLITZ:2:0.3243:0.1622 FOUL:1:0.0676:0.0676 REPOSITION:8:0.5405:0.0676 END_TURN:1:0.0676:0.0676
ROOT g=0 t=24 ctx=off n=19 ADVANCE:1:0.1058:0.1058 CAGE:1:0.1058:0.1058 BLITZ:1:0.0464:0.0464 PASS_ACTION:3:0.1391:0.0464 FOUL:4:0.1855:0.0464 REPOSITION:8:0.3711:0.0464 END_TURN:1:0.0464:0.0464
ROOT g=0 t=25 ctx=def n=10 BLITZ:2:0.3333:0.1667 REPOSITION:7:0.5833:0.0833 END_TURN:1:0.0833:0.0833
ROOT g=0 t=26 ctx=off n=20 ADVANCE:1:0.1053:0.1053 CAGE:1:0.1053:0.1053 BLITZ:1:0.0439:0.0439 PASS_ACTION:3:0.1316:0.0439 FOUL:5:0.2193:0.0439 REPOSITION:8:0.3509:0.0439 END_TURN:1:0.0439:0.0439
ROOT g=0 t=27 ctx=def n=9 BLITZ:2:0.3429:0.1714 REPOSITION:6:0.5714:0.0952 END_TURN:1:0.0857:0.0857
ROOT g=0 t=28 ctx=off n=16 ADVANCE:1:0.1076:0.1076 CAGE:1:0.1076:0.1076 BLITZ:1:0.0561:0.0561 PASS_ACTION:2:0.1121:0.0561 FOUL:4:0.2242:0.0561 REPOSITION:6:0.3363:0.0561 END_TURN:1:0.0561:0.0561
ROOT g=0 t=29 ctx=def n=13 BLITZ:2:0.3210:0.1605 FOUL:4:0.2469:0.0617 REPOSITION:6:0.3704:0.0617 END_TURN:1:0.0617:0.0617
ROOT g=0 t=30 ctx=off n=14 ADVANCE:1:0.1094:0.1094 CAGE:1:0.1094:0.1094 BLITZ:1:0.0651:0.0651 FOUL:3:0.1953:0.0651 REPOSITION:7:0.4557:0.0651 END_TURN:1:0.0651:0.0651
ROOT g=0 t=31 ctx=def n=11 BLITZ:2:0.3284:0.1642 FOUL:3:0.2239:0.0746 REPOSITION:5:0.3731:0.0746 END_TURN:1:0.0746:0.0746
ROOT g=1 t=0 ctx=loose n=13 BLITZ:1:0.0614:0.0614 BLOCK:3:0.2875:0.0958 PICKUP:1:0.1597:0.1597 REPOSITION:7:0.4300:0.0614 END_TURN:1:0.0614:0.0614
ROOT g=1 t=1 ctx=def n=13 BLITZ:2:0.3210:0.1605 FOUL:2:0.1235:0.0617 REPOSITION:8:0.4938:0.0617 END_TURN:1:0.0617:0.0617
ROOT g=1 t=2 ctx=off n=20 ADVANCE:1:0.0992:0.0992 CAGE:1:0.0992:0.0992 BLITZ:1:0.0413:0.0413 BLOCK:1:0.0992:0.0992 PASS_ACTION:8:0.3306:0.0413 FOUL:1:0.0413:0.0413 REPOSITION:6:0.2479:0.0413 END_TURN:1:0.0413:0.0413
ROOT g=1 t=3 ctx=def n=11 BLITZ:2:0.3284:0.1642 FOUL:1:0.0746:0.0746 REPOSITION:7:0.5224:0.0746 END_TURN:1:0.0746:0.0746
ROOT g=1 t=4 ctx=off n=18 ADVANCE:1:0.1006:0.1006 CAGE:1:0.1006:0.1006 BLITZ:1:0.0466:0.0466 BLOCK:1:0.1006:0.1006 PASS_ACTION:6:0.2793:0.0466 FOUL:1:0.0466:0.0466 REPOSITION:6:0.2793:0.0466 END_TURN:1:0.0466:0.0466
ROOT g=1 t=5 ctx=def n=11 BLITZ:2:0.3284:0.1642 FOUL:2:0.1493:0.0746 REPOSITION:6:0.4478:0.0746 END_TURN:1:0.0746:0.0746
ROOT g=1 t=6 ctx=off n=21 ADVANCE:1:0.0986:0.0986 CAGE:1:0.0986:0.0986 BLITZ:1:0.0391:0.0391 BLOCK:1:0.0986:0.0986 PASS_ACTION:6:0.2347:0.0391 FOUL:4:0.1565:0.0391 REPOSITION:6:0.2347:0.0391 END_TURN:1:0.0391:0.0391
ROOT g=1 t=7 ctx=def n=10 BLITZ:2:0.3333:0.1667 FOUL:1:0.0833:0.0833 REPOSITION:6:0.5000:0.0833 END_TURN:1:0.0833:0.0833
ROOT g=1 t=8 ctx=off n=21 ADVANCE:1:0.0931:0.0931 CAGE:1:0.0931:0.0931 BLITZ:1:0.0369:0.0369 BLOCK:2:0.1861:0.0931 PASS_ACTION:4:0.1477:0.0369 FOUL:5:0.1846:0.0369 REPOSITION:6:0.2216:0.0369 END_TURN:1:0.0369:0.0369
ROOT g=1 t=9 ctx=def n=9 BLITZ:2:0.3429:0.1714 FOUL:1:0.0952:0.0952 REPOSITION:5:0.4762:0.0952 END_TURN:1:0.0857:0.0857
ROOT g=1 t=10 ctx=off n=21 ADVANCE:1:0.0788:0.0788 CAGE:1:0.0788:0.0788 BLITZ:1:0.0313:0.0313 BLOCK:1:0.0788:0.0788 PASS_ACTION:4:0.1252:0.0313 FOUL:3:0.0939:0.0313 REPOSITION:7:0.2190:0.0313 END_TURN:1:0.0313:0.0313 PASS_SCORE:1:0.1314:0.1314 CHAIN_SCORE:1:0.1314:0.1314
ROOT g=1 t=11 ctx=def n=8 BLITZ:2:0.3556:0.1778 FOUL:1:0.1111:0.1111 REPOSITION:4:0.4444:0.1111 END_TURN:1:0.0889:0.0889
ROOT g=1 t=12 ctx=off n=17 ADVANCE:1:0.1069:0.1069 CAGE:1:0.1069:0.1069 BLITZ:1:0.0524:0.0524 PASS_ACTION:3:0.1572:0.0524 FOUL:3:0.1572:0.0524 REPOSITION:7:0.3669:0.0524 END_TURN:1:0.0524:0.0524
ROOT g=1 t=13 ctx=def n=10 BLITZ:2:0.3333:0.1667 FOUL:3:0.2500:0.0833 REPOSITION:4:0.3333:0.0833 END_TURN:1:0.0833:0.0833
ROOT g=1 t=14 ctx=off n=17 ADVANCE:1:0.0616:0.0616 CAGE:1:0.0616:0.0616 BLITZ:1:0.0302:0.0302 BLOCK:3:0.1849:0.0616 PASS_ACTION:2:0.0604:0.0302 FOUL:2:0.0604:0.0302 REPOSITION:5:0.1511:0.0302 END_TURN:1:0.0302:0.0302 BLITZ_AND_SCORE:1:0.3595:0.3595
ROOT g=1 t=15 ctx=def n=8 BLITZ:2:0.3556:0.1778 FOUL:2:0.2222:0.1111 REPOSITION:3:0.3333:0.1111 END_TURN:1:0.0889:0.0889
ROOT g=1 t=16 ctx=loose n=13 BLITZ:1:0.0614:0.0614 BLOCK:3:0.2875:0.0958 PICKUP:1:0.1597:0.1597 REPOSITION:7:0.4300:0.0614 END_TURN:1:0.0614:0.0614
ROOT g=1 t=17 ctx=def n=13 BLITZ:2:0.3210:0.1605 REPOSITION:10:0.6173:0.0617 END_TURN:1:0.0617:0.0617
ROOT g=1 t=18 ctx=off n=20 ADVANCE:1:0.0889:0.0889 CAGE:1:0.0889:0.0889 BLITZ:1:0.0370:0.0370 BLOCK:3:0.2667:0.0889 PASS_ACTION:7:0.2593:0.0370 REPOSITION:6:0.2222:0.0370 END_TURN:1:0.0370:0.0370
ROOT g=1 t=19 ctx=def n=13 BLITZ:2:0.3103:0.1551 BLOCK:1:0.0931:0.0931 REPOSITION:9:0.5370:0.0597 END_TURN:1:0.0597:0.0597
ROOT g=1 t=20 ctx=off n=17 ADVANCE:1:0.0919:0.0919 CAGE:1:0.0919:0.0919 BLITZ:1:0.0450:0.0450 BLOCK:3:0.2757:0.0919 PASS_ACTION:5:0.2252:0.0450 REPOSITION:5:0.2252:0.0450 END_TURN:1:0.0450:0.0450
ROOT g=1 t=21 ctx=def n=14 BLITZ:2:0.3063:0.1532 BLOCK:1:0.0919:0.0919 FOUL:1:0.0547:0.0547 REPOSITION:9:0.4923:0.0547 END_TURN:1:0.0547:0.0547
ROOT g=1 t=22 ctx=off n=16 ADVANCE:1:0.0932:0.0932 CAGE:1:0.0932:0.0932 BLITZ:1:0.0485:0.0485 BLOCK:3:0.2796:0.0932 PASS_ACTION:5:0.2427:0.0485 REPOSITION:4:0.1942:0.0485 END_TURN:1:0.0485:0.0485
ROOT g=1 t=23 ctx=def n=16 BLITZ:2:0.3137:0.1569 FOUL:3:0.1471:0.0490 REPOSITION:10:0.4902:0.0490 END_TURN:1:0.0490:0.0490
ROOT g=1 t=24 ctx=loose n=9 BLITZ:1:0.1006:0.1006 BLOCK:3:0.3260:0.1087 PICKUP:1:0.1811:0.1811 REPOSITION:3:0.3018:0.1006 END_TURN:1:0.0905:0.0905
ROOT g=1 t=25 ctx=def n=14 BLITZ:2:0.3182:0.1591 FOUL:3:0.1705:0.0568 REPOSITION:8:0.4545:0.0568 END_TURN:1:0.0568:0.0568
ROOT g=1 t=26 ctx=off n=14 ADVANCE:1:0.0979:0.0979 CAGE:1:0.0979:0.0979 BLITZ:1:0.0583:0.0583 PASS_ACTION:2:0.1166:0.0583 FOUL:3:0.1748:0.0583 REPOSITION:4:0.2331:0.0583 END_TURN:1:0.0583:0.0583 BLITZ_AND_SCORE:1:0.1632:0.1632
ROOT g=1 t=27 ctx=def n=11 BLITZ:2:0.3284:0.1642 FOUL:2:0.1493:0.0746 REPOSITION:6:0.4478:0.0746 END_TURN:1:0.0746:0.0746
ROOT g=1 t=28 ctx=loose n=9 BLITZ:1:0.0905:0.0905 PICKUP:1:0.2851:0.2851 FOUL:2:0.1810:0.0905 REPOSITION:4:0.3620:0.0905 END_TURN:1:0.0814:0.0814
ROOT g=1 t=29 ctx=def n=13 BLITZ:2:0.3210:0.1605 FOUL:4:0.2469:0.0617 REPOSITION:6:0.3704:0.0617 END_TURN:1:0.0617:0.0617
ROOT g=1 t=30 ctx=loose n=6 BLITZ:1:0.1493:0.1493 PICKUP:1:0.3134:0.3134 FOUL:1:0.1493:0.1493 REPOSITION:2:0.2985:0.1493 END_TURN:1:0.0896:0.0896
ROOT g=1 t=31 ctx=loose n=10 BLITZ:1:0.0800:0.0800 PICKUP:1:0.2800:0.2800 FOUL:2:0.1600:0.0800 REPOSITION:5:0.4000:0.0800 END_TURN:1:0.0800:0.0800
ROOT g=2 t=0 ctx=loose n=13 BLITZ:1:0.0614:0.0614 BLOCK:3:0.2875:0.0958 PICKUP:1:0.1597:0.1597 REPOSITION:7:0.4300:0.0614 END_TURN:1:0.0614:0.0614
ROOT g=2 t=1 ctx=def n=13 BLITZ:2:0.3002:0.1501 BLOCK:2:0.1801:0.0901 REPOSITION:8:0.4619:0.0577 END_TURN:1:0.0577:0.0577
ROOT g=2 t=2 ctx=off n=20 ADVANCE:1:0.0769:0.0769 CAGE:1:0.0769:0.0769 BLITZ:1:0.0321:0.0321 BLOCK:6:0.4615:0.0769 PASS_ACTION:5:0.1603:0.0321 FOUL:1:0.0321:0.0321 REPOSITION:4:0.1282:0.0321 END_TURN:1:0.0321:0.0321
ROOT g=2 t=3 ctx=def n=12 BLITZ:2:0.3243:0.1622 FOUL:2:0.1351:0.0676 REPOSITION:7:0.4730:0.0676 END_TURN:1:0.0676:0.0676
ROOT g=2 t=4 ctx=off n=18 ADVANCE:1:0.0827:0.0827 CAGE:1:0.0827:0.0827 BLITZ:1:0.0383:0.0383 BLOCK:5:0.4135:0.0827 PASS_ACTION:3:0.1149:0.0383 FOUL:1:0.0383:0.0383 REPOSITION:5:0.1914:0.0383 END_TURN:1:0.0383:0.0383
ROOT g=2 t=5 ctx=def n=11 BLITZ:2:0.3284:0.1642 FOUL:2:0.1493:0.0746 REPOSITION:6:0.4478:0.0746 END_TURN:1:0.0746:0.0746
ROOT g=2 t=6 ctx=off n=19 ADVANCE:1:0.0815:0.0815 CAGE:1:0.0815:0.0815 BLITZ:1:0.0358:0.0358 BLOCK:5:0.4077:0.0815 PASS_ACTION:3:0.1073:0.0358 FOUL:2:0.0715:0.0358 REPOSITION:5:0.1788:0.0358 END_TURN:1:0.0358:0.0358
ROOT g=2 t=7 ctx=def n=8 BLITZ:2:0.3556:0.1778 REPOSITION:5:0.5556:0.1111 END_TURN:1:0.0889:0.0889
ROOT g=2 t=8 ctx=off n=27 ADVANCE:1:0.0484:0.0484 CAGE:1:0.0484:0.0484 BLITZ:1:0.0149:0.0149 BLOCK:6:0.2905:0.0484 PASS_ACTION:3:0.0448:0.0149 FOUL:5:0.0747:0.0149 REPOSITION:4:0.0598:0.0149 END_TURN:1:0.0149:0.0149 BLITZ_AND_SCORE:1:0.0807:0.0807 HAND_OFF_SCORE:2:0.1614:0.0807 PASS_SCORE:1:0.0807:0.0807 CHAIN_SCORE:1:0.0807:0.0807
ROOT g=2 t=9 ctx=loose n=13 BLITZ:1:0.0569:0.0569 BLOCK:3:0.2662:0.0887 PICKUP:1:0.2218:0.2218 REPOSITION:7:0.3982:0.0569 END_TURN:1:0.0569:0.0569
ROOT g=2 t=10 ctx=def n=10 BLITZ:2:0.3333:0.1667 REPOSITION:7:0.5833:0.0833 END_TURN:1:0.0833:0.0833
ROOT g=2 t=11 ctx=off n=21 ADVANCE:1:0.1048:0.1048 CAGE:1:0.1048:0.1048 BLITZ:1:0.0416:0.0416 PASS_ACTION:9:0.3744:0.0416 FOUL:1:0.0416:0.0416 REPOSITION:7:0.2912:0.0416 END_TURN:1:0.0416:0.0416
ROOT g=2 t=12 ctx=def n=12 BLITZ:2:0.3243:0.1622 FOUL:1:0.0676:0.0676 REPOSITION:8:0.5405:0.0676 END_TURN:1:0.0676:0.0676
ROOT g=2 t=13 ctx=off n=19 ADVANCE:1:0.0855:0.0855 CAGE:1:0.0855:0.0855 BLITZ:1:0.0375:0.0375 BLOCK:4:0.3418:0.0855 PASS_ACTION:6:0.2249:0.0375 FOUL:1:0.0375:0.0375 REPOSITION:4:0.1499:0.0375 END_TURN:1:0.0375:0.0375
ROOT g=2 t=14 ctx=def n=14 BLITZ:2:0.3182:0.1591 FOUL:4:0.2273:0.0568 REPOSITION:7:0.3977:0.0568 END_TURN:1:0.0568:0.0568
ROOT g=2 t=15 ctx=off n=16 ADVANCE:1:0.1023:0.1023 CAGE:1:0.1023:0.1023 BLITZ:1:0.0533:0.0533 BLOCK:1:0.1023:0.1023 PASS_ACTION:6:0.3198:0.0533 FOUL:1:0.0533:0.0533 REPOSITION:4:0.2132:0.0533 END_TURN:1:0.0533:0.0533
ROOT g=2 t=16 ctx=loose n=13 BLITZ:1:0.0569:0.0569 BLOCK:3:0.2662:0.0887 PICKUP:1:0.2218:0.2218 REPOSITION:7:0.3982:0.0569 END_TURN:1:0.0569:0.0569
ROOT g=2 t=17 ctx=def n=10 BLITZ:2:0.3333:0.1667 REPOSITION:7:0.5833:0.0833 END_TURN:1:0.0833:0.0833
ROOT g=2 t=18 ctx=off n=23 ADVANCE:1:0.1041:0.1041 CAGE:1:0.1041:0.1041 BLITZ:1:0.0377:0.0377 PASS_ACTION:9:0.3394:0.0377 FOUL:2:0.0754:0.0377 REPOSITION:8:0.3017:0.0377 END_TURN:1:0.0377:0.0377
ROOT g=2 t=19 ctx=def n=9 BLITZ:2:0.3429:0.1714 REPOSITION:6:0.5714:0.0952 END_TURN:1:0.0857:0.0857
ROOT g=2 t=20 ctx=off n=22 ADVANCE:1:0.1044:0.1044 CAGE:1:0.1044:0.1044 BLITZ:1:0.0396:0.0396 PASS_ACTION:8:0.3165:0.0396 FOUL:2:0.0791:0.0396 REPOSITION:8:0.3165:0.0396 END_TURN:1:0.0396:0.0396
ROOT g=2 t=21 ctx=def n=9 BLITZ:2:0.3429:0.1714 REPOSITION:6:0.5714:0.0952 END_TURN:1:0.0857:0.0857
ROOT g=2 t=22 ctx=off n=25 ADVANCE:1:0.1034:0.1034 CAGE:1:0.1034:0.1034 BLITZ:1:0.0345:0.0345 PASS_ACTION:8:0.2759:0.0345 FOUL:5:0.1724:0.0345 REPOSITION:8:0.2759:0.0345 END_TURN:1:0.0345:0.0345
ROOT g=2 t=23 ctx=def n=8 BLITZ:2:0.3556:0.1778 REPOSITION:5:0.5556:0.1111 END_TURN:1:0.0889:0.0889
ROOT g=2 t=24 ctx=off n=25 ADVANCE:1:0.1034:0.1034 CAGE:1:0.1034:0.1034 BLITZ:1:0.0345:0.0345 PASS_ACTION:8:0.2759:0.0345 FOUL:5:0.1724:0.0345 REPOSITION:8:0.2759:0.0345 END_TURN:1:0.0345:0.0345
ROOT g=2 t=25 ctx=def n=7 BLITZ:2:0.3733:0.1867 REPOSITION:4:0.5333:0.1333 END_TURN:1:0.0933:0.0933
ROOT g=2 t=26 ctx=off n=24 ADVANCE:1:0.1037:0.1037 CAGE:1:0.1037:0.1037 BLITZ:1:0.0360:0.0360 PASS_ACTION:8:0.2882:0.0360 FOUL:4:0.1441:0.0360 REPOSITION:8:0.2882:0.0360 END_TURN:1:0.0360:0.0360
ROOT g=2 t=27 ctx=def n=7 BLITZ:2:0.3733:0.1867 REPOSITION:4:0.5333:0.1333 END_TURN:1:0.0933:0.0933
ROOT g=2 t=28 ctx=off n=23 ADVANCE:1:0.1041:0.1041 CAGE:1:0.1041:0.1041 BLITZ:1:0.0377:0.0377 PASS_ACTION:7:0.2640:0.0377 FOUL:4:0.1508:0.0377 REPOSITION:8:0.3017:0.0377 END_TURN:1:0.0377:0.0377
ROOT g=2 t=29 ctx=def n=4 BLITZ:2:0.5882:0.2941 REPOSITION:1:0.2941:0.2941 END_TURN:1:0.1176:0.1176
ROOT g=2 t=30 ctx=off n=20 ADVANCE:1:0.0845:0.0845 CAGE:1:0.0845:0.0845 BLITZ:1:0.0352:0.0352 BLOCK:4:0.3380:0.0845 PASS_ACTION:4:0.1408:0.0352 FOUL:2:0.0704:0.0352 REPOSITION:6:0.2113:0.0352 END_TURN:1:0.0352:0.0352
ROOT g=2 t=31 ctx=def n=4 BLITZ:2:0.5882:0.2941 REPOSITION:1:0.2941:0.2941 END_TURN:1:0.1176:0.1176
ROOT g=3 t=0 ctx=loose n=13 BLITZ:1:0.0614:0.0614 BLOCK:3:0.2875:0.0958 PICKUP:1:0.1597:0.1597 REPOSITION:7:0.4300:0.0614 END_TURN:1:0.0614:0.0614
ROOT g=3 t=1 ctx=def n=12 BLITZ:2:0.3061:0.1531 BLOCK:2:0.1837:0.0918 REPOSITION:7:0.4464:0.0638 END_TURN:1:0.0638:0.0638
ROOT g=3 t=2 ctx=off n=21 ADVANCE:1:0.1048:0.1048 CAGE:1:0.1048:0.1048 BLITZ:1:0.0416:0.0416 PASS_ACTION:9:0.3744:0.0416 REPOSITION:8:0.3328:0.0416 END_TURN:1:0.0416:0.0416
ROOT g=3 t=3 ctx=def n=13 BLITZ:2:0.3210:0.1605 FOUL:1:0.0617:0.0617 REPOSITION:9:0.5556:0.0617 END_TURN:1:0.0617:0.0617
ROOT g=3 t=4 ctx=off n=19 ADVANCE:1:0.0945:0.0945 CAGE:1:0.0945:0.0945 BLITZ:1:0.0415:0.0415 BLOCK:2:0.1891:0.0945 PASS_ACTION:8:0.3317:0.0415 REPOSITION:5:0.2073:0.0415 END_TURN:1:0.0415:0.0415
ROOT g=3 t=5 ctx=def n=11 BLITZ:2:0.3284:0.1642 REPOSITION:8:0.5970:0.0746 END_TURN:1:0.0746:0.0746
ROOT g=3 t=6 ctx=off n=18 ADVANCE:1:0.1063:0.1063 CAGE:1:0.1063:0.1063 BLITZ:1:0.0492:0.0492 PASS_ACTION:5:0.2461:0.0492 FOUL:2:0.0984:0.0492 REPOSITION:7:0.3445:0.0492 END_TURN:1:0.0492:0.0492
ROOT g=3 t=7 ctx=def n=11 BLITZ:2:0.3284:0.1642 REPOSITION:8:0.5970:0.0746 END_TURN:1:0.0746:0.0746
ROOT g=3 t=8 ctx=off n=14 ADVANCE:1:0.1094:0.1094 CAGE:1:0.1094:0.1094 BLITZ:1:0.0651:0.0651 PASS_ACTION:2:0.1302:0.0651 FOUL:1:0.0651:0.0651 REPOSITION:7:0.4557:0.0651 END_TURN:1:0.0651:0.0651
ROOT g=3 t=9 ctx=def n=11 BLITZ:2:0.3284:0.1642 FOUL:1:0.0746:0.0746 REPOSITION:7:0.5224:0.0746 END_TURN:1:0.0746:0.0746
ROOT g=3 t=10 ctx=off n=13 ADVANCE:1:0.1105:0.1105 CAGE:1:0.1105:0.1105 BLITZ:1:0.0708:0.0708 PASS_ACTION:2:0.1416:0.0708 REPOSITION:7:0.4958:0.0708 END_TURN:1:0.0708:0.0708
ROOT g=3 t=11 ctx=def n=12 BLITZ:2:0.3243:0.1622 FOUL:1:0.0676:0.0676 REPOSITION:8:0.5405:0.0676 END_TURN:1:0.0676:0.0676
ROOT g=3 t=12 ctx=off n=17 ADVANCE:1:0.1069:0.1069 CAGE:1:0.1069:0.1069 BLITZ:1:0.0524:0.0524 PASS_ACTION:2:0.1048:0.0524 FOUL:4:0.2096:0.0524 REPOSITION:7:0.3669:0.0524 END_TURN:1:0.0524:0.0524
ROOT g=3 t=13 ctx=def n=11 BLITZ:2:0.3064:0.1532 BLOCK:3:0.2758:0.0919 FOUL:1:0.0696:0.0696 REPOSITION:4:0.2786:0.0696 END_TURN:1:0.0696:0.0696
ROOT g=3 t=14 ctx=loose n=13 BLITZ:1:0.0549:0.0549 BLOCK:3:0.2567:0.0856 PICKUP:1:0.2496:0.2496 REPOSITION:7:0.3840:0.0549 END_TURN:1:0.0549:0.0549
ROOT g=3 t=15 ctx=def n=12 BLITZ:2:0.3061:0.1531 BLOCK:2:0.1837:0.0918 REPOSITION:7:0.4464:0.0638 END_TURN:1:0.0638:0.0638
ROOT g=3 t=16 ctx=loose n=13 BLITZ:1:0.0614:0.0614 BLOCK:3:0.2875:0.0958 PICKUP:1:0.1597:0.1597 REPOSITION:7:0.4300:0.0614 END_TURN:1:0.0614:0.0614
ROOT g=3 t=17 ctx=def n=14 BLITZ:2:0.2954:0.1477 BLOCK:2:0.1772:0.0886 REPOSITION:9:0.4747:0.0527 END_TURN:1:0.0527:0.0527
ROOT g=3 t=18 ctx=off n=22 ADVANCE:1:0.1044:0.1044 CAGE:1:0.1044:0.1044 BLITZ:1:0.0396:0.0396 PASS_ACTION:9:0.3560:0.0396 REPOSITION:9:0.3560:0.0396 END_TURN:1:0.0396:0.0396
ROOT g=3 t=19 ctx=def n=14 BLITZ:2:0.2954:0.1477 BLOCK:2:0.1772:0.0886 REPOSITION:9:0.4747:0.0527 END_TURN:1:0.0527:0.0527
ROOT g=3 t=20 ctx=off n=19 ADVANCE:1:0.1058:0.1058 CAGE:1:0.1058:0.1058 BLITZ:1:0.0464:0.0464 PASS_ACTION:6:0.2783:0.0464 REPOSITION:9:0.4174:0.0464 END_TURN:1:0.0464:0.0464
ROOT g=3 t=21 ctx=def n=14 BLITZ:2:0.3182:0.1591 REPOSITION:11:0.6250:0.0568 END_TURN:1:0.0568:0.0568
ROOT g=3 t=22 ctx=off n=18 ADVANCE:1:0.1063:0.1063 CAGE:1:0.1063:0.1063 BLITZ:1:0.0492:0.0492 PASS_ACTION:6:0.2953:0.0492 REPOSITION:8:0.3937:0.0492 END_TURN:1:0.0492:0.0492
ROOT g=3 t=23 ctx=def n=15 BLITZ:2:0.3158:0.1579 FOUL:1:0.0526:0.0526 REPOSITION:11:0.5789:0.0526 END_TURN:1:0.0526:0.0526
ROOT g=3 t=24 ctx=off n=22 ADVANCE:1:0.1044:0.1044 CAGE:1:0.1044:0.1044 BLITZ:1:0.0396:0.0396 PASS_ACTION:6:0.2373:0.0396 FOUL:4:0.1582:0.0396 REPOSITION:8:0.3165:0.0396 END_TURN:1:0.0396:0.0396
ROOT g=3 t=25 ctx=def n=13 BLITZ:2:0.3210:0.1605 REPOSITION:10:0.6173:0.0617 END_TURN:1:0.0617:0.0617
ROOT g=3 t=26 ctx=off n=24 ADVANCE:1:0.1037:0.1037 CAGE:1:0.1037:0.1037 BLITZ:1:0.0360:0.0360 PASS_ACTION:6:0.2161:0.0360 FOUL:6:0.2161:0.0360 REPOSITION:8:0.2882:0.0360 END_TURN:1:0.0360:0.0360
ROOT g=3 t=27 ctx=def n=12 BLITZ:2:0.3243:0.1622 REPOSITION:9:0.6081:0.0676 END_TURN:1:0.0676:0.0676
ROOT g=3 t=28 ctx=off n=24 ADVANCE:1:0.1037:0.1037 CAGE:1:0.1037:0.1037 BLITZ:1:0.0360:0.0360 PASS_ACTION:6:0.2161:0.0360 FOUL:6:0.2161:0.0360 REPOSITION:8:0.2882:0.0360 END_TURN:1:0.0360:0.0360
ROOT g=3 t=29 ctx=def n=11 BLITZ:2:0.3284:0.1642 REPOSITION:8:0.5970:0.0746 END_TURN:1:0.0746:0.0746
ROOT g=3 t=30 ctx=off n=24 ADVANCE:1:0.1037:0.1037 CAGE:1:0.1037:0.1037 BLITZ:1:0.0360:0.0360 PASS_ACTION:6:0.2161:0.0360 FOUL:6:0.2161:0.0360 REPOSITION:8:0.2882:0.0360 END_TURN:1:0.0360:0.0360
ROOT g=3 t=31 ctx=def n=10 BLITZ:2:0.3333:0.1667 REPOSITION:7:0.5833:0.0833 END_TURN:1:0.0833:0.0833
ROOT g=4 t=0 ctx=loose n=13 BLITZ:1:0.0614:0.0614 BLOCK:3:0.2875:0.0958 PICKUP:1:0.1597:0.1597 REPOSITION:7:0.4300:0.0614 END_TURN:1:0.0614:0.0614
ROOT g=4 t=1 ctx=def n=11 BLITZ:2:0.3284:0.1642 REPOSITION:8:0.5970:0.0746 END_TURN:1:0.0746:0.0746
ROOT g=4 t=2 ctx=off n=24 ADVANCE:1:0.0972:0.0972 CAGE:1:0.0972:0.0972 BLITZ:1:0.0337:0.0337 BLOCK:1:0.0972:0.0972 PASS_ACTION:10:0.3374:0.0337 FOUL:1:0.0337:0.0337 REPOSITION:8:0.2699:0.0337 END_TURN:1:0.0337:0.0337
ROOT g=4 t=3 ctx=def n=11 BLITZ:2:0.3284:0.1642 REPOSITION:8:0.5970:0.0746 END_TURN:1:0.0746:0.0746
ROOT g=4 t=4 ctx=off n=25 ADVANCE:1:0.1034:0.1034 CAGE:1:0.1034:0.1034 BLITZ:1:0.0345:0.0345 PASS_ACTION:9:0.3103:0.0345 FOUL:4:0.1379:0.0345 REPOSITION:8:0.2759:0.0345 END_TURN:1:0.0345:0.0345
ROOT g=4 t=5 ctx=def n=10 BLITZ:2:0.3333:0.1667 REPOSITION:7:0.5833:0.0833 END_TURN:1:0.0833:0.0833
ROOT g=4 t=6 ctx=off n=23 ADVANCE:1:0.1041:0.1041 CAGE:1:0.1041:0.1041 BLITZ:1:0.0377:0.0377 PASS_ACTION:7:0.2640:0.0377 FOUL:4:0.1508:0.0377 REPOSITION:8:0.3017:0.0377 END_TURN:1:0.0377:0.0377
ROOT g=4 t=7 ctx=def n=9 BLITZ:2:0.3429:0.1714 REPOSITION:6:0.5714:0.0952 END_TURN:1:0.0857:0.0857
ROOT g=4 t=8 ctx=off n=20 ADVANCE:1:0.1053:0.1053 CAGE:1:0.1053:0.1053 BLITZ:1:0.0439:0.0439 PASS_ACTION:3:0.1316:0.0439 FOUL:5:0.2193:0.0439 REPOSITION:8:0.3509:0.0439 END_TURN:1:0.0439:0.0439
ROOT g=4 t=9 ctx=def n=8 BLITZ:2:0.3556:0.1778 REPOSITION:5:0.5556:0.1111 END_TURN:1:0.0889:0.0889
ROOT g=4 t=10 ctx=off n=20 ADVANCE:1:0.1053:0.1053 CAGE:1:0.1053:0.1053 BLITZ:1:0.0439:0.0439 PASS_ACTION:3:0.1316:0.0439 FOUL:5:0.2193:0.0439 REPOSITION:8:0.3509:0.0439 END_TURN:1:0.0439:0.0439
ROOT g=4 t=11 ctx=def n=7 BLITZ:2:0.3733:0.1867 REPOSITION:4:0.5333:0.1333 END_TURN:1:0.0933:0.0933
ROOT g=4 t=12 ctx=off n=22 ADVANCE:1:0.1044:0.1044 CAGE:1:0.1044:0.1044 BLITZ:1:0.0396:0.0396 PASS_ACTION:3:0.1187:0.0396 FOUL:7:0.2769:0.0396 REPOSITION:8:0.3165:0.0396 END_TURN:1:0.0396:0.0396
ROOT g=4 t=13 ctx=def n=7 BLITZ:2:0.3733:0.1867 BLOCK:2:0.2667:0.1333 REPOSITION:2:0.2667:0.1333 END_TURN:1:0.0933:0.0933
ROOT g=4 t=14 ctx=off n=15 SCORE:1:0.3017:0.3017 CAGE:1:0.0517:0.0517 BLITZ:1:0.0287:0.0287 FOUL:2:0.0575:0.0287 REPOSITION:8:0.2299:0.0287 END_TURN:1:0.0287:0.0287 BLITZ_AND_SCORE:1:0.3017:0.3017
ROOT g=4 t=15 ctx=def n=8 BLITZ:2:0.3556:0.1778 FOUL:2:0.2222:0.1111 REPOSITION:3:0.3333:0.1111 END_TURN:1:0.0889:0.0889
ROOT g=4 t=16 ctx=loose n=13 BLITZ:1:0.0614:0.0614 BLOCK:3:0.2875:0.0958 PICKUP:1:0.1597:0.1597 REPOSITION:7:0.4300:0.0614 END_TURN:1:0.0614:0.0614
ROOT g=4 t=17 ctx=def n=11 BLITZ:2:0.3284:0.1642 REPOSITION:8:0.5970:0.0746 END_TURN:1:0.0746:0.0746
ROOT g=4 t=18 ctx=off n=22 ADVANCE:1:0.1044:0.1044 CAGE:1:0.1044:0.1044 BLITZ:1:0.0396:0.0396 PASS_ACTION:10:0.3956:0.0396 FOUL:1:0.0396:0.0396 REPOSITION:7:0.2769:0.0396 END_TURN:1:0.0396:0.0396
ROOT g=4 t=19 ctx=def n=12 BLITZ:2:0.3150:0.1575 BLOCK:1:0.0945:0.0945 REPOSITION:8:0.5249:0.0656 END_TURN:1:0.0656:0.0656
ROOT g=4 t=20 ctx=off n=16 ADVANCE:1:0.1076:0.1076 CAGE:1:0.1076:0.1076 BLITZ:1:0.0561:0.0561 PASS_ACTION:4:0.2242:0.0561 FOUL:1:0.0561:0.0561 REPOSITION:7:0.3924:0.0561 END_TURN:1:0.0561:0.0561
ROOT g=4 t=21 ctx=def n=13 BLITZ:2:0.3210:0.1605 FOUL:1:0.0617:0.0617 REPOSITION:9:0.5556:0.0617 END_TURN:1:0.0617:0.0617
ROOT g=4 t=22 ctx=off n=13 ADVANCE:1:0.1063:0.1063 CAGE:1:0.1063:0.1063 BLITZ:1:0.0681:0.0681 BLOCK:1:0.1063:0.1063 PASS_ACTION:1:0.0681:0.0681 FOUL:1:0.0681:0.0681 REPOSITION:6:0.4087:0.0681 END_TURN:1:0.0681:0.0681
ROOT g=4 t=23 ctx=def n=14 BLITZ:2:0.2954:0.1477 BLOCK:2:0.1772:0.0886 FOUL:2:0.1055:0.0527 REPOSITION:7:0.3692:0.0527 END_TURN:1:0.0527:0.0527
ROOT g=4 t=24 ctx=off n=16 ADVANCE:1:0.1023:0.1023 CAGE:1:0.1023:0.1023 BLITZ:1:0.0533:0.0533 BLOCK:1:0.1023:0.1023 PASS_ACTION:3:0.1599:0.0533 FOUL:3:0.1599:0.0533 REPOSITION:5:0.2665:0.0533 END_TURN:1:0.0533:0.0533
ROOT g=4 t=25 ctx=def n=12 BLITZ:2:0.3243:0.1622 FOUL:2:0.1351:0.0676 REPOSITION:7:0.4730:0.0676 END_TURN:1:0.0676:0.0676
ROOT g=4 t=26 ctx=off n=20 ADVANCE:1:0.0769:0.0769 CAGE:1:0.0769:0.0769 BLITZ:1:0.0321:0.0321 BLOCK:6:0.4615:0.0769 PASS_ACTION:3:0.0962:0.0321 FOUL:4:0.1282:0.0321 REPOSITION:3:0.0962:0.0321 END_TURN:1:0.0321:0.0321
ROOT g=4 t=27 ctx=def n=7 BLITZ:2:0.3733:0.1867 REPOSITION:4:0.5333:0.1333 END_TURN:1:0.0933:0.0933
ROOT g=4 t=28 ctx=off n=18 ADVANCE:1:0.1063:0.1063 CAGE:1:0.1063:0.1063 BLITZ:1:0.0492:0.0492 PASS_ACTION:2:0.0984:0.0492 FOUL:6:0.2953:0.0492 REPOSITION:6:0.2953:0.0492 END_TURN:1:0.0492:0.0492
ROOT g=4 t=29 ctx=def n=9 BLITZ:2:0.3429:0.1714 FOUL:1:0.0952:0.0952 REPOSITION:5:0.4762:0.0952 END_TURN:1:0.0857:0.0857
ROOT g=4 t=30 ctx=off n=10 SCORE:1:0.4268:0.4268 CAGE:1:0.0732:0.0732 BLITZ:1:0.0610:0.0610 BLOCK:1:0.0732:0.0732 REPOSITION:5:0.3049:0.0610 END_TURN:1:0.0610:0.0610
ROOT g=4 t=31 ctx=def n=8 BLITZ:2:0.3556:0.1778 FOUL:1:0.1111:0.1111 REPOSITION:4:0.4444:0.1111 END_TURN:1:0.0889:0.0889
ROOT g=5 t=0 ctx=loose n=13 BLITZ:1:0.0614:0.0614 BLOCK:3:0.2875:0.0958 PICKUP:1:0.1597:0.1597 REPOSITION:7:0.4300:0.0614 END_TURN:1:0.0614:0.0614
ROOT g=5 t=1 ctx=def n=13 BLITZ:2:0.3210:0.1605 REPOSITION:10:0.6173:0.0617 END_TURN:1:0.0617:0.0617
ROOT g=5 t=2 ctx=off n=20 ADVANCE:1:0.0889:0.0889 CAGE:1:0.0889:0.0889 BLITZ:1:0.0370:0.0370 BLOCK:3:0.2667:0.0889 PASS_ACTION:9:0.3333:0.0370 REPOSITION:4:0.1481:0.0370 END_TURN:1:0.0370:0.0370
ROOT g=5 t=3 ctx=def n=13 BLITZ:2:0.3210:0.1605 REPOSITION:10:0.6173:0.0617 END_TURN:1:0.0617:0.0617
ROOT g=5 t=4 ctx=off n=19 ADVANCE:1:0.0747:0.0747 CAGE:1:0.0747:0.0747 BLITZ:1:0.0328:0.0328 BLOCK:7:0.5229:0.0747 PASS_ACTION:5:0.1638:0.0328 REPOSITION:3:0.0983:0.0328 END_TURN:1:0.0328:0.0328
ROOT g=5 t=5 ctx=def n=14 BLITZ:2:0.3182:0.1591 FOUL:2:0.1136:0.0568 REPOSITION:9:0.5114:0.0568 END_TURN:1:0.0568:0.0568
ROOT g=5 t=6 ctx=off n=17 ADVANCE:1:0.0774:0.0774 CAGE:1:0.0774:0.0774 BLITZ:1:0.0379:0.0379 BLOCK:7:0.5417:0.0774 PASS_ACTION:4:0.1517:0.0379 REPOSITION:2:0.0759:0.0379 END_TURN:1:0.0379:0.0379
ROOT g=5 t=7 ctx=def n=13 BLITZ:2:0.3103:0.1551 BLOCK:1:0.0931:0.0931 FOUL:2:0.1193:0.0597 REPOSITION:7:0.4177:0.0597 END_TURN:1:0.0597:0.0597
ROOT g=5 t=8 ctx=off n=14 ADVANCE:1:0.1005:0.1005 CAGE:1:0.1005:0.1005 BLITZ:1:0.0598:0.0598 BLOCK:2:0.2010:0.1005 PASS_ACTION:4:0.2392:0.0598 FOUL:2:0.1196:0.0598 REPOSITION:2:0.1196:0.0598 END_TURN:1:0.0598:0.0598
ROOT g=5 t=9 ctx=def n=10 BLITZ:2:0.3279:0.1639 BLOCK:1:0.0984:0.0984 REPOSITION:6:0.4918:0.0820 END_TURN:1:0.0820:0.0820
ROOT g=5 t=10 ctx=loose n=7 BLITZ:1:0.1227:0.1227 PICKUP:1:0.3006:0.3006 REPOSITION:4:0.4908:0.1227 END_TURN:1:0.0859:0.0859
ROOT g=5 t=11 ctx=loose n=16 BLITZ:1:0.0428:0.0428 BLOCK:3:0.2466:0.0822 PICKUP:1:0.2397:0.2397 FOUL:4:0.1712:0.0428 REPOSITION:6:0.2568:0.0428 END_TURN:1:0.0428:0.0428
ROOT g=5 t=12 ctx=def n=6 BLITZ:2:0.4000:0.2000 REPOSITION:3:0.5000:0.1667 END_TURN:1:0.1000:0.1000
ROOT g=5 t=13 ctx=off n=18 SCORE:1:0.1895:0.1895 CAGE:1:0.0650:0.0650 BLITZ:1:0.0301:0.0301 BLOCK:3:0.1949:0.0650 FOUL:5:0.1504:0.0301 REPOSITION:5:0.1504:0.0301 END_TURN:1:0.0301:0.0301 BLITZ_AND_SCORE:1:0.1895:0.1895
ROOT g=5 t=14 ctx=loose n=13 BLITZ:1:0.0549:0.0549 BLOCK:3:0.2567:0.0856 PICKUP:1:0.2496:0.2496 REPOSITION:7:0.3840:0.0549 END_TURN:1:0.0549:0.0549
ROOT g=5 t=15 ctx=loose n=11 BLITZ:1:0.0909:0.0909 REPOSITION:9:0.8182:0.0909 END_TURN:1:0.0909:0.0909
ROOT g=5 t=16 ctx=loose n=13 BLITZ:1:0.0614:0.0614 BLOCK:3:0.2875:0.0958 PICKUP:1:0.1597:0.1597 REPOSITION:7:0.4300:0.0614 END_TURN:1:0.0614:0.0614
ROOT g=5 t=17 ctx=def n=10 BLITZ:2:0.3333:0.1667 REPOSITION:7:0.5833:0.0833 END_TURN:1:0.0833:0.0833
ROOT g=5 t=18 ctx=off n=21 ADVANCE:1:0.0986:0.0986 CAGE:1:0.0986:0.0986 BLITZ:1:0.0391:0.0391 BLOCK:1:0.0986:0.0986 PASS_ACTION:9:0.3521:0.0391 FOUL:1:0.0391:0.0391 REPOSITION:6:0.2347:0.0391 END_TURN:1:0.0391:0.0391
ROOT g=5 t=19 ctx=def n=11 BLITZ:2:0.3284:0.1642 FOUL:1:0.0746:0.0746 REPOSITION:7:0.5224:0.0746 END_TURN:1:0.0746:0.0746
ROOT g=5 t=20 ctx=off n=19 ADVANCE:1:0.0998:0.0998 CAGE:1:0.0998:0.0998 BLITZ:1:0.0438:0.0438 BLOCK:1:0.0998:0.0998 PASS_ACTION:7:0.3065:0.0438 FOUL:1:0.0438:0.0438 REPOSITION:6:0.2627:0.0438 END_TURN:1:0.0438:0.0438
ROOT g=5 t=21 ctx=loose n=12 BLITZ:1:0.0665:0.0665 BLOCK:1:0.0957:0.0957 PICKUP:1:0.2394:0.2394 FOUL:2:0.1330:0.0665 REPOSITION:6:0.3989:0.0665 END_TURN:1:0.0665:0.0665
ROOT g=5 t=22 ctx=loose n=14 BLITZ:1:0.0607:0.0607 BLOCK:1:0.1019:0.1019 PICKUP:1:0.1699:0.1699 FOUL:3:0.1820:0.0607 REPOSITION:7:0.4248:0.0607 END_TURN:1:0.0607:0.0607
ROOT g=5 t=23 ctx=loose n=10 BLITZ:1:0.0833:0.0833 PICKUP:1:0.2500:0.2500 FOUL:1:0.0833:0.0833 REPOSITION:6:0.5000:0.0833 END_TURN:1:0.0833:0.0833
ROOT g=5 t=24 ctx=loose n=14 BLITZ:1:0.0607:0.0607 BLOCK:1:0.1019:0.1019 PICKUP:1:0.1699:0.1699 FOUL:3:0.1820:0.0607 REPOSITION:7:0.4248:0.0607 END_TURN:1:0.0607:0.0607
ROOT g=5 t=25 ctx=loose n=10 BLITZ:1:0.0833:0.0833 PICKUP:1:0.2500:0.2500 FOUL:2:0.1667:0.0833 REPOSITION:5:0.4167:0.0833 END_TURN:1:0.0833:0.0833
ROOT g=5 t=26 ctx=loose n=15 BLITZ:1:0.0499:0.0499 BLOCK:1:0.0898:0.0898 PICKUP:1:0.2618:0.2618 FOUL:4:0.1995:0.0499 REPOSITION:7:0.3491:0.0499 END_TURN:1:0.0499:0.0499
ROOT g=5 t=27 ctx=loose n=7 BLITZ:1:0.1227:0.1227 PICKUP:1:0.3006:0.3006 REPOSITION:4:0.4908:0.1227 END_TURN:1:0.0859:0.0859
ROOT g=5 t=28 ctx=loose n=16 BLITZ:1:0.0428:0.0428 BLOCK:3:0.2466:0.0822 PICKUP:1:0.2397:0.2397 FOUL:5:0.2140:0.0428 REPOSITION:5:0.2140:0.0428 END_TURN:1:0.0428:0.0428
ROOT g=5 t=29 ctx=loose n=7 BLITZ:1:0.1227:0.1227 PICKUP:1:0.3006:0.3006 REPOSITION:4:0.4908:0.1227 END_TURN:1:0.0859:0.0859
ROOT g=5 t=30 ctx=loose n=14 BLITZ:1:0.0538:0.0538 BLOCK:1:0.0904:0.0904 PICKUP:1:0.2637:0.2637 FOUL:4:0.2153:0.0538 REPOSITION:6:0.3229:0.0538 END_TURN:1:0.0538:0.0538
ROOT g=5 t=31 ctx=loose n=9 BLITZ:1:0.0905:0.0905 PICKUP:1:0.2851:0.2851 FOUL:1:0.0905:0.0905 REPOSITION:5:0.4525:0.0905 END_TURN:1:0.0814:0.0814
ROOT g=6 t=0 ctx=loose n=13 BLITZ:1:0.0614:0.0614 BLOCK:3:0.2875:0.0958 PICKUP:1:0.1597:0.1597 REPOSITION:7:0.4300:0.0614 END_TURN:1:0.0614:0.0614
ROOT g=6 t=1 ctx=def n=12 BLITZ:2:0.3061:0.1531 BLOCK:2:0.1837:0.0918 REPOSITION:7:0.4464:0.0638 END_TURN:1:0.0638:0.0638
ROOT g=6 t=2 ctx=off n=25 ADVANCE:1:0.1034:0.1034 CAGE:1:0.1034:0.1034 BLITZ:1:0.0345:0.0345 PASS_ACTION:10:0.3448:0.0345 FOUL:3:0.1034:0.0345 REPOSITION:8:0.2759:0.0345 END_TURN:1:0.0345:0.0345
ROOT g=6 t=3 ctx=def n=10 BLITZ:2:0.3333:0.1667 REPOSITION:7:0.5833:0.0833 END_TURN:1:0.0833:0.0833
ROOT g=6 t=4 ctx=off n=24 ADVANCE:1:0.1037:0.1037 CAGE:1:0.1037:0.1037 BLITZ:1:0.0360:0.0360 PASS_ACTION:7:0.2522:0.0360 FOUL:5:0.1801:0.0360 REPOSITION:8:0.2882:0.0360 END_TURN:1:0.0360:0.0360
ROOT g=6 t=5 ctx=def n=10 BLITZ:2:0.3333:0.1667 REPOSITION:7:0.5833:0.0833 END_TURN:1:0.0833:0.0833
ROOT g=6 t=6 ctx=off n=18 ADVANCE:1:0.1063:0.1063 CAGE:1:0.1063:0.1063 BLITZ:1:0.0492:0.0492 PASS_ACTION:2:0.0984:0.0492 FOUL:4:0.1969:0.0492 REPOSITION:8:0.3937:0.0492 END_TURN:1:0.0492:0.0492
ROOT g=6 t=7 ctx=def n=11 BLITZ:2:0.3284:0.1642 FOUL:2:0.1493:0.0746 REPOSITION:6:0.4478:0.0746 END_TURN:1:0.0746:0.0746
ROOT g=6 t=8 ctx=off n=19 ADVANCE:1:0.0898:0.0898 CAGE:1:0.0898:0.0898 BLITZ:1:0.0394:0.0394 BLOCK:3:0.2693:0.0898 PASS_ACTION:2:0.0787:0.0394 FOUL:5:0.1969:0.0394 REPOSITION:5:0.1969:0.0394 END_TURN:1:0.0394:0.0394
ROOT g=6 t=9 ctx=def n=9 BLITZ:2:0.3429:0.1714 FOUL:2:0.1905:0.0952 REPOSITION:4:0.3810:0.0952 END_TURN:1:0.0857:0.0857
ROOT g=6 t=10 ctx=off n=20 ADVANCE:1:0.0889:0.0889 CAGE:1:0.0889:0.0889 BLITZ:1:0.0370:0.0370 BLOCK:3:0.2667:0.0889 PASS_ACTION:3:0.1111:0.0370 FOUL:4:0.1481:0.0370 REPOSITION:6:0.2222:0.0370 END_TURN:1:0.0370:0.0370
ROOT g=6 t=11 ctx=def n=10 BLITZ:2:0.3333:0.1667 FOUL:2:0.1667:0.0833 REPOSITION:5:0.4167:0.0833 END_TURN:1:0.0833:0.0833
ROOT g=6 t=12 ctx=loose n=13 BLITZ:1:0.0549:0.0549 BLOCK:3:0.2567:0.0856 PICKUP:1:0.2496:0.2496 REPOSITION:7:0.3840:0.0549 END_TURN:1:0.0549:0.0549
ROOT g=6 t=13 ctx=loose n=12 BLITZ:1:0.0658:0.0658 PICKUP:1:0.2763:0.2763 REPOSITION:9:0.5921:0.0658 END_TURN:1:0.0658:0.0658
ROOT g=6 t=14 ctx=loose n=14 BLITZ:1:0.0559:0.0559 PICKUP:1:0.2737:0.2737 REPOSITION:11:0.6145:0.0559 END_TURN:1:0.0559:0.0559
ROOT g=6 t=15 ctx=loose n=14 BLITZ:1:0.0559:0.0559 PICKUP:1:0.2737:0.2737 FOUL:1:0.0559:0.0559 REPOSITION:10:0.5587:0.0559 END_TURN:1:0.0559:0.0559
ROOT g=6 t=16 ctx=loose n=13 BLITZ:1:0.0549:0.0549 BLOCK:3:0.2567:0.0856 PICKUP:1:0.2496:0.2496 REPOSITION:7:0.3840:0.0549 END_TURN:1:0.0549:0.0549
ROOT g=6 t=17 ctx=loose n=13 BLITZ:1:0.0614:0.0614 BLOCK:3:0.2875:0.0958 PICKUP:1:0.1597:0.1597 REPOSITION:7:0.4300:0.0614 END_TURN:1:0.0614:0.0614
ROOT g=6 t=18 ctx=def n=13 BLITZ:2:0.3210:0.1605 REPOSITION:10:0.6173:0.0617 END_TURN:1:0.0617:0.0617
ROOT g=6 t=19 ctx=off n=19 ADVANCE:1:0.0815:0.0815 CAGE:1:0.0815:0.0815 BLITZ:1:0.0358:0.0358 BLOCK:5:0.4077:0.0815 PASS_ACTION:5:0.1788:0.0358 REPOSITION:5:0.1788:0.0358 END_TURN:1:0.0358:0.0358
ROOT g=6 t=20 ctx=def n=14 BLITZ:2:0.3063:0.1532 BLOCK:1:0.0919:0.0919 FOUL:1:0.0547:0.0547 REPOSITION:9:0.4923:0.0547 END_TURN:1:0.0547:0.0547
ROOT g=6 t=21 ctx=off n=13 ADVANCE:1:0.1105:0.1105 CAGE:1:0.1105:0.1105 BLITZ:1:0.0708:0.0708 PASS_ACTION:4:0.2833:0.0708 REPOSITION:5:0.3541:0.0708 END_TURN:1:0.0708:0.0708
ROOT g=6 t=22 ctx=def n=15 BLITZ:2:0.3030:0.1515 BLOCK:1:0.0909:0.0909 FOUL:1:0.0505:0.0505 REPOSITION:10:0.5051:0.0505 END_TURN:1:0.0505:0.0505
ROOT g=6 t=23 ctx=off n=15 ADVANCE:1:0.0909:0.0909 CAGE:1:0.0909:0.0909 BLITZ:1:0.0505:0.0505 BLOCK:4:0.3636:0.0909 PASS_ACTION:3:0.1515:0.0505 REPOSITION:4:0.2020:0.0505 END_TURN:1:0.0505:0.0505
ROOT g=6 t=24 ctx=def n=14 BLITZ:2:0.3182:0.1591 FOUL:1:0.0568:0.0568 REPOSITION:10:0.5682:0.0568 END_TURN:1:0.0568:0.0568
ROOT g=6 t=25 ctx=off n=13 ADVANCE:1:0.0987:0.0987 CAGE:1:0.0987:0.0987 BLITZ:1:0.0633:0.0633 BLOCK:3:0.2962:0.0987 PASS_ACTION:3:0.1899:0.0633 REPOSITION:3:0.1899:0.0633 END_TURN:1:0.0633:0.0633
ROOT g=6 t=26 ctx=def n=14 BLITZ:2:0.3063:0.1532 BLOCK:1:0.0919:0.0919 FOUL:1:0.0547:0.0547 REPOSITION:9:0.4923:0.0547 END_TURN:1:0.0547:0.0547
ROOT g=6 t=27 ctx=off n=11 ADVANCE:1:0.1134:0.1134 CAGE:1:0.1134:0.1134 BLITZ:1:0.0859:0.0859 PASS_ACTION:3:0.2577:0.0859 REPOSITION:4:0.3436:0.0859 END_TURN:1:0.0859:0.0859
ROOT g=6 t=28 ctx=def n=15 BLITZ:2:0.3030:0.1515 BLOCK:1:0.0909:0.0909 FOUL:2:0.1010:0.0505 REPOSITION:9:0.4545:0.0505 END_TURN:1:0.0505:0.0505
ROOT g=6 t=29 ctx=off n=10 ADVANCE:1:0.1154:0.1154 CAGE:1:0.1154:0.1154 BLITZ:1:0.0962:0.0962 PASS_ACTION:2:0.1923:0.0962 REPOSITION:4:0.3846:0.0962 END_TURN:1:0.0962:0.0962
ROOT g=6 t=30 ctx=def n=16 BLITZ:2:0.3137:0.1569 FOUL:3:0.1471:0.0490 REPOSITION:10:0.4902:0.0490 END_TURN:1:0.0490:0.0490
ROOT g=6 t=31 ctx=off n=10 ADVANCE:1:0.1154:0.1154 CAGE:1:0.1154:0.1154 BLITZ:1:0.0962:0.0962 PASS_ACTION:2:0.1923:0.0962 REPOSITION:4:0.3846:0.0962 END_TURN:1:0.0962:0.0962
ROOT g=6 t=32 ctx=def n=17 BLITZ:2:0.2977:0.1489 BLOCK:1:0.0893:0.0893 FOUL:3:0.1313:0.0438 REPOSITION:10:0.4378:0.0438 END_TURN:1:0.0438:0.0438
ROOT g=7 t=0 ctx=loose n=13 BLITZ:1:0.0614:0.0614 BLOCK:3:0.2875:0.0958 PICKUP:1:0.1597:0.1597 REPOSITION:7:0.4300:0.0614 END_TURN:1:0.0614:0.0614
ROOT g=7 t=1 ctx=def n=12 BLITZ:2:0.3061:0.1531 BLOCK:2:0.1837:0.0918 REPOSITION:7:0.4464:0.0638 END_TURN:1:0.0638:0.0638
ROOT g=7 t=2 ctx=off n=21 ADVANCE:1:0.1048:0.1048 CAGE:1:0.1048:0.1048 BLITZ:1:0.0416:0.0416 PASS_ACTION:5:0.2080:0.0416 FOUL:4:0.1664:0.0416 REPOSITION:8:0.3328:0.0416 END_TURN:1:0.0416:0.0416
ROOT g=7 t=3 ctx=def n=11 BLITZ:2:0.3134:0.1567 BLOCK:2:0.1880:0.0940 REPOSITION:6:0.4274:0.0712 END_TURN:1:0.0712:0.0712
ROOT g=7 t=4 ctx=off n=18 ADVANCE:1:0.0985:0.0985 CAGE:1:0.0985:0.0985 BLITZ:1:0.0456:0.0456 BLOCK:1:0.0985:0.0985 PASS_ACTION:4:0.1825:0.0456 FOUL:3:0.1369:0.0456 REPOSITION:5:0.2281:0.0456 END_TURN:1:0.0456:0.0456 BLITZ_AND_SCORE:1:0.0657:0.0657
ROOT g=7 t=5 ctx=def n=13 BLITZ:2:0.3103:0.1551 BLOCK:1:0.0931:0.0931 FOUL:3:0.1790:0.0597 REPOSITION:6:0.3580:0.0597 END_TURN:1:0.0597:0.0597
ROOT g=7 t=6 ctx=off n=14 ADVANCE:1:0.1040:0.1040 CAGE:1:0.1040:0.1040 BLITZ:1:0.0619:0.0619 BLOCK:1:0.1040:0.1040 PASS_ACTION:2:0.1238:0.0619 FOUL:2:0.1238:0.0619 REPOSITION:4:0.2475:0.0619 END_TURN:1:0.0619:0.0619 BLITZ_AND_SCORE:1:0.0693:0.0693
ROOT g=7 t=7 ctx=def n=10 BLITZ:2:0.3279:0.1639 BLOCK:1:0.0984:0.0984 FOUL:1:0.0820:0.0820 REPOSITION:5:0.4098:0.0820 END_TURN:1:0.0820:0.0820
ROOT g=7 t=8 ctx=off n=15 ADVANCE:1:0.0928:0.0928 CAGE:1:0.0928:0.0928 BLITZ:1:0.0515:0.0515 BLOCK:1:0.0928:0.0928 PASS_ACTION:2:0.1031:0.0515 FOUL:3:0.1546:0.0515 REPOSITION:4:0.2062:0.0515 END_TURN:1:0.0515:0.0515 BLITZ_AND_SCORE:1:0.1546:0.1546
ROOT g=7 t=9 ctx=def n=10 BLITZ:2:0.3125:0.1562 BLOCK:4:0.3750:0.0937 FOUL:1:0.0781:0.0781 REPOSITION:2:0.1562:0.0781 END_TURN:1:0.0781:0.0781
ROOT g=7 t=10 ctx=off n=9 ADVANCE:1:0.1087:0.1087 CAGE:1:0.1087:0.1087 BLITZ:1:0.1006:0.1006 BLOCK:1:0.1087:0.1087 FOUL:2:0.2012:0.1006 REPOSITION:1:0.1006:0.1006 END_TURN:1:0.0905:0.0905 BLITZ_AND_SCORE:1:0.1811:0.1811
ROOT g=7 t=11 ctx=def n=14 BLITZ:2:0.2851:0.1426 BLOCK:3:0.2566:0.0855 FOUL:4:0.2037:0.0509 REPOSITION:4:0.2037:0.0509 END_TURN:1:0.0509:0.0509
ROOT g=7 t=12 ctx=loose n=5 BLITZ:1:0.1905:0.1905 PICKUP:1:0.3333:0.3333 FOUL:1:0.1905:0.1905 REPOSITION:1:0.1905:0.1905 END_TURN:1:0.0952:0.0952
ROOT g=7 t=13 ctx=loose n=14 BLITZ:1:0.0559:0.0559 PICKUP:1:0.2737:0.2737 FOUL:5:0.2793:0.0559 REPOSITION:6:0.3352:0.0559 END_TURN:1:0.0559:0.0559
ROOT g=7 t=14 ctx=loose n=5 BLITZ:1:0.1905:0.1905 PICKUP:1:0.3333:0.3333 REPOSITION:2:0.3810:0.1905 END_TURN:1:0.0952:0.0952
ROOT g=7 t=15 ctx=loose n=13 BLITZ:1:0.0604:0.0604 PICKUP:1:0.2749:0.2749 FOUL:4:0.2417:0.0604 REPOSITION:6:0.3625:0.0604 END_TURN:1:0.0604:0.0604
ROOT g=7 t=16 ctx=loose n=13 BLITZ:1:0.0614:0.0614 BLOCK:3:0.2875:0.0958 PICKUP:1:0.1597:0.1597 REPOSITION:7:0.4300:0.0614 END_TURN:1:0.0614:0.0614
ROOT g=7 t=17 ctx=def n=10 BLITZ:2:0.3333:0.1667 REPOSITION:7:0.5833:0.0833 END_TURN:1:0.0833:0.0833
ROOT g=7 t=18 ctx=off n=21 ADVANCE:1:0.1048:0.1048 CAGE:1:0.1048:0.1048 BLITZ:1:0.0416:0.0416 PASS_ACTION:7:0.2912:0.0416 FOUL:3:0.1248:0.0416 REPOSITION:7:0.2912:0.0416 END_TURN:1:0.0416:0.0416
ROOT g=7 t=19 ctx=def n=9 BLITZ:2:0.3429:0.1714 REPOSITION:6:0.5714:0.0952 END_TURN:1:0.0857:0.0857
ROOT g=7 t=20 ctx=off n=20 ADVANCE:1:0.1053:0.1053 CAGE:1:0.1053:0.1053 BLITZ:1:0.0439:0.0439 PASS_ACTION:6:0.2632:0.0439 FOUL:3:0.1316:0.0439 REPOSITION:7:0.3070:0.0439 END_TURN:1:0.0439:0.0439
ROOT g=7 t=21 ctx=def n=11 BLITZ:2:0.3284:0.1642 FOUL:1:0.0746:0.0746 REPOSITION:7:0.5224:0.0746 END_TURN:1:0.0746:0.0746
ROOT g=7 t=22 ctx=off n=19 ADVANCE:1:0.1058:0.1058 CAGE:1:0.1058:0.1058 BLITZ:1:0.0464:0.0464 PASS_ACTION:6:0.2783:0.0464 FOUL:3:0.1391:0.0464 REPOSITION:6:0.2783:0.0464 END_TURN:1:0.0464:0.0464
ROOT g=7 t=23 ctx=def n=10 BLITZ:2:0.3333:0.1667 FOUL:1:0.0833:0.0833 REPOSITION:6:0.5000:0.0833 END_TURN:1:0.0833:0.0833
ROOT g=7 t=24 ctx=off n=19 ADVANCE:1:0.0898:0.0898 CAGE:1:0.0898:0.0898 BLITZ:1:0.0394:0.0394 BLOCK:3:0.2693:0.0898 PASS_ACTION:6:0.2362:0.0394 FOUL:2:0.0787:0.0394 REPOSITION:4:0.1575:0.0394 END_TURN:1:0.0394:0.0394
ROOT g=7 t=25 ctx=def n=10 BLITZ:2:0.3333:0.1667 FOUL:3:0.2500:0.0833 REPOSITION:4:0.3333:0.0833 END_TURN:1:0.0833:0.0833
ROOT g=7 t=26 ctx=off n=15 ADVANCE:1:0.1034:0.1034 CAGE:1:0.1034:0.1034 BLITZ:1:0.0575:0.0575 BLOCK:1:0.1034:0.1034 PASS_ACTION:1:0.0575:0.0575 FOUL:5:0.2874:0.0575 REPOSITION:4:0.2299:0.0575 END_TURN:1:0.0575:0.0575
ROOT g=7 t=27 ctx=def n=10 BLITZ:2:0.3333:0.1667 FOUL:3:0.2500:0.0833 REPOSITION:4:0.3333:0.0833 END_TURN:1:0.0833:0.0833
ROOT g=7 t=28 ctx=loose n=13 BLITZ:1:0.0604:0.0604 PICKUP:1:0.2749:0.2749 FOUL:4:0.2417:0.0604 REPOSITION:6:0.3625:0.0604 END_TURN:1:0.0604:0.0604
ROOT g=7 t=29 ctx=loose n=12 BLITZ:1:0.0658:0.0658 PICKUP:1:0.2763:0.2763 FOUL:3:0.1974:0.0658 REPOSITION:6:0.3947:0.0658 END_TURN:1:0.0658:0.0658
ROOT g=7 t=30 ctx=loose n=13 BLITZ:1:0.0604:0.0604 PICKUP:1:0.2749:0.2749 FOUL:4:0.2417:0.0604 REPOSITION:6:0.3625:0.0604 END_TURN:1:0.0604:0.0604
ROOT g=7 t=31 ctx=loose n=13 BLITZ:1:0.0604:0.0604 PICKUP:1:0.2749:0.2749 FOUL:4:0.2417:0.0604 REPOSITION:6:0.3625:0.0604 END_TURN:1:0.0604:0.0604
ROOT g=8 t=0 ctx=loose n=12 BLITZ:1:0.0751:0.0751 BLOCK:3:0.3243:0.1081 REPOSITION:7:0.5255:0.0751 END_TURN:1:0.0751:0.0751
ROOT g=8 t=1 ctx=loose n=11 BLITZ:1:0.0836:0.0836 BLOCK:3:0.3311:0.1104 REPOSITION:6:0.5017:0.0836 END_TURN:1:0.0836:0.0836
ROOT g=8 t=2 ctx=loose n=13 BLITZ:1:0.0685:0.0685 PICKUP:1:0.1781:0.1781 FOUL:1:0.0685:0.0685 REPOSITION:9:0.6164:0.0685 END_TURN:1:0.0685:0.0685
ROOT g=8 t=3 ctx=def n=12 BLITZ:2:0.2978:0.1489 BLOCK:3:0.2680:0.0893 FOUL:1:0.0620:0.0620 REPOSITION:5:0.3102:0.0620 END_TURN:1:0.0620:0.0620
ROOT g=8 t=4 ctx=off n=21 ADVANCE:1:0.0931:0.0931 CAGE:1:0.0931:0.0931 BLITZ:1:0.0369:0.0369 BLOCK:2:0.1861:0.0931 PASS_ACTION:7:0.2585:0.0369 FOUL:1:0.0369:0.0369 REPOSITION:7:0.2585:0.0369 END_TURN:1:0.0369:0.0369
ROOT g=8 t=5 ctx=def n=9 BLITZ:2:0.3429:0.1714 FOUL:1:0.0952:0.0952 REPOSITION:5:0.4762:0.0952 END_TURN:1:0.0857:0.0857
ROOT g=8 t=6 ctx=off n=21 ADVANCE:1:0.0986:0.0986 CAGE:1:0.0986:0.0986 BLITZ:1:0.0391:0.0391 BLOCK:1:0.0986:0.0986 PASS_ACTION:7:0.2739:0.0391 FOUL:2:0.0782:0.0391 REPOSITION:7:0.2739:0.0391 END_TURN:1:0.0391:0.0391
ROOT g=8 t=7 ctx=def n=9 BLITZ:2:0.3429:0.1714 FOUL:1:0.0952:0.0952 REPOSITION:5:0.4762:0.0952 END_TURN:1:0.0857:0.0857
ROOT g=8 t=8 ctx=off n=21 ADVANCE:1:0.0986:0.0986 CAGE:1:0.0986:0.0986 BLITZ:1:0.0391:0.0391 BLOCK:1:0.0986:0.0986 PASS_ACTION:7:0.2739:0.0391 FOUL:2:0.0782:0.0391 REPOSITION:7:0.2739:0.0391 END_TURN:1:0.0391:0.0391
ROOT g=8 t=9 ctx=def n=9 BLITZ:2:0.3429:0.1714 FOUL:1:0.0952:0.0952 REPOSITION:5:0.4762:0.0952 END_TURN:1:0.0857:0.0857
ROOT g=8 t=10 ctx=off n=21 ADVANCE:1:0.0986:0.0986 CAGE:1:0.0986:0.0986 BLITZ:1:0.0391:0.0391 BLOCK:1:0.0986:0.0986 PASS_ACTION:7:0.2739:0.0391 FOUL:2:0.0782:0.0391 REPOSITION:7:0.2739:0.0391 END_TURN:1:0.0391:0.0391
ROOT g=8 t=11 ctx=def n=10 BLITZ:2:0.3226:0.1613 BLOCK:2:0.1935:0.0968 REPOSITION:5:0.4032:0.0806 END_TURN:1:0.0806:0.0806
ROOT g=8 t=12 ctx=off n=16 ADVANCE:1:0.1076:0.1076 CAGE:1:0.1076:0.1076 BLITZ:1:0.0561:0.0561 PASS_ACTION:4:0.2242:0.0561 FOUL:1:0.0561:0.0561 REPOSITION:7:0.3924:0.0561 END_TURN:1:0.0561:0.0561
ROOT g=8 t=13 ctx=def n=12 BLITZ:2:0.3243:0.1622 FOUL:2:0.1351:0.0676 REPOSITION:7:0.4730:0.0676 END_TURN:1:0.0676:0.0676
ROOT g=8 t=14 ctx=off n=14 ADVANCE:1:0.1094:0.1094 CAGE:1:0.1094:0.1094 BLITZ:1:0.0651:0.0651 PASS_ACTION:3:0.1953:0.0651 FOUL:1:0.0651:0.0651 REPOSITION:6:0.3906:0.0651 END_TURN:1:0.0651:0.0651
ROOT g=8 t=15 ctx=def n=11 BLITZ:2:0.3284:0.1642 FOUL:2:0.1493:0.0746 REPOSITION:6:0.4478:0.0746 END_TURN:1:0.0746:0.0746
ROOT g=8 t=16 ctx=loose n=13 BLITZ:1:0.0614:0.0614 BLOCK:3:0.2875:0.0958 PICKUP:1:0.1597:0.1597 REPOSITION:7:0.4300:0.0614 END_TURN:1:0.0614:0.0614
ROOT g=8 t=17 ctx=def n=12 BLITZ:2:0.3243:0.1622 REPOSITION:9:0.6081:0.0676 END_TURN:1:0.0676:0.0676
ROOT g=8 t=18 ctx=off n=21 ADVANCE:1:0.0881:0.0881 CAGE:1:0.0881:0.0881 BLITZ:1:0.0350:0.0350 BLOCK:3:0.2643:0.0881 PASS_ACTION:9:0.3147:0.0350 REPOSITION:5:0.1748:0.0350 END_TURN:1:0.0350:0.0350
ROOT g=8 t=19 ctx=def n=13 BLITZ:2:0.3002:0.1501 BLOCK:2:0.1801:0.0901 REPOSITION:8:0.4619:0.0577 END_TURN:1:0.0577:0.0577
ROOT g=8 t=20 ctx=off n=16 ADVANCE:1:0.0976:0.0976 CAGE:1:0.0976:0.0976 BLITZ:1:0.0508:0.0508 BLOCK:2:0.1951:0.0976 PASS_ACTION:6:0.3049:0.0508 REPOSITION:4:0.2033:0.0508 END_TURN:1:0.0508:0.0508
ROOT g=8 t=21 ctx=def n=12 BLITZ:2:0.3243:0.1622 FOUL:2:0.1351:0.0676 REPOSITION:7:0.4730:0.0676 END_TURN:1:0.0676:0.0676
ROOT g=8 t=22 ctx=off n=16 ADVANCE:1:0.0892:0.0892 CAGE:1:0.0892:0.0892 BLITZ:1:0.0465:0.0465 BLOCK:4:0.3569:0.0892 PASS_ACTION:3:0.1394:0.0465 FOUL:2:0.0929:0.0465 REPOSITION:3:0.1394:0.0465 END_TURN:1:0.0465:0.0465
ROOT g=8 t=23 ctx=def n=8 BLITZ:2:0.3556:0.1778 REPOSITION:5:0.5556:0.1111 END_TURN:1:0.0889:0.0889
ROOT g=8 t=24 ctx=off n=22 ADVANCE:1:0.0874:0.0874 CAGE:1:0.0874:0.0874 BLITZ:1:0.0331:0.0331 BLOCK:3:0.2623:0.0874 PASS_ACTION:5:0.1656:0.0331 FOUL:6:0.1987:0.0331 REPOSITION:4:0.1325:0.0331 END_TURN:1:0.0331:0.0331
ROOT g=8 t=25 ctx=def n=7 BLITZ:2:0.3733:0.1867 REPOSITION:4:0.5333:0.1333 END_TURN:1:0.0933:0.0933
ROOT g=8 t=26 ctx=off n=24 ADVANCE:1:0.1037:0.1037 CAGE:1:0.1037:0.1037 BLITZ:1:0.0360:0.0360 PASS_ACTION:5:0.1801:0.0360 FOUL:9:0.3242:0.0360 REPOSITION:6:0.2161:0.0360 END_TURN:1:0.0360:0.0360
ROOT g=8 t=27 ctx=def n=6 BLITZ:2:0.4000:0.2000 REPOSITION:3:0.5000:0.1667 END_TURN:1:0.1000:0.1000
ROOT g=8 t=28 ctx=off n=24 ADVANCE:1:0.1037:0.1037 CAGE:1:0.1037:0.1037 BLITZ:1:0.0360:0.0360 PASS_ACTION:5:0.1801:0.0360 FOUL:9:0.3242:0.0360 REPOSITION:6:0.2161:0.0360 END_TURN:1:0.0360:0.0360
ROOT g=8 t=29 ctx=def n=5 BLITZ:2:0.4444:0.2222 REPOSITION:2:0.4444:0.2222 END_TURN:1:0.1111:0.1111
ROOT g=8 t=30 ctx=off n=25 ADVANCE:1:0.1034:0.1034 CAGE:1:0.1034:0.1034 BLITZ:1:0.0345:0.0345 PASS_ACTION:5:0.1724:0.0345 FOUL:9:0.3103:0.0345 REPOSITION:7:0.2414:0.0345 END_TURN:1:0.0345:0.0345
ROOT g=8 t=31 ctx=def n=7 BLITZ:2:0.3733:0.1867 FOUL:1:0.1333:0.1333 REPOSITION:3:0.4000:0.1333 END_TURN:1:0.0933:0.0933
ROOT g=9 t=0 ctx=loose n=13 BLITZ:1:0.0614:0.0614 BLOCK:3:0.2875:0.0958 PICKUP:1:0.1597:0.1597 REPOSITION:7:0.4300:0.0614 END_TURN:1:0.0614:0.0614
ROOT g=9 t=1 ctx=def n=12 BLITZ:2:0.3150:0.1575 BLOCK:1:0.0945:0.0945 REPOSITION:8:0.5249:0.0656 END_TURN:1:0.0656:0.0656
ROOT g=9 t=2 ctx=off n=26 ADVANCE:1:0.1032:0.1032 CAGE:1:0.1032:0.1032 BLITZ:1:0.0331:0.0331 PASS_ACTION:10:0.3307:0.0331 FOUL:4:0.1323:0.0331 REPOSITION:8:0.2646:0.0331 END_TURN:1:0.0331:0.0331
ROOT g=9 t=3 ctx=def n=13 BLITZ:2:0.3210:0.1605 REPOSITION:10:0.6173:0.0617 END_TURN:1:0.0617:0.0617
ROOT g=9 t=4 ctx=off n=16 ADVANCE:1:0.1076:0.1076 CAGE:1:0.1076:0.1076 BLITZ:1:0.0561:0.0561 PASS_ACTION:4:0.2242:0.0561 REPOSITION:8:0.4484:0.0561 END_TURN:1:0.0561:0.0561
ROOT g=9 t=5 ctx=def n=12 BLITZ:2:0.3243:0.1622 REPOSITION:9:0.6081:0.0676 END_TURN:1:0.0676:0.0676
ROOT g=9 t=6 ctx=off n=20 ADVANCE:1:0.0916:0.0916 CAGE:1:0.0916:0.0916 BLITZ:1:0.0382:0.0382 BLOCK:2:0.1832:0.0916 FOUL:5:0.1908:0.0382 REPOSITION:8:0.3053:0.0382 END_TURN:1:0.0382:0.0382 BLITZ_AND_SCORE:1:0.0611:0.0611
ROOT g=9 t=7 ctx=def n=10 BLITZ:2:0.3333:0.1667 REPOSITION:7:0.5833:0.0833 END_TURN:1:0.0833:0.0833
ROOT g=9 t=8 ctx=off n=24 ADVANCE:1:0.1037:0.1037 CAGE:1:0.1037:0.1037 BLITZ:1:0.0360:0.0360 PASS_ACTION:2:0.0720:0.0360 FOUL:9:0.3242:0.0360 REPOSITION:9:0.3242:0.0360 END_TURN:1:0.0360:0.0360
ROOT g=9 t=9 ctx=def n=9 BLITZ:2:0.3429:0.1714 REPOSITION:6:0.5714:0.0952 END_TURN:1:0.0857:0.0857
ROOT g=9 t=10 ctx=off n=26 ADVANCE:1:0.1032:0.1032 CAGE:1:0.1032:0.1032 BLITZ:1:0.0331:0.0331 PASS_ACTION:3:0.0992:0.0331 FOUL:10:0.3307:0.0331 REPOSITION:9:0.2976:0.0331 END_TURN:1:0.0331:0.0331
ROOT g=9 t=11 ctx=def n=8 BLITZ:2:0.3556:0.1778 REPOSITION:5:0.5556:0.1111 END_TURN:1:0.0889:0.0889
ROOT g=9 t=12 ctx=off n=26 ADVANCE:1:0.1032:0.1032 CAGE:1:0.1032:0.1032 BLITZ:1:0.0331:0.0331 PASS_ACTION:3:0.0992:0.0331 FOUL:10:0.3307:0.0331 REPOSITION:9:0.2976:0.0331 END_TURN:1:0.0331:0.0331
ROOT g=9 t=13 ctx=def n=7 BLITZ:2:0.3733:0.1867 REPOSITION:4:0.5333:0.1333 END_TURN:1:0.0933:0.0933
ROOT g=9 t=14 ctx=off n=20 SCORE:1:0.2954:0.2954 CAGE:1:0.0506:0.0506 BLITZ:1:0.0211:0.0211 FOUL:7:0.1477:0.0211 REPOSITION:8:0.1688:0.0211 END_TURN:1:0.0211:0.0211 BLITZ_AND_SCORE:1:0.2954:0.2954
ROOT g=9 t=15 ctx=loose n=13 BLITZ:1:0.0549:0.0549 BLOCK:3:0.2567:0.0856 PICKUP:1:0.2496:0.2496 REPOSITION:7:0.3840:0.0549 END_TURN:1:0.0549:0.0549
ROOT g=9 t=16 ctx=loose n=13 BLITZ:1:0.0569:0.0569 BLOCK:3:0.2662:0.0887 PICKUP:1:0.2218:0.2218 REPOSITION:7:0.3982:0.0569 END_TURN:1:0.0569:0.0569
ROOT g=9 t=17 ctx=loose n=11 BLITZ:1:0.0909:0.0909 REPOSITION:9:0.8182:0.0909 END_TURN:1:0.0909:0.0909
ROOT g=9 t=18 ctx=loose n=12 BLITZ:1:0.0628:0.0628 BLOCK:3:0.2714:0.0905 PICKUP:1:0.2261:0.2261 REPOSITION:6:0.3769:0.0628 END_TURN:1:0.0628:0.0628
ROOT g=9 t=19 ctx=def n=10 BLITZ:2:0.3333:0.1667 REPOSITION:7:0.5833:0.0833 END_TURN:1:0.0833:0.0833
ROOT g=9 t=20 ctx=off n=21 ADVANCE:1:0.0986:0.0986 CAGE:1:0.0986:0.0986 BLITZ:1:0.0391:0.0391 BLOCK:1:0.0986:0.0986 PASS_ACTION:7:0.2739:0.0391 FOUL:2:0.0782:0.0391 REPOSITION:7:0.2739:0.0391 END_TURN:1:0.0391:0.0391
ROOT g=9 t=21 ctx=def n=10 BLITZ:2:0.3333:0.1667 REPOSITION:7:0.5833:0.0833 END_TURN:1:0.0833:0.0833
ROOT g=9 t=22 ctx=loose n=15 BLITZ:1:0.0478:0.0478 BLOCK:3:0.2584:0.0861 PICKUP:1:0.2153:0.2153 FOUL:3:0.1435:0.0478 REPOSITION:6:0.2871:0.0478 END_TURN:1:0.0478:0.0478
ROOT g=9 t=23 ctx=loose n=15 BLITZ:1:0.0588:0.0588 PICKUP:1:0.1765:0.1765 FOUL:4:0.2353:0.0588 REPOSITION:8:0.4706:0.0588 END_TURN:1:0.0588:0.0588
ROOT g=9 t=24 ctx=loose n=14 BLITZ:1:0.0581:0.0581 PICKUP:1:0.2442:0.2442 FOUL:3:0.1744:0.0581 REPOSITION:8:0.4651:0.0581 END_TURN:1:0.0581:0.0581
ROOT g=9 t=25 ctx=loose n=14 BLITZ:1:0.0633:0.0633 PICKUP:1:0.1772:0.1772 FOUL:3:0.1899:0.0633 REPOSITION:8:0.5063:0.0633 END_TURN:1:0.0633:0.0633
ROOT g=9 t=26 ctx=loose n=13 BLITZ:1:0.0604:0.0604 PICKUP:1:0.2749:0.2749 FOUL:3:0.1813:0.0604 REPOSITION:7:0.4230:0.0604 END_TURN:1:0.0604:0.0604
ROOT g=9 t=27 ctx=loose n=14 BLITZ:1:0.0538:0.0538 BLOCK:1:0.0904:0.0904 PICKUP:1:0.2637:0.2637 FOUL:3:0.1615:0.0538 REPOSITION:7:0.3767:0.0538 END_TURN:1:0.0538:0.0538
ROOT g=9 t=28 ctx=loose n=12 BLITZ:1:0.0658:0.0658 PICKUP:1:0.2763:0.2763 FOUL:3:0.1974:0.0658 REPOSITION:6:0.3947:0.0658 END_TURN:1:0.0658:0.0658
ROOT g=9 t=29 ctx=def n=15 BLITZ:2:0.3030:0.1515 BLOCK:1:0.0909:0.0909 FOUL:4:0.2020:0.0505 REPOSITION:7:0.3535:0.0505 END_TURN:1:0.0505:0.0505
ROOT g=9 t=30 ctx=off n=13 ADVANCE:1:0.1105:0.1105 CAGE:1:0.1105:0.1105 BLITZ:1:0.0708:0.0708 PASS_ACTION:3:0.2125:0.0708 FOUL:1:0.0708:0.0708 REPOSITION:5:0.3541:0.0708 END_TURN:1:0.0708:0.0708
ROOT g=9 t=31 ctx=def n=14 BLITZ:2:0.3182:0.1591 FOUL:4:0.2273:0.0568 REPOSITION:7:0.3977:0.0568 END_TURN:1:0.0568:0.0568
ROOT g=10 t=0 ctx=loose n=13 BLITZ:1:0.0614:0.0614 BLOCK:3:0.2875:0.0958 PICKUP:1:0.1597:0.1597 REPOSITION:7:0.4300:0.0614 END_TURN:1:0.0614:0.0614
ROOT g=10 t=1 ctx=def n=12 BLITZ:2:0.3243:0.1622 REPOSITION:9:0.6081:0.0676 END_TURN:1:0.0676:0.0676
ROOT g=10 t=2 ctx=off n=24 ADVANCE:1:0.0972:0.0972 CAGE:1:0.0972:0.0972 BLITZ:1:0.0337:0.0337 BLOCK:1:0.0972:0.0972 PASS_ACTION:9:0.3036:0.0337 FOUL:1:0.0337:0.0337 REPOSITION:9:0.3036:0.0337 END_TURN:1:0.0337:0.0337
ROOT g=10 t=3 ctx=def n=12 BLITZ:2:0.3243:0.1622 REPOSITION:9:0.6081:0.0676 END_TURN:1:0.0676:0.0676
ROOT g=10 t=4 ctx=off n=27 ADVANCE:1:0.0961:0.0961 CAGE:1:0.0961:0.0961 BLITZ:1:0.0297:0.0297 BLOCK:1:0.0961:0.0961 PASS_ACTION:8:0.2372:0.0297 FOUL:5:0.1483:0.0297 REPOSITION:9:0.2669:0.0297 END_TURN:1:0.0297:0.0297
ROOT g=10 t=5 ctx=def n=11 BLITZ:2:0.3284:0.1642 REPOSITION:8:0.5970:0.0746 END_TURN:1:0.0746:0.0746
ROOT g=10 t=6 ctx=off n=29 ADVANCE:1:0.1025:0.1025 CAGE:1:0.1025:0.1025 BLITZ:1:0.0294:0.0294 PASS_ACTION:8:0.2356:0.0294 FOUL:7:0.2061:0.0294 REPOSITION:10:0.2945:0.0294 END_TURN:1:0.0294:0.0294
ROOT g=10 t=7 ctx=def n=10 BLITZ:2:0.3333:0.1667 REPOSITION:7:0.5833:0.0833 END_TURN:1:0.0833:0.0833
ROOT g=10 t=8 ctx=off n=29 ADVANCE:1:0.1025:0.1025 CAGE:1:0.1025:0.1025 BLITZ:1:0.0294:0.0294 PASS_ACTION:8:0.2356:0.0294 FOUL:7:0.2061:0.0294 REPOSITION:10:0.2945:0.0294 END_TURN:1:0.0294:0.0294
ROOT g=10 t=9 ctx=def n=9 BLITZ:2:0.3429:0.1714 REPOSITION:6:0.5714:0.0952 END_TURN:1:0.0857:0.0857
ROOT g=10 t=10 ctx=off n=22 ADVANCE:1:0.1044:0.1044 CAGE:1:0.1044:0.1044 BLITZ:1:0.0396:0.0396 PASS_ACTION:3:0.1187:0.0396 FOUL:5:0.1978:0.0396 REPOSITION:10:0.3956:0.0396 END_TURN:1:0.0396:0.0396
ROOT g=10 t=11 ctx=def n=8 BLITZ:2:0.3556:0.1778 REPOSITION:5:0.5556:0.1111 END_TURN:1:0.0889:0.0889
ROOT g=10 t=12 ctx=off n=19 ADVANCE:1:0.1058:0.1058 CAGE:1:0.1058:0.1058 BLITZ:1:0.0464:0.0464 FOUL:6:0.2783:0.0464 REPOSITION:9:0.4174:0.0464 END_TURN:1:0.0464:0.0464
ROOT g=10 t=13 ctx=def n=7 BLITZ:2:0.3733:0.1867 BLOCK:1:0.1333:0.1333 REPOSITION:3:0.4000:0.1333 END_TURN:1:0.0933:0.0933
ROOT g=10 t=14 ctx=off n=15 SCORE:1:0.4639:0.4639 CAGE:1:0.0619:0.0619 BLITZ:1:0.0344:0.0344 BLOCK:1:0.0619:0.0619 PASS_ACTION:1:0.0344:0.0344 FOUL:3:0.1031:0.0344 REPOSITION:6:0.2062:0.0344 END_TURN:1:0.0344:0.0344
ROOT g=10 t=15 ctx=loose n=13 BLITZ:1:0.0549:0.0549 BLOCK:3:0.2567:0.0856 PICKUP:1:0.2496:0.2496 REPOSITION:7:0.3840:0.0549 END_TURN:1:0.0549:0.0549
ROOT g=10 t=16 ctx=loose n=13 BLITZ:1:0.0569:0.0569 BLOCK:3:0.2662:0.0887 PICKUP:1:0.2218:0.2218 REPOSITION:7:0.3982:0.0569 END_TURN:1:0.0569:0.0569
ROOT g=10 t=17 ctx=def n=11 BLITZ:2:0.3284:0.1642 REPOSITION:8:0.5970:0.0746 END_TURN:1:0.0746:0.0746
ROOT g=10 t=18 ctx=off n=25 ADVANCE:1:0.0968:0.0968 CAGE:1:0.0968:0.0968 BLITZ:1:0.0323:0.0323 BLOCK:1:0.0968:0.0968 PASS_ACTION:10:0.3226:0.0323 FOUL:1:0.0323:0.0323 REPOSITION:9:0.2903:0.0323 END_TURN:1:0.0323:0.0323
ROOT g=10 t=19 ctx=def n=10 BLITZ:2:0.3333:0.1667 REPOSITION:7:0.5833:0.0833 END_TURN:1:0.0833:0.0833
ROOT g=10 t=20 ctx=off n=23 ADVANCE:1:0.0976:0.0976 CAGE:1:0.0976:0.0976 BLITZ:1:0.0354:0.0354 BLOCK:1:0.0976:0.0976 PASS_ACTION:7:0.2475:0.0354 FOUL:2:0.0707:0.0354 REPOSITION:9:0.3182:0.0354 END_TURN:1:0.0354:0.0354
ROOT g=10 t=21 ctx=def n=10 BLITZ:2:0.3333:0.1667 REPOSITION:7:0.5833:0.0833 END_TURN:1:0.0833:0.0833
ROOT g=10 t=22 ctx=off n=24 ADVANCE:1:0.0972:0.0972 CAGE:1:0.0972:0.0972 BLITZ:1:0.0337:0.0337 BLOCK:1:0.0972:0.0972 PASS_ACTION:7:0.2362:0.0337 FOUL:3:0.1012:0.0337 REPOSITION:9:0.3036:0.0337 END_TURN:1:0.0337:0.0337
ROOT g=10 t=23 ctx=def n=9 BLITZ:2:0.3429:0.1714 REPOSITION:6:0.5714:0.0952 END_TURN:1:0.0857:0.0857
ROOT g=10 t=24 ctx=off n=27 ADVANCE:1:0.0961:0.0961 CAGE:1:0.0961:0.0961 BLITZ:1:0.0297:0.0297 BLOCK:1:0.0961:0.0961 PASS_ACTION:7:0.2076:0.0297 FOUL:6:0.1779:0.0297 REPOSITION:9:0.2669:0.0297 END_TURN:1:0.0297:0.0297
ROOT g=10 t=25 ctx=def n=8 BLITZ:2:0.3556:0.1778 REPOSITION:5:0.5556:0.1111 END_TURN:1:0.0889:0.0889
ROOT g=10 t=26 ctx=off n=23 ADVANCE:1:0.0919:0.0919 CAGE:1:0.0919:0.0919 BLITZ:1:0.0333:0.0333 BLOCK:2:0.1838:0.0919 PASS_ACTION:6:0.1997:0.0333 FOUL:5:0.1664:0.0333 REPOSITION:6:0.1997:0.0333 END_TURN:1:0.0333:0.0333
ROOT g=10 t=27 ctx=def n=9 BLITZ:2:0.3429:0.1714 REPOSITION:6:0.5714:0.0952 END_TURN:1:0.0857:0.0857
ROOT g=10 t=28 ctx=off n=15 ADVANCE:1:0.1084:0.1084 CAGE:1:0.1084:0.1084 BLITZ:1:0.0602:0.0602 FOUL:3:0.1807:0.0602 REPOSITION:8:0.4819:0.0602 END_TURN:1:0.0602:0.0602
ROOT g=10 t=29 ctx=def n=8 BLITZ:2:0.3556:0.1778 REPOSITION:5:0.5556:0.1111 END_TURN:1:0.0889:0.0889
ROOT g=10 t=30 ctx=off n=16 ADVANCE:1:0.0932:0.0932 CAGE:1:0.0932:0.0932 BLITZ:1:0.0485:0.0485 BLOCK:3:0.2796:0.0932 PASS_ACTION:1:0.0485:0.0485 FOUL:3:0.1456:0.0485 REPOSITION:5:0.2427:0.0485 END_TURN:1:0.0485:0.0485
ROOT g=10 t=31 ctx=def n=10 BLITZ:2:0.3226:0.1613 BLOCK:2:0.1935:0.0968 FOUL:1:0.0806:0.0806 REPOSITION:4:0.3226:0.0806 END_TURN:1:0.0806:0.0806
ROOT g=11 t=0 ctx=loose n=13 BLITZ:1:0.0614:0.0614 BLOCK:3:0.2875:0.0958 PICKUP:1:0.1597:0.1597 REPOSITION:7:0.4300:0.0614 END_TURN:1:0.0614:0.0614
ROOT g=11 t=1 ctx=def n=10 BLITZ:2:0.3333:0.1667 REPOSITION:7:0.5833:0.0833 END_TURN:1:0.0833:0.0833
ROOT g=11 t=2 ctx=off n=27 ADVANCE:1:0.1029:0.1029 CAGE:1:0.1029:0.1029 BLITZ:1:0.0318:0.0318 PASS_ACTION:10:0.3177:0.0318 FOUL:5:0.1588:0.0318 REPOSITION:8:0.2541:0.0318 END_TURN:1:0.0318:0.0318
ROOT g=11 t=3 ctx=def n=9 BLITZ:2:0.3429:0.1714 REPOSITION:6:0.5714:0.0952 END_TURN:1:0.0857:0.0857
ROOT g=11 t=4 ctx=off n=27 ADVANCE:1:0.1029:0.1029 CAGE:1:0.1029:0.1029 BLITZ:1:0.0318:0.0318 PASS_ACTION:8:0.2541:0.0318 FOUL:7:0.2224:0.0318 REPOSITION:8:0.2541:0.0318 END_TURN:1:0.0318:0.0318
ROOT g=11 t=5 ctx=def n=8 BLITZ:2:0.3556:0.1778 REPOSITION:5:0.5556:0.1111 END_TURN:1:0.0889:0.0889
ROOT g=11 t=6 ctx=off n=26 ADVANCE:1:0.1032:0.1032 CAGE:1:0.1032:0.1032 BLITZ:1:0.0331:0.0331 PASS_ACTION:7:0.2315:0.0331 FOUL:7:0.2315:0.0331 REPOSITION:8:0.2646:0.0331 END_TURN:1:0.0331:0.0331
ROOT g=11 t=7 ctx=def n=12 BLITZ:2:0.3243:0.1622 FOUL:2:0.1351:0.0676 REPOSITION:7:0.4730:0.0676 END_TURN:1:0.0676:0.0676
ROOT g=11 t=8 ctx=off n=27 ADVANCE:1:0.1029:0.1029 CAGE:1:0.1029:0.1029 BLITZ:1:0.0318:0.0318 PASS_ACTION:7:0.2224:0.0318 FOUL:8:0.2541:0.0318 REPOSITION:8:0.2541:0.0318 END_TURN:1:0.0318:0.0318
ROOT g=11 t=9 ctx=def n=11 BLITZ:2:0.3284:0.1642 FOUL:2:0.1493:0.0746 REPOSITION:6:0.4478:0.0746 END_TURN:1:0.0746:0.0746
ROOT g=11 t=10 ctx=off n=27 ADVANCE:1:0.1029:0.1029 CAGE:1:0.1029:0.1029 BLITZ:1:0.0318:0.0318 PASS_ACTION:7:0.2224:0.0318 FOUL:8:0.2541:0.0318 REPOSITION:8:0.2541:0.0318 END_TURN:1:0.0318:0.0318
ROOT g=11 t=11 ctx=def n=11 BLITZ:2:0.3284:0.1642 FOUL:2:0.1493:0.0746 REPOSITION:6:0.4478:0.0746 END_TURN:1:0.0746:0.0746
ROOT g=11 t=12 ctx=off n=27 ADVANCE:1:0.1029:0.1029 CAGE:1:0.1029:0.1029 BLITZ:1:0.0318:0.0318 PASS_ACTION:7:0.2224:0.0318 FOUL:8:0.2541:0.0318 REPOSITION:8:0.2541:0.0318 END_TURN:1:0.0318:0.0318
ROOT g=11 t=13 ctx=def n=9 BLITZ:2:0.3429:0.1714 FOUL:1:0.0952:0.0952 REPOSITION:5:0.4762:0.0952 END_TURN:1:0.0857:0.0857
ROOT g=11 t=14 ctx=off n=27 ADVANCE:1:0.1029:0.1029 CAGE:1:0.1029:0.1029 BLITZ:1:0.0318:0.0318 PASS_ACTION:7:0.2224:0.0318 FOUL:8:0.2541:0.0318 REPOSITION:8:0.2541:0.0318 END_TURN:1:0.0318:0.0318
ROOT g=11 t=15 ctx=def n=8 BLITZ:2:0.3556:0.1778 REPOSITION:5:0.5556:0.1111 END_TURN:1:0.0889:0.0889
ROOT g=11 t=16 ctx=loose n=13 BLITZ:1:0.0614:0.0614 BLOCK:3:0.2875:0.0958 PICKUP:1:0.1597:0.1597 REPOSITION:7:0.4300:0.0614 END_TURN:1:0.0614:0.0614
ROOT g=11 t=17 ctx=def n=13 BLITZ:2:0.3210:0.1605 REPOSITION:10:0.6173:0.0617 END_TURN:1:0.0617:0.0617
ROOT g=11 t=18 ctx=off n=20 ADVANCE:1:0.0889:0.0889 CAGE:1:0.0889:0.0889 BLITZ:1:0.0370:0.0370 BLOCK:3:0.2667:0.0889 PASS_ACTION:7:0.2593:0.0370 REPOSITION:6:0.2222:0.0370 END_TURN:1:0.0370:0.0370
ROOT g=11 t=19 ctx=def n=13 BLITZ:2:0.3103:0.1551 BLOCK:1:0.0931:0.0931 REPOSITION:9:0.5370:0.0597 END_TURN:1:0.0597:0.0597
ROOT g=11 t=20 ctx=off n=21 ADVANCE:1:0.0881:0.0881 CAGE:1:0.0881:0.0881 BLITZ:1:0.0350:0.0350 BLOCK:3:0.2643:0.0881 PASS_ACTION:7:0.2448:0.0350 FOUL:1:0.0350:0.0350 REPOSITION:6:0.2098:0.0350 END_TURN:1:0.0350:0.0350
ROOT g=11 t=21 ctx=def n=12 BLITZ:2:0.3061:0.1531 BLOCK:2:0.1837:0.0918 REPOSITION:7:0.4464:0.0638 END_TURN:1:0.0638:0.0638
ROOT g=11 t=22 ctx=off n=21 ADVANCE:1:0.1048:0.1048 CAGE:1:0.1048:0.1048 BLITZ:1:0.0416:0.0416 PASS_ACTION:7:0.2912:0.0416 FOUL:2:0.0832:0.0416 REPOSITION:8:0.3328:0.0416 END_TURN:1:0.0416:0.0416
ROOT g=11 t=23 ctx=def n=12 BLITZ:2:0.3061:0.1531 BLOCK:2:0.1837:0.0918 REPOSITION:7:0.4464:0.0638 END_TURN:1:0.0638:0.0638
ROOT g=11 t=24 ctx=off n=23 ADVANCE:1:0.1041:0.1041 CAGE:1:0.1041:0.1041 BLITZ:1:0.0377:0.0377 PASS_ACTION:7:0.2640:0.0377 FOUL:4:0.1508:0.0377 REPOSITION:8:0.3017:0.0377 END_TURN:1:0.0377:0.0377
ROOT g=11 t=25 ctx=def n=11 BLITZ:2:0.3134:0.1567 BLOCK:2:0.1880:0.0940 REPOSITION:6:0.4274:0.0712 END_TURN:1:0.0712:0.0712
ROOT g=11 t=26 ctx=off n=19 ADVANCE:1:0.0898:0.0898 CAGE:1:0.0898:0.0898 BLITZ:1:0.0394:0.0394 BLOCK:3:0.2693:0.0898 PASS_ACTION:5:0.1969:0.0394 FOUL:2:0.0787:0.0394 REPOSITION:5:0.1969:0.0394 END_TURN:1:0.0394:0.0394
ROOT g=11 t=27 ctx=def n=9 BLITZ:2:0.3403:0.1701 BLOCK:1:0.1021:0.1021 REPOSITION:5:0.4726:0.0945 END_TURN:1:0.0851:0.0851
ROOT g=11 t=28 ctx=off n=18 SCORE:1:0.2255:0.2255 CAGE:1:0.0773:0.0773 BLITZ:1:0.0358:0.0358 BLOCK:3:0.2319:0.0773 FOUL:6:0.2147:0.0358 REPOSITION:5:0.1790:0.0358 END_TURN:1:0.0358:0.0358
ROOT g=11 t=29 ctx=loose n=13 BLITZ:1:0.0549:0.0549 BLOCK:3:0.2567:0.0856 PICKUP:1:0.2496:0.2496 REPOSITION:7:0.3840:0.0549 END_TURN:1:0.0549:0.0549
ROOT g=11 t=30 ctx=def n=12 BLITZ:2:0.3061:0.1531 BLOCK:2:0.1837:0.0918 REPOSITION:7:0.4464:0.0638 END_TURN:1:0.0638:0.0638
ROOT g=11 t=31 ctx=off n=24 ADVANCE:1:0.1037:0.1037 CAGE:1:0.1037:0.1037 BLITZ:1:0.0360:0.0360 PASS_ACTION:9:0.3242:0.0360 FOUL:3:0.1081:0.0360 REPOSITION:8:0.2882:0.0360 END_TURN:1:0.0360:0.0360
ROOT g=12 t=0 ctx=loose n=13 BLITZ:1:0.0614:0.0614 BLOCK:3:0.2875:0.0958 PICKUP:1:0.1597:0.1597 REPOSITION:7:0.4300:0.0614 END_TURN:1:0.0614:0.0614
ROOT g=12 t=1 ctx=def n=12 BLITZ:2:0.3061:0.1531 BLOCK:2:0.1837:0.0918 REPOSITION:7:0.4464:0.0638 END_TURN:1:0.0638:0.0638
ROOT g=12 t=2 ctx=off n=20 ADVANCE:1:0.1053:0.1053 CAGE:1:0.1053:0.1053 BLITZ:1:0.0439:0.0439 PASS_ACTION:9:0.3947:0.0439 REPOSITION:7:0.3070:0.0439 END_TURN:1:0.0439:0.0439
ROOT g=12 t=3 ctx=def n=11 BLITZ:2:0.3207:0.1603 BLOCK:1:0.0962:0.0962 REPOSITION:7:0.5102:0.0729 END_TURN:1:0.0729:0.0729
ROOT g=12 t=4 ctx=off n=18 ADVANCE:1:0.1063:0.1063 CAGE:1:0.1063:0.1063 BLITZ:1:0.0492:0.0492 PASS_ACTION:5:0.2461:0.0492 FOUL:1:0.0492:0.0492 REPOSITION:8:0.3937:0.0492 END_TURN:1:0.0492:0.0492
ROOT g=12 t=5 ctx=def n=10 BLITZ:2:0.3279:0.1639 BLOCK:1:0.0984:0.0984 REPOSITION:6:0.4918:0.0820 END_TURN:1:0.0820:0.0820
ROOT g=12 t=6 ctx=off n=21 ADVANCE:1:0.1048:0.1048 CAGE:1:0.1048:0.1048 BLITZ:1:0.0416:0.0416 PASS_ACTION:5:0.2080:0.0416 FOUL:4:0.1664:0.0416 REPOSITION:8:0.3328:0.0416 END_TURN:1:0.0416:0.0416
ROOT g=12 t=7 ctx=def n=9 BLITZ:2:0.3403:0.1701 BLOCK:1:0.1021:0.1021 REPOSITION:5:0.4726:0.0945 END_TURN:1:0.0851:0.0851
ROOT g=12 t=8 ctx=off n=21 ADVANCE:1:0.1048:0.1048 CAGE:1:0.1048:0.1048 BLITZ:1:0.0416:0.0416 PASS_ACTION:5:0.2080:0.0416 FOUL:4:0.1664:0.0416 REPOSITION:8:0.3328:0.0416 END_TURN:1:0.0416:0.0416
ROOT g=12 t=9 ctx=def n=8 BLITZ:2:0.3556:0.1778 BLOCK:1:0.1111:0.1111 REPOSITION:4:0.4444:0.1111 END_TURN:1:0.0889:0.0889
ROOT g=12 t=10 ctx=off n=21 ADVANCE:1:0.1048:0.1048 CAGE:1:0.1048:0.1048 BLITZ:1:0.0416:0.0416 PASS_ACTION:5:0.2080:0.0416 FOUL:4:0.1664:0.0416 REPOSITION:8:0.3328:0.0416 END_TURN:1:0.0416:0.0416
ROOT g=12 t=11 ctx=def n=9 BLITZ:2:0.3429:0.1714 FOUL:1:0.0952:0.0952 REPOSITION:5:0.4762:0.0952 END_TURN:1:0.0857:0.0857
ROOT g=12 t=12 ctx=off n=21 ADVANCE:1:0.1048:0.1048 CAGE:1:0.1048:0.1048 BLITZ:1:0.0416:0.0416 PASS_ACTION:5:0.2080:0.0416 FOUL:4:0.1664:0.0416 REPOSITION:8:0.3328:0.0416 END_TURN:1:0.0416:0.0416
ROOT g=12 t=13 ctx=def n=7 BLITZ:2:0.3733:0.1867 REPOSITION:4:0.5333:0.1333 END_TURN:1:0.0933:0.0933
ROOT g=12 t=14 ctx=off n=15 SCORE:1:0.3017:0.3017 CAGE:1:0.0517:0.0517 BLITZ:1:0.0287:0.0287 FOUL:3:0.0862:0.0287 REPOSITION:7:0.2011:0.0287 END_TURN:1:0.0287:0.0287 BLITZ_AND_SCORE:1:0.3017:0.3017
ROOT g=12 t=15 ctx=loose n=13 BLITZ:1:0.0549:0.0549 BLOCK:3:0.2567:0.0856 PICKUP:1:0.2496:0.2496 REPOSITION:7:0.3840:0.0549 END_TURN:1:0.0549:0.0549
ROOT g=12 t=16 ctx=loose n=13 BLITZ:1:0.0569:0.0569 BLOCK:3:0.2662:0.0887 PICKUP:1:0.2218:0.2218 REPOSITION:7:0.3982:0.0569 END_TURN:1:0.0569:0.0569
ROOT g=12 t=17 ctx=loose n=12 BLITZ:1:0.0746:0.0746 PICKUP:1:0.1791:0.1791 REPOSITION:9:0.6716:0.0746 END_TURN:1:0.0746:0.0746
ROOT g=12 t=18 ctx=loose n=13 BLITZ:1:0.0629:0.0629 PICKUP:1:0.2453:0.2453 REPOSITION:10:0.6289:0.0629 END_TURN:1:0.0629:0.0629
ROOT g=12 t=19 ctx=loose n=13 BLITZ:1:0.0685:0.0685 PICKUP:1:0.1781:0.1781 REPOSITION:10:0.6849:0.0685 END_TURN:1:0.0685:0.0685
ROOT g=12 t=20 ctx=loose n=14 BLITZ:1:0.0581:0.0581 PICKUP:1:0.2442:0.2442 FOUL:1:0.0581:0.0581 REPOSITION:10:0.5814:0.0581 END_TURN:1:0.0581:0.0581
ROOT g=12 t=21 ctx=loose n=12 BLITZ:1:0.0746:0.0746 PICKUP:1:0.1791:0.1791 REPOSITION:9:0.6716:0.0746 END_TURN:1:0.0746:0.0746
ROOT g=12 t=22 ctx=loose n=13 BLITZ:1:0.0588:0.0588 BLOCK:2:0.1833:0.0917 PICKUP:1:0.2291:0.2291 REPOSITION:8:0.4700:0.0588 END_TURN:1:0.0588:0.0588
ROOT g=12 t=23 ctx=loose n=11 BLITZ:1:0.0820:0.0820 PICKUP:1:0.1803:0.1803 REPOSITION:8:0.6557:0.0820 END_TURN:1:0.0820:0.0820
ROOT g=12 t=24 ctx=loose n=13 BLITZ:1:0.0569:0.0569 BLOCK:3:0.2662:0.0887 PICKUP:1:0.2218:0.2218 REPOSITION:7:0.3982:0.0569 END_TURN:1:0.0569:0.0569
ROOT g=12 t=25 ctx=loose n=10 BLITZ:1:0.0909:0.0909 PICKUP:1:0.1818:0.1818 REPOSITION:7:0.6364:0.0909 END_TURN:1:0.0909:0.0909
ROOT g=12 t=26 ctx=loose n=13 BLITZ:1:0.0566:0.0566 BLOCK:2:0.1766:0.0883 PICKUP:1:0.2575:0.2575 REPOSITION:8:0.4527:0.0566 END_TURN:1:0.0566:0.0566
ROOT g=12 t=27 ctx=loose n=10 BLITZ:1:0.0800:0.0800 PICKUP:1:0.2800:0.2800 REPOSITION:7:0.5600:0.0800 END_TURN:1:0.0800:0.0800
ROOT g=12 t=28 ctx=loose n=13 BLITZ:1:0.0604:0.0604 PICKUP:1:0.2749:0.2749 REPOSITION:10:0.6042:0.0604 END_TURN:1:0.0604:0.0604
ROOT g=12 t=29 ctx=loose n=11 BLITZ:1:0.0722:0.0722 PICKUP:1:0.2780:0.2780 REPOSITION:8:0.5776:0.0722 END_TURN:1:0.0722:0.0722
ROOT g=12 t=30 ctx=loose n=13 BLITZ:1:0.0604:0.0604 PICKUP:1:0.2749:0.2749 REPOSITION:10:0.6042:0.0604 END_TURN:1:0.0604:0.0604
ROOT g=12 t=31 ctx=loose n=11 BLITZ:1:0.0722:0.0722 PICKUP:1:0.2780:0.2780 REPOSITION:8:0.5776:0.0722 END_TURN:1:0.0722:0.0722
ROOT g=13 t=0 ctx=loose n=12 BLITZ:1:0.0751:0.0751 BLOCK:3:0.3243:0.1081 REPOSITION:7:0.5255:0.0751 END_TURN:1:0.0751:0.0751
ROOT g=13 t=1 ctx=loose n=11 BLITZ:1:0.0859:0.0859 BLOCK:2:0.2268:0.1134 REPOSITION:7:0.6014:0.0859 END_TURN:1:0.0859:0.0859
ROOT g=13 t=2 ctx=loose n=14 BLITZ:1:0.0633:0.0633 PICKUP:1:0.1772:0.1772 FOUL:2:0.1266:0.0633 REPOSITION:9:0.5696:0.0633 END_TURN:1:0.0633:0.0633
ROOT g=13 t=3 ctx=def n=13 BLITZ:2:0.3002:0.1501 BLOCK:2:0.1801:0.0901 FOUL:1:0.0577:0.0577 REPOSITION:7:0.4042:0.0577 END_TURN:1:0.0577:0.0577
ROOT g=13 t=4 ctx=off n=19 ADVANCE:1:0.1058:0.1058 CAGE:1:0.1058:0.1058 BLITZ:1:0.0464:0.0464 PASS_ACTION:7:0.3247:0.0464 FOUL:1:0.0464:0.0464 REPOSITION:7:0.3247:0.0464 END_TURN:1:0.0464:0.0464
ROOT g=13 t=5 ctx=def n=11 BLITZ:2:0.3284:0.1642 FOUL:1:0.0746:0.0746 REPOSITION:7:0.5224:0.0746 END_TURN:1:0.0746:0.0746
ROOT g=13 t=6 ctx=off n=18 ADVANCE:1:0.1063:0.1063 CAGE:1:0.1063:0.1063 BLITZ:1:0.0492:0.0492 PASS_ACTION:7:0.3445:0.0492 REPOSITION:7:0.3445:0.0492 END_TURN:1:0.0492:0.0492
ROOT g=13 t=7 ctx=def n=14 BLITZ:2:0.3182:0.1591 FOUL:3:0.1705:0.0568 REPOSITION:8:0.4545:0.0568 END_TURN:1:0.0568:0.0568
ROOT g=13 t=8 ctx=off n=11 ADVANCE:1:0.1134:0.1134 CAGE:1:0.1134:0.1134 BLITZ:1:0.0859:0.0859 PASS_ACTION:1:0.0859:0.0859 REPOSITION:6:0.5155:0.0859 END_TURN:1:0.0859:0.0859
ROOT g=13 t=9 ctx=def n=12 BLITZ:2:0.3243:0.1622 FOUL:2:0.1351:0.0676 REPOSITION:7:0.4730:0.0676 END_TURN:1:0.0676:0.0676
ROOT g=13 t=10 ctx=off n=12 ADVANCE:1:0.1118:0.1118 CAGE:1:0.1118:0.1118 BLITZ:1:0.0776:0.0776 PASS_ACTION:1:0.0776:0.0776 FOUL:1:0.0776:0.0776 REPOSITION:6:0.4658:0.0776 END_TURN:1:0.0776:0.0776
ROOT g=13 t=11 ctx=def n=10 BLITZ:2:0.3333:0.1667 FOUL:1:0.0833:0.0833 REPOSITION:6:0.5000:0.0833 END_TURN:1:0.0833:0.0833
ROOT g=13 t=12 ctx=off n=13 ADVANCE:1:0.1105:0.1105 CAGE:1:0.1105:0.1105 BLITZ:1:0.0708:0.0708 PASS_ACTION:2:0.1416:0.0708 FOUL:1:0.0708:0.0708 REPOSITION:6:0.4249:0.0708 END_TURN:1:0.0708:0.0708
ROOT g=13 t=13 ctx=def n=9 BLITZ:2:0.3429:0.1714 REPOSITION:6:0.5714:0.0952 END_TURN:1:0.0857:0.0857
ROOT g=13 t=14 ctx=loose n=9 BLITZ:1:0.0898:0.0898 BLOCK:1:0.0970:0.0970 PICKUP:1:0.2830:0.2830 REPOSITION:5:0.4492:0.0898 END_TURN:1:0.0809:0.0809
ROOT g=13 t=15 ctx=loose n=10 BLITZ:1:0.0800:0.0800 PICKUP:1:0.2800:0.2800 FOUL:1:0.0800:0.0800 REPOSITION:6:0.4800:0.0800 END_TURN:1:0.0800:0.0800
ROOT g=13 t=16 ctx=loose n=13 BLITZ:1:0.0614:0.0614 BLOCK:3:0.2875:0.0958 PICKUP:1:0.1597:0.1597 REPOSITION:7:0.4300:0.0614 END_TURN:1:0.0614:0.0614
ROOT g=13 t=17 ctx=def n=12 BLITZ:2:0.3061:0.1531 BLOCK:2:0.1837:0.0918 REPOSITION:7:0.4464:0.0638 END_TURN:1:0.0638:0.0638
ROOT g=13 t=18 ctx=off n=24 ADVANCE:1:0.0816:0.0816 CAGE:1:0.0816:0.0816 BLITZ:1:0.0283:0.0283 BLOCK:4:0.3265:0.0816 PASS_ACTION:10:0.2834:0.0283 FOUL:1:0.0283:0.0283 REPOSITION:5:0.1417:0.0283 END_TURN:1:0.0283:0.0283
ROOT g=13 t=19 ctx=def n=10 BLITZ:2:0.3333:0.1667 REPOSITION:7:0.5833:0.0833 END_TURN:1:0.0833:0.0833
ROOT g=13 t=20 ctx=off n=22 ADVANCE:1:0.0924:0.0924 CAGE:1:0.0924:0.0924 BLITZ:1:0.0350:0.0350 BLOCK:2:0.1849:0.0924 PASS_ACTION:6:0.2101:0.0350 FOUL:3:0.1050:0.0350 REPOSITION:7:0.2451:0.0350 END_TURN:1:0.0350:0.0350
ROOT g=13 t=21 ctx=def n=8 BLITZ:2:0.3556:0.1778 REPOSITION:5:0.5556:0.1111 END_TURN:1:0.0889:0.0889
ROOT g=13 t=22 ctx=off n=20 ADVANCE:1:0.0992:0.0992 CAGE:1:0.0992:0.0992 BLITZ:1:0.0413:0.0413 BLOCK:1:0.0992:0.0992 PASS_ACTION:4:0.1653:0.0413 FOUL:6:0.2479:0.0413 REPOSITION:5:0.2066:0.0413 END_TURN:1:0.0413:0.0413
ROOT g=13 t=23 ctx=def n=7 BLITZ:2:0.3733:0.1867 REPOSITION:4:0.5333:0.1333 END_TURN:1:0.0933:0.0933
ROOT g=13 t=24 ctx=off n=22 ADVANCE:1:0.0786:0.0786 CAGE:1:0.0786:0.0786 BLITZ:1:0.0298:0.0298 BLOCK:3:0.2357:0.0786 PASS_ACTION:3:0.0893:0.0298 FOUL:6:0.1786:0.0298 REPOSITION:5:0.1488:0.0298 END_TURN:1:0.0298:0.0298 BLITZ_AND_SCORE:1:0.1310:0.1310
ROOT g=13 t=25 ctx=def n=7 BLITZ:2:0.3733:0.1867 FOUL:1:0.1333:0.1333 REPOSITION:3:0.4000:0.1333 END_TURN:1:0.0933:0.0933
ROOT g=13 t=26 ctx=off n=14 ADVANCE:1:0.1094:0.1094 CAGE:1:0.1094:0.1094 BLITZ:1:0.0651:0.0651 PASS_ACTION:3:0.1953:0.0651 FOUL:4:0.2604:0.0651 REPOSITION:3:0.1953:0.0651 END_TURN:1:0.0651:0.0651
ROOT g=13 t=27 ctx=def n=9 BLITZ:2:0.3429:0.1714 FOUL:2:0.1905:0.0952 REPOSITION:4:0.3810:0.0952 END_TURN:1:0.0857:0.0857
ROOT g=13 t=28 ctx=off n=11 ADVANCE:1:0.1134:0.1134 CAGE:1:0.1134:0.1134 BLITZ:1:0.0859:0.0859 PASS_ACTION:2:0.1718:0.0859 FOUL:2:0.1718:0.0859 REPOSITION:3:0.2577:0.0859 END_TURN:1:0.0859:0.0859
ROOT g=13 t=29 ctx=loose n=8 BLITZ:1:0.1042:0.1042 PICKUP:1:0.2917:0.2917 FOUL:2:0.2083:0.1042 REPOSITION:3:0.3125:0.1042 END_TURN:1:0.0833:0.0833
ROOT g=13 t=30 ctx=loose n=9 BLITZ:1:0.0905:0.0905 PICKUP:1:0.2851:0.2851 FOUL:2:0.1810:0.0905 REPOSITION:4:0.3620:0.0905 END_TURN:1:0.0814:0.0814
ROOT g=13 t=31 ctx=loose n=10 BLITZ:1:0.0800:0.0800 PICKUP:1:0.2800:0.2800 FOUL:2:0.1600:0.0800 REPOSITION:5:0.4000:0.0800 END_TURN:1:0.0800:0.0800
ROOT g=14 t=0 ctx=loose n=13 BLITZ:1:0.0614:0.0614 BLOCK:3:0.2875:0.0958 PICKUP:1:0.1597:0.1597 REPOSITION:7:0.4300:0.0614 END_TURN:1:0.0614:0.0614
ROOT g=14 t=1 ctx=def n=11 BLITZ:2:0.3284:0.1642 REPOSITION:8:0.5970:0.0746 END_TURN:1:0.0746:0.0746
ROOT g=14 t=2 ctx=off n=24 ADVANCE:1:0.0972:0.0972 CAGE:1:0.0972:0.0972 BLITZ:1:0.0337:0.0337 BLOCK:1:0.0972:0.0972 PASS_ACTION:10:0.3374:0.0337 FOUL:1:0.0337:0.0337 REPOSITION:8:0.2699:0.0337 END_TURN:1:0.0337:0.0337
ROOT g=14 t=3 ctx=def n=10 BLITZ:2:0.3279:0.1639 BLOCK:1:0.0984:0.0984 REPOSITION:6:0.4918:0.0820 END_TURN:1:0.0820:0.0820
ROOT g=14 t=4 ctx=off n=15 SCORE:1:0.0706:0.0706 CAGE:1:0.1059:0.1059 BLITZ:1:0.0588:0.0588 BLOCK:1:0.1059:0.1059 FOUL:1:0.0588:0.0588 REPOSITION:8:0.4706:0.0588 END_TURN:1:0.0588:0.0588 BLITZ_AND_SCORE:1:0.0706:0.0706
ROOT g=14 t=5 ctx=loose n=13 BLITZ:1:0.0569:0.0569 BLOCK:3:0.2662:0.0887 PICKUP:1:0.2218:0.2218 REPOSITION:7:0.3982:0.0569 END_TURN:1:0.0569:0.0569
ROOT g=14 t=6 ctx=def n=13 BLITZ:2:0.3002:0.1501 BLOCK:2:0.1801:0.0901 REPOSITION:8:0.4619:0.0577 END_TURN:1:0.0577:0.0577
ROOT g=14 t=7 ctx=off n=24 ADVANCE:1:0.1037:0.1037 CAGE:1:0.1037:0.1037 BLITZ:1:0.0360:0.0360 PASS_ACTION:10:0.3602:0.0360 FOUL:2:0.0720:0.0360 REPOSITION:8:0.2882:0.0360 END_TURN:1:0.0360:0.0360
ROOT g=14 t=8 ctx=def n=12 BLITZ:2:0.3243:0.1622 REPOSITION:9:0.6081:0.0676 END_TURN:1:0.0676:0.0676
ROOT g=14 t=9 ctx=off n=20 ADVANCE:1:0.0889:0.0889 CAGE:1:0.0889:0.0889 BLITZ:1:0.0370:0.0370 BLOCK:3:0.2667:0.0889 PASS_ACTION:8:0.2963:0.0370 REPOSITION:5:0.1852:0.0370 END_TURN:1:0.0370:0.0370
ROOT g=14 t=10 ctx=def n=12 BLITZ:2:0.3243:0.1622 REPOSITION:9:0.6081:0.0676 END_TURN:1:0.0676:0.0676
ROOT g=14 t=11 ctx=off n=18 ADVANCE:1:0.0908:0.0908 CAGE:1:0.0908:0.0908 BLITZ:1:0.0420:0.0420 BLOCK:3:0.2723:0.0908 PASS_ACTION:4:0.1681:0.0420 FOUL:1:0.0420:0.0420 REPOSITION:6:0.2521:0.0420 END_TURN:1:0.0420:0.0420
ROOT g=14 t=12 ctx=def n=11 BLITZ:2:0.3284:0.1642 REPOSITION:8:0.5970:0.0746 END_TURN:1:0.0746:0.0746
ROOT g=14 t=13 ctx=off n=17 ADVANCE:1:0.1069:0.1069 CAGE:1:0.1069:0.1069 BLITZ:1:0.0524:0.0524 PASS_ACTION:5:0.2621:0.0524 FOUL:1:0.0524:0.0524 REPOSITION:7:0.3669:0.0524 END_TURN:1:0.0524:0.0524
ROOT g=14 t=14 ctx=loose n=11 BLITZ:1:0.0722:0.0722 PICKUP:1:0.2780:0.2780 FOUL:1:0.0722:0.0722 REPOSITION:7:0.5054:0.0722 END_TURN:1:0.0722:0.0722
ROOT g=14 t=15 ctx=loose n=11 BLITZ:1:0.0722:0.0722 PICKUP:1:0.2780:0.2780 FOUL:1:0.0722:0.0722 REPOSITION:7:0.5054:0.0722 END_TURN:1:0.0722:0.0722
ROOT g=14 t=16 ctx=loose n=13 BLITZ:1:0.0569:0.0569 BLOCK:3:0.2662:0.0887 PICKUP:1:0.2218:0.2218 REPOSITION:7:0.3982:0.0569 END_TURN:1:0.0569:0.0569
ROOT g=14 t=17 ctx=def n=10 BLITZ:2:0.3333:0.1667 REPOSITION:7:0.5833:0.0833 END_TURN:1:0.0833:0.0833
ROOT g=14 t=18 ctx=off n=22 ADVANCE:1:0.0981:0.0981 CAGE:1:0.0981:0.0981 BLITZ:1:0.0371:0.0371 BLOCK:1:0.0981:0.0981 PASS_ACTION:8:0.2972:0.0371 FOUL:1:0.0371:0.0371 REPOSITION:8:0.2972:0.0371 END_TURN:1:0.0371:0.0371
ROOT g=14 t=19 ctx=def n=8 BLITZ:2:0.3556:0.1778 REPOSITION:5:0.5556:0.1111 END_TURN:1:0.0889:0.0889
ROOT g=14 t=20 ctx=off n=23 ADVANCE:1:0.0919:0.0919 CAGE:1:0.0919:0.0919 BLITZ:1:0.0333:0.0333 BLOCK:2:0.1838:0.0919 PASS_ACTION:8:0.2663:0.0333 FOUL:2:0.0666:0.0333 REPOSITION:7:0.2330:0.0333 END_TURN:1:0.0333:0.0333
ROOT g=14 t=21 ctx=def n=7 BLITZ:2:0.3733:0.1867 REPOSITION:4:0.5333:0.1333 END_TURN:1:0.0933:0.0933
ROOT g=14 t=22 ctx=off n=25 ADVANCE:1:0.0811:0.0811 CAGE:1:0.0811:0.0811 BLITZ:1:0.0270:0.0270 BLOCK:4:0.3243:0.0811 PASS_ACTION:8:0.2162:0.0270 FOUL:2:0.0541:0.0270 REPOSITION:7:0.1892:0.0270 END_TURN:1:0.0270:0.0270
ROOT g=14 t=23 ctx=def n=6 BLITZ:2:0.4000:0.2000 REPOSITION:3:0.5000:0.1667 END_TURN:1:0.1000:0.1000
ROOT g=14 t=24 ctx=def n=15 BLITZ:2:0.2703:0.1351 BLOCK:4:0.3243:0.0811 FOUL:2:0.0901:0.0450 REPOSITION:6:0.2703:0.0450 END_TURN:1:0.0450:0.0450
ROOT g=14 t=25 ctx=loose n=4 BLITZ:1:0.2941:0.2941 REPOSITION:2:0.5882:0.2941 END_TURN:1:0.1176:0.1176
ROOT g=14 t=26 ctx=loose n=12 BLITZ:1:0.0622:0.0622 BLOCK:2:0.1791:0.0896 PICKUP:1:0.2612:0.2612 REPOSITION:7:0.4353:0.0622 END_TURN:1:0.0622:0.0622
ROOT g=14 t=27 ctx=loose n=13 BLITZ:1:0.0549:0.0549 BLOCK:3:0.2567:0.0856 PICKUP:1:0.2496:0.2496 REPOSITION:7:0.3840:0.0549 END_TURN:1:0.0549:0.0549
ROOT g=14 t=28 ctx=def n=13 BLITZ:2:0.3103:0.1551 BLOCK:1:0.0931:0.0931 REPOSITION:9:0.5370:0.0597 END_TURN:1:0.0597:0.0597
ROOT g=14 t=29 ctx=off n=20 ADVANCE:1:0.1053:0.1053 CAGE:1:0.1053:0.1053 BLITZ:1:0.0439:0.0439 PASS_ACTION:8:0.3509:0.0439 REPOSITION:8:0.3509:0.0439 END_TURN:1:0.0439:0.0439
ROOT g=14 t=30 ctx=def n=12 BLITZ:2:0.3150:0.1575 BLOCK:1:0.0945:0.0945 REPOSITION:8:0.5249:0.0656 END_TURN:1:0.0656:0.0656
ROOT g=14 t=31 ctx=off n=20 ADVANCE:1:0.1053:0.1053 CAGE:1:0.1053:0.1053 BLITZ:1:0.0439:0.0439 PASS_ACTION:6:0.2632:0.0439 FOUL:2:0.0877:0.0439 REPOSITION:8:0.3509:0.0439 END_TURN:1:0.0439:0.0439
ROOT g=15 t=0 ctx=loose n=13 BLITZ:1:0.0614:0.0614 BLOCK:3:0.2875:0.0958 PICKUP:1:0.1597:0.1597 REPOSITION:7:0.4300:0.0614 END_TURN:1:0.0614:0.0614
ROOT g=15 t=1 ctx=def n=11 BLITZ:2:0.3207:0.1603 BLOCK:1:0.0962:0.0962 REPOSITION:7:0.5102:0.0729 END_TURN:1:0.0729:0.0729
ROOT g=15 t=2 ctx=off n=25 ADVANCE:1:0.0968:0.0968 CAGE:1:0.0968:0.0968 BLITZ:1:0.0323:0.0323 BLOCK:1:0.0968:0.0968 PASS_ACTION:10:0.3226:0.0323 FOUL:2:0.0645:0.0323 REPOSITION:8:0.2581:0.0323 END_TURN:1:0.0323:0.0323
ROOT g=15 t=3 ctx=def n=10 BLITZ:2:0.3279:0.1639 BLOCK:1:0.0984:0.0984 REPOSITION:6:0.4918:0.0820 END_TURN:1:0.0820:0.0820
ROOT g=15 t=4 ctx=off n=23 ADVANCE:1:0.0976:0.0976 CAGE:1:0.0976:0.0976 BLITZ:1:0.0354:0.0354 BLOCK:1:0.0976:0.0976 PASS_ACTION:8:0.2829:0.0354 FOUL:2:0.0707:0.0354 REPOSITION:8:0.2829:0.0354 END_TURN:1:0.0354:0.0354
ROOT g=15 t=5 ctx=def n=10 BLITZ:2:0.3279:0.1639 BLOCK:1:0.0984:0.0984 REPOSITION:6:0.4918:0.0820 END_TURN:1:0.0820:0.0820
ROOT g=15 t=6 ctx=off n=23 ADVANCE:1:0.0976:0.0976 CAGE:1:0.0976:0.0976 BLITZ:1:0.0354:0.0354 BLOCK:1:0.0976:0.0976 PASS_ACTION:8:0.2829:0.0354 FOUL:2:0.0707:0.0354 REPOSITION:8:0.2829:0.0354 END_TURN:1:0.0354:0.0354
ROOT g=15 t=7 ctx=def n=10 BLITZ:2:0.3279:0.1639 BLOCK:1:0.0984:0.0984 REPOSITION:6:0.4918:0.0820 END_TURN:1:0.0820:0.0820
ROOT g=15 t=8 ctx=off n=23 ADVANCE:1:0.0976:0.0976 CAGE:1:0.0976:0.0976 BLITZ:1:0.0354:0.0354 BLOCK:1:0.0976:0.0976 PASS_ACTION:8:0.2829:0.0354 FOUL:2:0.0707:0.0354 REPOSITION:8:0.2829:0.0354 END_TURN:1:0.0354:0.0354
ROOT g=15 t=9 ctx=def n=10 BLITZ:2:0.3279:0.1639 BLOCK:1:0.0984:0.0984 REPOSITION:6:0.4918:0.0820 END_TURN:1:0.0820:0.0820
ROOT g=15 t=10 ctx=off n=22 ADVANCE:1:0.1044:0.1044 CAGE:1:0.1044:0.1044 BLITZ:1:0.0396:0.0396 PASS_ACTION:7:0.2769:0.0396 FOUL:2:0.0791:0.0396 REPOSITION:9:0.3560:0.0396 END_TURN:1:0.0396:0.0396
ROOT g=15 t=11 ctx=def n=10 BLITZ:2:0.3279:0.1639 BLOCK:1:0.0984:0.0984 REPOSITION:6:0.4918:0.0820 END_TURN:1:0.0820:0.0820
ROOT g=15 t=12 ctx=off n=22 ADVANCE:1:0.1044:0.1044 CAGE:1:0.1044:0.1044 BLITZ:1:0.0396:0.0396 PASS_ACTION:7:0.2769:0.0396 FOUL:2:0.0791:0.0396 REPOSITION:9:0.3560:0.0396 END_TURN:1:0.0396:0.0396
ROOT g=15 t=13 ctx=def n=10 BLITZ:2:0.3279:0.1639 BLOCK:1:0.0984:0.0984 REPOSITION:6:0.4918:0.0820 END_TURN:1:0.0820:0.0820
ROOT g=15 t=14 ctx=off n=22 ADVANCE:1:0.1044:0.1044 CAGE:1:0.1044:0.1044 BLITZ:1:0.0396:0.0396 PASS_ACTION:7:0.2769:0.0396 FOUL:2:0.0791:0.0396 REPOSITION:9:0.3560:0.0396 END_TURN:1:0.0396:0.0396
ROOT g=15 t=15 ctx=def n=10 BLITZ:2:0.3279:0.1639 BLOCK:1:0.0984:0.0984 REPOSITION:6:0.4918:0.0820 END_TURN:1:0.0820:0.0820
ROOT g=15 t=16 ctx=loose n=13 BLITZ:1:0.0614:0.0614 BLOCK:3:0.2875:0.0958 PICKUP:1:0.1597:0.1597 REPOSITION:7:0.4300:0.0614 END_TURN:1:0.0614:0.0614
ROOT g=15 t=17 ctx=def n=10 BLITZ:2:0.3333:0.1667 REPOSITION:7:0.5833:0.0833 END_TURN:1:0.0833:0.0833
ROOT g=15 t=18 ctx=off n=22 ADVANCE:1:0.0981:0.0981 CAGE:1:0.0981:0.0981 BLITZ:1:0.0371:0.0371 BLOCK:1:0.0981:0.0981 PASS_ACTION:7:0.2600:0.0371 FOUL:2:0.0743:0.0371 REPOSITION:8:0.2972:0.0371 END_TURN:1:0.0371:0.0371
ROOT g=15 t=19 ctx=def n=10 BLITZ:2:0.3333:0.1667 REPOSITION:7:0.5833:0.0833 END_TURN:1:0.0833:0.0833
ROOT g=15 t=20 ctx=off n=23 ADVANCE:1:0.1041:0.1041 CAGE:1:0.1041:0.1041 BLITZ:1:0.0377:0.0377 PASS_ACTION:7:0.2640:0.0377 FOUL:3:0.1131:0.0377 REPOSITION:9:0.3394:0.0377 END_TURN:1:0.0377:0.0377
ROOT g=15 t=21 ctx=def n=9 BLITZ:2:0.3429:0.1714 REPOSITION:6:0.5714:0.0952 END_TURN:1:0.0857:0.0857
ROOT g=15 t=22 ctx=off n=21 ADVANCE:1:0.1048:0.1048 CAGE:1:0.1048:0.1048 BLITZ:1:0.0416:0.0416 PASS_ACTION:6:0.2496:0.0416 FOUL:3:0.1248:0.0416 REPOSITION:8:0.3328:0.0416 END_TURN:1:0.0416:0.0416
ROOT g=15 t=23 ctx=def n=10 BLITZ:2:0.3333:0.1667 FOUL:1:0.0833:0.0833 REPOSITION:6:0.5000:0.0833 END_TURN:1:0.0833:0.0833
ROOT g=15 t=24 ctx=off n=19 ADVANCE:1:0.1058:0.1058 CAGE:1:0.1058:0.1058 BLITZ:1:0.0464:0.0464 PASS_ACTION:5:0.2319:0.0464 FOUL:3:0.1391:0.0464 REPOSITION:7:0.3247:0.0464 END_TURN:1:0.0464:0.0464
ROOT g=15 t=25 ctx=def n=11 BLITZ:2:0.3207:0.1603 BLOCK:1:0.0962:0.0962 FOUL:2:0.1458:0.0729 REPOSITION:5:0.3644:0.0729 END_TURN:1:0.0729:0.0729
ROOT g=15 t=26 ctx=off n=20 ADVANCE:1:0.0845:0.0845 CAGE:1:0.0845:0.0845 BLITZ:1:0.0352:0.0352 BLOCK:4:0.3380:0.0845 PASS_ACTION:5:0.1761:0.0352 FOUL:3:0.1056:0.0352 REPOSITION:4:0.1408:0.0352 END_TURN:1:0.0352:0.0352
ROOT g=15 t=27 ctx=def n=9 BLITZ:2:0.3429:0.1714 FOUL:1:0.0952:0.0952 REPOSITION:5:0.4762:0.0952 END_TURN:1:0.0857:0.0857
ROOT g=15 t=28 ctx=off n=21 ADVANCE:1:0.1048:0.1048 CAGE:1:0.1048:0.1048 BLITZ:1:0.0416:0.0416 PASS_ACTION:6:0.2496:0.0416 FOUL:3:0.1248:0.0416 REPOSITION:8:0.3328:0.0416 END_TURN:1:0.0416:0.0416
ROOT g=15 t=29 ctx=def n=8 BLITZ:2:0.3556:0.1778 FOUL:1:0.1111:0.1111 REPOSITION:4:0.4444:0.1111 END_TURN:1:0.0889:0.0889
ROOT g=15 t=30 ctx=off n=18 ADVANCE:1:0.1063:0.1063 CAGE:1:0.1063:0.1063 BLITZ:1:0.0492:0.0492 PASS_ACTION:5:0.2461:0.0492 FOUL:3:0.1476:0.0492 REPOSITION:6:0.2953:0.0492 END_TURN:1:0.0492:0.0492
ROOT g=15 t=31 ctx=def n=6 BLITZ:2:0.4000:0.2000 REPOSITION:3:0.5000:0.1667 END_TURN:1:0.1000:0.1000
ROOT g=16 t=0 ctx=loose n=13 BLITZ:1:0.0614:0.0614 BLOCK:3:0.2875:0.0958 PICKUP:1:0.1597:0.1597 REPOSITION:7:0.4300:0.0614 END_TURN:1:0.0614:0.0614
ROOT g=16 t=1 ctx=def n=12 BLITZ:2:0.3061:0.1531 BLOCK:2:0.1837:0.0918 REPOSITION:7:0.4464:0.0638 END_TURN:1:0.0638:0.0638
ROOT g=16 t=2 ctx=off n=27 ADVANCE:1:0.1029:0.1029 CAGE:1:0.1029:0.1029 BLITZ:1:0.0318:0.0318 PASS_ACTION:10:0.3177:0.0318 FOUL:5:0.1588:0.0318 REPOSITION:8:0.2541:0.0318 END_TURN:1:0.0318:0.0318
ROOT g=16 t=3 ctx=def n=10 BLITZ:2:0.3226:0.1613 BLOCK:2:0.1935:0.0968 REPOSITION:5:0.4032:0.0806 END_TURN:1:0.0806:0.0806
ROOT g=16 t=4 ctx=off n=20 ADVANCE:1:0.0889:0.0889 CAGE:1:0.0889:0.0889 BLITZ:1:0.0370:0.0370 BLOCK:3:0.2667:0.0889 PASS_ACTION:4:0.1481:0.0370 FOUL:3:0.1111:0.0370 REPOSITION:6:0.2222:0.0370 END_TURN:1:0.0370:0.0370
ROOT g=16 t=5 ctx=def n=10 BLITZ:2:0.3333:0.1667 FOUL:1:0.0833:0.0833 REPOSITION:6:0.5000:0.0833 END_TURN:1:0.0833:0.0833
ROOT g=16 t=6 ctx=off n=21 ADVANCE:1:0.1048:0.1048 CAGE:1:0.1048:0.1048 BLITZ:1:0.0416:0.0416 PASS_ACTION:4:0.1664:0.0416 FOUL:4:0.1664:0.0416 REPOSITION:9:0.3744:0.0416 END_TURN:1:0.0416:0.0416
ROOT g=16 t=7 ctx=def n=10 BLITZ:2:0.3333:0.1667 FOUL:1:0.0833:0.0833 REPOSITION:6:0.5000:0.0833 END_TURN:1:0.0833:0.0833
ROOT g=16 t=8 ctx=off n=17 ADVANCE:1:0.1069:0.1069 CAGE:1:0.1069:0.1069 BLITZ:1:0.0524:0.0524 PASS_ACTION:3:0.1572:0.0524 FOUL:3:0.1572:0.0524 REPOSITION:7:0.3669:0.0524 END_TURN:1:0.0524:0.0524
ROOT g=16 t=9 ctx=def n=9 BLITZ:2:0.3429:0.1714 FOUL:2:0.1905:0.0952 REPOSITION:4:0.3810:0.0952 END_TURN:1:0.0857:0.0857
ROOT g=16 t=10 ctx=loose n=13 BLITZ:1:0.0549:0.0549 BLOCK:3:0.2567:0.0856 PICKUP:1:0.2496:0.2496 REPOSITION:7:0.3840:0.0549 END_TURN:1:0.0549:0.0549
ROOT g=16 t=11 ctx=def n=10 BLITZ:2:0.3333:0.1667 REPOSITION:7:0.5833:0.0833 END_TURN:1:0.0833:0.0833
ROOT g=16 t=12 ctx=off n=21 ADVANCE:1:0.1048:0.1048 CAGE:1:0.1048:0.1048 BLITZ:1:0.0416:0.0416 PASS_ACTION:8:0.3328:0.0416 FOUL:1:0.0416:0.0416 REPOSITION:8:0.3328:0.0416 END_TURN:1:0.0416:0.0416
ROOT g=16 t=13 ctx=def n=10 BLITZ:2:0.3333:0.1667 REPOSITION:7:0.5833:0.0833 END_TURN:1:0.0833:0.0833
ROOT g=16 t=14 ctx=off n=21 ADVANCE:1:0.1048:0.1048 CAGE:1:0.1048:0.1048 BLITZ:1:0.0416:0.0416 PASS_ACTION:8:0.3328:0.0416 FOUL:1:0.0416:0.0416 REPOSITION:8:0.3328:0.0416 END_TURN:1:0.0416:0.0416
ROOT g=16 t=15 ctx=def n=10 BLITZ:2:0.3333:0.1667 REPOSITION:7:0.5833:0.0833 END_TURN:1:0.0833:0.0833
ROOT g=16 t=16 ctx=loose n=13 BLITZ:1:0.0614:0.0614 BLOCK:3:0.2875:0.0958 PICKUP:1:0.1597:0.1597 REPOSITION:7:0.4300:0.0614 END_TURN:1:0.0614:0.0614
ROOT g=16 t=17 ctx=def n=12 BLITZ:2:0.3243:0.1622 REPOSITION:9:0.6081:0.0676 END_TURN:1:0.0676:0.0676
ROOT g=16 t=18 ctx=off n=19 ADVANCE:1:0.0898:0.0898 CAGE:1:0.0898:0.0898 BLITZ:1:0.0394:0.0394 BLOCK:3:0.2693:0.0898 PASS_ACTION:7:0.2756:0.0394 REPOSITION:5:0.1969:0.0394 END_TURN:1:0.0394:0.0394
ROOT g=16 t=19 ctx=def n=13 BLITZ:2:0.3002:0.1501 BLOCK:2:0.1801:0.0901 FOUL:1:0.0577:0.0577 REPOSITION:7:0.4042:0.0577 END_TURN:1:0.0577:0.0577
ROOT g=16 t=20 ctx=off n=15 ADVANCE:1:0.1084:0.1084 CAGE:1:0.1084:0.1084 BLITZ:1:0.0602:0.0602 PASS_ACTION:5:0.3012:0.0602 FOUL:1:0.0602:0.0602 REPOSITION:5:0.3012:0.0602 END_TURN:1:0.0602:0.0602
ROOT g=16 t=21 ctx=def n=19 BLITZ:2:0.2672:0.1336 BLOCK:3:0.2405:0.0802 FOUL:5:0.1758:0.0352 REPOSITION:8:0.2813:0.0352 END_TURN:1:0.0352:0.0352
ROOT g=16 t=22 ctx=off n=12 ADVANCE:1:0.1118:0.1118 CAGE:1:0.1118:0.1118 BLITZ:1:0.0776:0.0776 PASS_ACTION:5:0.3882:0.0776 REPOSITION:3:0.2329:0.0776 END_TURN:1:0.0776:0.0776
ROOT g=16 t=23 ctx=def n=13 BLITZ:2:0.3103:0.1551 BLOCK:1:0.0931:0.0931 FOUL:3:0.1790:0.0597 REPOSITION:6:0.3580:0.0597 END_TURN:1:0.0597:0.0597
ROOT g=16 t=24 ctx=off n=9 ADVANCE:1:0.1192:0.1192 CAGE:1:0.1192:0.1192 BLITZ:1:0.1104:0.1104 PASS_ACTION:1:0.1104:0.1104 FOUL:2:0.2208:0.1104 REPOSITION:2:0.2208:0.1104 END_TURN:1:0.0993:0.0993
ROOT g=16 t=25 ctx=def n=16 BLITZ:2:0.2878:0.1439 BLOCK:2:0.1727:0.0863 FOUL:6:0.2698:0.0450 REPOSITION:5:0.2248:0.0450 END_TURN:1:0.0450:0.0450
ROOT g=16 t=26 ctx=loose n=8 BLITZ:1:0.1042:0.1042 PICKUP:1:0.2917:0.2917 FOUL:2:0.2083:0.1042 REPOSITION:3:0.3125:0.1042 END_TURN:1:0.0833:0.0833
ROOT g=16 t=27 ctx=loose n=16 BLITZ:1:0.0465:0.0465 BLOCK:1:0.0892:0.0892 PICKUP:1:0.2602:0.2602 FOUL:5:0.2323:0.0465 REPOSITION:7:0.3253:0.0465 END_TURN:1:0.0465:0.0465
ROOT g=16 t=28 ctx=loose n=6 BLITZ:1:0.1493:0.1493 PICKUP:1:0.3134:0.3134 FOUL:1:0.1493:0.1493 REPOSITION:2:0.2985:0.1493 END_TURN:1:0.0896:0.0896
ROOT g=16 t=29 ctx=loose n=16 BLITZ:1:0.0485:0.0485 PICKUP:1:0.2718:0.2718 FOUL:5:0.2427:0.0485 REPOSITION:8:0.3883:0.0485 END_TURN:1:0.0485:0.0485
ROOT g=16 t=30 ctx=loose n=7 BLITZ:1:0.1227:0.1227 PICKUP:1:0.3006:0.3006 FOUL:1:0.1227:0.1227 REPOSITION:3:0.3681:0.1227 END_TURN:1:0.0859:0.0859
ROOT g=16 t=31 ctx=loose n=17 BLITZ:1:0.0456:0.0456 PICKUP:1:0.2711:0.2711 FOUL:6:0.2733:0.0456 REPOSITION:8:0.3645:0.0456 END_TURN:1:0.0456:0.0456
ROOT g=17 t=0 ctx=loose n=13 BLITZ:1:0.0614:0.0614 BLOCK:3:0.2875:0.0958 PICKUP:1:0.1597:0.1597 REPOSITION:7:0.4300:0.0614 END_TURN:1:0.0614:0.0614
ROOT g=17 t=1 ctx=def n=12 BLITZ:2:0.2978:0.1489 BLOCK:3:0.2680:0.0893 REPOSITION:6:0.3722:0.0620 END_TURN:1:0.0620:0.0620
ROOT g=17 t=2 ctx=off n=18 ADVANCE:1:0.1063:0.1063 CAGE:1:0.1063:0.1063 BLITZ:1:0.0492:0.0492 PASS_ACTION:7:0.3445:0.0492 FOUL:1:0.0492:0.0492 REPOSITION:6:0.2953:0.0492 END_TURN:1:0.0492:0.0492
ROOT g=17 t=3 ctx=def n=13 BLITZ:2:0.3103:0.1551 BLOCK:1:0.0931:0.0931 FOUL:2:0.1193:0.0597 REPOSITION:7:0.4177:0.0597 END_TURN:1:0.0597:0.0597
ROOT g=17 t=4 ctx=off n=19 ADVANCE:1:0.1058:0.1058 CAGE:1:0.1058:0.1058 BLITZ:1:0.0464:0.0464 PASS_ACTION:7:0.3247:0.0464 FOUL:2:0.0928:0.0464 REPOSITION:6:0.2783:0.0464 END_TURN:1:0.0464:0.0464
ROOT g=17 t=5 ctx=def n=12 BLITZ:2:0.3150:0.1575 BLOCK:1:0.0945:0.0945 FOUL:2:0.1312:0.0656 REPOSITION:6:0.3937:0.0656 END_TURN:1:0.0656:0.0656
ROOT g=17 t=6 ctx=off n=21 ADVANCE:1:0.1048:0.1048 CAGE:1:0.1048:0.1048 BLITZ:1:0.0416:0.0416 PASS_ACTION:7:0.2912:0.0416 FOUL:4:0.1664:0.0416 REPOSITION:6:0.2496:0.0416 END_TURN:1:0.0416:0.0416
ROOT g=17 t=7 ctx=def n=11 BLITZ:2:0.3207:0.1603 BLOCK:1:0.0962:0.0962 FOUL:2:0.1458:0.0729 REPOSITION:5:0.3644:0.0729 END_TURN:1:0.0729:0.0729
ROOT g=17 t=8 ctx=off n=21 ADVANCE:1:0.1048:0.1048 CAGE:1:0.1048:0.1048 BLITZ:1:0.0416:0.0416 PASS_ACTION:7:0.2912:0.0416 FOUL:4:0.1664:0.0416 REPOSITION:6:0.2496:0.0416 END_TURN:1:0.0416:0.0416
ROOT g=17 t=9 ctx=def n=9 BLITZ:2:0.3403:0.1701 BLOCK:1:0.1021:0.1021 FOUL:1:0.0945:0.0945 REPOSITION:4:0.3781:0.0945 END_TURN:1:0.0851:0.0851
ROOT g=17 t=10 ctx=off n=19 ADVANCE:1:0.1058:0.1058 CAGE:1:0.1058:0.1058 BLITZ:1:0.0464:0.0464 PASS_ACTION:6:0.2783:0.0464 FOUL:4:0.1855:0.0464 REPOSITION:5:0.2319:0.0464 END_TURN:1:0.0464:0.0464
ROOT g=17 t=11 ctx=def n=8 BLITZ:2:0.3556:0.1778 FOUL:1:0.1111:0.1111 REPOSITION:4:0.4444:0.1111 END_TURN:1:0.0889:0.0889
ROOT g=17 t=12 ctx=off n=19 ADVANCE:1:0.1058:0.1058 CAGE:1:0.1058:0.1058 BLITZ:1:0.0464:0.0464 PASS_ACTION:6:0.2783:0.0464 FOUL:4:0.1855:0.0464 REPOSITION:5:0.2319:0.0464 END_TURN:1:0.0464:0.0464
ROOT g=17 t=13 ctx=def n=7 BLITZ:2:0.3733:0.1867 FOUL:1:0.1333:0.1333 REPOSITION:3:0.4000:0.1333 END_TURN:1:0.0933:0.0933
ROOT g=17 t=14 ctx=def n=14 BLITZ:2:0.3182:0.1591 FOUL:4:0.2273:0.0568 REPOSITION:7:0.3977:0.0568 END_TURN:1:0.0568:0.0568
ROOT g=17 t=15 ctx=off n=12 ADVANCE:1:0.1118:0.1118 CAGE:1:0.1118:0.1118 BLITZ:1:0.0776:0.0776 PASS_ACTION:3:0.2329:0.0776 FOUL:2:0.1553:0.0776 REPOSITION:3:0.2329:0.0776 END_TURN:1:0.0776:0.0776
ROOT g=17 t=16 ctx=loose n=13 BLITZ:1:0.0614:0.0614 BLOCK:3:0.2875:0.0958 PICKUP:1:0.1597:0.1597 REPOSITION:7:0.4300:0.0614 END_TURN:1:0.0614:0.0614
ROOT g=17 t=17 ctx=def n=10 BLITZ:2:0.3333:0.1667 REPOSITION:7:0.5833:0.0833 END_TURN:1:0.0833:0.0833
ROOT g=17 t=18 ctx=off n=27 ADVANCE:1:0.1029:0.1029 CAGE:1:0.1029:0.1029 BLITZ:1:0.0318:0.0318 PASS_ACTION:10:0.3177:0.0318 FOUL:5:0.1588:0.0318 REPOSITION:8:0.2541:0.0318 END_TURN:1:0.0318:0.0318
ROOT g=17 t=19 ctx=def n=9 BLITZ:2:0.3429:0.1714 REPOSITION:6:0.5714:0.0952 END_TURN:1:0.0857:0.0857
ROOT g=17 t=20 ctx=off n=23 ADVANCE:1:0.0976:0.0976 CAGE:1:0.0976:0.0976 BLITZ:1:0.0354:0.0354 BLOCK:1:0.0976:0.0976 PASS_ACTION:8:0.2829:0.0354 FOUL:3:0.1061:0.0354 REPOSITION:7:0.2475:0.0354 END_TURN:1:0.0354:0.0354
ROOT g=17 t=21 ctx=def n=8 BLITZ:2:0.3556:0.1778 REPOSITION:5:0.5556:0.1111 END_TURN:1:0.0889:0.0889
ROOT g=17 t=22 ctx=off n=21 ADVANCE:1:0.0931:0.0931 CAGE:1:0.0931:0.0931 BLITZ:1:0.0369:0.0369 BLOCK:2:0.1861:0.0931 PASS_ACTION:7:0.2585:0.0369 FOUL:3:0.1108:0.0369 REPOSITION:5:0.1846:0.0369 END_TURN:1:0.0369:0.0369
ROOT g=17 t=23 ctx=def n=10 BLITZ:2:0.3333:0.1667 FOUL:2:0.1667:0.0833 REPOSITION:5:0.4167:0.0833 END_TURN:1:0.0833:0.0833
ROOT g=17 t=24 ctx=off n=19 ADVANCE:1:0.1058:0.1058 CAGE:1:0.1058:0.1058 BLITZ:1:0.0464:0.0464 PASS_ACTION:6:0.2783:0.0464 FOUL:2:0.0928:0.0464 REPOSITION:7:0.3247:0.0464 END_TURN:1:0.0464:0.0464
ROOT g=17 t=25 ctx=def n=11 BLITZ:2:0.3284:0.1642 FOUL:2:0.1493:0.0746 REPOSITION:6:0.4478:0.0746 END_TURN:1:0.0746:0.0746
ROOT g=17 t=26 ctx=off n=21 ADVANCE:1:0.1048:0.1048 CAGE:1:0.1048:0.1048 BLITZ:1:0.0416:0.0416 PASS_ACTION:6:0.2496:0.0416 FOUL:4:0.1664:0.0416 REPOSITION:7:0.2912:0.0416 END_TURN:1:0.0416:0.0416
ROOT g=17 t=27 ctx=loose n=10 BLITZ:1:0.0800:0.0800 PICKUP:1:0.2800:0.2800 FOUL:2:0.1600:0.0800 REPOSITION:5:0.4000:0.0800 END_TURN:1:0.0800:0.0800
ROOT g=17 t=28 ctx=def n=15 BLITZ:2:0.3158:0.1579 FOUL:4:0.2105:0.0526 REPOSITION:8:0.4211:0.0526 END_TURN:1:0.0526:0.0526
ROOT g=17 t=29 ctx=off n=11 SCORE:1:0.2262:0.2262 CAGE:1:0.0776:0.0776 BLITZ:1:0.0588:0.0588 PASS_ACTION:2:0.1175:0.0588 FOUL:1:0.0588:0.0588 REPOSITION:3:0.1763:0.0588 END_TURN:1:0.0588:0.0588 BLITZ_AND_SCORE:1:0.2262:0.2262
ROOT g=17 t=30 ctx=def n=16 BLITZ:2:0.3002:0.1501 BLOCK:1:0.0901:0.0901 FOUL:4:0.1876:0.0469 REPOSITION:8:0.3752:0.0469 END_TURN:1:0.0469:0.0469
ROOT g=17 t=31 ctx=def n=7 BLITZ:2:0.3733:0.1867 FOUL:1:0.1333:0.1333 REPOSITION:3:0.4000:0.1333 END_TURN:1:0.0933:0.0933
ROOT g=18 t=0 ctx=loose n=13 BLITZ:1:0.0614:0.0614 BLOCK:3:0.2875:0.0958 PICKUP:1:0.1597:0.1597 REPOSITION:7:0.4300:0.0614 END_TURN:1:0.0614:0.0614
ROOT g=18 t=1 ctx=def n=11 BLITZ:2:0.3284:0.1642 REPOSITION:8:0.5970:0.0746 END_TURN:1:0.0746:0.0746
ROOT g=18 t=2 ctx=off n=22 ADVANCE:1:0.1044:0.1044 CAGE:1:0.1044:0.1044 BLITZ:1:0.0396:0.0396 PASS_ACTION:10:0.3956:0.0396 FOUL:1:0.0396:0.0396 REPOSITION:7:0.2769:0.0396 END_TURN:1:0.0396:0.0396
ROOT g=18 t=3 ctx=def n=12 BLITZ:2:0.3243:0.1622 REPOSITION:9:0.6081:0.0676 END_TURN:1:0.0676:0.0676
ROOT g=18 t=4 ctx=off n=21 ADVANCE:1:0.1048:0.1048 CAGE:1:0.1048:0.1048 BLITZ:1:0.0416:0.0416 PASS_ACTION:5:0.2080:0.0416 FOUL:3:0.1248:0.0416 REPOSITION:9:0.3744:0.0416 END_TURN:1:0.0416:0.0416
ROOT g=18 t=5 ctx=loose n=13 BLITZ:1:0.0685:0.0685 PICKUP:1:0.1781:0.1781 FOUL:2:0.1370:0.0685 REPOSITION:8:0.5479:0.0685 END_TURN:1:0.0685:0.0685
ROOT g=18 t=6 ctx=loose n=16 BLITZ:1:0.0549:0.0549 PICKUP:1:0.1758:0.1758 FOUL:3:0.1648:0.0549 REPOSITION:10:0.5495:0.0549 END_TURN:1:0.0549:0.0549
ROOT g=18 t=7 ctx=def n=12 BLITZ:2:0.3243:0.1622 FOUL:1:0.0676:0.0676 REPOSITION:8:0.5405:0.0676 END_TURN:1:0.0676:0.0676
ROOT g=18 t=8 ctx=off n=19 ADVANCE:1:0.0855:0.0855 CAGE:1:0.0855:0.0855 BLITZ:1:0.0375:0.0375 BLOCK:4:0.3418:0.0855 PASS_ACTION:1:0.0375:0.0375 FOUL:4:0.1499:0.0375 REPOSITION:6:0.2249:0.0375 END_TURN:1:0.0375:0.0375
ROOT g=18 t=9 ctx=def n=13 BLITZ:2:0.3210:0.1605 FOUL:3:0.1852:0.0617 REPOSITION:7:0.4321:0.0617 END_TURN:1:0.0617:0.0617
ROOT g=18 t=10 ctx=loose n=15 BLITZ:1:0.0480:0.0480 BLOCK:2:0.1727:0.0863 PICKUP:1:0.2518:0.2518 FOUL:3:0.1439:0.0480 REPOSITION:7:0.3357:0.0480 END_TURN:1:0.0480:0.0480
ROOT g=18 t=11 ctx=loose n=10 BLITZ:1:0.0800:0.0800 PICKUP:1:0.2800:0.2800 FOUL:1:0.0800:0.0800 REPOSITION:6:0.4800:0.0800 END_TURN:1:0.0800:0.0800
ROOT g=18 t=12 ctx=loose n=15 BLITZ:1:0.0519:0.0519 PICKUP:1:0.2727:0.2727 FOUL:3:0.1558:0.0519 REPOSITION:9:0.4675:0.0519 END_TURN:1:0.0519:0.0519
ROOT g=18 t=13 ctx=loose n=9 BLITZ:1:0.0905:0.0905 PICKUP:1:0.2851:0.2851 REPOSITION:6:0.5430:0.0905 END_TURN:1:0.0814:0.0814
ROOT g=18 t=14 ctx=loose n=15 BLITZ:1:0.0519:0.0519 PICKUP:1:0.2727:0.2727 FOUL:3:0.1558:0.0519 REPOSITION:9:0.4675:0.0519 END_TURN:1:0.0519:0.0519
ROOT g=18 t=15 ctx=loose n=10 BLITZ:1:0.0800:0.0800 PICKUP:1:0.2800:0.2800 FOUL:1:0.0800:0.0800 REPOSITION:6:0.4800:0.0800 END_TURN:1:0.0800:0.0800
ROOT g=18 t=16 ctx=loose n=13 BLITZ:1:0.0614:0.0614 BLOCK:3:0.2875:0.0958 PICKUP:1:0.1597:0.1597 REPOSITION:7:0.4300:0.0614 END_TURN:1:0.0614:0.0614
ROOT g=18 t=17 ctx=def n=13 BLITZ:2:0.3002:0.1501 BLOCK:2:0.1801:0.0901 REPOSITION:8:0.4619:0.0577 END_TURN:1:0.0577:0.0577
ROOT g=18 t=18 ctx=off n=24 ADVANCE:1:0.1037:0.1037 CAGE:1:0.1037:0.1037 BLITZ:1:0.0360:0.0360 PASS_ACTION:9:0.3242:0.0360 FOUL:2:0.0720:0.0360 REPOSITION:9:0.3242:0.0360 END_TURN:1:0.0360:0.0360
ROOT g=18 t=19 ctx=def n=11 BLITZ:2:0.3284:0.1642 REPOSITION:8:0.5970:0.0746 END_TURN:1:0.0746:0.0746
ROOT g=18 t=20 ctx=def n=14 BLITZ:2:0.3182:0.1591 FOUL:2:0.1136:0.0568 REPOSITION:9:0.5114:0.0568 END_TURN:1:0.0568:0.0568
ROOT g=18 t=21 ctx=off n=11 SCORE:1:0.0883:0.0883 CAGE:1:0.1166:0.1166 BLITZ:1:0.0883:0.0883 FOUL:1:0.0883:0.0883 REPOSITION:6:0.5300:0.0883 END_TURN:1:0.0883:0.0883
ROOT g=18 t=22 ctx=def n=13 BLITZ:2:0.3210:0.1605 FOUL:2:0.1235:0.0617 REPOSITION:8:0.4938:0.0617 END_TURN:1:0.0617:0.0617
ROOT g=18 t=23 ctx=loose n=11 BLITZ:1:0.0820:0.0820 PICKUP:1:0.1803:0.1803 FOUL:1:0.0820:0.0820 REPOSITION:7:0.5738:0.0820 END_TURN:1:0.0820:0.0820
ROOT g=18 t=24 ctx=loose n=16 BLITZ:1:0.0549:0.0549 PICKUP:1:0.1758:0.1758 FOUL:4:0.2198:0.0549 REPOSITION:9:0.4945:0.0549 END_TURN:1:0.0549:0.0549
ROOT g=18 t=25 ctx=def n=12 BLITZ:2:0.3243:0.1622 FOUL:2:0.1351:0.0676 REPOSITION:7:0.4730:0.0676 END_TURN:1:0.0676:0.0676
ROOT g=18 t=26 ctx=off n=15 ADVANCE:1:0.0947:0.0947 CAGE:1:0.0947:0.0947 BLITZ:1:0.0526:0.0526 BLOCK:3:0.2842:0.0947 FOUL:2:0.1053:0.0526 REPOSITION:6:0.3158:0.0526 END_TURN:1:0.0526:0.0526
ROOT g=18 t=27 ctx=def n=11 BLITZ:2:0.3134:0.1567 BLOCK:2:0.1880:0.0940 FOUL:1:0.0712:0.0712 REPOSITION:5:0.3561:0.0712 END_TURN:1:0.0712:0.0712
ROOT g=18 t=28 ctx=def n=12 BLITZ:2:0.3243:0.1622 FOUL:3:0.2027:0.0676 REPOSITION:6:0.4054:0.0676 END_TURN:1:0.0676:0.0676
ROOT g=18 t=29 ctx=off n=17 ADVANCE:1:0.1069:0.1069 CAGE:1:0.1069:0.1069 BLITZ:1:0.0524:0.0524 PASS_ACTION:6:0.3145:0.0524 FOUL:2:0.1048:0.0524 REPOSITION:5:0.2621:0.0524 END_TURN:1:0.0524:0.0524
ROOT g=18 t=30 ctx=def n=10 BLITZ:2:0.3333:0.1667 FOUL:2:0.1667:0.0833 REPOSITION:5:0.4167:0.0833 END_TURN:1:0.0833:0.0833
ROOT g=18 t=31 ctx=off n=14 ADVANCE:1:0.1094:0.1094 CAGE:1:0.1094:0.1094 BLITZ:1:0.0651:0.0651 PASS_ACTION:5:0.3255:0.0651 FOUL:2:0.1302:0.0651 REPOSITION:3:0.1953:0.0651 END_TURN:1:0.0651:0.0651
ROOT g=19 t=0 ctx=loose n=13 BLITZ:1:0.0614:0.0614 BLOCK:3:0.2875:0.0958 PICKUP:1:0.1597:0.1597 REPOSITION:7:0.4300:0.0614 END_TURN:1:0.0614:0.0614
ROOT g=19 t=1 ctx=def n=12 BLITZ:2:0.2978:0.1489 BLOCK:3:0.2680:0.0893 REPOSITION:6:0.3722:0.0620 END_TURN:1:0.0620:0.0620
ROOT g=19 t=2 ctx=off n=18 ADVANCE:1:0.0954:0.0954 CAGE:1:0.0954:0.0954 BLITZ:1:0.0442:0.0442 BLOCK:2:0.1908:0.0954 PASS_ACTION:6:0.2650:0.0442 FOUL:1:0.0442:0.0442 REPOSITION:5:0.2208:0.0442 END_TURN:1:0.0442:0.0442
ROOT g=19 t=3 ctx=def n=10 BLITZ:2:0.3333:0.1667 FOUL:1:0.0833:0.0833 REPOSITION:6:0.5000:0.0833 END_TURN:1:0.0833:0.0833
ROOT g=19 t=4 ctx=off n=16 ADVANCE:1:0.0932:0.0932 CAGE:1:0.0932:0.0932 BLITZ:1:0.0485:0.0485 BLOCK:3:0.2796:0.0932 PASS_ACTION:4:0.1942:0.0485 FOUL:1:0.0485:0.0485 REPOSITION:4:0.1942:0.0485 END_TURN:1:0.0485:0.0485
ROOT g=19 t=5 ctx=def n=10 BLITZ:2:0.3333:0.1667 FOUL:1:0.0833:0.0833 REPOSITION:6:0.5000:0.0833 END_TURN:1:0.0833:0.0833
ROOT g=19 t=6 ctx=loose n=12 BLITZ:1:0.0623:0.0623 BLOCK:6:0.5387:0.0898 PICKUP:1:0.1496:0.1496 FOUL:1:0.0623:0.0623 REPOSITION:2:0.1247:0.0623 END_TURN:1:0.0623:0.0623
ROOT g=19 t=7 ctx=loose n=10 BLITZ:1:0.0909:0.0909 PICKUP:1:0.1818:0.1818 FOUL:1:0.0909:0.0909 REPOSITION:6:0.5455:0.0909 END_TURN:1:0.0909:0.0909
ROOT g=19 t=8 ctx=loose n=13 BLITZ:1:0.0660:0.0660 BLOCK:1:0.1029:0.1029 PICKUP:1:0.1715:0.1715 FOUL:6:0.3958:0.0660 REPOSITION:3:0.1979:0.0660 END_TURN:1:0.0660:0.0660
ROOT g=19 t=9 ctx=loose n=13 BLITZ:1:0.0660:0.0660 BLOCK:1:0.1029:0.1029 PICKUP:1:0.1715:0.1715 FOUL:3:0.1979:0.0660 REPOSITION:6:0.3958:0.0660 END_TURN:1:0.0660:0.0660
ROOT g=19 t=10 ctx=loose n=13 BLITZ:1:0.0584:0.0584 BLOCK:1:0.0912:0.0912 PICKUP:1:0.2659:0.2659 FOUL:5:0.2922:0.0584 REPOSITION:4:0.2338:0.0584 END_TURN:1:0.0584:0.0584
ROOT g=19 t=11 ctx=loose n=10 BLITZ:1:0.0800:0.0800 PICKUP:1:0.2800:0.2800 FOUL:2:0.1600:0.0800 REPOSITION:5:0.4000:0.0800 END_TURN:1:0.0800:0.0800
ROOT g=19 t=12 ctx=loose n=13 BLITZ:1:0.0584:0.0584 BLOCK:1:0.0912:0.0912 PICKUP:1:0.2659:0.2659 FOUL:5:0.2922:0.0584 REPOSITION:4:0.2338:0.0584 END_TURN:1:0.0584:0.0584
ROOT g=19 t=13 ctx=loose n=9 BLITZ:1:0.0905:0.0905 PICKUP:1:0.2851:0.2851 FOUL:1:0.0905:0.0905 REPOSITION:5:0.4525:0.0905 END_TURN:1:0.0814:0.0814
ROOT g=19 t=14 ctx=loose n=13 BLITZ:1:0.0584:0.0584 BLOCK:1:0.0912:0.0912 PICKUP:1:0.2659:0.2659 FOUL:5:0.2922:0.0584 REPOSITION:4:0.2338:0.0584 END_TURN:1:0.0584:0.0584
ROOT g=19 t=15 ctx=loose n=9 BLITZ:1:0.0905:0.0905 PICKUP:1:0.2851:0.2851 FOUL:1:0.0905:0.0905 REPOSITION:5:0.4525:0.0905 END_TURN:1:0.0814:0.0814
ROOT g=19 t=16 ctx=loose n=13 BLITZ:1:0.0614:0.0614 BLOCK:3:0.2875:0.0958 PICKUP:1:0.1597:0.1597 REPOSITION:7:0.4300:0.0614 END_TURN:1:0.0614:0.0614
ROOT g=19 t=17 ctx=def n=10 BLITZ:2:0.3333:0.1667 REPOSITION:7:0.5833:0.0833 END_TURN:1:0.0833:0.0833
ROOT g=19 t=18 ctx=off n=23 ADVANCE:1:0.0976:0.0976 CAGE:1:0.0976:0.0976 BLITZ:1:0.0354:0.0354 BLOCK:1:0.0976:0.0976 PASS_ACTION:8:0.2829:0.0354 FOUL:2:0.0707:0.0354 REPOSITION:8:0.2829:0.0354 END_TURN:1:0.0354:0.0354
ROOT g=19 t=19 ctx=def n=10 BLITZ:2:0.3333:0.1667 REPOSITION:7:0.5833:0.0833 END_TURN:1:0.0833:0.0833
ROOT g=19 t=20 ctx=off n=23 ADVANCE:1:0.0976:0.0976 CAGE:1:0.0976:0.0976 BLITZ:1:0.0354:0.0354 BLOCK:1:0.0976:0.0976 PASS_ACTION:8:0.2829:0.0354 FOUL:2:0.0707:0.0354 REPOSITION:8:0.2829:0.0354 END_TURN:1:0.0354:0.0354
ROOT g=19 t=21 ctx=def n=9 BLITZ:2:0.3429:0.1714 REPOSITION:6:0.5714:0.0952 END_TURN:1:0.0857:0.0857
ROOT g=19 t=22 ctx=off n=23 ADVANCE:1:0.0976:0.0976 CAGE:1:0.0976:0.0976 BLITZ:1:0.0354:0.0354 BLOCK:1:0.0976:0.0976 PASS_ACTION:8:0.2829:0.0354 FOUL:2:0.0707:0.0354 REPOSITION:8:0.2829:0.0354 END_TURN:1:0.0354:0.0354
ROOT g=19 t=23 ctx=def n=9 BLITZ:2:0.3429:0.1714 REPOSITION:6:0.5714:0.0952 END_TURN:1:0.0857:0.0857
ROOT g=19 t=24 ctx=off n=23 ADVANCE:1:0.0976:0.0976 CAGE:1:0.0976:0.0976 BLITZ:1:0.0354:0.0354 BLOCK:1:0.0976:0.0976 PASS_ACTION:8:0.2829:0.0354 FOUL:2:0.0707:0.0354 REPOSITION:8:0.2829:0.0354 END_TURN:1:0.0354:0.0354
ROOT g=19 t=25 ctx=def n=9 BLITZ:2:0.3429:0.1714 REPOSITION:6:0.5714:0.0952 END_TURN:1:0.0857:0.0857
ROOT g=19 t=26 ctx=off n=23 ADVANCE:1:0.0976:0.0976 CAGE:1:0.0976:0.0976 BLITZ:1:0.0354:0.0354 BLOCK:1:0.0976:0.0976 PASS_ACTION:8:0.2829:0.0354 FOUL:2:0.0707:0.0354 REPOSITION:8:0.2829:0.0354 END_TURN:1:0.0354:0.0354
ROOT g=19 t=27 ctx=def n=8 BLITZ:2:0.3556:0.1778 REPOSITION:5:0.5556:0.1111 END_TURN:1:0.0889:0.0889
ROOT g=19 t=28 ctx=off n=21 ADVANCE:1:0.0986:0.0986 CAGE:1:0.0986:0.0986 BLITZ:1:0.0391:0.0391 BLOCK:1:0.0986:0.0986 PASS_ACTION:6:0.2347:0.0391 FOUL:3:0.1174:0.0391 REPOSITION:7:0.2739:0.0391 END_TURN:1:0.0391:0.0391
ROOT g=19 t=29 ctx=def n=8 BLITZ:2:0.3556:0.1778 REPOSITION:5:0.5556:0.1111 END_TURN:1:0.0889:0.0889
ROOT g=19 t=30 ctx=off n=20 ADVANCE:1:0.1053:0.1053 CAGE:1:0.1053:0.1053 BLITZ:1:0.0439:0.0439 PASS_ACTION:6:0.2632:0.0439 FOUL:3:0.1316:0.0439 REPOSITION:7:0.3070:0.0439 END_TURN:1:0.0439:0.0439
ROOT g=19 t=31 ctx=def n=7 BLITZ:2:0.3733:0.1867 REPOSITION:4:0.5333:0.1333 END_TURN:1:0.0933:0.0933
ROOT g=20 t=0 ctx=loose n=13 BLITZ:1:0.0614:0.0614 BLOCK:3:0.2875:0.0958 PICKUP:1:0.1597:0.1597 REPOSITION:7:0.4300:0.0614 END_TURN:1:0.0614:0.0614
ROOT g=20 t=1 ctx=def n=11 BLITZ:2:0.3284:0.1642 REPOSITION:8:0.5970:0.0746 END_TURN:1:0.0746:0.0746
ROOT g=20 t=2 ctx=off n=24 ADVANCE:1:0.0972:0.0972 CAGE:1:0.0972:0.0972 BLITZ:1:0.0337:0.0337 BLOCK:1:0.0972:0.0972 PASS_ACTION:10:0.3374:0.0337 FOUL:1:0.0337:0.0337 REPOSITION:8:0.2699:0.0337 END_TURN:1:0.0337:0.0337
ROOT g=20 t=3 ctx=def n=10 BLITZ:2:0.3333:0.1667 REPOSITION:7:0.5833:0.0833 END_TURN:1:0.0833:0.0833
ROOT g=20 t=4 ctx=off n=21 ADVANCE:1:0.0986:0.0986 CAGE:1:0.0986:0.0986 BLITZ:1:0.0391:0.0391 BLOCK:1:0.0986:0.0986 PASS_ACTION:7:0.2739:0.0391 FOUL:1:0.0391:0.0391 REPOSITION:8:0.3130:0.0391 END_TURN:1:0.0391:0.0391
ROOT g=20 t=5 ctx=def n=10 BLITZ:2:0.3333:0.1667 REPOSITION:7:0.5833:0.0833 END_TURN:1:0.0833:0.0833
ROOT g=20 t=6 ctx=off n=21 ADVANCE:1:0.0986:0.0986 CAGE:1:0.0986:0.0986 BLITZ:1:0.0391:0.0391 BLOCK:1:0.0986:0.0986 PASS_ACTION:7:0.2739:0.0391 FOUL:1:0.0391:0.0391 REPOSITION:8:0.3130:0.0391 END_TURN:1:0.0391:0.0391
ROOT g=20 t=7 ctx=def n=10 BLITZ:2:0.3333:0.1667 REPOSITION:7:0.5833:0.0833 END_TURN:1:0.0833:0.0833
ROOT g=20 t=8 ctx=off n=21 ADVANCE:1:0.0986:0.0986 CAGE:1:0.0986:0.0986 BLITZ:1:0.0391:0.0391 BLOCK:1:0.0986:0.0986 PASS_ACTION:7:0.2739:0.0391 FOUL:1:0.0391:0.0391 REPOSITION:8:0.3130:0.0391 END_TURN:1:0.0391:0.0391
ROOT g=20 t=9 ctx=def n=10 BLITZ:2:0.3333:0.1667 REPOSITION:7:0.5833:0.0833 END_TURN:1:0.0833:0.0833
ROOT g=20 t=10 ctx=off n=21 ADVANCE:1:0.0986:0.0986 CAGE:1:0.0986:0.0986 BLITZ:1:0.0391:0.0391 BLOCK:1:0.0986:0.0986 PASS_ACTION:7:0.2739:0.0391 FOUL:1:0.0391:0.0391 REPOSITION:8:0.3130:0.0391 END_TURN:1:0.0391:0.0391
ROOT g=20 t=11 ctx=def n=10 BLITZ:2:0.3333:0.1667 REPOSITION:7:0.5833:0.0833 END_TURN:1:0.0833:0.0833
ROOT g=20 t=12 ctx=off n=21 ADVANCE:1:0.0986:0.0986 CAGE:1:0.0986:0.0986 BLITZ:1:0.0391:0.0391 BLOCK:1:0.0986:0.0986 PASS_ACTION:7:0.2739:0.0391 FOUL:1:0.0391:0.0391 REPOSITION:8:0.3130:0.0391 END_TURN:1:0.0391:0.0391
ROOT g=20 t=13 ctx=def n=10 BLITZ:2:0.3333:0.1667 REPOSITION:7:0.5833:0.0833 END_TURN:1:0.0833:0.0833
ROOT g=20 t=14 ctx=off n=21 ADVANCE:1:0.0986:0.0986 CAGE:1:0.0986:0.0986 BLITZ:1:0.0391:0.0391 BLOCK:1:0.0986:0.0986 PASS_ACTION:7:0.2739:0.0391 FOUL:1:0.0391:0.0391 REPOSITION:8:0.3130:0.0391 END_TURN:1:0.0391:0.0391
ROOT g=20 t=15 ctx=def n=10 BLITZ:2:0.3333:0.1667 REPOSITION:7:0.5833:0.0833 END_TURN:1:0.0833:0.0833
ROOT g=20 t=16 ctx=loose n=13 BLITZ:1:0.0614:0.0614 BLOCK:3:0.2875:0.0958 PICKUP:1:0.1597:0.1597 REPOSITION:7:0.4300:0.0614 END_TURN:1:0.0614:0.0614
ROOT g=20 t=17 ctx=def n=13 BLITZ:2:0.3103:0.1551 BLOCK:1:0.0931:0.0931 REPOSITION:9:0.5370:0.0597 END_TURN:1:0.0597:0.0597
ROOT g=20 t=18 ctx=off n=20 ADVANCE:1:0.1053:0.1053 CAGE:1:0.1053:0.1053 BLITZ:1:0.0439:0.0439 PASS_ACTION:8:0.3509:0.0439 REPOSITION:8:0.3509:0.0439 END_TURN:1:0.0439:0.0439
ROOT g=20 t=19 ctx=def n=13 BLITZ:2:0.3210:0.1605 REPOSITION:10:0.6173:0.0617 END_TURN:1:0.0617:0.0617
ROOT g=20 t=20 ctx=off n=17 ADVANCE:1:0.1014:0.1014 CAGE:1:0.1014:0.1014 BLITZ:1:0.0497:0.0497 BLOCK:1:0.1014:0.1014 PASS_ACTION:4:0.1988:0.0497 FOUL:1:0.0497:0.0497 REPOSITION:7:0.3479:0.0497 END_TURN:1:0.0497:0.0497
ROOT g=20 t=21 ctx=def n=13 BLITZ:2:0.3210:0.1605 REPOSITION:10:0.6173:0.0617 END_TURN:1:0.0617:0.0617
ROOT g=20 t=22 ctx=off n=13 ADVANCE:1:0.1024:0.1024 CAGE:1:0.1024:0.1024 BLITZ:1:0.0656:0.0656 BLOCK:2:0.2047:0.1024 PASS_ACTION:1:0.0656:0.0656 REPOSITION:6:0.3937:0.0656 END_TURN:1:0.0656:0.0656
ROOT g=20 t=23 ctx=def n=16 BLITZ:2:0.3137:0.1569 FOUL:5:0.2451:0.0490 REPOSITION:8:0.3922:0.0490 END_TURN:1:0.0490:0.0490
ROOT g=20 t=24 ctx=off n=11 ADVANCE:1:0.1075:0.1075 CAGE:1:0.1075:0.1075 BLITZ:1:0.0814:0.0814 BLOCK:2:0.2150:0.1075 REPOSITION:5:0.4072:0.0814 END_TURN:1:0.0814:0.0814
ROOT g=20 t=25 ctx=def n=14 BLITZ:2:0.3182:0.1591 FOUL:5:0.2841:0.0568 REPOSITION:6:0.3409:0.0568 END_TURN:1:0.0568:0.0568
ROOT g=20 t=26 ctx=off n=11 ADVANCE:1:0.1104:0.1104 CAGE:1:0.1104:0.1104 BLITZ:1:0.0836:0.0836 BLOCK:1:0.1104:0.1104 PASS_ACTION:1:0.0836:0.0836 REPOSITION:5:0.4181:0.0836 END_TURN:1:0.0836:0.0836
ROOT g=20 t=27 ctx=def n=15 BLITZ:2:0.3158:0.1579 FOUL:4:0.2105:0.0526 REPOSITION:8:0.4211:0.0526 END_TURN:1:0.0526:0.0526
ROOT g=20 t=28 ctx=def n=8 BLITZ:2:0.3556:0.1778 BLOCK:3:0.3333:0.1111 REPOSITION:2:0.2222:0.1111 END_TURN:1:0.0889:0.0889
ROOT g=20 t=29 ctx=off n=18 ADVANCE:1:0.1063:0.1063 CAGE:1:0.1063:0.1063 BLITZ:1:0.0492:0.0492 PASS_ACTION:6:0.2953:0.0492 FOUL:2:0.0984:0.0492 REPOSITION:6:0.2953:0.0492 END_TURN:1:0.0492:0.0492
ROOT g=20 t=30 ctx=def n=8 BLITZ:2:0.3556:0.1778 BLOCK:3:0.3333:0.1111 REPOSITION:2:0.2222:0.1111 END_TURN:1:0.0889:0.0889
ROOT g=20 t=31 ctx=off n=12 ADVANCE:1:0.1081:0.1081 CAGE:1:0.1081:0.1081 BLITZ:1:0.0751:0.0751 BLOCK:1:0.1081:0.1081 PASS_ACTION:2:0.1502:0.0751 REPOSITION:5:0.3754:0.0751 END_TURN:1:0.0751:0.0751
ROOT g=21 t=0 ctx=loose n=13 BLITZ:1:0.0614:0.0614 BLOCK:3:0.2875:0.0958 PICKUP:1:0.1597:0.1597 REPOSITION:7:0.4300:0.0614 END_TURN:1:0.0614:0.0614
ROOT g=21 t=1 ctx=def n=10 BLITZ:2:0.3333:0.1667 REPOSITION:7:0.5833:0.0833 END_TURN:1:0.0833:0.0833
ROOT g=21 t=2 ctx=off n=26 ADVANCE:1:0.1032:0.1032 CAGE:1:0.1032:0.1032 BLITZ:1:0.0331:0.0331 PASS_ACTION:10:0.3307:0.0331 FOUL:4:0.1323:0.0331 REPOSITION:8:0.2646:0.0331 END_TURN:1:0.0331:0.0331
ROOT g=21 t=3 ctx=def n=9 BLITZ:2:0.3429:0.1714 REPOSITION:6:0.5714:0.0952 END_TURN:1:0.0857:0.0857
ROOT g=21 t=4 ctx=off n=22 ADVANCE:1:0.1044:0.1044 CAGE:1:0.1044:0.1044 BLITZ:1:0.0396:0.0396 PASS_ACTION:7:0.2769:0.0396 FOUL:4:0.1582:0.0396 REPOSITION:7:0.2769:0.0396 END_TURN:1:0.0396:0.0396
ROOT g=21 t=5 ctx=def n=10 BLITZ:2:0.3333:0.1667 FOUL:1:0.0833:0.0833 REPOSITION:6:0.5000:0.0833 END_TURN:1:0.0833:0.0833
ROOT g=21 t=6 ctx=off n=22 ADVANCE:1:0.0924:0.0924 CAGE:1:0.0924:0.0924 BLITZ:1:0.0350:0.0350 BLOCK:2:0.1849:0.0924 PASS_ACTION:7:0.2451:0.0350 FOUL:4:0.1401:0.0350 REPOSITION:5:0.1751:0.0350 END_TURN:1:0.0350:0.0350
ROOT g=21 t=7 ctx=def n=8 BLITZ:2:0.3556:0.1778 REPOSITION:5:0.5556:0.1111 END_TURN:1:0.0889:0.0889
ROOT g=21 t=8 ctx=off n=15 ADVANCE:1:0.1034:0.1034 CAGE:1:0.1034:0.1034 BLITZ:1:0.0575:0.0575 BLOCK:1:0.1034:0.1034 PASS_ACTION:3:0.1724:0.0575 FOUL:1:0.0575:0.0575 REPOSITION:6:0.3448:0.0575 END_TURN:1:0.0575:0.0575
ROOT g=21 t=9 ctx=def n=8 BLITZ:2:0.3556:0.1778 FOUL:1:0.1111:0.1111 REPOSITION:4:0.4444:0.1111 END_TURN:1:0.0889:0.0889
ROOT g=21 t=10 ctx=off n=13 ADVANCE:1:0.1105:0.1105 CAGE:1:0.1105:0.1105 BLITZ:1:0.0708:0.0708 FOUL:3:0.2125:0.0708 REPOSITION:6:0.4249:0.0708 END_TURN:1:0.0708:0.0708
ROOT g=21 t=11 ctx=def n=10 BLITZ:2:0.3333:0.1667 FOUL:2:0.1667:0.0833 REPOSITION:5:0.4167:0.0833 END_TURN:1:0.0833:0.0833
ROOT g=21 t=12 ctx=def n=13 BLITZ:2:0.3210:0.1605 FOUL:3:0.1852:0.0617 REPOSITION:7:0.4321:0.0617 END_TURN:1:0.0617:0.0617
ROOT g=21 t=13 ctx=off n=8 SCORE:1:0.2917:0.2917 CAGE:1:0.1042:0.1042 BLITZ:1:0.1042:0.1042 FOUL:1:0.1042:0.1042 REPOSITION:3:0.3125:0.1042 END_TURN:1:0.0833:0.0833
ROOT g=21 t=14 ctx=def n=15 BLITZ:2:0.3030:0.1515 BLOCK:1:0.0909:0.0909 FOUL:5:0.2525:0.0505 REPOSITION:6:0.3030:0.0505 END_TURN:1:0.0505:0.0505
ROOT g=21 t=15 ctx=off n=10 SCORE:1:0.3153:0.3153 CAGE:1:0.0541:0.0541 BLITZ:1:0.0450:0.0450 PASS_ACTION:2:0.0901:0.0450 REPOSITION:3:0.1351:0.0450 END_TURN:1:0.0450:0.0450 BLITZ_AND_SCORE:1:0.3153:0.3153
ROOT g=21 t=16 ctx=off n=21 ADVANCE:1:0.0881:0.0881 CAGE:1:0.0881:0.0881 BLITZ:1:0.0350:0.0350 BLOCK:3:0.2643:0.0881 PASS_ACTION:8:0.2797:0.0350 REPOSITION:6:0.2098:0.0350 END_TURN:1:0.0350:0.0350
ROOT g=21 t=17 ctx=def n=12 BLITZ:2:0.3061:0.1531 BLOCK:2:0.1837:0.0918 REPOSITION:7:0.4464:0.0638 END_TURN:1:0.0638:0.0638
ROOT g=21 t=18 ctx=off n=23 ADVANCE:1:0.1041:0.1041 CAGE:1:0.1041:0.1041 BLITZ:1:0.0377:0.0377 PASS_ACTION:7:0.2640:0.0377 FOUL:4:0.1508:0.0377 REPOSITION:8:0.3017:0.0377 END_TURN:1:0.0377:0.0377
ROOT g=21 t=19 ctx=def n=11 BLITZ:2:0.3134:0.1567 BLOCK:2:0.1880:0.0940 REPOSITION:6:0.4274:0.0712 END_TURN:1:0.0712:0.0712
ROOT g=21 t=20 ctx=off n=26 ADVANCE:1:0.1032:0.1032 CAGE:1:0.1032:0.1032 BLITZ:1:0.0331:0.0331 PASS_ACTION:7:0.2315:0.0331 FOUL:7:0.2315:0.0331 REPOSITION:8:0.2646:0.0331 END_TURN:1:0.0331:0.0331
ROOT g=21 t=21 ctx=def n=10 BLITZ:2:0.3226:0.1613 BLOCK:2:0.1935:0.0968 REPOSITION:5:0.4032:0.0806 END_TURN:1:0.0806:0.0806
ROOT g=21 t=22 ctx=off n=26 ADVANCE:1:0.1032:0.1032 CAGE:1:0.1032:0.1032 BLITZ:1:0.0331:0.0331 PASS_ACTION:7:0.2315:0.0331 FOUL:7:0.2315:0.0331 REPOSITION:8:0.2646:0.0331 END_TURN:1:0.0331:0.0331
ROOT g=21 t=23 ctx=def n=9 BLITZ:2:0.3429:0.1714 REPOSITION:6:0.5714:0.0952 END_TURN:1:0.0857:0.0857
ROOT g=21 t=24 ctx=off n=20 ADVANCE:1:0.1053:0.1053 CAGE:1:0.1053:0.1053 BLITZ:1:0.0439:0.0439 PASS_ACTION:1:0.0439:0.0439 FOUL:7:0.3070:0.0439 REPOSITION:8:0.3509:0.0439 END_TURN:1:0.0439:0.0439
ROOT g=21 t=25 ctx=def n=7 BLITZ:2:0.3733:0.1867 REPOSITION:4:0.5333:0.1333 END_TURN:1:0.0933:0.0933
ROOT g=21 t=26 ctx=loose n=14 BLITZ:1:0.0714:0.0714 FOUL:6:0.4286:0.0714 REPOSITION:6:0.4286:0.0714 END_TURN:1:0.0714:0.0714
ROOT g=21 t=27 ctx=loose n=6 BLITZ:1:0.1493:0.1493 PICKUP:1:0.3134:0.3134 REPOSITION:3:0.4478:0.1493 END_TURN:1:0.0896:0.0896
ROOT g=21 t=28 ctx=loose n=18 BLITZ:1:0.0556:0.0556 FOUL:8:0.4444:0.0556 REPOSITION:8:0.4444:0.0556 END_TURN:1:0.0556:0.0556
ROOT g=21 t=29 ctx=loose n=5 BLITZ:1:0.2222:0.2222 REPOSITION:3:0.6667:0.2222 END_TURN:1:0.1111:0.1111
ROOT g=21 t=30 ctx=loose n=20 BLITZ:1:0.0385:0.0385 PICKUP:1:0.2692:0.2692 FOUL:8:0.3077:0.0385 REPOSITION:9:0.3462:0.0385 END_TURN:1:0.0385:0.0385
ROOT g=21 t=31 ctx=loose n=6 BLITZ:1:0.1493:0.1493 PICKUP:1:0.3134:0.3134 REPOSITION:3:0.4478:0.1493 END_TURN:1:0.0896:0.0896
ROOT g=22 t=0 ctx=loose n=13 BLITZ:1:0.0614:0.0614 BLOCK:3:0.2875:0.0958 PICKUP:1:0.1597:0.1597 REPOSITION:7:0.4300:0.0614 END_TURN:1:0.0614:0.0614
ROOT g=22 t=1 ctx=def n=9 BLITZ:2:0.3429:0.1714 REPOSITION:6:0.5714:0.0952 END_TURN:1:0.0857:0.0857
ROOT g=22 t=2 ctx=off n=20 ADVANCE:1:0.1053:0.1053 CAGE:1:0.1053:0.1053 BLITZ:1:0.0439:0.0439 PASS_ACTION:7:0.3070:0.0439 FOUL:2:0.0877:0.0439 REPOSITION:7:0.3070:0.0439 END_TURN:1:0.0439:0.0439
ROOT g=22 t=3 ctx=def n=8 BLITZ:2:0.3556:0.1778 REPOSITION:5:0.5556:0.1111 END_TURN:1:0.0889:0.0889
ROOT g=22 t=4 ctx=off n=20 ADVANCE:1:0.1053:0.1053 CAGE:1:0.1053:0.1053 BLITZ:1:0.0439:0.0439 PASS_ACTION:7:0.3070:0.0439 FOUL:2:0.0877:0.0439 REPOSITION:7:0.3070:0.0439 END_TURN:1:0.0439:0.0439
ROOT g=22 t=5 ctx=def n=8 BLITZ:2:0.3556:0.1778 REPOSITION:5:0.5556:0.1111 END_TURN:1:0.0889:0.0889
ROOT g=22 t=6 ctx=off n=22 ADVANCE:1:0.0924:0.0924 CAGE:1:0.0924:0.0924 BLITZ:1:0.0350:0.0350 BLOCK:2:0.1849:0.0924 PASS_ACTION:7:0.2451:0.0350 FOUL:2:0.0700:0.0350 REPOSITION:7:0.2451:0.0350 END_TURN:1:0.0350:0.0350
ROOT g=22 t=7 ctx=def n=8 BLITZ:2:0.3556:0.1778 REPOSITION:5:0.5556:0.1111 END_TURN:1:0.0889:0.0889
ROOT g=22 t=8 ctx=off n=24 ADVANCE:1:0.0914:0.0914 CAGE:1:0.0914:0.0914 BLITZ:1:0.0317:0.0317 BLOCK:2:0.1827:0.0914 PASS_ACTION:7:0.2221:0.0317 FOUL:4:0.1269:0.0317 REPOSITION:7:0.2221:0.0317 END_TURN:1:0.0317:0.0317
ROOT g=22 t=9 ctx=def n=7 BLITZ:2:0.3733:0.1867 REPOSITION:4:0.5333:0.1333 END_TURN:1:0.0933:0.0933
ROOT g=22 t=10 ctx=off n=25 ADVANCE:1:0.0909:0.0909 CAGE:1:0.0909:0.0909 BLITZ:1:0.0303:0.0303 BLOCK:2:0.1818:0.0909 PASS_ACTION:7:0.2121:0.0303 FOUL:5:0.1515:0.0303 REPOSITION:7:0.2121:0.0303 END_TURN:1:0.0303:0.0303
ROOT g=22 t=11 ctx=def n=6 BLITZ:2:0.4000:0.2000 REPOSITION:3:0.5000:0.1667 END_TURN:1:0.1000:0.1000
ROOT g=22 t=12 ctx=off n=26 ADVANCE:1:0.0905:0.0905 CAGE:1:0.0905:0.0905 BLITZ:1:0.0290:0.0290 BLOCK:2:0.1810:0.0905 PASS_ACTION:7:0.2030:0.0290 FOUL:5:0.1450:0.0290 REPOSITION:8:0.2320:0.0290 END_TURN:1:0.0290:0.0290
ROOT g=22 t=13 ctx=def n=6 BLITZ:2:0.4000:0.2000 BLOCK:2:0.3333:0.1667 REPOSITION:1:0.1667:0.1667 END_TURN:1:0.1000:0.1000
ROOT g=22 t=14 ctx=off n=19 SCORE:1:0.4541:0.4541 CAGE:1:0.0605:0.0605 BLITZ:1:0.0266:0.0266 BLOCK:1:0.0605:0.0605 FOUL:7:0.1859:0.0266 REPOSITION:7:0.1859:0.0266 END_TURN:1:0.0266:0.0266
ROOT g=22 t=15 ctx=loose n=13 BLITZ:1:0.0549:0.0549 BLOCK:3:0.2567:0.0856 PICKUP:1:0.2496:0.2496 REPOSITION:7:0.3840:0.0549 END_TURN:1:0.0549:0.0549
ROOT g=22 t=16 ctx=loose n=12 BLITZ:1:0.0751:0.0751 BLOCK:3:0.3243:0.1081 REPOSITION:7:0.5255:0.0751 END_TURN:1:0.0751:0.0751
ROOT g=22 t=17 ctx=loose n=9 BLITZ:1:0.1124:0.1124 REPOSITION:7:0.7865:0.1124 END_TURN:1:0.1011:0.1011
ROOT g=22 t=18 ctx=loose n=13 BLITZ:1:0.0629:0.0629 PICKUP:1:0.2453:0.2453 FOUL:2:0.1258:0.0629 REPOSITION:8:0.5031:0.0629 END_TURN:1:0.0629:0.0629
ROOT g=22 t=19 ctx=loose n=9 BLITZ:1:0.1031:0.1031 PICKUP:1:0.1856:0.1856 REPOSITION:6:0.6186:0.1031 END_TURN:1:0.0928:0.0928
ROOT g=22 t=20 ctx=loose n=12 BLITZ:1:0.0685:0.0685 PICKUP:1:0.2466:0.2466 FOUL:2:0.1370:0.0685 REPOSITION:7:0.4795:0.0685 END_TURN:1:0.0685:0.0685
ROOT g=22 t=21 ctx=loose n=12 BLITZ:1:0.0746:0.0746 PICKUP:1:0.1791:0.1791 FOUL:3:0.2239:0.0746 REPOSITION:6:0.4478:0.0746 END_TURN:1:0.0746:0.0746
ROOT g=22 t=22 ctx=loose n=13 BLITZ:1:0.0588:0.0588 BLOCK:2:0.1833:0.0917 PICKUP:1:0.2291:0.2291 FOUL:2:0.1175:0.0588 REPOSITION:6:0.3525:0.0588 END_TURN:1:0.0588:0.0588
ROOT g=22 t=23 ctx=loose n=13 BLITZ:1:0.0685:0.0685 PICKUP:1:0.1781:0.1781 FOUL:4:0.2740:0.0685 REPOSITION:6:0.4110:0.0685 END_TURN:1:0.0685:0.0685
ROOT g=22 t=24 ctx=loose n=15 BLITZ:1:0.0541:0.0541 PICKUP:1:0.2432:0.2432 FOUL:4:0.2162:0.0541 REPOSITION:8:0.4324:0.0541 END_TURN:1:0.0541:0.0541
ROOT g=22 t=25 ctx=loose n=12 BLITZ:1:0.0746:0.0746 PICKUP:1:0.1791:0.1791 FOUL:3:0.2239:0.0746 REPOSITION:6:0.4478:0.0746 END_TURN:1:0.0746:0.0746
ROOT g=22 t=26 ctx=loose n=14 BLITZ:1:0.0559:0.0559 PICKUP:1:0.2737:0.2737 FOUL:3:0.1676:0.0559 REPOSITION:8:0.4469:0.0559 END_TURN:1:0.0559:0.0559
ROOT g=22 t=27 ctx=loose n=14 BLITZ:1:0.0559:0.0559 PICKUP:1:0.2737:0.2737 FOUL:4:0.2235:0.0559 REPOSITION:7:0.3911:0.0559 END_TURN:1:0.0559:0.0559
ROOT g=22 t=28 ctx=loose n=12 BLITZ:1:0.0658:0.0658 PICKUP:1:0.2763:0.2763 FOUL:2:0.1316:0.0658 REPOSITION:7:0.4605:0.0658 END_TURN:1:0.0658:0.0658
ROOT g=22 t=29 ctx=loose n=13 BLITZ:1:0.0604:0.0604 PICKUP:1:0.2749:0.2749 FOUL:4:0.2417:0.0604 REPOSITION:6:0.3625:0.0604 END_TURN:1:0.0604:0.0604
ROOT g=22 t=30 ctx=loose n=11 BLITZ:1:0.0722:0.0722 PICKUP:1:0.2780:0.2780 FOUL:1:0.0722:0.0722 REPOSITION:7:0.5054:0.0722 END_TURN:1:0.0722:0.0722
ROOT g=22 t=31 ctx=loose n=14 BLITZ:1:0.0559:0.0559 PICKUP:1:0.2737:0.2737 FOUL:4:0.2235:0.0559 REPOSITION:7:0.3911:0.0559 END_TURN:1:0.0559:0.0559
ROOT g=23 t=0 ctx=loose n=13 BLITZ:1:0.0614:0.0614 BLOCK:3:0.2875:0.0958 PICKUP:1:0.1597:0.1597 REPOSITION:7:0.4300:0.0614 END_TURN:1:0.0614:0.0614
ROOT g=23 t=1 ctx=def n=12 BLITZ:2:0.3061:0.1531 BLOCK:2:0.1837:0.0918 REPOSITION:7:0.4464:0.0638 END_TURN:1:0.0638:0.0638
ROOT g=23 t=2 ctx=off n=19 ADVANCE:1:0.0945:0.0945 CAGE:1:0.0945:0.0945 BLITZ:1:0.0415:0.0415 BLOCK:2:0.1891:0.0945 PASS_ACTION:7:0.2902:0.0415 FOUL:1:0.0415:0.0415 REPOSITION:5:0.2073:0.0415 END_TURN:1:0.0415:0.0415
ROOT g=23 t=3 ctx=def n=10 BLITZ:2:0.3333:0.1667 REPOSITION:7:0.5833:0.0833 END_TURN:1:0.0833:0.0833
ROOT g=23 t=4 ctx=off n=19 ADVANCE:1:0.0945:0.0945 CAGE:1:0.0945:0.0945 BLITZ:1:0.0415:0.0415 BLOCK:2:0.1891:0.0945 PASS_ACTION:7:0.2902:0.0415 FOUL:1:0.0415:0.0415 REPOSITION:5:0.2073:0.0415 END_TURN:1:0.0415:0.0415
ROOT g=23 t=5 ctx=def n=9 BLITZ:2:0.3429:0.1714 REPOSITION:6:0.5714:0.0952 END_TURN:1:0.0857:0.0857
ROOT g=23 t=6 ctx=off n=20 ADVANCE:1:0.1053:0.1053 CAGE:1:0.1053:0.1053 BLITZ:1:0.0439:0.0439 PASS_ACTION:7:0.3070:0.0439 FOUL:2:0.0877:0.0439 REPOSITION:7:0.3070:0.0439 END_TURN:1:0.0439:0.0439
ROOT g=23 t=7 ctx=def n=8 BLITZ:2:0.3556:0.1778 REPOSITION:5:0.5556:0.1111 END_TURN:1:0.0889:0.0889
ROOT g=23 t=8 ctx=off n=20 ADVANCE:1:0.1053:0.1053 CAGE:1:0.1053:0.1053 BLITZ:1:0.0439:0.0439 PASS_ACTION:7:0.3070:0.0439 FOUL:2:0.0877:0.0439 REPOSITION:7:0.3070:0.0439 END_TURN:1:0.0439:0.0439
ROOT g=23 t=9 ctx=loose n=7 BLITZ:1:0.1493:0.1493 REPOSITION:5:0.7463:0.1493 END_TURN:1:0.1045:0.1045
ROOT g=23 t=10 ctx=loose n=13 BLITZ:1:0.0604:0.0604 PICKUP:1:0.2749:0.2749 FOUL:2:0.1208:0.0604 REPOSITION:8:0.4834:0.0604 END_TURN:1:0.0604:0.0604
ROOT g=23 t=11 ctx=def n=11 BLITZ:2:0.3284:0.1642 FOUL:3:0.2239:0.0746 REPOSITION:5:0.3731:0.0746 END_TURN:1:0.0746:0.0746
ROOT g=23 t=12 ctx=off n=15 ADVANCE:1:0.1084:0.1084 CAGE:1:0.1084:0.1084 BLITZ:1:0.0602:0.0602 PASS_ACTION:4:0.2410:0.0602 FOUL:1:0.0602:0.0602 REPOSITION:6:0.3614:0.0602 END_TURN:1:0.0602:0.0602
ROOT g=23 t=13 ctx=def n=9 BLITZ:2:0.3429:0.1714 FOUL:1:0.0952:0.0952 REPOSITION:5:0.4762:0.0952 END_TURN:1:0.0857:0.0857
ROOT g=23 t=14 ctx=off n=9 ADVANCE:1:0.1192:0.1192 CAGE:1:0.1192:0.1192 BLITZ:1:0.1104:0.1104 PASS_ACTION:1:0.1104:0.1104 REPOSITION:4:0.4415:0.1104 END_TURN:1:0.0993:0.0993
ROOT g=23 t=15 ctx=def n=9 BLITZ:2:0.3403:0.1701 BLOCK:1:0.1021:0.1021 FOUL:1:0.0945:0.0945 REPOSITION:4:0.3781:0.0945 END_TURN:1:0.0851:0.0851
ROOT g=23 t=16 ctx=loose n=13 BLITZ:1:0.0614:0.0614 BLOCK:3:0.2875:0.0958 PICKUP:1:0.1597:0.1597 REPOSITION:7:0.4300:0.0614 END_TURN:1:0.0614:0.0614
ROOT g=23 t=17 ctx=def n=12 BLITZ:2:0.3061:0.1531 BLOCK:2:0.1837:0.0918 REPOSITION:7:0.4464:0.0638 END_TURN:1:0.0638:0.0638
ROOT g=23 t=18 ctx=off n=15 ADVANCE:1:0.1034:0.1034 CAGE:1:0.1034:0.1034 BLITZ:1:0.0575:0.0575 BLOCK:1:0.1034:0.1034 PASS_ACTION:3:0.1724:0.0575 REPOSITION:7:0.4023:0.0575 END_TURN:1:0.0575:0.0575
ROOT g=23 t=19 ctx=def n=13 BLITZ:2:0.3002:0.1501 BLOCK:2:0.1801:0.0901 FOUL:2:0.1155:0.0577 REPOSITION:6:0.3464:0.0577 END_TURN:1:0.0577:0.0577
ROOT g=23 t=20 ctx=off n=13 ADVANCE:1:0.1024:0.1024 CAGE:1:0.1024:0.1024 BLITZ:1:0.0656:0.0656 BLOCK:2:0.2047:0.1024 PASS_ACTION:2:0.1312:0.0656 REPOSITION:5:0.3281:0.0656 END_TURN:1:0.0656:0.0656
ROOT g=23 t=21 ctx=def n=14 BLITZ:2:0.2954:0.1477 BLOCK:2:0.1772:0.0886 FOUL:3:0.1582:0.0527 REPOSITION:6:0.3165:0.0527 END_TURN:1:0.0527:0.0527
ROOT g=23 t=22 ctx=loose n=9 BLITZ:1:0.0998:0.0998 BLOCK:4:0.4311:0.1078 PICKUP:1:0.1796:0.1796 REPOSITION:2:0.1996:0.0998 END_TURN:1:0.0898:0.0898
ROOT g=23 t=23 ctx=def n=15 BLITZ:2:0.3158:0.1579 FOUL:6:0.3158:0.0526 REPOSITION:6:0.3158:0.0526 END_TURN:1:0.0526:0.0526
ROOT g=23 t=24 ctx=off n=13 ADVANCE:1:0.1063:0.1063 CAGE:1:0.1063:0.1063 BLITZ:1:0.0681:0.0681 BLOCK:1:0.1063:0.1063 PASS_ACTION:2:0.1362:0.0681 FOUL:3:0.2044:0.0681 REPOSITION:3:0.2044:0.0681 END_TURN:1:0.0681:0.0681
ROOT g=23 t=25 ctx=def n=12 BLITZ:2:0.3243:0.1622 FOUL:4:0.2703:0.0676 REPOSITION:5:0.3378:0.0676 END_TURN:1:0.0676:0.0676
ROOT g=23 t=26 ctx=off n=15 ADVANCE:1:0.0989:0.0989 CAGE:1:0.0989:0.0989 BLITZ:1:0.0549:0.0549 BLOCK:2:0.1978:0.0989 PASS_ACTION:2:0.1099:0.0549 FOUL:3:0.1648:0.0549 REPOSITION:4:0.2198:0.0549 END_TURN:1:0.0549:0.0549
ROOT g=23 t=27 ctx=def n=9 BLITZ:2:0.3429:0.1714 FOUL:2:0.1905:0.0952 REPOSITION:4:0.3810:0.0952 END_TURN:1:0.0857:0.0857
ROOT g=23 t=28 ctx=off n=16 ADVANCE:1:0.0976:0.0976 CAGE:1:0.0976:0.0976 BLITZ:1:0.0508:0.0508 BLOCK:2:0.1951:0.0976 PASS_ACTION:2:0.1016:0.0508 FOUL:3:0.1524:0.0508 REPOSITION:5:0.2541:0.0508 END_TURN:1:0.0508:0.0508
ROOT g=23 t=29 ctx=def n=7 BLITZ:2:0.3733:0.1867 FOUL:1:0.1333:0.1333 REPOSITION:3:0.4000:0.1333 END_TURN:1:0.0933:0.0933
ROOT g=23 t=30 ctx=loose n=12 BLITZ:1:0.0658:0.0658 PICKUP:1:0.2763:0.2763 FOUL:3:0.1974:0.0658 REPOSITION:6:0.3947:0.0658 END_TURN:1:0.0658:0.0658
ROOT g=23 t=31 ctx=loose n=5 BLITZ:1:0.1905:0.1905 PICKUP:1:0.3333:0.3333 FOUL:1:0.1905:0.1905 REPOSITION:1:0.1905:0.1905 END_TURN:1:0.0952:0.0952
ROOT g=24 t=0 ctx=loose n=13 BLITZ:1:0.0614:0.0614 BLOCK:3:0.2875:0.0958 PICKUP:1:0.1597:0.1597 REPOSITION:7:0.4300:0.0614 END_TURN:1:0.0614:0.0614
ROOT g=24 t=1 ctx=def n=12 BLITZ:2:0.3150:0.1575 BLOCK:1:0.0945:0.0945 REPOSITION:8:0.5249:0.0656 END_TURN:1:0.0656:0.0656
ROOT g=24 t=2 ctx=off n=25 ADVANCE:1:0.1034:0.1034 CAGE:1:0.1034:0.1034 BLITZ:1:0.0345:0.0345 PASS_ACTION:10:0.3448:0.0345 FOUL:3:0.1034:0.0345 REPOSITION:8:0.2759:0.0345 END_TURN:1:0.0345:0.0345
ROOT g=24 t=3 ctx=def n=13 BLITZ:2:0.3210:0.1605 REPOSITION:10:0.6173:0.0617 END_TURN:1:0.0617:0.0617
ROOT g=24 t=4 ctx=def n=11 BLITZ:2:0.3284:0.1642 FOUL:1:0.0746:0.0746 REPOSITION:7:0.5224:0.0746 END_TURN:1:0.0746:0.0746
ROOT g=24 t=5 ctx=off n=20 ADVANCE:1:0.0938:0.0938 CAGE:1:0.0938:0.0938 BLITZ:1:0.0391:0.0391 BLOCK:2:0.1875:0.0938 PASS_ACTION:2:0.0781:0.0391 FOUL:4:0.1563:0.0391 REPOSITION:8:0.3125:0.0391 END_TURN:1:0.0391:0.0391
ROOT g=24 t=6 ctx=def n=11 BLITZ:2:0.3284:0.1642 FOUL:1:0.0746:0.0746 REPOSITION:7:0.5224:0.0746 END_TURN:1:0.0746:0.0746
ROOT g=24 t=7 ctx=off n=19 ADVANCE:1:0.0998:0.0998 CAGE:1:0.0998:0.0998 BLITZ:1:0.0438:0.0438 BLOCK:1:0.0998:0.0998 PASS_ACTION:2:0.0876:0.0438 FOUL:4:0.1751:0.0438 REPOSITION:8:0.3503:0.0438 END_TURN:1:0.0438:0.0438
ROOT g=24 t=8 ctx=def n=11 BLITZ:2:0.3284:0.1642 FOUL:1:0.0746:0.0746 REPOSITION:7:0.5224:0.0746 END_TURN:1:0.0746:0.0746
ROOT g=24 t=9 ctx=off n=19 ADVANCE:1:0.0998:0.0998 CAGE:1:0.0998:0.0998 BLITZ:1:0.0438:0.0438 BLOCK:1:0.0998:0.0998 PASS_ACTION:2:0.0876:0.0438 FOUL:4:0.1751:0.0438 REPOSITION:8:0.3503:0.0438 END_TURN:1:0.0438:0.0438
ROOT g=24 t=10 ctx=def n=10 BLITZ:2:0.3333:0.1667 FOUL:1:0.0833:0.0833 REPOSITION:6:0.5000:0.0833 END_TURN:1:0.0833:0.0833
ROOT g=24 t=11 ctx=off n=17 SCORE:1:0.1583:0.1583 CAGE:1:0.0950:0.0950 BLITZ:1:0.0466:0.0466 BLOCK:1:0.0950:0.0950 FOUL:4:0.1862:0.0466 REPOSITION:8:0.3724:0.0466 END_TURN:1:0.0466:0.0466
ROOT g=24 t=12 ctx=def n=10 BLITZ:2:0.3175:0.1587 BLOCK:3:0.2857:0.0952 FOUL:1:0.0794:0.0794 REPOSITION:3:0.2381:0.0794 END_TURN:1:0.0794:0.0794
ROOT g=24 t=13 ctx=off n=12 SCORE:1:0.2178:0.2178 CAGE:1:0.0747:0.0747 BLITZ:1:0.0519:0.0519 BLOCK:1:0.0747:0.0747 FOUL:1:0.0519:0.0519 REPOSITION:5:0.2593:0.0519 END_TURN:1:0.0519:0.0519 BLITZ_AND_SCORE:1:0.2178:0.2178
ROOT g=24 t=14 ctx=def n=11 BLITZ:2:0.3134:0.1567 BLOCK:2:0.1880:0.0940 FOUL:1:0.0712:0.0712 REPOSITION:5:0.3561:0.0712 END_TURN:1:0.0712:0.0712
ROOT g=24 t=15 ctx=def n=7 BLITZ:2:0.3733:0.1867 BLOCK:1:0.1333:0.1333 REPOSITION:3:0.4000:0.1333 END_TURN:1:0.0933:0.0933
ROOT g=24 t=16 ctx=loose n=13 BLITZ:1:0.0614:0.0614 BLOCK:3:0.2875:0.0958 PICKUP:1:0.1597:0.1597 REPOSITION:7:0.4300:0.0614 END_TURN:1:0.0614:0.0614
ROOT g=24 t=17 ctx=def n=11 BLITZ:2:0.3284:0.1642 REPOSITION:8:0.5970:0.0746 END_TURN:1:0.0746:0.0746
ROOT g=24 t=18 ctx=off n=23 ADVANCE:1:0.0976:0.0976 CAGE:1:0.0976:0.0976 BLITZ:1:0.0354:0.0354 BLOCK:1:0.0976:0.0976 PASS_ACTION:10:0.3536:0.0354 FOUL:1:0.0354:0.0354 REPOSITION:7:0.2475:0.0354 END_TURN:1:0.0354:0.0354
ROOT g=24 t=19 ctx=def n=9 BLITZ:2:0.3429:0.1714 REPOSITION:6:0.5714:0.0952 END_TURN:1:0.0857:0.0857
ROOT g=24 t=20 ctx=off n=20 ADVANCE:1:0.0992:0.0992 CAGE:1:0.0992:0.0992 BLITZ:1:0.0413:0.0413 BLOCK:1:0.0992:0.0992 PASS_ACTION:4:0.1653:0.0413 FOUL:4:0.1653:0.0413 REPOSITION:7:0.2893:0.0413 END_TURN:1:0.0413:0.0413
ROOT g=24 t=21 ctx=def n=6 BLITZ:2:0.4000:0.2000 REPOSITION:3:0.5000:0.1667 END_TURN:1:0.1000:0.1000
ROOT g=24 t=22 ctx=off n=23 ADVANCE:1:0.0868:0.0868 CAGE:1:0.0868:0.0868 BLITZ:1:0.0314:0.0314 BLOCK:3:0.2604:0.0868 PASS_ACTION:3:0.0943:0.0314 FOUL:5:0.1572:0.0314 REPOSITION:8:0.2516:0.0314 END_TURN:1:0.0314:0.0314
ROOT g=24 t=23 ctx=def n=5 BLITZ:2:0.4444:0.2222 REPOSITION:2:0.4444:0.2222 END_TURN:1:0.1111:0.1111
ROOT g=24 t=24 ctx=off n=18 ADVANCE:1:0.1006:0.1006 CAGE:1:0.1006:0.1006 BLITZ:1:0.0466:0.0466 BLOCK:1:0.1006:0.1006 PASS_ACTION:2:0.0931:0.0466 FOUL:4:0.1862:0.0466 REPOSITION:7:0.3259:0.0466 END_TURN:1:0.0466:0.0466
ROOT g=24 t=25 ctx=def n=5 BLITZ:2:0.4444:0.2222 BLOCK:1:0.2222:0.2222 REPOSITION:1:0.2222:0.2222 END_TURN:1:0.1111:0.1111
ROOT g=24 t=26 ctx=off n=20 ADVANCE:1:0.0805:0.0805 CAGE:1:0.0805:0.0805 BLITZ:1:0.0336:0.0336 BLOCK:5:0.4027:0.0805 PASS_ACTION:2:0.0671:0.0336 FOUL:4:0.1342:0.0336 REPOSITION:5:0.1678:0.0336 END_TURN:1:0.0336:0.0336
ROOT g=24 t=27 ctx=def n=4 BLITZ:2:0.5882:0.2941 REPOSITION:1:0.2941:0.2941 END_TURN:1:0.1176:0.1176
ROOT g=24 t=28 ctx=off n=22 ADVANCE:1:0.0789:0.0789 CAGE:1:0.0789:0.0789 BLITZ:1:0.0299:0.0299 BLOCK:5:0.3943:0.0789 PASS_ACTION:2:0.0597:0.0299 FOUL:5:0.1493:0.0299 REPOSITION:6:0.1792:0.0299 END_TURN:1:0.0299:0.0299
ROOT g=24 t=29 ctx=def n=4 BLITZ:2:0.5882:0.2941 REPOSITION:1:0.2941:0.2941 END_TURN:1:0.1176:0.1176
ROOT g=24 t=30 ctx=off n=21 ADVANCE:1:0.0986:0.0986 CAGE:1:0.0986:0.0986 BLITZ:1:0.0391:0.0391 BLOCK:1:0.0986:0.0986 PASS_ACTION:2:0.0782:0.0391 FOUL:5:0.1956:0.0391 REPOSITION:9:0.3521:0.0391 END_TURN:1:0.0391:0.0391
ROOT g=24 t=31 ctx=def n=4 BLITZ:2:0.5882:0.2941 REPOSITION:1:0.2941:0.2941 END_TURN:1:0.1176:0.1176
ROOT g=25 t=0 ctx=loose n=13 BLITZ:1:0.0614:0.0614 BLOCK:3:0.2875:0.0958 PICKUP:1:0.1597:0.1597 REPOSITION:7:0.4300:0.0614 END_TURN:1:0.0614:0.0614
ROOT g=25 t=1 ctx=def n=13 BLITZ:2:0.3210:0.1605 REPOSITION:10:0.6173:0.0617 END_TURN:1:0.0617:0.0617
ROOT g=25 t=2 ctx=off n=22 ADVANCE:1:0.0981:0.0981 CAGE:1:0.0981:0.0981 BLITZ:1:0.0371:0.0371 BLOCK:1:0.0981:0.0981 PASS_ACTION:9:0.3343:0.0371 REPOSITION:8:0.2972:0.0371 END_TURN:1:0.0371:0.0371
ROOT g=25 t=3 ctx=def n=13 BLITZ:2:0.3210:0.1605 REPOSITION:10:0.6173:0.0617 END_TURN:1:0.0617:0.0617
ROOT g=25 t=4 ctx=off n=20 ADVANCE:1:0.0992:0.0992 CAGE:1:0.0992:0.0992 BLITZ:1:0.0413:0.0413 BLOCK:1:0.0992:0.0992 PASS_ACTION:7:0.2893:0.0413 REPOSITION:8:0.3306:0.0413 END_TURN:1:0.0413:0.0413
ROOT g=25 t=5 ctx=def n=13 BLITZ:2:0.3210:0.1605 REPOSITION:10:0.6173:0.0617 END_TURN:1:0.0617:0.0617
ROOT g=25 t=6 ctx=off n=18 ADVANCE:1:0.1006:0.1006 CAGE:1:0.1006:0.1006 BLITZ:1:0.0466:0.0466 BLOCK:1:0.1006:0.1006 PASS_ACTION:4:0.1862:0.0466 FOUL:1:0.0466:0.0466 REPOSITION:8:0.3724:0.0466 END_TURN:1:0.0466:0.0466
ROOT g=25 t=7 ctx=def n=12 BLITZ:2:0.3243:0.1622 REPOSITION:9:0.6081:0.0676 END_TURN:1:0.0676:0.0676
ROOT g=25 t=8 ctx=off n=18 ADVANCE:1:0.1006:0.1006 CAGE:1:0.1006:0.1006 BLITZ:1:0.0466:0.0466 BLOCK:1:0.1006:0.1006 PASS_ACTION:4:0.1862:0.0466 FOUL:1:0.0466:0.0466 REPOSITION:8:0.3724:0.0466 END_TURN:1:0.0466:0.0466
ROOT g=25 t=9 ctx=def n=11 BLITZ:2:0.3284:0.1642 REPOSITION:8:0.5970:0.0746 END_TURN:1:0.0746:0.0746
ROOT g=25 t=10 ctx=off n=19 ADVANCE:1:0.1058:0.1058 CAGE:1:0.1058:0.1058 BLITZ:1:0.0464:0.0464 PASS_ACTION:2:0.0928:0.0464 FOUL:5:0.2319:0.0464 REPOSITION:8:0.3711:0.0464 END_TURN:1:0.0464:0.0464
ROOT g=25 t=11 ctx=def n=10 BLITZ:2:0.3333:0.1667 REPOSITION:7:0.5833:0.0833 END_TURN:1:0.0833:0.0833
ROOT g=25 t=12 ctx=off n=18 ADVANCE:1:0.1063:0.1063 CAGE:1:0.1063:0.1063 BLITZ:1:0.0492:0.0492 FOUL:6:0.2953:0.0492 REPOSITION:8:0.3937:0.0492 END_TURN:1:0.0492:0.0492
ROOT g=25 t=13 ctx=def n=10 BLITZ:2:0.3333:0.1667 REPOSITION:7:0.5833:0.0833 END_TURN:1:0.0833:0.0833
ROOT g=25 t=14 ctx=def n=13 BLITZ:2:0.3210:0.1605 FOUL:3:0.1852:0.0617 REPOSITION:7:0.4321:0.0617 END_TURN:1:0.0617:0.0617
ROOT g=25 t=15 ctx=loose n=10 BLITZ:1:0.0800:0.0800 PICKUP:1:0.2800:0.2800 FOUL:2:0.1600:0.0800 REPOSITION:5:0.4000:0.0800 END_TURN:1:0.0800:0.0800
ROOT g=25 t=16 ctx=loose n=13 BLITZ:1:0.0614:0.0614 BLOCK:3:0.2875:0.0958 PICKUP:1:0.1597:0.1597 REPOSITION:7:0.4300:0.0614 END_TURN:1:0.0614:0.0614
ROOT g=25 t=17 ctx=def n=13 BLITZ:2:0.3103:0.1551 BLOCK:1:0.0931:0.0931 REPOSITION:9:0.5370:0.0597 END_TURN:1:0.0597:0.0597
ROOT g=25 t=18 ctx=off n=20 ADVANCE:1:0.1053:0.1053 CAGE:1:0.1053:0.1053 BLITZ:1:0.0439:0.0439 PASS_ACTION:8:0.3509:0.0439 REPOSITION:8:0.3509:0.0439 END_TURN:1:0.0439:0.0439
ROOT g=25 t=19 ctx=def n=13 BLITZ:2:0.3103:0.1551 BLOCK:1:0.0931:0.0931 REPOSITION:9:0.5370:0.0597 END_TURN:1:0.0597:0.0597
ROOT g=25 t=20 ctx=off n=18 ADVANCE:1:0.1063:0.1063 CAGE:1:0.1063:0.1063 BLITZ:1:0.0492:0.0492 PASS_ACTION:6:0.2953:0.0492 REPOSITION:8:0.3937:0.0492 END_TURN:1:0.0492:0.0492
ROOT g=25 t=21 ctx=loose n=12 BLITZ:1:0.0804:0.0804 BLOCK:1:0.1158:0.1158 REPOSITION:9:0.7235:0.0804 END_TURN:1:0.0804:0.0804
ROOT g=25 t=22 ctx=loose n=12 BLITZ:1:0.0746:0.0746 PICKUP:1:0.1791:0.1791 REPOSITION:9:0.6716:0.0746 END_TURN:1:0.0746:0.0746
ROOT g=25 t=23 ctx=def n=13 BLITZ:2:0.3210:0.1605 FOUL:1:0.0617:0.0617 REPOSITION:9:0.5556:0.0617 END_TURN:1:0.0617:0.0617
ROOT g=25 t=24 ctx=off n=13 ADVANCE:1:0.1063:0.1063 CAGE:1:0.1063:0.1063 BLITZ:1:0.0681:0.0681 BLOCK:1:0.1063:0.1063 PASS_ACTION:1:0.0681:0.0681 REPOSITION:7:0.4768:0.0681 END_TURN:1:0.0681:0.0681
ROOT g=25 t=25 ctx=def n=11 BLITZ:2:0.3284:0.1642 REPOSITION:8:0.5970:0.0746 END_TURN:1:0.0746:0.0746
ROOT g=25 t=26 ctx=off n=18 ADVANCE:1:0.0702:0.0702 CAGE:1:0.0702:0.0702 BLITZ:1:0.0325:0.0325 BLOCK:9:0.6320:0.0702 PASS_ACTION:1:0.0325:0.0325 REPOSITION:4:0.1300:0.0325 END_TURN:1:0.0325:0.0325
ROOT g=25 t=27 ctx=def n=12 BLITZ:2:0.3061:0.1531 BLOCK:2:0.1837:0.0918 REPOSITION:7:0.4464:0.0638 END_TURN:1:0.0638:0.0638
ROOT g=25 t=28 ctx=off n=13 ADVANCE:1:0.1105:0.1105 CAGE:1:0.1105:0.1105 BLITZ:1:0.0708:0.0708 PASS_ACTION:1:0.0708:0.0708 FOUL:1:0.0708:0.0708 REPOSITION:7:0.4958:0.0708 END_TURN:1:0.0708:0.0708
ROOT g=25 t=29 ctx=off n=15 SCORE:1:0.1855:0.1855 CAGE:1:0.0636:0.0636 BLITZ:1:0.0353:0.0353 BLOCK:5:0.3180:0.0636 PASS_ACTION:1:0.0353:0.0353 REPOSITION:4:0.1413:0.0353 END_TURN:1:0.0353:0.0353 BLITZ_AND_SCORE:1:0.1855:0.1855
ROOT g=25 t=30 ctx=def n=12 BLITZ:2:0.3243:0.1622 FOUL:2:0.1351:0.0676 REPOSITION:7:0.4730:0.0676 END_TURN:1:0.0676:0.0676
ROOT g=25 t=31 ctx=loose n=6 BLITZ:1:0.1493:0.1493 PICKUP:1:0.3134:0.3134 REPOSITION:3:0.4478:0.1493 END_TURN:1:0.0896:0.0896
ROOT g=26 t=0 ctx=loose n=13 BLITZ:1:0.0614:0.0614 BLOCK:3:0.2875:0.0958 PICKUP:1:0.1597:0.1597 REPOSITION:7:0.4300:0.0614 END_TURN:1:0.0614:0.0614
ROOT g=26 t=1 ctx=def n=12 BLITZ:2:0.3061:0.1531 BLOCK:2:0.1837:0.0918 REPOSITION:7:0.4464:0.0638 END_TURN:1:0.0638:0.0638
ROOT g=26 t=2 ctx=off n=20 ADVANCE:1:0.1053:0.1053 CAGE:1:0.1053:0.1053 BLITZ:1:0.0439:0.0439 PASS_ACTION:8:0.3509:0.0439 REPOSITION:8:0.3509:0.0439 END_TURN:1:0.0439:0.0439
ROOT g=26 t=3 ctx=def n=14 BLITZ:2:0.3182:0.1591 FOUL:1:0.0568:0.0568 REPOSITION:10:0.5682:0.0568 END_TURN:1:0.0568:0.0568
ROOT g=26 t=4 ctx=off n=22 ADVANCE:1:0.1044:0.1044 CAGE:1:0.1044:0.1044 BLITZ:1:0.0396:0.0396 PASS_ACTION:6:0.2373:0.0396 FOUL:4:0.1582:0.0396 REPOSITION:8:0.3165:0.0396 END_TURN:1:0.0396:0.0396
ROOT g=26 t=5 ctx=def n=13 BLITZ:2:0.3210:0.1605 FOUL:1:0.0617:0.0617 REPOSITION:9:0.5556:0.0617 END_TURN:1:0.0617:0.0617
ROOT g=26 t=6 ctx=off n=24 ADVANCE:1:0.1037:0.1037 CAGE:1:0.1037:0.1037 BLITZ:1:0.0360:0.0360 PASS_ACTION:6:0.2161:0.0360 FOUL:6:0.2161:0.0360 REPOSITION:8:0.2882:0.0360 END_TURN:1:0.0360:0.0360
ROOT g=26 t=7 ctx=def n=12 BLITZ:2:0.3243:0.1622 FOUL:1:0.0676:0.0676 REPOSITION:8:0.5405:0.0676 END_TURN:1:0.0676:0.0676
ROOT g=26 t=8 ctx=off n=24 ADVANCE:1:0.1037:0.1037 CAGE:1:0.1037:0.1037 BLITZ:1:0.0360:0.0360 PASS_ACTION:6:0.2161:0.0360 FOUL:6:0.2161:0.0360 REPOSITION:8:0.2882:0.0360 END_TURN:1:0.0360:0.0360
ROOT g=26 t=9 ctx=def n=11 BLITZ:2:0.3284:0.1642 FOUL:1:0.0746:0.0746 REPOSITION:7:0.5224:0.0746 END_TURN:1:0.0746:0.0746
ROOT g=26 t=10 ctx=off n=25 ADVANCE:1:0.1034:0.1034 CAGE:1:0.1034:0.1034 BLITZ:1:0.0345:0.0345 PASS_ACTION:6:0.2069:0.0345 FOUL:7:0.2414:0.0345 REPOSITION:8:0.2759:0.0345 END_TURN:1:0.0345:0.0345
ROOT g=26 t=11 ctx=def n=10 BLITZ:2:0.3333:0.1667 FOUL:1:0.0833:0.0833 REPOSITION:6:0.5000:0.0833 END_TURN:1:0.0833:0.0833
ROOT g=26 t=12 ctx=off n=26 ADVANCE:1:0.1032:0.1032 CAGE:1:0.1032:0.1032 BLITZ:1:0.0331:0.0331 PASS_ACTION:6:0.1984:0.0331 FOUL:8:0.2646:0.0331 REPOSITION:8:0.2646:0.0331 END_TURN:1:0.0331:0.0331
ROOT g=26 t=13 ctx=def n=9 BLITZ:2:0.3429:0.1714 FOUL:1:0.0952:0.0952 REPOSITION:5:0.4762:0.0952 END_TURN:1:0.0857:0.0857
ROOT g=26 t=14 ctx=off n=26 ADVANCE:1:0.1032:0.1032 CAGE:1:0.1032:0.1032 BLITZ:1:0.0331:0.0331 PASS_ACTION:6:0.1984:0.0331 FOUL:8:0.2646:0.0331 REPOSITION:8:0.2646:0.0331 END_TURN:1:0.0331:0.0331
ROOT g=26 t=15 ctx=def n=7 BLITZ:2:0.3733:0.1867 REPOSITION:4:0.5333:0.1333 END_TURN:1:0.0933:0.0933
ROOT g=26 t=16 ctx=off n=21 ADVANCE:1:0.0881:0.0881 CAGE:1:0.0881:0.0881 BLITZ:1:0.0350:0.0350 BLOCK:3:0.2643:0.0881 PASS_ACTION:8:0.2797:0.0350 REPOSITION:6:0.2098:0.0350 END_TURN:1:0.0350:0.0350
ROOT g=26 t=17 ctx=def n=12 BLITZ:2:0.3243:0.1622 REPOSITION:9:0.6081:0.0676 END_TURN:1:0.0676:0.0676
ROOT g=26 t=18 ctx=off n=17 ADVANCE:1:0.0878:0.0878 CAGE:1:0.0878:0.0878 BLITZ:1:0.0430:0.0430 BLOCK:4:0.3511:0.0878 PASS_ACTION:5:0.2151:0.0430 REPOSITION:4:0.1721:0.0430 END_TURN:1:0.0430:0.0430
ROOT g=26 t=19 ctx=def n=16 BLITZ:2:0.2469:0.1235 BLOCK:6:0.4444:0.0741 FOUL:1:0.0386:0.0386 REPOSITION:6:0.2315:0.0386 END_TURN:1:0.0386:0.0386
ROOT g=26 t=20 ctx=off n=9 ADVANCE:1:0.1192:0.1192 CAGE:1:0.1192:0.1192 BLITZ:1:0.1104:0.1104 PASS_ACTION:1:0.1104:0.1104 REPOSITION:4:0.4415:0.1104 END_TURN:1:0.0993:0.0993
ROOT g=26 t=21 ctx=def n=19 BLITZ:2:0.3089:0.1545 FOUL:6:0.2439:0.0407 REPOSITION:10:0.4065:0.0407 END_TURN:1:0.0407:0.0407
ROOT g=26 t=22 ctx=off n=8 ADVANCE:1:0.1282:0.1282 CAGE:1:0.1282:0.1282 BLITZ:1:0.1282:0.1282 REPOSITION:4:0.5128:0.1282 END_TURN:1:0.1026:0.1026
ROOT g=26 t=23 ctx=def n=18 BLITZ:2:0.3103:0.1552 FOUL:5:0.2155:0.0431 REPOSITION:10:0.4310:0.0431 END_TURN:1:0.0431:0.0431
ROOT g=26 t=24 ctx=off n=9 ADVANCE:1:0.1192:0.1192 CAGE:1:0.1192:0.1192 BLITZ:1:0.1104:0.1104 PASS_ACTION:2:0.2208:0.1104 REPOSITION:3:0.3311:0.1104 END_TURN:1:0.0993:0.0993
ROOT g=26 t=25 ctx=def n=17 BLITZ:2:0.2977:0.1489 BLOCK:1:0.0893:0.0893 FOUL:4:0.1751:0.0438 REPOSITION:9:0.3940:0.0438 END_TURN:1:0.0438:0.0438
ROOT g=26 t=26 ctx=off n=9 ADVANCE:1:0.1192:0.1192 CAGE:1:0.1192:0.1192 BLITZ:1:0.1104:0.1104 PASS_ACTION:2:0.2208:0.1104 REPOSITION:3:0.3311:0.1104 END_TURN:1:0.0993:0.0993
ROOT g=26 t=27 ctx=def n=14 BLITZ:2:0.3182:0.1591 FOUL:2:0.1136:0.0568 REPOSITION:9:0.5114:0.0568 END_TURN:1:0.0568:0.0568
ROOT g=26 t=28 ctx=def n=8 BLITZ:2:0.3556:0.1778 FOUL:1:0.1111:0.1111 REPOSITION:4:0.4444:0.1111 END_TURN:1:0.0889:0.0889
ROOT g=26 t=29 ctx=off n=19 ADVANCE:1:0.1058:0.1058 CAGE:1:0.1058:0.1058 BLITZ:1:0.0464:0.0464 PASS_ACTION:7:0.3247:0.0464 REPOSITION:8:0.3711:0.0464 END_TURN:1:0.0464:0.0464
ROOT g=26 t=30 ctx=def n=6 BLITZ:2:0.4000:0.2000 REPOSITION:3:0.5000:0.1667 END_TURN:1:0.1000:0.1000
ROOT g=26 t=31 ctx=off n=19 ADVANCE:1:0.0898:0.0898 CAGE:1:0.0898:0.0898 BLITZ:1:0.0394:0.0394 BLOCK:3:0.2693:0.0898 PASS_ACTION:4:0.1575:0.0394 FOUL:1:0.0394:0.0394 REPOSITION:7:0.2756:0.0394 END_TURN:1:0.0394:0.0394
ROOT g=27 t=0 ctx=off n=21 ADVANCE:1:0.0881:0.0881 CAGE:1:0.0881:0.0881 BLITZ:1:0.0350:0.0350 BLOCK:3:0.2643:0.0881 PASS_ACTION:8:0.2797:0.0350 REPOSITION:6:0.2098:0.0350 END_TURN:1:0.0350:0.0350
ROOT g=27 t=1 ctx=def n=14 BLITZ:2:0.2851:0.1426 BLOCK:3:0.2566:0.0855 REPOSITION:8:0.4073:0.0509 END_TURN:1:0.0509:0.0509
ROOT g=27 t=2 ctx=off n=18 ADVANCE:1:0.1063:0.1063 CAGE:1:0.1063:0.1063 BLITZ:1:0.0492:0.0492 PASS_ACTION:6:0.2953:0.0492 REPOSITION:8:0.3937:0.0492 END_TURN:1:0.0492:0.0492
ROOT g=27 t=3 ctx=def n=14 BLITZ:2:0.3063:0.1532 BLOCK:1:0.0919:0.0919 FOUL:1:0.0547:0.0547 REPOSITION:9:0.4923:0.0547 END_TURN:1:0.0547:0.0547
ROOT g=27 t=4 ctx=off n=21 ADVANCE:1:0.1048:0.1048 CAGE:1:0.1048:0.1048 BLITZ:1:0.0416:0.0416 PASS_ACTION:6:0.2496:0.0416 FOUL:3:0.1248:0.0416 REPOSITION:8:0.3328:0.0416 END_TURN:1:0.0416:0.0416
ROOT g=27 t=5 ctx=def n=13 BLITZ:2:0.3103:0.1551 BLOCK:1:0.0931:0.0931 FOUL:1:0.0597:0.0597 REPOSITION:8:0.4773:0.0597 END_TURN:1:0.0597:0.0597
ROOT g=27 t=6 ctx=off n=21 ADVANCE:1:0.1048:0.1048 CAGE:1:0.1048:0.1048 BLITZ:1:0.0416:0.0416 PASS_ACTION:6:0.2496:0.0416 FOUL:3:0.1248:0.0416 REPOSITION:8:0.3328:0.0416 END_TURN:1:0.0416:0.0416
ROOT g=27 t=7 ctx=def n=11 BLITZ:2:0.3284:0.1642 FOUL:1:0.0746:0.0746 REPOSITION:7:0.5224:0.0746 END_TURN:1:0.0746:0.0746
ROOT g=27 t=8 ctx=loose n=15 BLITZ:1:0.0495:0.0495 BLOCK:4:0.3564:0.0891 PICKUP:1:0.1485:0.1485 FOUL:3:0.1485:0.0495 REPOSITION:5:0.2475:0.0495 END_TURN:1:0.0495:0.0495
ROOT g=27 t=9 ctx=loose n=15 BLITZ:1:0.0588:0.0588 PICKUP:1:0.1765:0.1765 FOUL:6:0.3529:0.0588 REPOSITION:6:0.3529:0.0588 END_TURN:1:0.0588:0.0588
ROOT g=27 t=10 ctx=loose n=14 BLITZ:1:0.0559:0.0559 PICKUP:1:0.2737:0.2737 FOUL:3:0.1676:0.0559 REPOSITION:8:0.4469:0.0559 END_TURN:1:0.0559:0.0559
ROOT g=27 t=11 ctx=loose n=14 BLITZ:1:0.0519:0.0519 BLOCK:2:0.1745:0.0872 PICKUP:1:0.2544:0.2544 FOUL:5:0.2596:0.0519 REPOSITION:4:0.2077:0.0519 END_TURN:1:0.0519:0.0519
ROOT g=27 t=12 ctx=loose n=14 BLITZ:1:0.0559:0.0559 PICKUP:1:0.2737:0.2737 FOUL:3:0.1676:0.0559 REPOSITION:8:0.4469:0.0559 END_TURN:1:0.0559:0.0559
ROOT g=27 t=13 ctx=loose n=12 BLITZ:1:0.0658:0.0658 PICKUP:1:0.2763:0.2763 FOUL:3:0.1974:0.0658 REPOSITION:6:0.3947:0.0658 END_TURN:1:0.0658:0.0658
ROOT g=27 t=14 ctx=loose n=12 BLITZ:1:0.0658:0.0658 PICKUP:1:0.2763:0.2763 FOUL:2:0.1316:0.0658 REPOSITION:7:0.4605:0.0658 END_TURN:1:0.0658:0.0658
ROOT g=27 t=15 ctx=loose n=11 BLITZ:1:0.0722:0.0722 PICKUP:1:0.2780:0.2780 FOUL:2:0.1444:0.0722 REPOSITION:6:0.4332:0.0722 END_TURN:1:0.0722:0.0722
ROOT g=27 t=16 ctx=loose n=13 BLITZ:1:0.0614:0.0614 BLOCK:3:0.2875:0.0958 PICKUP:1:0.1597:0.1597 REPOSITION:7:0.4300:0.0614 END_TURN:1:0.0614:0.0614
ROOT g=27 t=17 ctx=def n=14 BLITZ:2:0.2756:0.1378 BLOCK:4:0.3307:0.0827 REPOSITION:7:0.3445:0.0492 END_TURN:1:0.0492:0.0492
ROOT g=27 t=18 ctx=off n=20 ADVANCE:1:0.1053:0.1053 CAGE:1:0.1053:0.1053 BLITZ:1:0.0439:0.0439 PASS_ACTION:8:0.3509:0.0439 REPOSITION:8:0.3509:0.0439 END_TURN:1:0.0439:0.0439
ROOT g=27 t=19 ctx=def n=14 BLITZ:2:0.3182:0.1591 FOUL:1:0.0568:0.0568 REPOSITION:10:0.5682:0.0568 END_TURN:1:0.0568:0.0568
ROOT g=27 t=20 ctx=off n=20 ADVANCE:1:0.1053:0.1053 CAGE:1:0.1053:0.1053 BLITZ:1:0.0439:0.0439 PASS_ACTION:8:0.3509:0.0439 REPOSITION:8:0.3509:0.0439 END_TURN:1:0.0439:0.0439
ROOT g=27 t=21 ctx=def n=14 BLITZ:2:0.3182:0.1591 FOUL:1:0.0568:0.0568 REPOSITION:10:0.5682:0.0568 END_TURN:1:0.0568:0.0568
ROOT g=27 t=22 ctx=off n=20 ADVANCE:1:0.1053:0.1053 CAGE:1:0.1053:0.1053 BLITZ:1:0.0439:0.0439 PASS_ACTION:8:0.3509:0.0439 REPOSITION:8:0.3509:0.0439 END_TURN:1:0.0439:0.0439
ROOT g=27 t=23 ctx=def n=14 BLITZ:2:0.3182:0.1591 FOUL:1:0.0568:0.0568 REPOSITION:10:0.5682:0.0568 END_TURN:1:0.0568:0.0568
ROOT g=27 t=24 ctx=off n=18 ADVANCE:1:0.1063:0.1063 CAGE:1:0.1063:0.1063 BLITZ:1:0.0492:0.0492 PASS_ACTION:6:0.2953:0.0492 REPOSITION:8:0.3937:0.0492 END_TURN:1:0.0492:0.0492
ROOT g=27 t=25 ctx=def n=14 BLITZ:2:0.3182:0.1591 FOUL:1:0.0568:0.0568 REPOSITION:10:0.5682:0.0568 END_TURN:1:0.0568:0.0568
ROOT g=27 t=26 ctx=off n=16 ADVANCE:1:0.0932:0.0932 CAGE:1:0.0932:0.0932 BLITZ:1:0.0485:0.0485 BLOCK:3:0.2796:0.0932 PASS_ACTION:3:0.1456:0.0485 REPOSITION:6:0.2913:0.0485 END_TURN:1:0.0485:0.0485
ROOT g=27 t=27 ctx=def n=12 BLITZ:2:0.3243:0.1622 REPOSITION:9:0.6081:0.0676 END_TURN:1:0.0676:0.0676
ROOT g=27 t=28 ctx=off n=18 ADVANCE:1:0.1063:0.1063 CAGE:1:0.1063:0.1063 BLITZ:1:0.0492:0.0492 PASS_ACTION:2:0.0984:0.0492 FOUL:4:0.1969:0.0492 REPOSITION:8:0.3937:0.0492 END_TURN:1:0.0492:0.0492
ROOT g=27 t=29 ctx=def n=11 BLITZ:2:0.3284:0.1642 REPOSITION:8:0.5970:0.0746 END_TURN:1:0.0746:0.0746
ROOT g=27 t=30 ctx=def n=12 BLITZ:2:0.3061:0.1531 BLOCK:2:0.1837:0.0918 FOUL:1:0.0638:0.0638 REPOSITION:6:0.3827:0.0638 END_TURN:1:0.0638:0.0638
ROOT g=27 t=31 ctx=def n=9 BLITZ:2:0.3352:0.1676 BLOCK:3:0.3017:0.1006 REPOSITION:3:0.2793:0.0931 END_TURN:1:0.0838:0.0838
ROOT g=28 t=0 ctx=loose n=13 BLITZ:1:0.0614:0.0614 BLOCK:3:0.2875:0.0958 PICKUP:1:0.1597:0.1597 REPOSITION:7:0.4300:0.0614 END_TURN:1:0.0614:0.0614
ROOT g=28 t=1 ctx=def n=10 BLITZ:2:0.3333:0.1667 REPOSITION:7:0.5833:0.0833 END_TURN:1:0.0833:0.0833
ROOT g=28 t=2 ctx=off n=24 ADVANCE:1:0.1037:0.1037 CAGE:1:0.1037:0.1037 BLITZ:1:0.0360:0.0360 PASS_ACTION:10:0.3602:0.0360 FOUL:2:0.0720:0.0360 REPOSITION:8:0.2882:0.0360 END_TURN:1:0.0360:0.0360
ROOT g=28 t=3 ctx=def n=9 BLITZ:2:0.3429:0.1714 REPOSITION:6:0.5714:0.0952 END_TURN:1:0.0857:0.0857
ROOT g=28 t=4 ctx=off n=22 ADVANCE:1:0.0924:0.0924 CAGE:1:0.0924:0.0924 BLITZ:1:0.0350:0.0350 BLOCK:2:0.1849:0.0924 PASS_ACTION:8:0.2801:0.0350 FOUL:2:0.0700:0.0350 REPOSITION:6:0.2101:0.0350 END_TURN:1:0.0350:0.0350
ROOT g=28 t=5 ctx=def n=8 BLITZ:2:0.3556:0.1778 REPOSITION:5:0.5556:0.1111 END_TURN:1:0.0889:0.0889
ROOT g=28 t=6 ctx=off n=20 ADVANCE:1:0.0938:0.0938 CAGE:1:0.0938:0.0938 BLITZ:1:0.0391:0.0391 BLOCK:2:0.1875:0.0938 PASS_ACTION:7:0.2734:0.0391 FOUL:1:0.0391:0.0391 REPOSITION:6:0.2344:0.0391 END_TURN:1:0.0391:0.0391
ROOT g=28 t=7 ctx=def n=11 BLITZ:2:0.3284:0.1642 FOUL:2:0.1493:0.0746 REPOSITION:6:0.4478:0.0746 END_TURN:1:0.0746:0.0746
ROOT g=28 t=8 ctx=off n=20 ADVANCE:1:0.0938:0.0938 CAGE:1:0.0938:0.0938 BLITZ:1:0.0391:0.0391 BLOCK:2:0.1875:0.0938 PASS_ACTION:7:0.2734:0.0391 FOUL:1:0.0391:0.0391 REPOSITION:6:0.2344:0.0391 END_TURN:1:0.0391:0.0391
ROOT g=28 t=9 ctx=def n=9 BLITZ:2:0.3429:0.1714 REPOSITION:6:0.5714:0.0952 END_TURN:1:0.0857:0.0857
ROOT g=28 t=10 ctx=off n=15 ADVANCE:1:0.1084:0.1084 CAGE:1:0.1084:0.1084 BLITZ:1:0.0602:0.0602 PASS_ACTION:6:0.3614:0.0602 FOUL:1:0.0602:0.0602 REPOSITION:4:0.2410:0.0602 END_TURN:1:0.0602:0.0602
ROOT g=28 t=11 ctx=def n=11 BLITZ:2:0.3134:0.1567 BLOCK:2:0.1880:0.0940 FOUL:1:0.0712:0.0712 REPOSITION:5:0.3561:0.0712 END_TURN:1:0.0712:0.0712
ROOT g=28 t=12 ctx=off n=12 ADVANCE:1:0.1118:0.1118 CAGE:1:0.1118:0.1118 BLITZ:1:0.0776:0.0776 PASS_ACTION:4:0.3106:0.0776 REPOSITION:4:0.3106:0.0776 END_TURN:1:0.0776:0.0776
ROOT g=28 t=13 ctx=def n=11 BLITZ:2:0.3284:0.1642 FOUL:2:0.1493:0.0746 REPOSITION:6:0.4478:0.0746 END_TURN:1:0.0746:0.0746
ROOT g=28 t=14 ctx=off n=11 ADVANCE:1:0.1134:0.1134 CAGE:1:0.1134:0.1134 BLITZ:1:0.0859:0.0859 PASS_ACTION:3:0.2577:0.0859 REPOSITION:4:0.3436:0.0859 END_TURN:1:0.0859:0.0859
ROOT g=28 t=15 ctx=def n=15 BLITZ:2:0.3158:0.1579 FOUL:4:0.2105:0.0526 REPOSITION:8:0.4211:0.0526 END_TURN:1:0.0526:0.0526
ROOT g=28 t=16 ctx=loose n=13 BLITZ:1:0.0614:0.0614 BLOCK:3:0.2875:0.0958 PICKUP:1:0.1597:0.1597 REPOSITION:7:0.4300:0.0614 END_TURN:1:0.0614:0.0614
ROOT g=28 t=17 ctx=def n=10 BLITZ:2:0.3333:0.1667 REPOSITION:7:0.5833:0.0833 END_TURN:1:0.0833:0.0833
ROOT g=28 t=18 ctx=off n=20 ADVANCE:1:0.0805:0.0805 CAGE:1:0.0805:0.0805 BLITZ:1:0.0336:0.0336 BLOCK:5:0.4027:0.0805 PASS_ACTION:5:0.1678:0.0336 FOUL:2:0.0671:0.0336 REPOSITION:4:0.1342:0.0336 END_TURN:1:0.0336:0.0336
ROOT g=28 t=19 ctx=def n=8 BLITZ:2:0.3556:0.1778 REPOSITION:5:0.5556:0.1111 END_TURN:1:0.0889:0.0889
ROOT g=28 t=20 ctx=off n=25 ADVANCE:1:0.1034:0.1034 CAGE:1:0.1034:0.1034 BLITZ:1:0.0345:0.0345 PASS_ACTION:7:0.2414:0.0345 FOUL:6:0.2069:0.0345 REPOSITION:8:0.2759:0.0345 END_TURN:1:0.0345:0.0345
ROOT g=28 t=21 ctx=def n=7 BLITZ:2:0.3733:0.1867 REPOSITION:4:0.5333:0.1333 END_TURN:1:0.0933:0.0933
ROOT g=28 t=22 ctx=off n=25 ADVANCE:1:0.1034:0.1034 CAGE:1:0.1034:0.1034 BLITZ:1:0.0345:0.0345 PASS_ACTION:7:0.2414:0.0345 FOUL:6:0.2069:0.0345 REPOSITION:8:0.2759:0.0345 END_TURN:1:0.0345:0.0345
ROOT g=28 t=23 ctx=def n=7 BLITZ:2:0.3733:0.1867 REPOSITION:4:0.5333:0.1333 END_TURN:1:0.0933:0.0933
ROOT g=28 t=24 ctx=off n=22 ADVANCE:1:0.1044:0.1044 CAGE:1:0.1044:0.1044 BLITZ:1:0.0396:0.0396 PASS_ACTION:6:0.2373:0.0396 FOUL:5:0.1978:0.0396 REPOSITION:7:0.2769:0.0396 END_TURN:1:0.0396:0.0396
ROOT g=28 t=25 ctx=def n=10 BLITZ:2:0.3279:0.1639 BLOCK:1:0.0984:0.0984 FOUL:2:0.1639:0.0820 REPOSITION:4:0.3279:0.0820 END_TURN:1:0.0820:0.0820
ROOT g=28 t=26 ctx=off n=16 ADVANCE:1:0.1076:0.1076 CAGE:1:0.1076:0.1076 BLITZ:1:0.0561:0.0561 PASS_ACTION:4:0.2242:0.0561 FOUL:3:0.1682:0.0561 REPOSITION:5:0.2803:0.0561 END_TURN:1:0.0561:0.0561
ROOT g=28 t=27 ctx=def n=9 BLITZ:2:0.3377:0.1689 BLOCK:2:0.2026:0.1013 FOUL:2:0.1876:0.0938 REPOSITION:2:0.1876:0.0938 END_TURN:1:0.0844:0.0844
ROOT g=28 t=28 ctx=loose n=10 BLITZ:1:0.0787:0.0787 BLOCK:1:0.0945:0.0945 PICKUP:1:0.2756:0.2756 FOUL:3:0.2362:0.0787 REPOSITION:3:0.2362:0.0787 END_TURN:1:0.0787:0.0787
ROOT g=28 t=29 ctx=loose n=10 BLITZ:1:0.0800:0.0800 PICKUP:1:0.2800:0.2800 FOUL:2:0.1600:0.0800 REPOSITION:5:0.4000:0.0800 END_TURN:1:0.0800:0.0800
ROOT g=28 t=30 ctx=loose n=11 BLITZ:1:0.0722:0.0722 PICKUP:1:0.2780:0.2780 FOUL:2:0.1444:0.0722 REPOSITION:6:0.4332:0.0722 END_TURN:1:0.0722:0.0722
ROOT g=28 t=31 ctx=loose n=11 BLITZ:1:0.0722:0.0722 PICKUP:1:0.2780:0.2780 FOUL:3:0.2166:0.0722 REPOSITION:5:0.3610:0.0722 END_TURN:1:0.0722:0.0722
ROOT g=29 t=0 ctx=loose n=13 BLITZ:1:0.0614:0.0614 BLOCK:3:0.2875:0.0958 PICKUP:1:0.1597:0.1597 REPOSITION:7:0.4300:0.0614 END_TURN:1:0.0614:0.0614
ROOT g=29 t=1 ctx=def n=14 BLITZ:2:0.3182:0.1591 FOUL:2:0.1136:0.0568 REPOSITION:9:0.5114:0.0568 END_TURN:1:0.0568:0.0568
ROOT g=29 t=2 ctx=off n=21 ADVANCE:1:0.0931:0.0931 CAGE:1:0.0931:0.0931 BLITZ:1:0.0369:0.0369 BLOCK:2:0.1861:0.0931 PASS_ACTION:9:0.3323:0.0369 FOUL:1:0.0369:0.0369 REPOSITION:5:0.1846:0.0369 END_TURN:1:0.0369:0.0369
ROOT g=29 t=3 ctx=def n=12 BLITZ:2:0.3243:0.1622 FOUL:2:0.1351:0.0676 REPOSITION:7:0.4730:0.0676 END_TURN:1:0.0676:0.0676
ROOT g=29 t=4 ctx=off n=22 ADVANCE:1:0.1044:0.1044 CAGE:1:0.1044:0.1044 BLITZ:1:0.0396:0.0396 PASS_ACTION:4:0.1582:0.0396 FOUL:6:0.2373:0.0396 REPOSITION:8:0.3165:0.0396 END_TURN:1:0.0396:0.0396
ROOT g=29 t=5 ctx=def n=11 BLITZ:2:0.3284:0.1642 FOUL:2:0.1493:0.0746 REPOSITION:6:0.4478:0.0746 END_TURN:1:0.0746:0.0746
ROOT g=29 t=6 ctx=off n=24 ADVANCE:1:0.1037:0.1037 CAGE:1:0.1037:0.1037 BLITZ:1:0.0360:0.0360 PASS_ACTION:4:0.1441:0.0360 FOUL:8:0.2882:0.0360 REPOSITION:8:0.2882:0.0360 END_TURN:1:0.0360:0.0360
ROOT g=29 t=7 ctx=def n=9 BLITZ:2:0.3429:0.1714 FOUL:1:0.0952:0.0952 REPOSITION:5:0.4762:0.0952 END_TURN:1:0.0857:0.0857
ROOT g=29 t=8 ctx=off n=24 ADVANCE:1:0.1037:0.1037 CAGE:1:0.1037:0.1037 BLITZ:1:0.0360:0.0360 PASS_ACTION:4:0.1441:0.0360 FOUL:8:0.2882:0.0360 REPOSITION:8:0.2882:0.0360 END_TURN:1:0.0360:0.0360
ROOT g=29 t=9 ctx=def n=8 BLITZ:2:0.3556:0.1778 FOUL:1:0.1111:0.1111 REPOSITION:4:0.4444:0.1111 END_TURN:1:0.0889:0.0889
ROOT g=29 t=10 ctx=off n=24 ADVANCE:1:0.1037:0.1037 CAGE:1:0.1037:0.1037 BLITZ:1:0.0360:0.0360 PASS_ACTION:4:0.1441:0.0360 FOUL:8:0.2882:0.0360 REPOSITION:8:0.2882:0.0360 END_TURN:1:0.0360:0.0360
ROOT g=29 t=11 ctx=def n=7 BLITZ:2:0.3733:0.1867 FOUL:1:0.1333:0.1333 REPOSITION:3:0.4000:0.1333 END_TURN:1:0.0933:0.0933
ROOT g=29 t=12 ctx=off n=24 ADVANCE:1:0.1037:0.1037 CAGE:1:0.1037:0.1037 BLITZ:1:0.0360:0.0360 PASS_ACTION:4:0.1441:0.0360 FOUL:8:0.2882:0.0360 REPOSITION:8:0.2882:0.0360 END_TURN:1:0.0360:0.0360
ROOT g=29 t=13 ctx=def n=4 BLITZ:2:0.5882:0.2941 REPOSITION:1:0.2941:0.2941 END_TURN:1:0.1176:0.1176
ROOT g=29 t=14 ctx=loose n=13 BLITZ:1:0.0584:0.0584 BLOCK:1:0.0912:0.0912 PICKUP:1:0.2659:0.2659 FOUL:1:0.0584:0.0584 REPOSITION:8:0.4676:0.0584 END_TURN:1:0.0584:0.0584
ROOT g=29 t=15 ctx=loose n=6 BLITZ:1:0.1493:0.1493 PICKUP:1:0.3134:0.3134 FOUL:1:0.1493:0.1493 REPOSITION:2:0.2985:0.1493 END_TURN:1:0.0896:0.0896
ROOT g=29 t=16 ctx=loose n=13 BLITZ:1:0.0614:0.0614 BLOCK:3:0.2875:0.0958 PICKUP:1:0.1597:0.1597 REPOSITION:7:0.4300:0.0614 END_TURN:1:0.0614:0.0614
ROOT g=29 t=17 ctx=def n=14 BLITZ:2:0.2954:0.1477 BLOCK:2:0.1772:0.0886 REPOSITION:9:0.4747:0.0527 END_TURN:1:0.0527:0.0527
ROOT g=29 t=18 ctx=off n=21 ADVANCE:1:0.0837:0.0837 CAGE:1:0.0837:0.0837 BLITZ:1:0.0332:0.0332 BLOCK:4:0.3347:0.0837 PASS_ACTION:8:0.2656:0.0332 REPOSITION:5:0.1660:0.0332 END_TURN:1:0.0332:0.0332
ROOT g=29 t=19 ctx=def n=12 BLITZ:2:0.3243:0.1622 REPOSITION:9:0.6081:0.0676 END_TURN:1:0.0676:0.0676
ROOT g=29 t=20 ctx=off n=21 ADVANCE:1:0.0986:0.0986 CAGE:1:0.0986:0.0986 BLITZ:1:0.0391:0.0391 BLOCK:1:0.0986:0.0986 PASS_ACTION:7:0.2739:0.0391 FOUL:1:0.0391:0.0391 REPOSITION:8:0.3130:0.0391 END_TURN:1:0.0391:0.0391
ROOT g=29 t=21 ctx=def n=12 BLITZ:2:0.3243:0.1622 REPOSITION:9:0.6081:0.0676 END_TURN:1:0.0676:0.0676
ROOT g=29 t=22 ctx=off n=23 ADVANCE:1:0.1041:0.1041 CAGE:1:0.1041:0.1041 BLITZ:1:0.0377:0.0377 PASS_ACTION:7:0.2640:0.0377 FOUL:3:0.1131:0.0377 REPOSITION:9:0.3394:0.0377 END_TURN:1:0.0377:0.0377
ROOT g=29 t=23 ctx=def n=11 BLITZ:2:0.3284:0.1642 REPOSITION:8:0.5970:0.0746 END_TURN:1:0.0746:0.0746
ROOT g=29 t=24 ctx=off n=24 ADVANCE:1:0.1037:0.1037 CAGE:1:0.1037:0.1037 BLITZ:1:0.0360:0.0360 PASS_ACTION:7:0.2522:0.0360 FOUL:4:0.1441:0.0360 REPOSITION:9:0.3242:0.0360 END_TURN:1:0.0360:0.0360
ROOT g=29 t=25 ctx=def n=10 BLITZ:2:0.3175:0.1587 BLOCK:3:0.2857:0.0952 REPOSITION:4:0.3175:0.0794 END_TURN:1:0.0794:0.0794
ROOT g=29 t=26 ctx=off n=15 ADVANCE:1:0.1084:0.1084 CAGE:1:0.1084:0.1084 BLITZ:1:0.0602:0.0602 PASS_ACTION:2:0.1205:0.0602 FOUL:1:0.0602:0.0602 REPOSITION:8:0.4819:0.0602 END_TURN:1:0.0602:0.0602
ROOT g=29 t=27 ctx=def n=12 BLITZ:2:0.3243:0.1622 FOUL:2:0.1351:0.0676 REPOSITION:7:0.4730:0.0676 END_TURN:1:0.0676:0.0676
ROOT g=29 t=28 ctx=off n=18 ADVANCE:1:0.1063:0.1063 CAGE:1:0.1063:0.1063 BLITZ:1:0.0492:0.0492 FOUL:6:0.2953:0.0492 REPOSITION:8:0.3937:0.0492 END_TURN:1:0.0492:0.0492
ROOT g=29 t=29 ctx=def n=11 BLITZ:2:0.3284:0.1642 FOUL:2:0.1493:0.0746 REPOSITION:6:0.4478:0.0746 END_TURN:1:0.0746:0.0746
ROOT g=29 t=30 ctx=off n=15 SCORE:1:0.4515:0.4515 CAGE:1:0.0602:0.0602 BLITZ:1:0.0334:0.0334 BLOCK:2:0.1204:0.0602 FOUL:2:0.0669:0.0334 REPOSITION:7:0.2341:0.0334 END_TURN:1:0.0334:0.0334
ROOT g=29 t=31 ctx=def n=8 BLITZ:2:0.3556:0.1778 REPOSITION:5:0.5556:0.1111 END_TURN:1:0.0889:0.0889
ROOT g=30 t=0 ctx=loose n=13 BLITZ:1:0.0614:0.0614 BLOCK:3:0.2875:0.0958 PICKUP:1:0.1597:0.1597 REPOSITION:7:0.4300:0.0614 END_TURN:1:0.0614:0.0614
ROOT g=30 t=1 ctx=def n=13 BLITZ:2:0.3103:0.1551 BLOCK:1:0.0931:0.0931 FOUL:1:0.0597:0.0597 REPOSITION:8:0.4773:0.0597 END_TURN:1:0.0597:0.0597
ROOT g=30 t=2 ctx=off n=22 ADVANCE:1:0.1044:0.1044 CAGE:1:0.1044:0.1044 BLITZ:1:0.0396:0.0396 PASS_ACTION:9:0.3560:0.0396 FOUL:1:0.0396:0.0396 REPOSITION:8:0.3165:0.0396 END_TURN:1:0.0396:0.0396
ROOT g=30 t=3 ctx=loose n=13 BLITZ:1:0.0660:0.0660 BLOCK:1:0.1029:0.1029 PICKUP:1:0.1715:0.1715 FOUL:1:0.0660:0.0660 REPOSITION:8:0.5277:0.0660 END_TURN:1:0.0660:0.0660
ROOT g=30 t=4 ctx=loose n=11 BLITZ:1:0.0820:0.0820 PICKUP:1:0.1803:0.1803 FOUL:1:0.0820:0.0820 REPOSITION:7:0.5738:0.0820 END_TURN:1:0.0820:0.0820
ROOT g=30 t=5 ctx=def n=11 BLITZ:2:0.3207:0.1603 BLOCK:1:0.0962:0.0962 REPOSITION:7:0.5102:0.0729 END_TURN:1:0.0729:0.0729
ROOT g=30 t=6 ctx=off n=22 ADVANCE:1:0.1044:0.1044 CAGE:1:0.1044:0.1044 BLITZ:1:0.0396:0.0396 PASS_ACTION:5:0.1978:0.0396 FOUL:5:0.1978:0.0396 REPOSITION:8:0.3165:0.0396 END_TURN:1:0.0396:0.0396
ROOT g=30 t=7 ctx=def n=10 BLITZ:2:0.3279:0.1639 BLOCK:1:0.0984:0.0984 REPOSITION:6:0.4918:0.0820 END_TURN:1:0.0820:0.0820
ROOT g=30 t=8 ctx=off n=22 ADVANCE:1:0.1044:0.1044 CAGE:1:0.1044:0.1044 BLITZ:1:0.0396:0.0396 PASS_ACTION:5:0.1978:0.0396 FOUL:5:0.1978:0.0396 REPOSITION:8:0.3165:0.0396 END_TURN:1:0.0396:0.0396
ROOT g=30 t=9 ctx=def n=9 BLITZ:2:0.3403:0.1701 BLOCK:1:0.1021:0.1021 REPOSITION:5:0.4726:0.0945 END_TURN:1:0.0851:0.0851
ROOT g=30 t=10 ctx=off n=23 ADVANCE:1:0.1041:0.1041 CAGE:1:0.1041:0.1041 BLITZ:1:0.0377:0.0377 PASS_ACTION:5:0.1885:0.0377 FOUL:6:0.2262:0.0377 REPOSITION:8:0.3017:0.0377 END_TURN:1:0.0377:0.0377
ROOT g=30 t=11 ctx=def n=8 BLITZ:2:0.3556:0.1778 BLOCK:1:0.1111:0.1111 REPOSITION:4:0.4444:0.1111 END_TURN:1:0.0889:0.0889
ROOT g=30 t=12 ctx=off n=23 ADVANCE:1:0.1041:0.1041 CAGE:1:0.1041:0.1041 BLITZ:1:0.0377:0.0377 PASS_ACTION:5:0.1885:0.0377 FOUL:6:0.2262:0.0377 REPOSITION:8:0.3017:0.0377 END_TURN:1:0.0377:0.0377
ROOT g=30 t=13 ctx=def n=7 BLITZ:2:0.3733:0.1867 REPOSITION:4:0.5333:0.1333 END_TURN:1:0.0933:0.0933
ROOT g=30 t=14 ctx=off n=16 SCORE:1:0.4609:0.4609 CAGE:1:0.0615:0.0615 BLITZ:1:0.0320:0.0320 BLOCK:1:0.0615:0.0615 FOUL:3:0.0960:0.0320 REPOSITION:8:0.2561:0.0320 END_TURN:1:0.0320:0.0320
ROOT g=30 t=15 ctx=loose n=13 BLITZ:1:0.0549:0.0549 BLOCK:3:0.2567:0.0856 PICKUP:1:0.2496:0.2496 REPOSITION:7:0.3840:0.0549 END_TURN:1:0.0549:0.0549
ROOT g=30 t=16 ctx=loose n=13 BLITZ:1:0.0569:0.0569 BLOCK:3:0.2662:0.0887 PICKUP:1:0.2218:0.2218 REPOSITION:7:0.3982:0.0569 END_TURN:1:0.0569:0.0569
ROOT g=30 t=17 ctx=def n=10 BLITZ:2:0.3333:0.1667 REPOSITION:7:0.5833:0.0833 END_TURN:1:0.0833:0.0833
ROOT g=30 t=18 ctx=off n=23 ADVANCE:1:0.0976:0.0976 CAGE:1:0.0976:0.0976 BLITZ:1:0.0354:0.0354 BLOCK:1:0.0976:0.0976 PASS_ACTION:8:0.2829:0.0354 FOUL:2:0.0707:0.0354 REPOSITION:8:0.2829:0.0354 END_TURN:1:0.0354:0.0354
ROOT g=30 t=19 ctx=def n=11 BLITZ:2:0.3284:0.1642 REPOSITION:8:0.5970:0.0746 END_TURN:1:0.0746:0.0746
ROOT g=30 t=20 ctx=off n=17 ADVANCE:1:0.0878:0.0878 CAGE:1:0.0878:0.0878 BLITZ:1:0.0430:0.0430 BLOCK:4:0.3511:0.0878 PASS_ACTION:4:0.1721:0.0430 FOUL:1:0.0430:0.0430 REPOSITION:4:0.1721:0.0430 END_TURN:1:0.0430:0.0430
ROOT g=30 t=21 ctx=def n=11 BLITZ:2:0.3207:0.1603 BLOCK:1:0.0962:0.0962 REPOSITION:7:0.5102:0.0729 END_TURN:1:0.0729:0.0729
ROOT g=30 t=22 ctx=off n=16 ADVANCE:1:0.1076:0.1076 CAGE:1:0.1076:0.1076 BLITZ:1:0.0561:0.0561 PASS_ACTION:3:0.1682:0.0561 FOUL:3:0.1682:0.0561 REPOSITION:6:0.3363:0.0561 END_TURN:1:0.0561:0.0561
ROOT g=30 t=23 ctx=def n=15 BLITZ:2:0.3158:0.1579 FOUL:3:0.1579:0.0526 REPOSITION:9:0.4737:0.0526 END_TURN:1:0.0526:0.0526
ROOT g=30 t=24 ctx=off n=11 ADVANCE:1:0.1134:0.1134 CAGE:1:0.1134:0.1134 BLITZ:1:0.0859:0.0859 PASS_ACTION:1:0.0859:0.0859 REPOSITION:6:0.5155:0.0859 END_TURN:1:0.0859:0.0859
ROOT g=30 t=25 ctx=def n=14 BLITZ:2:0.3182:0.1591 FOUL:3:0.1705:0.0568 REPOSITION:8:0.4545:0.0568 END_TURN:1:0.0568:0.0568
ROOT g=30 t=26 ctx=off n=10 ADVANCE:1:0.1111:0.1111 CAGE:1:0.1111:0.1111 BLITZ:1:0.0926:0.0926 BLOCK:2:0.2222:0.1111 FOUL:1:0.0926:0.0926 REPOSITION:3:0.2778:0.0926 END_TURN:1:0.0926:0.0926
ROOT g=30 t=27 ctx=def n=12 BLITZ:2:0.3243:0.1622 FOUL:2:0.1351:0.0676 REPOSITION:7:0.4730:0.0676 END_TURN:1:0.0676:0.0676
ROOT g=30 t=28 ctx=off n=13 SCORE:1:0.2575:0.2575 CAGE:1:0.0883:0.0883 BLITZ:1:0.0566:0.0566 BLOCK:1:0.0883:0.0883 PASS_ACTION:1:0.0566:0.0566 FOUL:3:0.1698:0.0566 REPOSITION:4:0.2264:0.0566 END_TURN:1:0.0566:0.0566
ROOT g=30 t=29 ctx=loose n=13 BLITZ:1:0.0549:0.0549 BLOCK:3:0.2567:0.0856 PICKUP:1:0.2496:0.2496 REPOSITION:7:0.3840:0.0549 END_TURN:1:0.0549:0.0549
ROOT g=30 t=30 ctx=def n=13 BLITZ:2:0.3210:0.1605 REPOSITION:10:0.6173:0.0617 END_TURN:1:0.0617:0.0617
ROOT g=30 t=31 ctx=off n=22 ADVANCE:1:0.0924:0.0924 CAGE:1:0.0924:0.0924 BLITZ:1:0.0350:0.0350 BLOCK:2:0.1849:0.0924 PASS_ACTION:9:0.3151:0.0350 REPOSITION:7:0.2451:0.0350 END_TURN:1:0.0350:0.0350
ROOT g=31 t=0 ctx=loose n=13 BLITZ:1:0.0614:0.0614 BLOCK:3:0.2875:0.0958 PICKUP:1:0.1597:0.1597 REPOSITION:7:0.4300:0.0614 END_TURN:1:0.0614:0.0614
ROOT g=31 t=1 ctx=loose n=11 BLITZ:1:0.0909:0.0909 REPOSITION:9:0.8182:0.0909 END_TURN:1:0.0909:0.0909
ROOT g=31 t=2 ctx=loose n=13 BLITZ:1:0.0614:0.0614 BLOCK:3:0.2875:0.0958 PICKUP:1:0.1597:0.1597 REPOSITION:7:0.4300:0.0614 END_TURN:1:0.0614:0.0614
ROOT g=31 t=3 ctx=loose n=11 BLITZ:1:0.0909:0.0909 REPOSITION:9:0.8182:0.0909 END_TURN:1:0.0909:0.0909
ROOT g=31 t=4 ctx=loose n=13 BLITZ:1:0.0614:0.0614 BLOCK:3:0.2875:0.0958 PICKUP:1:0.1597:0.1597 REPOSITION:7:0.4300:0.0614 END_TURN:1:0.0614:0.0614
ROOT g=31 t=5 ctx=loose n=11 BLITZ:1:0.0909:0.0909 REPOSITION:9:0.8182:0.0909 END_TURN:1:0.0909:0.0909
ROOT g=31 t=6 ctx=loose n=13 BLITZ:1:0.0614:0.0614 BLOCK:3:0.2875:0.0958 PICKUP:1:0.1597:0.1597 REPOSITION:7:0.4300:0.0614 END_TURN:1:0.0614:0.0614
ROOT g=31 t=7 ctx=loose n=12 BLITZ:1:0.0746:0.0746 PICKUP:1:0.1791:0.1791 REPOSITION:9:0.6716:0.0746 END_TURN:1:0.0746:0.0746
ROOT g=31 t=8 ctx=loose n=13 BLITZ:1:0.0614:0.0614 BLOCK:3:0.2875:0.0958 PICKUP:1:0.1597:0.1597 REPOSITION:7:0.4300:0.0614 END_TURN:1:0.0614:0.0614
ROOT g=31 t=9 ctx=loose n=12 BLITZ:1:0.0746:0.0746 PICKUP:1:0.1791:0.1791 REPOSITION:9:0.6716:0.0746 END_TURN:1:0.0746:0.0746
ROOT g=31 t=10 ctx=loose n=13 BLITZ:1:0.0549:0.0549 BLOCK:3:0.2567:0.0856 PICKUP:1:0.2496:0.2496 REPOSITION:7:0.3840:0.0549 END_TURN:1:0.0549:0.0549
ROOT g=31 t=11 ctx=loose n=12 BLITZ:1:0.0658:0.0658 PICKUP:1:0.2763:0.2763 REPOSITION:9:0.5921:0.0658 END_TURN:1:0.0658:0.0658
ROOT g=31 t=12 ctx=loose n=13 BLITZ:1:0.0549:0.0549 BLOCK:3:0.2567:0.0856 PICKUP:1:0.2496:0.2496 REPOSITION:7:0.3840:0.0549 END_TURN:1:0.0549:0.0549
ROOT g=31 t=13 ctx=loose n=12 BLITZ:1:0.0658:0.0658 PICKUP:1:0.2763:0.2763 REPOSITION:9:0.5921:0.0658 END_TURN:1:0.0658:0.0658
ROOT g=31 t=14 ctx=loose n=13 BLITZ:1:0.0549:0.0549 BLOCK:3:0.2567:0.0856 PICKUP:1:0.2496:0.2496 REPOSITION:7:0.3840:0.0549 END_TURN:1:0.0549:0.0549
ROOT g=31 t=15 ctx=loose n=12 BLITZ:1:0.0658:0.0658 PICKUP:1:0.2763:0.2763 REPOSITION:9:0.5921:0.0658 END_TURN:1:0.0658:0.0658
ROOT g=31 t=16 ctx=loose n=13 BLITZ:1:0.0614:0.0614 BLOCK:3:0.2875:0.0958 PICKUP:1:0.1597:0.1597 REPOSITION:7:0.4300:0.0614 END_TURN:1:0.0614:0.0614
ROOT g=31 t=17 ctx=def n=13 BLITZ:2:0.3210:0.1605 REPOSITION:10:0.6173:0.0617 END_TURN:1:0.0617:0.0617
ROOT g=31 t=18 ctx=off n=23 ADVANCE:1:0.0868:0.0868 CAGE:1:0.0868:0.0868 BLITZ:1:0.0314:0.0314 BLOCK:3:0.2604:0.0868 PASS_ACTION:8:0.2516:0.0314 FOUL:1:0.0314:0.0314 REPOSITION:7:0.2201:0.0314 END_TURN:1:0.0314:0.0314
ROOT g=31 t=19 ctx=def n=13 BLITZ:2:0.2908:0.1454 BLOCK:3:0.2617:0.0872 REPOSITION:7:0.3915:0.0559 END_TURN:1:0.0559:0.0559
ROOT g=31 t=20 ctx=off n=21 ADVANCE:1:0.0881:0.0881 CAGE:1:0.0881:0.0881 BLITZ:1:0.0350:0.0350 BLOCK:3:0.2643:0.0881 PASS_ACTION:8:0.2797:0.0350 REPOSITION:6:0.2098:0.0350 END_TURN:1:0.0350:0.0350
ROOT g=31 t=21 ctx=def n=12 BLITZ:2:0.3061:0.1531 BLOCK:2:0.1837:0.0918 REPOSITION:7:0.4464:0.0638 END_TURN:1:0.0638:0.0638
ROOT g=31 t=22 ctx=off n=16 ADVANCE:1:0.1076:0.1076 CAGE:1:0.1076:0.1076 BLITZ:1:0.0561:0.0561 PASS_ACTION:6:0.3363:0.0561 REPOSITION:6:0.3363:0.0561 END_TURN:1:0.0561:0.0561
ROOT g=31 t=23 ctx=def n=16 BLITZ:2:0.3002:0.1501 BLOCK:1:0.0901:0.0901 FOUL:4:0.1876:0.0469 REPOSITION:8:0.3752:0.0469 END_TURN:1:0.0469:0.0469
ROOT g=31 t=24 ctx=loose n=9 BLITZ:1:0.1014:0.1014 BLOCK:2:0.2191:0.1095 PICKUP:1:0.1826:0.1826 FOUL:1:0.1014:0.1014 REPOSITION:3:0.3043:0.1014 END_TURN:1:0.0913:0.0913
ROOT g=31 t=25 ctx=loose n=15 BLITZ:1:0.0538:0.0538 BLOCK:2:0.1935:0.0968 PICKUP:1:0.1613:0.1613 FOUL:4:0.2151:0.0538 REPOSITION:6:0.3226:0.0538 END_TURN:1:0.0538:0.0538
ROOT g=31 t=26 ctx=loose n=11 BLITZ:1:0.0675:0.0675 BLOCK:3:0.2674:0.0891 PICKUP:1:0.2600:0.2600 FOUL:2:0.1350:0.0675 REPOSITION:3:0.2026:0.0675 END_TURN:1:0.0675:0.0675
ROOT g=31 t=27 ctx=loose n=15 BLITZ:1:0.0519:0.0519 PICKUP:1:0.2727:0.2727 FOUL:5:0.2597:0.0519 REPOSITION:7:0.3636:0.0519 END_TURN:1:0.0519:0.0519
ROOT g=31 t=28 ctx=loose n=9 BLITZ:1:0.0905:0.0905 PICKUP:1:0.2851:0.2851 FOUL:1:0.0905:0.0905 REPOSITION:5:0.4525:0.0905 END_TURN:1:0.0814:0.0814
ROOT g=31 t=29 ctx=loose n=14 BLITZ:1:0.0559:0.0559 PICKUP:1:0.2737:0.2737 FOUL:4:0.2235:0.0559 REPOSITION:7:0.3911:0.0559 END_TURN:1:0.0559:0.0559
ROOT g=31 t=30 ctx=loose n=10 BLITZ:1:0.0800:0.0800 PICKUP:1:0.2800:0.2800 FOUL:2:0.1600:0.0800 REPOSITION:5:0.4000:0.0800 END_TURN:1:0.0800:0.0800
ROOT g=31 t=31 ctx=loose n=12 BLITZ:1:0.0658:0.0658 PICKUP:1:0.2763:0.2763 FOUL:3:0.1974:0.0658 REPOSITION:6:0.3947:0.0658 END_TURN:1:0.0658:0.0658
ROOT g=32 t=0 ctx=loose n=13 BLITZ:1:0.0614:0.0614 BLOCK:3:0.2875:0.0958 PICKUP:1:0.1597:0.1597 REPOSITION:7:0.4300:0.0614 END_TURN:1:0.0614:0.0614
ROOT g=32 t=1 ctx=def n=11 BLITZ:2:0.3134:0.1567 BLOCK:2:0.1880:0.0940 REPOSITION:6:0.4274:0.0712 END_TURN:1:0.0712:0.0712
ROOT g=32 t=2 ctx=off n=23 ADVANCE:1:0.1041:0.1041 CAGE:1:0.1041:0.1041 BLITZ:1:0.0377:0.0377 PASS_ACTION:8:0.3017:0.0377 FOUL:4:0.1508:0.0377 REPOSITION:7:0.2640:0.0377 END_TURN:1:0.0377:0.0377
ROOT g=32 t=3 ctx=def n=9 BLITZ:2:0.3429:0.1714 REPOSITION:6:0.5714:0.0952 END_TURN:1:0.0857:0.0857
ROOT g=32 t=4 ctx=off n=23 ADVANCE:1:0.1041:0.1041 CAGE:1:0.1041:0.1041 BLITZ:1:0.0377:0.0377 PASS_ACTION:8:0.3017:0.0377 FOUL:4:0.1508:0.0377 REPOSITION:7:0.2640:0.0377 END_TURN:1:0.0377:0.0377
ROOT g=32 t=5 ctx=def n=8 BLITZ:2:0.3556:0.1778 REPOSITION:5:0.5556:0.1111 END_TURN:1:0.0889:0.0889
ROOT g=32 t=6 ctx=off n=25 ADVANCE:1:0.0909:0.0909 CAGE:1:0.0909:0.0909 BLITZ:1:0.0303:0.0303 BLOCK:2:0.1818:0.0909 PASS_ACTION:8:0.2424:0.0303 FOUL:4:0.1212:0.0303 REPOSITION:7:0.2121:0.0303 END_TURN:1:0.0303:0.0303
ROOT g=32 t=7 ctx=def n=8 BLITZ:2:0.3556:0.1778 REPOSITION:5:0.5556:0.1111 END_TURN:1:0.0889:0.0889
ROOT g=32 t=8 ctx=off n=25 ADVANCE:1:0.0909:0.0909 CAGE:1:0.0909:0.0909 BLITZ:1:0.0303:0.0303 BLOCK:2:0.1818:0.0909 PASS_ACTION:8:0.2424:0.0303 FOUL:4:0.1212:0.0303 REPOSITION:7:0.2121:0.0303 END_TURN:1:0.0303:0.0303
ROOT g=32 t=9 ctx=def n=8 BLITZ:2:0.3556:0.1778 BLOCK:3:0.3333:0.1111 REPOSITION:2:0.2222:0.1111 END_TURN:1:0.0889:0.0889
ROOT g=32 t=10 ctx=off n=25 ADVANCE:1:0.1034:0.1034 CAGE:1:0.1034:0.1034 BLITZ:1:0.0345:0.0345 PASS_ACTION:8:0.2759:0.0345 FOUL:5:0.1724:0.0345 REPOSITION:8:0.2759:0.0345 END_TURN:1:0.0345:0.0345
ROOT g=32 t=11 ctx=def n=7 BLITZ:2:0.3733:0.1867 REPOSITION:4:0.5333:0.1333 END_TURN:1:0.0933:0.0933
ROOT g=32 t=12 ctx=off n=21 ADVANCE:1:0.1048:0.1048 CAGE:1:0.1048:0.1048 BLITZ:1:0.0416:0.0416 PASS_ACTION:2:0.0832:0.0416 FOUL:5:0.2080:0.0416 REPOSITION:10:0.4160:0.0416 END_TURN:1:0.0416:0.0416
ROOT g=32 t=13 ctx=def n=5 BLITZ:2:0.4444:0.2222 REPOSITION:2:0.4444:0.2222 END_TURN:1:0.1111:0.1111
ROOT g=32 t=14 ctx=off n=21 SCORE:1:0.4676:0.4676 CAGE:1:0.0623:0.0623 BLITZ:1:0.0247:0.0247 FOUL:7:0.1732:0.0247 REPOSITION:10:0.2474:0.0247 END_TURN:1:0.0247:0.0247
ROOT g=32 t=15 ctx=loose n=13 BLITZ:1:0.0549:0.0549 BLOCK:3:0.2567:0.0856 PICKUP:1:0.2496:0.2496 REPOSITION:7:0.3840:0.0549 END_TURN:1:0.0549:0.0549
ROOT g=32 t=16 ctx=loose n=13 BLITZ:1:0.0569:0.0569 BLOCK:3:0.2662:0.0887 PICKUP:1:0.2218:0.2218 REPOSITION:7:0.3982:0.0569 END_TURN:1:0.0569:0.0569
ROOT g=32 t=17 ctx=loose n=11 BLITZ:1:0.0909:0.0909 REPOSITION:9:0.8182:0.0909 END_TURN:1:0.0909:0.0909
ROOT g=32 t=18 ctx=loose n=14 BLITZ:1:0.0455:0.0455 BLOCK:7:0.5355:0.0765 PICKUP:1:0.1913:0.1913 REPOSITION:4:0.1821:0.0455 END_TURN:1:0.0455:0.0455
ROOT g=32 t=19 ctx=loose n=11 BLITZ:1:0.0820:0.0820 PICKUP:1:0.1803:0.1803 REPOSITION:8:0.6557:0.0820 END_TURN:1:0.0820:0.0820
ROOT g=32 t=20 ctx=loose n=13 BLITZ:1:0.0569:0.0569 BLOCK:3:0.2662:0.0887 PICKUP:1:0.2218:0.2218 REPOSITION:7:0.3982:0.0569 END_TURN:1:0.0569:0.0569
ROOT g=32 t=21 ctx=loose n=14 BLITZ:1:0.0633:0.0633 PICKUP:1:0.1772:0.1772 FOUL:1:0.0633:0.0633 REPOSITION:10:0.6329:0.0633 END_TURN:1:0.0633:0.0633
ROOT g=32 t=22 ctx=loose n=12 BLITZ:1:0.0628:0.0628 BLOCK:3:0.2714:0.0905 PICKUP:1:0.2261:0.2261 REPOSITION:6:0.3769:0.0628 END_TURN:1:0.0628:0.0628
ROOT g=32 t=23 ctx=loose n=13 BLITZ:1:0.0685:0.0685 PICKUP:1:0.1781:0.1781 FOUL:1:0.0685:0.0685 REPOSITION:9:0.6164:0.0685 END_TURN:1:0.0685:0.0685
ROOT g=32 t=24 ctx=loose n=12 BLITZ:1:0.0628:0.0628 BLOCK:3:0.2714:0.0905 PICKUP:1:0.2261:0.2261 REPOSITION:6:0.3769:0.0628 END_TURN:1:0.0628:0.0628
ROOT g=32 t=25 ctx=loose n=15 BLITZ:1:0.0562:0.0562 BLOCK:1:0.1011:0.1011 PICKUP:1:0.1685:0.1685 FOUL:4:0.2247:0.0562 REPOSITION:7:0.3933:0.0562 END_TURN:1:0.0562:0.0562
ROOT g=32 t=26 ctx=def n=10 BLITZ:2:0.3279:0.1639 BLOCK:1:0.0984:0.0984 REPOSITION:6:0.4918:0.0820 END_TURN:1:0.0820:0.0820
ROOT g=32 t=27 ctx=off n=19 SCORE:1:0.0181:0.0181 CAGE:1:0.1089:0.1089 BLITZ:1:0.0478:0.0478 BLOCK:1:0.1089:0.1089 PASS_ACTION:3:0.1433:0.0478 FOUL:5:0.2388:0.0478 REPOSITION:6:0.2865:0.0478 END_TURN:1:0.0478:0.0478
ROOT g=32 t=28 ctx=def n=9 BLITZ:2:0.3403:0.1701 BLOCK:1:0.1021:0.1021 REPOSITION:5:0.4726:0.0945 END_TURN:1:0.0851:0.0851
ROOT g=32 t=29 ctx=off n=21 SCORE:1:0.2419:0.2419 CAGE:1:0.0829:0.0829 BLITZ:1:0.0329:0.0329 BLOCK:1:0.0829:0.0829 PASS_ACTION:3:0.0987:0.0329 FOUL:7:0.2303:0.0329 REPOSITION:6:0.1974:0.0329 END_TURN:1:0.0329:0.0329
ROOT g=32 t=30 ctx=loose n=12 BLITZ:1:0.0751:0.0751 BLOCK:3:0.3243:0.1081 REPOSITION:7:0.5255:0.0751 END_TURN:1:0.0751:0.0751
ROOT g=32 t=31 ctx=loose n=10 BLITZ:1:0.1000:0.1000 REPOSITION:8:0.8000:0.1000 END_TURN:1:0.1000:0.1000
ROOT g=33 t=0 ctx=loose n=13 BLITZ:1:0.0614:0.0614 BLOCK:3:0.2875:0.0958 PICKUP:1:0.1597:0.1597 REPOSITION:7:0.4300:0.0614 END_TURN:1:0.0614:0.0614
ROOT g=33 t=1 ctx=loose n=11 BLITZ:1:0.0909:0.0909 REPOSITION:9:0.8182:0.0909 END_TURN:1:0.0909:0.0909
ROOT g=33 t=2 ctx=loose n=15 BLITZ:1:0.0442:0.0442 BLOCK:7:0.5575:0.0796 PICKUP:1:0.1327:0.1327 REPOSITION:5:0.2212:0.0442 END_TURN:1:0.0442:0.0442
ROOT g=33 t=3 ctx=loose n=12 BLITZ:1:0.0746:0.0746 PICKUP:1:0.1791:0.1791 REPOSITION:9:0.6716:0.0746 END_TURN:1:0.0746:0.0746
ROOT g=33 t=4 ctx=loose n=14 BLITZ:1:0.0503:0.0503 BLOCK:6:0.5070:0.0845 PICKUP:1:0.1408:0.1408 REPOSITION:5:0.2515:0.0503 END_TURN:1:0.0503:0.0503
ROOT g=33 t=5 ctx=loose n=11 BLITZ:1:0.0820:0.0820 PICKUP:1:0.1803:0.1803 REPOSITION:8:0.6557:0.0820 END_TURN:1:0.0820:0.0820
ROOT g=33 t=6 ctx=loose n=13 BLITZ:1:0.0557:0.0557 BLOCK:6:0.5212:0.0869 PICKUP:1:0.1448:0.1448 REPOSITION:4:0.2227:0.0557 END_TURN:1:0.0557:0.0557
ROOT g=33 t=7 ctx=loose n=12 BLITZ:1:0.0746:0.0746 PICKUP:1:0.1791:0.1791 FOUL:1:0.0746:0.0746 REPOSITION:8:0.5970:0.0746 END_TURN:1:0.0746:0.0746
ROOT g=33 t=8 ctx=loose n=13 BLITZ:1:0.0557:0.0557 BLOCK:6:0.5212:0.0869 PICKUP:1:0.1448:0.1448 REPOSITION:4:0.2227:0.0557 END_TURN:1:0.0557:0.0557
ROOT g=33 t=9 ctx=loose n=11 BLITZ:1:0.0820:0.0820 PICKUP:1:0.1803:0.1803 FOUL:1:0.0820:0.0820 REPOSITION:7:0.5738:0.0820 END_TURN:1:0.0820:0.0820
ROOT g=33 t=10 ctx=loose n=15 BLITZ:1:0.0416:0.0416 BLOCK:6:0.4491:0.0748 PICKUP:1:0.2183:0.2183 FOUL:1:0.0416:0.0416 REPOSITION:5:0.2079:0.0416 END_TURN:1:0.0416:0.0416
ROOT g=33 t=11 ctx=loose n=11 BLITZ:1:0.0722:0.0722 PICKUP:1:0.2780:0.2780 FOUL:1:0.0722:0.0722 REPOSITION:7:0.5054:0.0722 END_TURN:1:0.0722:0.0722
ROOT g=33 t=12 ctx=loose n=15 BLITZ:1:0.0402:0.0402 BLOCK:7:0.5070:0.0724 PICKUP:1:0.2113:0.2113 FOUL:1:0.0402:0.0402 REPOSITION:4:0.1610:0.0402 END_TURN:1:0.0402:0.0402
ROOT g=33 t=13 ctx=loose n=11 BLITZ:1:0.0722:0.0722 PICKUP:1:0.2780:0.2780 FOUL:1:0.0722:0.0722 REPOSITION:7:0.5054:0.0722 END_TURN:1:0.0722:0.0722
ROOT g=33 t=14 ctx=loose n=14 BLITZ:1:0.0455:0.0455 BLOCK:6:0.4586:0.0764 PICKUP:1:0.2229:0.2229 FOUL:1:0.0455:0.0455 REPOSITION:4:0.1820:0.0455 END_TURN:1:0.0455:0.0455
ROOT g=33 t=15 ctx=loose n=10 BLITZ:1:0.0800:0.0800 PICKUP:1:0.2800:0.2800 REPOSITION:7:0.5600:0.0800 END_TURN:1:0.0800:0.0800
ROOT g=33 t=16 ctx=loose n=13 BLITZ:1:0.0614:0.0614 BLOCK:3:0.2875:0.0958 PICKUP:1:0.1597:0.1597 REPOSITION:7:0.4300:0.0614 END_TURN:1:0.0614:0.0614
ROOT g=33 t=17 ctx=def n=12 BLITZ:2:0.3243:0.1622 REPOSITION:9:0.6081:0.0676 END_TURN:1:0.0676:0.0676
ROOT g=33 t=18 ctx=off n=19 ADVANCE:1:0.0945:0.0945 CAGE:1:0.0945:0.0945 BLITZ:1:0.0415:0.0415 BLOCK:2:0.1891:0.0945 PASS_ACTION:5:0.2073:0.0415 FOUL:1:0.0415:0.0415 REPOSITION:7:0.2902:0.0415 END_TURN:1:0.0415:0.0415
ROOT g=33 t=19 ctx=def n=11 BLITZ:2:0.3207:0.1603 BLOCK:1:0.0962:0.0962 FOUL:1:0.0729:0.0729 REPOSITION:6:0.4373:0.0729 END_TURN:1:0.0729:0.0729
ROOT g=33 t=20 ctx=loose n=12 BLITZ:1:0.0679:0.0679 BLOCK:3:0.2935:0.0978 PICKUP:1:0.1630:0.1630 FOUL:1:0.0679:0.0679 REPOSITION:5:0.3397:0.0679 END_TURN:1:0.0679:0.0679
ROOT g=33 t=21 ctx=loose n=13 BLITZ:1:0.0685:0.0685 PICKUP:1:0.1781:0.1781 FOUL:2:0.1370:0.0685 REPOSITION:8:0.5479:0.0685 END_TURN:1:0.0685:0.0685
ROOT g=33 t=22 ctx=def n=11 BLITZ:2:0.3284:0.1642 REPOSITION:8:0.5970:0.0746 END_TURN:1:0.0746:0.0746
ROOT g=33 t=23 ctx=off n=16 ADVANCE:1:0.1076:0.1076 CAGE:1:0.1076:0.1076 BLITZ:1:0.0561:0.0561 FOUL:5:0.2803:0.0561 REPOSITION:7:0.3924:0.0561 END_TURN:1:0.0561:0.0561
ROOT g=33 t=24 ctx=def n=10 BLITZ:2:0.3333:0.1667 REPOSITION:7:0.5833:0.0833 END_TURN:1:0.0833:0.0833
ROOT g=33 t=25 ctx=off n=15 SCORE:1:0.1685:0.1685 CAGE:1:0.1011:0.1011 BLITZ:1:0.0562:0.0562 FOUL:3:0.1685:0.0562 REPOSITION:8:0.4494:0.0562 END_TURN:1:0.0562:0.0562
ROOT g=33 t=26 ctx=loose n=13 BLITZ:1:0.0549:0.0549 BLOCK:3:0.2567:0.0856 PICKUP:1:0.2496:0.2496 REPOSITION:7:0.3840:0.0549 END_TURN:1:0.0549:0.0549
ROOT g=33 t=27 ctx=loose n=11 BLITZ:1:0.0909:0.0909 REPOSITION:9:0.8182:0.0909 END_TURN:1:0.0909:0.0909
ROOT g=33 t=28 ctx=loose n=12 BLITZ:1:0.0605:0.0605 BLOCK:3:0.2615:0.0872 PICKUP:1:0.2542:0.2542 REPOSITION:6:0.3632:0.0605 END_TURN:1:0.0605:0.0605
ROOT g=33 t=29 ctx=loose n=12 BLITZ:1:0.0639:0.0639 BLOCK:1:0.0921:0.0921 PICKUP:1:0.2685:0.2685 REPOSITION:8:0.5115:0.0639 END_TURN:1:0.0639:0.0639
ROOT g=33 t=30 ctx=loose n=12 BLITZ:1:0.0575:0.0575 BLOCK:5:0.4138:0.0828 PICKUP:1:0.2414:0.2414 REPOSITION:4:0.2299:0.0575 END_TURN:1:0.0575:0.0575
ROOT g=33 t=31 ctx=loose n=12 BLITZ:1:0.0639:0.0639 BLOCK:1:0.0921:0.0921 PICKUP:1:0.2685:0.2685 FOUL:1:0.0639:0.0639 REPOSITION:7:0.4476:0.0639 END_TURN:1:0.0639:0.0639
ROOT g=34 t=0 ctx=loose n=13 BLITZ:1:0.0614:0.0614 BLOCK:3:0.2875:0.0958 PICKUP:1:0.1597:0.1597 REPOSITION:7:0.4300:0.0614 END_TURN:1:0.0614:0.0614
ROOT g=34 t=1 ctx=def n=12 BLITZ:2:0.3243:0.1622 REPOSITION:9:0.6081:0.0676 END_TURN:1:0.0676:0.0676
ROOT g=34 t=2 ctx=off n=22 ADVANCE:1:0.0981:0.0981 CAGE:1:0.0981:0.0981 BLITZ:1:0.0371:0.0371 BLOCK:1:0.0981:0.0981 PASS_ACTION:9:0.3343:0.0371 FOUL:1:0.0371:0.0371 REPOSITION:7:0.2600:0.0371 END_TURN:1:0.0371:0.0371
ROOT g=34 t=3 ctx=def n=11 BLITZ:2:0.3284:0.1642 REPOSITION:8:0.5970:0.0746 END_TURN:1:0.0746:0.0746
ROOT g=34 t=4 ctx=off n=21 ADVANCE:1:0.0760:0.0760 CAGE:1:0.0760:0.0760 BLITZ:1:0.0302:0.0302 BLOCK:6:0.4560:0.0760 PASS_ACTION:4:0.1206:0.0302 FOUL:3:0.0905:0.0302 REPOSITION:4:0.1206:0.0302 END_TURN:1:0.0302:0.0302
ROOT g=34 t=5 ctx=def n=10 BLITZ:2:0.3333:0.1667 REPOSITION:7:0.5833:0.0833 END_TURN:1:0.0833:0.0833
ROOT g=34 t=6 ctx=off n=23 ADVANCE:1:0.0976:0.0976 CAGE:1:0.0976:0.0976 BLITZ:1:0.0354:0.0354 BLOCK:1:0.0976:0.0976 PASS_ACTION:4:0.1414:0.0354 FOUL:6:0.2122:0.0354 REPOSITION:8:0.2829:0.0354 END_TURN:1:0.0354:0.0354
ROOT g=34 t=7 ctx=def n=9 BLITZ:2:0.3429:0.1714 REPOSITION:6:0.5714:0.0952 END_TURN:1:0.0857:0.0857
ROOT g=34 t=8 ctx=off n=23 ADVANCE:1:0.0822:0.0822 CAGE:1:0.0822:0.0822 BLITZ:1:0.0298:0.0298 BLOCK:4:0.3290:0.0822 PASS_ACTION:4:0.1192:0.0298 FOUL:6:0.1788:0.0298 REPOSITION:5:0.1490:0.0298 END_TURN:1:0.0298:0.0298
ROOT g=34 t=9 ctx=def n=7 BLITZ:2:0.3733:0.1867 REPOSITION:4:0.5333:0.1333 END_TURN:1:0.0933:0.0933
ROOT g=34 t=10 ctx=off n=23 ADVANCE:1:0.0919:0.0919 CAGE:1:0.0919:0.0919 BLITZ:1:0.0333:0.0333 BLOCK:2:0.1838:0.0919 PASS_ACTION:4:0.1332:0.0333 FOUL:6:0.1997:0.0333 REPOSITION:7:0.2330:0.0333 END_TURN:1:0.0333:0.0333
ROOT g=34 t=11 ctx=def n=6 BLITZ:2:0.4000:0.2000 BLOCK:1:0.1667:0.1667 REPOSITION:2:0.3333:0.1667 END_TURN:1:0.1000:0.1000
ROOT g=34 t=12 ctx=off n=19 ADVANCE:1:0.1058:0.1058 CAGE:1:0.1058:0.1058 BLITZ:1:0.0464:0.0464 PASS_ACTION:3:0.1391:0.0464 FOUL:5:0.2319:0.0464 REPOSITION:7:0.3247:0.0464 END_TURN:1:0.0464:0.0464
ROOT g=34 t=13 ctx=def n=7 BLITZ:2:0.3733:0.1867 REPOSITION:4:0.5333:0.1333 END_TURN:1:0.0933:0.0933
ROOT g=34 t=14 ctx=off n=16 SCORE:1:0.4749:0.4749 CAGE:1:0.0633:0.0633 BLITZ:1:0.0330:0.0330 FOUL:5:0.1649:0.0330 REPOSITION:7:0.2309:0.0330 END_TURN:1:0.0330:0.0330
ROOT g=34 t=15 ctx=def n=7 BLITZ:2:0.3733:0.1867 REPOSITION:4:0.5333:0.1333 END_TURN:1:0.0933:0.0933
ROOT g=34 t=16 ctx=loose n=13 BLITZ:1:0.0614:0.0614 BLOCK:3:0.2875:0.0958 PICKUP:1:0.1597:0.1597 REPOSITION:7:0.4300:0.0614 END_TURN:1:0.0614:0.0614
ROOT g=34 t=17 ctx=def n=12 BLITZ:2:0.3061:0.1531 BLOCK:2:0.1837:0.0918 REPOSITION:7:0.4464:0.0638 END_TURN:1:0.0638:0.0638
ROOT g=34 t=18 ctx=off n=24 ADVANCE:1:0.0972:0.0972 CAGE:1:0.0972:0.0972 BLITZ:1:0.0337:0.0337 BLOCK:1:0.0972:0.0972 PASS_ACTION:10:0.3374:0.0337 FOUL:1:0.0337:0.0337 REPOSITION:8:0.2699:0.0337 END_TURN:1:0.0337:0.0337
ROOT g=34 t=19 ctx=def n=11 BLITZ:2:0.3284:0.1642 REPOSITION:8:0.5970:0.0746 END_TURN:1:0.0746:0.0746
ROOT g=34 t=20 ctx=off n=25 ADVANCE:1:0.0968:0.0968 CAGE:1:0.0968:0.0968 BLITZ:1:0.0323:0.0323 BLOCK:1:0.0968:0.0968 PASS_ACTION:8:0.2581:0.0323 FOUL:4:0.1290:0.0323 REPOSITION:8:0.2581:0.0323 END_TURN:1:0.0323:0.0323
ROOT g=34 t=21 ctx=def n=10 BLITZ:2:0.3333:0.1667 REPOSITION:7:0.5833:0.0833 END_TURN:1:0.0833:0.0833
ROOT g=34 t=22 ctx=off n=25 ADVANCE:1:0.0968:0.0968 CAGE:1:0.0968:0.0968 BLITZ:1:0.0323:0.0323 BLOCK:1:0.0968:0.0968 PASS_ACTION:8:0.2581:0.0323 FOUL:4:0.1290:0.0323 REPOSITION:8:0.2581:0.0323 END_TURN:1:0.0323:0.0323
ROOT g=34 t=23 ctx=def n=10 BLITZ:2:0.3333:0.1667 REPOSITION:7:0.5833:0.0833 END_TURN:1:0.0833:0.0833
ROOT g=34 t=24 ctx=off n=25 ADVANCE:1:0.0968:0.0968 CAGE:1:0.0968:0.0968 BLITZ:1:0.0323:0.0323 BLOCK:1:0.0968:0.0968 PASS_ACTION:8:0.2581:0.0323 FOUL:4:0.1290:0.0323 REPOSITION:8:0.2581:0.0323 END_TURN:1:0.0323:0.0323
ROOT g=34 t=25 ctx=def n=11 BLITZ:2:0.3284:0.1642 REPOSITION:8:0.5970:0.0746 END_TURN:1:0.0746:0.0746
ROOT g=34 t=26 ctx=off n=18 ADVANCE:1:0.0865:0.0865 CAGE:1:0.0865:0.0865 BLITZ:1:0.0401:0.0401 BLOCK:4:0.3462:0.0865 PASS_ACTION:1:0.0401:0.0401 FOUL:2:0.0801:0.0401 REPOSITION:7:0.2804:0.0401 END_TURN:1:0.0401:0.0401
ROOT g=34 t=27 ctx=def n=9 BLITZ:2:0.3429:0.1714 FOUL:1:0.0952:0.0952 REPOSITION:5:0.4762:0.0952 END_TURN:1:0.0857:0.0857
ROOT g=34 t=28 ctx=off n=18 ADVANCE:1:0.1063:0.1063 CAGE:1:0.1063:0.1063 BLITZ:1:0.0492:0.0492 PASS_ACTION:2:0.0984:0.0492 FOUL:4:0.1969:0.0492 REPOSITION:8:0.3937:0.0492 END_TURN:1:0.0492:0.0492
ROOT g=34 t=29 ctx=def n=11 BLITZ:2:0.3064:0.1532 BLOCK:3:0.2758:0.0919 FOUL:2:0.1393:0.0696 REPOSITION:3:0.2089:0.0696 END_TURN:1:0.0696:0.0696
ROOT g=34 t=30 ctx=off n=16 ADVANCE:1:0.1076:0.1076 CAGE:1:0.1076:0.1076 BLITZ:1:0.0561:0.0561 PASS_ACTION:3:0.1682:0.0561 FOUL:3:0.1682:0.0561 REPOSITION:6:0.3363:0.0561 END_TURN:1:0.0561:0.0561
ROOT g=34 t=31 ctx=def n=13 BLITZ:2:0.3002:0.1501 BLOCK:2:0.1801:0.0901 FOUL:5:0.2887:0.0577 REPOSITION:3:0.1732:0.0577 END_TURN:1:0.0577:0.0577
ROOT g=35 t=0 ctx=loose n=13 BLITZ:1:0.0614:0.0614 BLOCK:3:0.2875:0.0958 PICKUP:1:0.1597:0.1597 REPOSITION:7:0.4300:0.0614 END_TURN:1:0.0614:0.0614
ROOT g=35 t=1 ctx=def n=12 BLITZ:2:0.3243:0.1622 REPOSITION:9:0.6081:0.0676 END_TURN:1:0.0676:0.0676
ROOT g=35 t=2 ctx=off n=17 ADVANCE:1:0.1014:0.1014 CAGE:1:0.1014:0.1014 BLITZ:1:0.0497:0.0497 BLOCK:1:0.1014:0.1014 PASS_ACTION:4:0.1988:0.0497 FOUL:1:0.0497:0.0497 REPOSITION:7:0.3479:0.0497 END_TURN:1:0.0497:0.0497
ROOT g=35 t=3 ctx=def n=12 BLITZ:2:0.3243:0.1622 FOUL:1:0.0676:0.0676 REPOSITION:8:0.5405:0.0676 END_TURN:1:0.0676:0.0676
ROOT g=35 t=4 ctx=off n=17 ADVANCE:1:0.1014:0.1014 CAGE:1:0.1014:0.1014 BLITZ:1:0.0497:0.0497 BLOCK:1:0.1014:0.1014 PASS_ACTION:4:0.1988:0.0497 FOUL:1:0.0497:0.0497 REPOSITION:7:0.3479:0.0497 END_TURN:1:0.0497:0.0497
ROOT g=35 t=5 ctx=def n=12 BLITZ:2:0.3061:0.1531 BLOCK:2:0.1837:0.0918 FOUL:1:0.0638:0.0638 REPOSITION:6:0.3827:0.0638 END_TURN:1:0.0638:0.0638
ROOT g=35 t=6 ctx=off n=14 ADVANCE:1:0.1094:0.1094 CAGE:1:0.1094:0.1094 BLITZ:1:0.0651:0.0651 PASS_ACTION:2:0.1302:0.0651 FOUL:2:0.1302:0.0651 REPOSITION:6:0.3906:0.0651 END_TURN:1:0.0651:0.0651
ROOT g=35 t=7 ctx=def n=13 BLITZ:2:0.3210:0.1605 FOUL:3:0.1852:0.0617 REPOSITION:7:0.4321:0.0617 END_TURN:1:0.0617:0.0617
ROOT g=35 t=8 ctx=off n=14 ADVANCE:1:0.0929:0.0929 CAGE:1:0.0929:0.0929 BLITZ:1:0.0553:0.0553 BLOCK:4:0.3717:0.0929 PASS_ACTION:2:0.1106:0.0553 FOUL:2:0.1106:0.0553 REPOSITION:2:0.1106:0.0553 END_TURN:1:0.0553:0.0553
ROOT g=35 t=9 ctx=def n=11 BLITZ:2:0.3134:0.1567 BLOCK:2:0.1880:0.0940 FOUL:2:0.1425:0.0712 REPOSITION:4:0.2849:0.0712 END_TURN:1:0.0712:0.0712
ROOT g=35 t=10 ctx=off n=18 ADVANCE:1:0.0908:0.0908 CAGE:1:0.0908:0.0908 BLITZ:1:0.0420:0.0420 BLOCK:3:0.2723:0.0908 PASS_ACTION:6:0.2521:0.0420 FOUL:3:0.1261:0.0420 REPOSITION:2:0.0840:0.0420 END_TURN:1:0.0420:0.0420
ROOT g=35 t=11 ctx=def n=8 BLITZ:2:0.3556:0.1778 BLOCK:1:0.1111:0.1111 REPOSITION:4:0.4444:0.1111 END_TURN:1:0.0889:0.0889
ROOT g=35 t=12 ctx=loose n=11 BLITZ:1:0.0722:0.0722 PICKUP:1:0.2780:0.2780 FOUL:4:0.2888:0.0722 REPOSITION:4:0.2888:0.0722 END_TURN:1:0.0722:0.0722
ROOT g=35 t=13 ctx=loose n=8 BLITZ:1:0.1042:0.1042 PICKUP:1:0.2917:0.2917 FOUL:1:0.1042:0.1042 REPOSITION:4:0.4167:0.1042 END_TURN:1:0.0833:0.0833
ROOT g=35 t=14 ctx=def n=10 BLITZ:2:0.3333:0.1667 FOUL:3:0.2500:0.0833 REPOSITION:4:0.3333:0.0833 END_TURN:1:0.0833:0.0833
ROOT g=35 t=15 ctx=off n=6 ADVANCE:1:0.1786:0.1786 CAGE:1:0.1786:0.1786 BLITZ:1:0.1786:0.1786 REPOSITION:2:0.3571:0.1786 END_TURN:1:0.1071:0.1071
ROOT g=35 t=16 ctx=loose n=13 BLITZ:1:0.0614:0.0614 BLOCK:3:0.2875:0.0958 PICKUP:1:0.1597:0.1597 REPOSITION:7:0.4300:0.0614 END_TURN:1:0.0614:0.0614
ROOT g=35 t=17 ctx=def n=10 BLITZ:2:0.3333:0.1667 REPOSITION:7:0.5833:0.0833 END_TURN:1:0.0833:0.0833
ROOT g=35 t=18 ctx=off n=22 ADVANCE:1:0.0924:0.0924 CAGE:1:0.0924:0.0924 BLITZ:1:0.0350:0.0350 BLOCK:2:0.1849:0.0924 PASS_ACTION:9:0.3151:0.0350 REPOSITION:7:0.2451:0.0350 END_TURN:1:0.0350:0.0350
ROOT g=35 t=19 ctx=def n=10 BLITZ:2:0.3333:0.1667 REPOSITION:7:0.5833:0.0833 END_TURN:1:0.0833:0.0833
ROOT g=35 t=20 ctx=off n=21 ADVANCE:1:0.0837:0.0837 CAGE:1:0.0837:0.0837 BLITZ:1:0.0332:0.0332 BLOCK:4:0.3347:0.0837 PASS_ACTION:6:0.1992:0.0332 FOUL:1:0.0332:0.0332 REPOSITION:6:0.1992:0.0332 END_TURN:1:0.0332:0.0332
ROOT g=35 t=21 ctx=def n=9 BLITZ:2:0.3429:0.1714 REPOSITION:6:0.5714:0.0952 END_TURN:1:0.0857:0.0857
ROOT g=35 t=22 ctx=off n=23 ADVANCE:1:0.0744:0.0744 CAGE:1:0.0744:0.0744 BLITZ:1:0.0270:0.0270 BLOCK:6:0.4466:0.0744 PASS_ACTION:7:0.1888:0.0270 FOUL:2:0.0539:0.0270 REPOSITION:4:0.1079:0.0270 END_TURN:1:0.0270:0.0270
ROOT g=35 t=23 ctx=def n=8 BLITZ:2:0.3556:0.1778 REPOSITION:5:0.5556:0.1111 END_TURN:1:0.0889:0.0889
ROOT g=35 t=24 ctx=off n=24 ADVANCE:1:0.1037:0.1037 CAGE:1:0.1037:0.1037 BLITZ:1:0.0360:0.0360 PASS_ACTION:6:0.2161:0.0360 FOUL:5:0.1801:0.0360 REPOSITION:9:0.3242:0.0360 END_TURN:1:0.0360:0.0360
ROOT g=35 t=25 ctx=def n=8 BLITZ:2:0.3556:0.1778 REPOSITION:5:0.5556:0.1111 END_TURN:1:0.0889:0.0889
ROOT g=35 t=26 ctx=off n=21 ADVANCE:1:0.1048:0.1048 CAGE:1:0.1048:0.1048 BLITZ:1:0.0416:0.0416 PASS_ACTION:4:0.1664:0.0416 FOUL:4:0.1664:0.0416 REPOSITION:9:0.3744:0.0416 END_TURN:1:0.0416:0.0416
ROOT g=35 t=27 ctx=def n=8 BLITZ:2:0.3556:0.1778 REPOSITION:5:0.5556:0.1111 END_TURN:1:0.0889:0.0889
ROOT g=35 t=28 ctx=off n=20 ADVANCE:1:0.1053:0.1053 CAGE:1:0.1053:0.1053 BLITZ:1:0.0439:0.0439 PASS_ACTION:4:0.1754:0.0439 FOUL:4:0.1754:0.0439 REPOSITION:8:0.3509:0.0439 END_TURN:1:0.0439:0.0439
ROOT g=35 t=29 ctx=def n=9 BLITZ:2:0.3429:0.1714 FOUL:1:0.0952:0.0952 REPOSITION:5:0.4762:0.0952 END_TURN:1:0.0857:0.0857
ROOT g=35 t=30 ctx=off n=18 ADVANCE:1:0.1063:0.1063 CAGE:1:0.1063:0.1063 BLITZ:1:0.0492:0.0492 PASS_ACTION:4:0.1969:0.0492 FOUL:3:0.1476:0.0492 REPOSITION:7:0.3445:0.0492 END_TURN:1:0.0492:0.0492
ROOT g=35 t=31 ctx=def n=9 BLITZ:2:0.3403:0.1701 BLOCK:1:0.1021:0.1021 FOUL:1:0.0945:0.0945 REPOSITION:4:0.3781:0.0945 END_TURN:1:0.0851:0.0851
ROOT g=36 t=0 ctx=loose n=13 BLITZ:1:0.0614:0.0614 BLOCK:3:0.2875:0.0958 PICKUP:1:0.1597:0.1597 REPOSITION:7:0.4300:0.0614 END_TURN:1:0.0614:0.0614
ROOT g=36 t=1 ctx=loose n=12 BLITZ:1:0.0746:0.0746 PICKUP:1:0.1791:0.1791 REPOSITION:9:0.6716:0.0746 END_TURN:1:0.0746:0.0746
ROOT g=36 t=2 ctx=loose n=14 BLITZ:1:0.0633:0.0633 PICKUP:1:0.1772:0.1772 REPOSITION:11:0.6962:0.0633 END_TURN:1:0.0633:0.0633
ROOT g=36 t=3 ctx=loose n=13 BLITZ:1:0.0685:0.0685 PICKUP:1:0.1781:0.1781 REPOSITION:10:0.6849:0.0685 END_TURN:1:0.0685:0.0685
ROOT g=36 t=4 ctx=loose n=14 BLITZ:1:0.0633:0.0633 PICKUP:1:0.1772:0.1772 REPOSITION:11:0.6962:0.0633 END_TURN:1:0.0633:0.0633
ROOT g=36 t=5 ctx=loose n=12 BLITZ:1:0.0746:0.0746 PICKUP:1:0.1791:0.1791 REPOSITION:9:0.6716:0.0746 END_TURN:1:0.0746:0.0746
ROOT g=36 t=6 ctx=loose n=14 BLITZ:1:0.0633:0.0633 PICKUP:1:0.1772:0.1772 REPOSITION:11:0.6962:0.0633 END_TURN:1:0.0633:0.0633
ROOT g=36 t=7 ctx=loose n=12 BLITZ:1:0.0746:0.0746 PICKUP:1:0.1791:0.1791 REPOSITION:9:0.6716:0.0746 END_TURN:1:0.0746:0.0746
ROOT g=36 t=8 ctx=loose n=14 BLITZ:1:0.0633:0.0633 PICKUP:1:0.1772:0.1772 REPOSITION:11:0.6962:0.0633 END_TURN:1:0.0633:0.0633
ROOT g=36 t=9 ctx=loose n=12 BLITZ:1:0.0746:0.0746 PICKUP:1:0.1791:0.1791 REPOSITION:9:0.6716:0.0746 END_TURN:1:0.0746:0.0746
ROOT g=36 t=10 ctx=loose n=14 BLITZ:1:0.0559:0.0559 PICKUP:1:0.2737:0.2737 REPOSITION:11:0.6145:0.0559 END_TURN:1:0.0559:0.0559
ROOT g=36 t=11 ctx=loose n=12 BLITZ:1:0.0658:0.0658 PICKUP:1:0.2763:0.2763 REPOSITION:9:0.5921:0.0658 END_TURN:1:0.0658:0.0658
ROOT g=36 t=12 ctx=loose n=14 BLITZ:1:0.0559:0.0559 PICKUP:1:0.2737:0.2737 REPOSITION:11:0.6145:0.0559 END_TURN:1:0.0559:0.0559
ROOT g=36 t=13 ctx=loose n=12 BLITZ:1:0.0658:0.0658 PICKUP:1:0.2763:0.2763 REPOSITION:9:0.5921:0.0658 END_TURN:1:0.0658:0.0658
ROOT g=36 t=14 ctx=loose n=14 BLITZ:1:0.0559:0.0559 PICKUP:1:0.2737:0.2737 REPOSITION:11:0.6145:0.0559 END_TURN:1:0.0559:0.0559
ROOT g=36 t=15 ctx=def n=11 BLITZ:2:0.3207:0.1603 BLOCK:1:0.0962:0.0962 REPOSITION:7:0.5102:0.0729 END_TURN:1:0.0729:0.0729
ROOT g=36 t=16 ctx=loose n=13 BLITZ:1:0.0614:0.0614 BLOCK:3:0.2875:0.0958 PICKUP:1:0.1597:0.1597 REPOSITION:7:0.4300:0.0614 END_TURN:1:0.0614:0.0614
ROOT g=36 t=17 ctx=def n=12 BLITZ:2:0.3243:0.1622 REPOSITION:9:0.6081:0.0676 END_TURN:1:0.0676:0.0676
ROOT g=36 t=18 ctx=off n=21 ADVANCE:1:0.0881:0.0881 CAGE:1:0.0881:0.0881 BLITZ:1:0.0350:0.0350 BLOCK:3:0.2643:0.0881 PASS_ACTION:9:0.3147:0.0350 REPOSITION:5:0.1748:0.0350 END_TURN:1:0.0350:0.0350
ROOT g=36 t=19 ctx=def n=13 BLITZ:2:0.2820:0.1410 BLOCK:4:0.3384:0.0846 REPOSITION:6:0.3254:0.0542 END_TURN:1:0.0542:0.0542
ROOT g=36 t=20 ctx=off n=11 ADVANCE:1:0.1104:0.1104 CAGE:1:0.1104:0.1104 BLITZ:1:0.0836:0.0836 BLOCK:1:0.1104:0.1104 PASS_ACTION:1:0.0836:0.0836 FOUL:1:0.0836:0.0836 REPOSITION:3:0.2508:0.0836 END_TURN:1:0.0836:0.0836 BLITZ_AND_SCORE:1:0.0836:0.0836
ROOT g=36 t=21 ctx=def n=15 BLITZ:2:0.3030:0.1515 BLOCK:1:0.0909:0.0909 FOUL:4:0.2020:0.0505 REPOSITION:7:0.3535:0.0505 END_TURN:1:0.0505:0.0505
ROOT g=36 t=22 ctx=off n=13 ADVANCE:1:0.1021:0.1021 CAGE:1:0.1021:0.1021 BLITZ:1:0.0654:0.0654 BLOCK:2:0.2042:0.1021 PASS_ACTION:1:0.0654:0.0654 FOUL:2:0.1309:0.0654 REPOSITION:3:0.1963:0.0654 END_TURN:1:0.0654:0.0654 BLITZ_AND_SCORE:1:0.0681:0.0681
ROOT g=36 t=23 ctx=def n=10 BLITZ:2:0.3333:0.1667 FOUL:1:0.0833:0.0833 REPOSITION:6:0.5000:0.0833 END_TURN:1:0.0833:0.0833
ROOT g=36 t=24 ctx=off n=13 SCORE:1:0.1551:0.1551 CAGE:1:0.0931:0.0931 BLITZ:1:0.0597:0.0597 FOUL:3:0.1790:0.0597 REPOSITION:5:0.2983:0.0597 END_TURN:1:0.0597:0.0597 BLITZ_AND_SCORE:1:0.1551:0.1551
ROOT g=36 t=25 ctx=loose n=13 BLITZ:1:0.0569:0.0569 BLOCK:3:0.2662:0.0887 PICKUP:1:0.2218:0.2218 REPOSITION:7:0.3982:0.0569 END_TURN:1:0.0569:0.0569
ROOT g=36 t=26 ctx=def n=10 BLITZ:2:0.3333:0.1667 REPOSITION:7:0.5833:0.0833 END_TURN:1:0.0833:0.0833
ROOT g=36 t=27 ctx=off n=22 ADVANCE:1:0.1044:0.1044 CAGE:1:0.1044:0.1044 BLITZ:1:0.0396:0.0396 PASS_ACTION:8:0.3165:0.0396 FOUL:2:0.0791:0.0396 REPOSITION:8:0.3165:0.0396 END_TURN:1:0.0396:0.0396
ROOT g=36 t=28 ctx=def n=8 BLITZ:2:0.3556:0.1778 REPOSITION:5:0.5556:0.1111 END_TURN:1:0.0889:0.0889
ROOT g=36 t=29 ctx=off n=22 ADVANCE:1:0.0981:0.0981 CAGE:1:0.0981:0.0981 BLITZ:1:0.0371:0.0371 BLOCK:1:0.0981:0.0981 PASS_ACTION:7:0.2600:0.0371 FOUL:3:0.1114:0.0371 REPOSITION:7:0.2600:0.0371 END_TURN:1:0.0371:0.0371
ROOT g=36 t=30 ctx=def n=9 BLITZ:2:0.3429:0.1714 REPOSITION:6:0.5714:0.0952 END_TURN:1:0.0857:0.0857
ROOT g=36 t=31 ctx=def n=12 BLITZ:2:0.3243:0.1622 FOUL:1:0.0676:0.0676 REPOSITION:8:0.5405:0.0676 END_TURN:1:0.0676:0.0676
ROOT g=37 t=0 ctx=loose n=13 BLITZ:1:0.0614:0.0614 BLOCK:3:0.2875:0.0958 PICKUP:1:0.1597:0.1597 REPOSITION:7:0.4300:0.0614 END_TURN:1:0.0614:0.0614
ROOT g=37 t=1 ctx=def n=13 BLITZ:2:0.2820:0.1410 BLOCK:4:0.3384:0.0846 REPOSITION:6:0.3254:0.0542 END_TURN:1:0.0542:0.0542
ROOT g=37 t=2 ctx=off n=20 ADVANCE:1:0.1053:0.1053 CAGE:1:0.1053:0.1053 BLITZ:1:0.0439:0.0439 PASS_ACTION:7:0.3070:0.0439 FOUL:1:0.0439:0.0439 REPOSITION:8:0.3509:0.0439 END_TURN:1:0.0439:0.0439
ROOT g=37 t=3 ctx=def n=11 BLITZ:2:0.3284:0.1642 REPOSITION:8:0.5970:0.0746 END_TURN:1:0.0746:0.0746
ROOT g=37 t=4 ctx=def n=12 BLITZ:2:0.3243:0.1622 REPOSITION:9:0.6081:0.0676 END_TURN:1:0.0676:0.0676
ROOT g=37 t=5 ctx=off n=17 ADVANCE:1:0.0919:0.0919 CAGE:1:0.0919:0.0919 BLITZ:1:0.0450:0.0450 BLOCK:3:0.2757:0.0919 PASS_ACTION:1:0.0450:0.0450 FOUL:4:0.1802:0.0450 REPOSITION:5:0.2252:0.0450 END_TURN:1:0.0450:0.0450
ROOT g=37 t=6 ctx=def n=11 BLITZ:2:0.3134:0.1567 BLOCK:2:0.1880:0.0940 REPOSITION:6:0.4274:0.0712 END_TURN:1:0.0712:0.0712
ROOT g=37 t=7 ctx=def n=10 BLITZ:2:0.3333:0.1667 FOUL:2:0.1667:0.0833 REPOSITION:5:0.4167:0.0833 END_TURN:1:0.0833:0.0833
ROOT g=37 t=8 ctx=off n=14 SCORE:1:0.1512:0.1512 CAGE:1:0.0907:0.0907 BLITZ:1:0.0540:0.0540 BLOCK:3:0.2721:0.0907 FOUL:4:0.2160:0.0540 REPOSITION:3:0.1620:0.0540 END_TURN:1:0.0540:0.0540
ROOT g=37 t=9 ctx=loose n=13 BLITZ:1:0.0569:0.0569 BLOCK:3:0.2662:0.0887 PICKUP:1:0.2218:0.2218 REPOSITION:7:0.3982:0.0569 END_TURN:1:0.0569:0.0569
ROOT g=37 t=10 ctx=def n=10 BLITZ:2:0.3333:0.1667 REPOSITION:7:0.5833:0.0833 END_TURN:1:0.0833:0.0833
ROOT g=37 t=11 ctx=off n=22 ADVANCE:1:0.1044:0.1044 CAGE:1:0.1044:0.1044 BLITZ:1:0.0396:0.0396 PASS_ACTION:9:0.3560:0.0396 FOUL:1:0.0396:0.0396 REPOSITION:8:0.3165:0.0396 END_TURN:1:0.0396:0.0396
ROOT g=37 t=12 ctx=def n=13 BLITZ:2:0.2908:0.1454 BLOCK:3:0.2617:0.0872 FOUL:1:0.0559:0.0559 REPOSITION:6:0.3356:0.0559 END_TURN:1:0.0559:0.0559
ROOT g=37 t=13 ctx=off n=17 ADVANCE:1:0.1069:0.1069 CAGE:1:0.1069:0.1069 BLITZ:1:0.0524:0.0524 PASS_ACTION:4:0.2096:0.0524 FOUL:1:0.0524:0.0524 REPOSITION:8:0.4193:0.0524 END_TURN:1:0.0524:0.0524
ROOT g=37 t=14 ctx=def n=12 BLITZ:2:0.3150:0.1575 BLOCK:1:0.0945:0.0945 FOUL:1:0.0656:0.0656 REPOSITION:7:0.4593:0.0656 END_TURN:1:0.0656:0.0656
ROOT g=37 t=15 ctx=off n=15 ADVANCE:1:0.1084:0.1084 CAGE:1:0.1084:0.1084 BLITZ:1:0.0602:0.0602 PASS_ACTION:3:0.1807:0.0602 REPOSITION:8:0.4819:0.0602 END_TURN:1:0.0602:0.0602
ROOT g=37 t=16 ctx=loose n=13 BLITZ:1:0.0569:0.0569 BLOCK:3:0.2662:0.0887 PICKUP:1:0.2218:0.2218 REPOSITION:7:0.3982:0.0569 END_TURN:1:0.0569:0.0569
ROOT g=37 t=17 ctx=def n=10 BLITZ:2:0.3333:0.1667 REPOSITION:7:0.5833:0.0833 END_TURN:1:0.0833:0.0833
ROOT g=37 t=18 ctx=off n=21 ADVANCE:1:0.1048:0.1048 CAGE:1:0.1048:0.1048 BLITZ:1:0.0416:0.0416 PASS_ACTION:8:0.3328:0.0416 FOUL:1:0.0416:0.0416 REPOSITION:8:0.3328:0.0416 END_TURN:1:0.0416:0.0416
ROOT g=37 t=19 ctx=def n=10 BLITZ:2:0.3333:0.1667 REPOSITION:7:0.5833:0.0833 END_TURN:1:0.0833:0.0833
ROOT g=37 t=20 ctx=off n=18 ADVANCE:1:0.1063:0.1063 CAGE:1:0.1063:0.1063 BLITZ:1:0.0492:0.0492 PASS_ACTION:6:0.2953:0.0492 REPOSITION:8:0.3937:0.0492 END_TURN:1:0.0492:0.0492
ROOT g=37 t=21 ctx=def n=10 BLITZ:2:0.3333:0.1667 REPOSITION:7:0.5833:0.0833 END_TURN:1:0.0833:0.0833
ROOT g=37 t=22 ctx=off n=18 ADVANCE:1:0.1063:0.1063 CAGE:1:0.1063:0.1063 BLITZ:1:0.0492:0.0492 PASS_ACTION:6:0.2953:0.0492 REPOSITION:8:0.3937:0.0492 END_TURN:1:0.0492:0.0492
ROOT g=37 t=23 ctx=def n=13 BLITZ:2:0.3210:0.1605 FOUL:2:0.1235:0.0617 REPOSITION:8:0.4938:0.0617 END_TURN:1:0.0617:0.0617
ROOT g=37 t=24 ctx=off n=19 ADVANCE:1:0.1058:0.1058 CAGE:1:0.1058:0.1058 BLITZ:1:0.0464:0.0464 PASS_ACTION:6:0.2783:0.0464 FOUL:1:0.0464:0.0464 REPOSITION:8:0.3711:0.0464 END_TURN:1:0.0464:0.0464
ROOT g=37 t=25 ctx=def n=12 BLITZ:2:0.3243:0.1622 FOUL:2:0.1351:0.0676 REPOSITION:7:0.4730:0.0676 END_TURN:1:0.0676:0.0676
ROOT g=37 t=26 ctx=off n=19 ADVANCE:1:0.1058:0.1058 CAGE:1:0.1058:0.1058 BLITZ:1:0.0464:0.0464 PASS_ACTION:6:0.2783:0.0464 FOUL:1:0.0464:0.0464 REPOSITION:8:0.3711:0.0464 END_TURN:1:0.0464:0.0464
ROOT g=37 t=27 ctx=def n=11 BLITZ:2:0.3284:0.1642 FOUL:2:0.1493:0.0746 REPOSITION:6:0.4478:0.0746 END_TURN:1:0.0746:0.0746
ROOT g=37 t=28 ctx=off n=19 ADVANCE:1:0.1058:0.1058 CAGE:1:0.1058:0.1058 BLITZ:1:0.0464:0.0464 PASS_ACTION:6:0.2783:0.0464 FOUL:1:0.0464:0.0464 REPOSITION:8:0.3711:0.0464 END_TURN:1:0.0464:0.0464
ROOT g=37 t=29 ctx=def n=10 BLITZ:2:0.3333:0.1667 FOUL:2:0.1667:0.0833 REPOSITION:5:0.4167:0.0833 END_TURN:1:0.0833:0.0833
ROOT g=37 t=30 ctx=off n=22 ADVANCE:1:0.1044:0.1044 CAGE:1:0.1044:0.1044 BLITZ:1:0.0396:0.0396 PASS_ACTION:6:0.2373:0.0396 FOUL:4:0.1582:0.0396 REPOSITION:8:0.3165:0.0396 END_TURN:1:0.0396:0.0396
ROOT g=37 t=31 ctx=def n=9 BLITZ:2:0.3429:0.1714 FOUL:2:0.1905:0.0952 REPOSITION:4:0.3810:0.0952 END_TURN:1:0.0857:0.0857
ROOT g=38 t=0 ctx=loose n=13 BLITZ:1:0.0614:0.0614 BLOCK:3:0.2875:0.0958 PICKUP:1:0.1597:0.1597 REPOSITION:7:0.4300:0.0614 END_TURN:1:0.0614:0.0614
ROOT g=38 t=1 ctx=def n=10 BLITZ:2:0.3333:0.1667 REPOSITION:7:0.5833:0.0833 END_TURN:1:0.0833:0.0833
ROOT g=38 t=2 ctx=off n=21 ADVANCE:1:0.0881:0.0881 CAGE:1:0.0881:0.0881 BLITZ:1:0.0350:0.0350 BLOCK:3:0.2643:0.0881 PASS_ACTION:8:0.2797:0.0350 FOUL:1:0.0350:0.0350 REPOSITION:5:0.1748:0.0350 END_TURN:1:0.0350:0.0350
ROOT g=38 t=3 ctx=def n=9 BLITZ:2:0.3429:0.1714 REPOSITION:6:0.5714:0.0952 END_TURN:1:0.0857:0.0857
ROOT g=38 t=4 ctx=off n=20 ADVANCE:1:0.0938:0.0938 CAGE:1:0.0938:0.0938 BLITZ:1:0.0391:0.0391 BLOCK:2:0.1875:0.0938 PASS_ACTION:7:0.2734:0.0391 FOUL:2:0.0781:0.0391 REPOSITION:5:0.1953:0.0391 END_TURN:1:0.0391:0.0391
ROOT g=38 t=5 ctx=def n=9 BLITZ:2:0.3429:0.1714 FOUL:1:0.0952:0.0952 REPOSITION:5:0.4762:0.0952 END_TURN:1:0.0857:0.0857
ROOT g=38 t=6 ctx=off n=18 ADVANCE:1:0.0954:0.0954 CAGE:1:0.0954:0.0954 BLITZ:1:0.0442:0.0442 BLOCK:2:0.1908:0.0954 PASS_ACTION:6:0.2650:0.0442 FOUL:1:0.0442:0.0442 REPOSITION:5:0.2208:0.0442 END_TURN:1:0.0442:0.0442
ROOT g=38 t=7 ctx=def n=13 BLITZ:2:0.3210:0.1605 FOUL:4:0.2469:0.0617 REPOSITION:6:0.3704:0.0617 END_TURN:1:0.0617:0.0617
ROOT g=38 t=8 ctx=off n=14 ADVANCE:1:0.1094:0.1094 CAGE:1:0.1094:0.1094 BLITZ:1:0.0651:0.0651 PASS_ACTION:5:0.3255:0.0651 REPOSITION:5:0.3255:0.0651 END_TURN:1:0.0651:0.0651
ROOT g=38 t=9 ctx=def n=14 BLITZ:2:0.3182:0.1591 FOUL:4:0.2273:0.0568 REPOSITION:7:0.3977:0.0568 END_TURN:1:0.0568:0.0568
ROOT g=38 t=10 ctx=off n=13 ADVANCE:1:0.1105:0.1105 CAGE:1:0.1105:0.1105 BLITZ:1:0.0708:0.0708 PASS_ACTION:3:0.2125:0.0708 REPOSITION:6:0.4249:0.0708 END_TURN:1:0.0708:0.0708
ROOT g=38 t=11 ctx=def n=14 BLITZ:2:0.3182:0.1591 FOUL:4:0.2273:0.0568 REPOSITION:7:0.3977:0.0568 END_TURN:1:0.0568:0.0568
ROOT g=38 t=12 ctx=off n=13 ADVANCE:1:0.0922:0.0922 CAGE:1:0.0922:0.0922 BLITZ:1:0.0591:0.0591 BLOCK:5:0.4610:0.0922 PASS_ACTION:2:0.1182:0.0591 REPOSITION:2:0.1182:0.0591 END_TURN:1:0.0591:0.0591
ROOT g=38 t=13 ctx=def n=12 BLITZ:2:0.3243:0.1622 FOUL:3:0.2027:0.0676 REPOSITION:6:0.4054:0.0676 END_TURN:1:0.0676:0.0676
ROOT g=38 t=14 ctx=off n=13 ADVANCE:1:0.1105:0.1105 CAGE:1:0.1105:0.1105 BLITZ:1:0.0708:0.0708 PASS_ACTION:2:0.1416:0.0708 FOUL:2:0.1416:0.0708 REPOSITION:5:0.3541:0.0708 END_TURN:1:0.0708:0.0708
ROOT g=38 t=15 ctx=def n=12 BLITZ:2:0.3243:0.1622 FOUL:3:0.2027:0.0676 REPOSITION:6:0.4054:0.0676 END_TURN:1:0.0676:0.0676
ROOT g=38 t=16 ctx=loose n=13 BLITZ:1:0.0614:0.0614 BLOCK:3:0.2875:0.0958 PICKUP:1:0.1597:0.1597 REPOSITION:7:0.4300:0.0614 END_TURN:1:0.0614:0.0614
ROOT g=38 t=17 ctx=def n=12 BLITZ:2:0.3061:0.1531 BLOCK:2:0.1837:0.0918 REPOSITION:7:0.4464:0.0638 END_TURN:1:0.0638:0.0638
ROOT g=38 t=18 ctx=off n=21 ADVANCE:1:0.1048:0.1048 CAGE:1:0.1048:0.1048 BLITZ:1:0.0416:0.0416 PASS_ACTION:8:0.3328:0.0416 FOUL:1:0.0416:0.0416 REPOSITION:8:0.3328:0.0416 END_TURN:1:0.0416:0.0416
ROOT g=38 t=19 ctx=def n=12 BLITZ:2:0.3061:0.1531 BLOCK:2:0.1837:0.0918 REPOSITION:7:0.4464:0.0638 END_TURN:1:0.0638:0.0638
ROOT g=38 t=20 ctx=off n=22 ADVANCE:1:0.1044:0.1044 CAGE:1:0.1044:0.1044 BLITZ:1:0.0396:0.0396 PASS_ACTION:7:0.2769:0.0396 FOUL:3:0.1187:0.0396 REPOSITION:8:0.3165:0.0396 END_TURN:1:0.0396:0.0396
ROOT g=38 t=21 ctx=def n=11 BLITZ:2:0.3134:0.1567 BLOCK:2:0.1880:0.0940 REPOSITION:6:0.4274:0.0712 END_TURN:1:0.0712:0.0712
ROOT g=38 t=22 ctx=off n=22 ADVANCE:1:0.1044:0.1044 CAGE:1:0.1044:0.1044 BLITZ:1:0.0396:0.0396 PASS_ACTION:7:0.2769:0.0396 FOUL:3:0.1187:0.0396 REPOSITION:8:0.3165:0.0396 END_TURN:1:0.0396:0.0396
ROOT g=38 t=23 ctx=def n=10 BLITZ:2:0.3333:0.1667 REPOSITION:7:0.5833:0.0833 END_TURN:1:0.0833:0.0833
ROOT g=38 t=24 ctx=off n=23 ADVANCE:1:0.1041:0.1041 CAGE:1:0.1041:0.1041 BLITZ:1:0.0377:0.0377 PASS_ACTION:7:0.2640:0.0377 FOUL:3:0.1131:0.0377 REPOSITION:9:0.3394:0.0377 END_TURN:1:0.0377:0.0377
ROOT g=38 t=25 ctx=def n=10 BLITZ:2:0.3333:0.1667 REPOSITION:7:0.5833:0.0833 END_TURN:1:0.0833:0.0833
ROOT g=38 t=26 ctx=off n=23 ADVANCE:1:0.1041:0.1041 CAGE:1:0.1041:0.1041 BLITZ:1:0.0377:0.0377 PASS_ACTION:7:0.2640:0.0377 FOUL:3:0.1131:0.0377 REPOSITION:9:0.3394:0.0377 END_TURN:1:0.0377:0.0377
ROOT g=38 t=27 ctx=def n=10 BLITZ:2:0.3333:0.1667 REPOSITION:7:0.5833:0.0833 END_TURN:1:0.0833:0.0833
ROOT g=38 t=28 ctx=off n=19 ADVANCE:1:0.1058:0.1058 CAGE:1:0.1058:0.1058 BLITZ:1:0.0464:0.0464 PASS_ACTION:3:0.1391:0.0464 FOUL:3:0.1391:0.0464 REPOSITION:9:0.4174:0.0464 END_TURN:1:0.0464:0.0464
ROOT g=38 t=29 ctx=def n=10 BLITZ:2:0.3333:0.1667 REPOSITION:7:0.5833:0.0833 END_TURN:1:0.0833:0.0833
ROOT g=38 t=30 ctx=off n=19 ADVANCE:1:0.1058:0.1058 CAGE:1:0.1058:0.1058 BLITZ:1:0.0464:0.0464 PASS_ACTION:3:0.1391:0.0464 FOUL:3:0.1391:0.0464 REPOSITION:9:0.4174:0.0464 END_TURN:1:0.0464:0.0464
ROOT g=38 t=31 ctx=def n=10 BLITZ:2:0.3333:0.1667 REPOSITION:7:0.5833:0.0833 END_TURN:1:0.0833:0.0833
ROOT g=39 t=0 ctx=loose n=13 BLITZ:1:0.0614:0.0614 BLOCK:3:0.2875:0.0958 PICKUP:1:0.1597:0.1597 REPOSITION:7:0.4300:0.0614 END_TURN:1:0.0614:0.0614
ROOT g=39 t=1 ctx=def n=11 BLITZ:2:0.3134:0.1567 BLOCK:2:0.1880:0.0940 REPOSITION:6:0.4274:0.0712 END_TURN:1:0.0712:0.0712
ROOT g=39 t=2 ctx=off n=24 ADVANCE:1:0.0972:0.0972 CAGE:1:0.0972:0.0972 BLITZ:1:0.0337:0.0337 BLOCK:1:0.0972:0.0972 PASS_ACTION:8:0.2699:0.0337 FOUL:3:0.1012:0.0337 REPOSITION:8:0.2699:0.0337 END_TURN:1:0.0337:0.0337
ROOT g=39 t=3 ctx=def n=11 BLITZ:2:0.3134:0.1567 BLOCK:2:0.1880:0.0940 REPOSITION:6:0.4274:0.0712 END_TURN:1:0.0712:0.0712
ROOT g=39 t=4 ctx=off n=21 ADVANCE:1:0.1048:0.1048 CAGE:1:0.1048:0.1048 BLITZ:1:0.0416:0.0416 PASS_ACTION:7:0.2912:0.0416 FOUL:2:0.0832:0.0416 REPOSITION:8:0.3328:0.0416 END_TURN:1:0.0416:0.0416
ROOT g=39 t=5 ctx=def n=10 BLITZ:2:0.3226:0.1613 BLOCK:2:0.1935:0.0968 REPOSITION:5:0.4032:0.0806 END_TURN:1:0.0806:0.0806
ROOT g=39 t=6 ctx=off n=21 ADVANCE:1:0.1048:0.1048 CAGE:1:0.1048:0.1048 BLITZ:1:0.0416:0.0416 PASS_ACTION:7:0.2912:0.0416 FOUL:2:0.0832:0.0416 REPOSITION:8:0.3328:0.0416 END_TURN:1:0.0416:0.0416
ROOT g=39 t=7 ctx=def n=9 BLITZ:2:0.3377:0.1689 BLOCK:2:0.2026:0.1013 REPOSITION:4:0.3752:0.0938 END_TURN:1:0.0844:0.0844
ROOT g=39 t=8 ctx=off n=21 ADVANCE:1:0.1048:0.1048 CAGE:1:0.1048:0.1048 BLITZ:1:0.0416:0.0416 PASS_ACTION:7:0.2912:0.0416 FOUL:2:0.0832:0.0416 REPOSITION:8:0.3328:0.0416 END_TURN:1:0.0416:0.0416
ROOT g=39 t=9 ctx=def n=8 BLITZ:2:0.3556:0.1778 BLOCK:2:0.2222:0.1111 REPOSITION:3:0.3333:0.1111 END_TURN:1:0.0889:0.0889
ROOT g=39 t=10 ctx=off n=22 ADVANCE:1:0.1044:0.1044 CAGE:1:0.1044:0.1044 BLITZ:1:0.0396:0.0396 PASS_ACTION:7:0.2769:0.0396 FOUL:3:0.1187:0.0396 REPOSITION:8:0.3165:0.0396 END_TURN:1:0.0396:0.0396
ROOT g=39 t=11 ctx=def n=6 BLITZ:2:0.4000:0.2000 REPOSITION:3:0.5000:0.1667 END_TURN:1:0.1000:0.1000
ROOT g=39 t=12 ctx=off n=22 ADVANCE:1:0.0683:0.0683 CAGE:1:0.0683:0.0683 BLITZ:1:0.0259:0.0259 PASS_ACTION:3:0.0776:0.0259 FOUL:4:0.1034:0.0259 REPOSITION:9:0.2327:0.0259 END_TURN:1:0.0259:0.0259 PASS_SCORE:1:0.1991:0.1991 CHAIN_SCORE:1:0.1991:0.1991
ROOT g=39 t=13 ctx=def n=6 BLITZ:2:0.4000:0.2000 REPOSITION:3:0.5000:0.1667 END_TURN:1:0.1000:0.1000
ROOT g=39 t=14 ctx=off n=25 ADVANCE:1:0.0484:0.0484 CAGE:1:0.0484:0.0484 BLITZ:1:0.0161:0.0161 PASS_ACTION:3:0.0484:0.0161 FOUL:7:0.1129:0.0161 REPOSITION:9:0.1452:0.0161 END_TURN:1:0.0161:0.0161 PASS_SCORE:1:0.2823:0.2823 CHAIN_SCORE:1:0.2823:0.2823
ROOT g=39 t=15 ctx=loose n=5 BLITZ:1:0.1905:0.1905 PICKUP:1:0.3333:0.3333 REPOSITION:2:0.3810:0.1905 END_TURN:1:0.0952:0.0952
ROOT g=39 t=16 ctx=loose n=13 BLITZ:1:0.0614:0.0614 BLOCK:3:0.2875:0.0958 PICKUP:1:0.1597:0.1597 REPOSITION:7:0.4300:0.0614 END_TURN:1:0.0614:0.0614
ROOT g=39 t=17 ctx=def n=10 BLITZ:2:0.3333:0.1667 REPOSITION:7:0.5833:0.0833 END_TURN:1:0.0833:0.0833
ROOT g=39 t=18 ctx=off n=27 ADVANCE:1:0.1029:0.1029 CAGE:1:0.1029:0.1029 BLITZ:1:0.0318:0.0318 PASS_ACTION:10:0.3177:0.0318 FOUL:5:0.1588:0.0318 REPOSITION:8:0.2541:0.0318 END_TURN:1:0.0318:0.0318
ROOT g=39 t=19 ctx=def n=9 BLITZ:2:0.3429:0.1714 REPOSITION:6:0.5714:0.0952 END_TURN:1:0.0857:0.0857
ROOT g=39 t=20 ctx=off n=24 ADVANCE:1:0.0972:0.0972 CAGE:1:0.0972:0.0972 BLITZ:1:0.0337:0.0337 BLOCK:1:0.0972:0.0972 PASS_ACTION:8:0.2699:0.0337 FOUL:5:0.1687:0.0337 REPOSITION:6:0.2024:0.0337 END_TURN:1:0.0337:0.0337
ROOT g=39 t=21 ctx=def n=8 BLITZ:2:0.3556:0.1778 REPOSITION:5:0.5556:0.1111 END_TURN:1:0.0889:0.0889
ROOT g=39 t=22 ctx=off n=24 ADVANCE:1:0.0972:0.0972 CAGE:1:0.0972:0.0972 BLITZ:1:0.0337:0.0337 BLOCK:1:0.0972:0.0972 PASS_ACTION:8:0.2699:0.0337 FOUL:5:0.1687:0.0337 REPOSITION:6:0.2024:0.0337 END_TURN:1:0.0337:0.0337
ROOT g=39 t=23 ctx=def n=7 BLITZ:2:0.3733:0.1867 REPOSITION:4:0.5333:0.1333 END_TURN:1:0.0933:0.0933
ROOT g=39 t=24 ctx=off n=24 ADVANCE:1:0.0972:0.0972 CAGE:1:0.0972:0.0972 BLITZ:1:0.0337:0.0337 BLOCK:1:0.0972:0.0972 PASS_ACTION:8:0.2699:0.0337 FOUL:5:0.1687:0.0337 REPOSITION:6:0.2024:0.0337 END_TURN:1:0.0337:0.0337
ROOT g=39 t=25 ctx=def n=7 BLITZ:2:0.3733:0.1867 REPOSITION:4:0.5333:0.1333 END_TURN:1:0.0933:0.0933
ROOT g=39 t=26 ctx=off n=25 ADVANCE:1:0.0857:0.0857 CAGE:1:0.0857:0.0857 BLITZ:1:0.0286:0.0286 BLOCK:3:0.2571:0.0857 PASS_ACTION:8:0.2286:0.0286 FOUL:4:0.1143:0.0286 REPOSITION:6:0.1714:0.0286 END_TURN:1:0.0286:0.0286
ROOT g=39 t=27 ctx=def n=6 BLITZ:2:0.4000:0.2000 REPOSITION:3:0.5000:0.1667 END_TURN:1:0.1000:0.1000
ROOT g=39 t=28 ctx=off n=22 ADVANCE:1:0.0829:0.0829 CAGE:1:0.0829:0.0829 BLITZ:1:0.0314:0.0314 BLOCK:4:0.3317:0.0829 PASS_ACTION:7:0.2198:0.0314 FOUL:3:0.0942:0.0314 REPOSITION:4:0.1256:0.0314 END_TURN:1:0.0314:0.0314
ROOT g=39 t=29 ctx=def n=6 BLITZ:2:0.4000:0.2000 FOUL:1:0.1667:0.1667 REPOSITION:2:0.3333:0.1667 END_TURN:1:0.1000:0.1000
ROOT g=39 t=30 ctx=off n=20 ADVANCE:1:0.0889:0.0889 CAGE:1:0.0889:0.0889 BLITZ:1:0.0370:0.0370 BLOCK:3:0.2667:0.0889 PASS_ACTION:6:0.2222:0.0370 FOUL:3:0.1111:0.0370 REPOSITION:4:0.1481:0.0370 END_TURN:1:0.0370:0.0370
ROOT g=39 t=31 ctx=def n=7 BLITZ:2:0.3733:0.1867 FOUL:1:0.1333:0.1333 REPOSITION:3:0.4000:0.1333 END_TURN:1:0.0933:0.0933
ROOT g=40 t=0 ctx=loose n=13 BLITZ:1:0.0614:0.0614 BLOCK:3:0.2875:0.0958 PICKUP:1:0.1597:0.1597 REPOSITION:7:0.4300:0.0614 END_TURN:1:0.0614:0.0614
ROOT g=40 t=1 ctx=def n=11 BLITZ:2:0.3207:0.1603 BLOCK:1:0.0962:0.0962 REPOSITION:7:0.5102:0.0729 END_TURN:1:0.0729:0.0729
ROOT g=40 t=2 ctx=off n=23 ADVANCE:1:0.0976:0.0976 CAGE:1:0.0976:0.0976 BLITZ:1:0.0354:0.0354 BLOCK:1:0.0976:0.0976 PASS_ACTION:9:0.3182:0.0354 FOUL:2:0.0707:0.0354 REPOSITION:7:0.2475:0.0354 END_TURN:1:0.0354:0.0354
ROOT g=40 t=3 ctx=def n=10 BLITZ:2:0.3279:0.1639 BLOCK:1:0.0984:0.0984 REPOSITION:6:0.4918:0.0820 END_TURN:1:0.0820:0.0820
ROOT g=40 t=4 ctx=off n=23 ADVANCE:1:0.1041:0.1041 CAGE:1:0.1041:0.1041 BLITZ:1:0.0377:0.0377 PASS_ACTION:8:0.3017:0.0377 FOUL:3:0.1131:0.0377 REPOSITION:8:0.3017:0.0377 END_TURN:1:0.0377:0.0377
ROOT g=40 t=5 ctx=def n=9 BLITZ:2:0.3403:0.1701 BLOCK:1:0.1021:0.1021 REPOSITION:5:0.4726:0.0945 END_TURN:1:0.0851:0.0851
ROOT g=40 t=6 ctx=off n=23 ADVANCE:1:0.1041:0.1041 CAGE:1:0.1041:0.1041 BLITZ:1:0.0377:0.0377 PASS_ACTION:8:0.3017:0.0377 FOUL:3:0.1131:0.0377 REPOSITION:8:0.3017:0.0377 END_TURN:1:0.0377:0.0377
ROOT g=40 t=7 ctx=def n=9 BLITZ:2:0.3403:0.1701 BLOCK:1:0.1021:0.1021 REPOSITION:5:0.4726:0.0945 END_TURN:1:0.0851:0.0851
ROOT g=40 t=8 ctx=off n=23 ADVANCE:1:0.1041:0.1041 CAGE:1:0.1041:0.1041 BLITZ:1:0.0377:0.0377 PASS_ACTION:8:0.3017:0.0377 FOUL:3:0.1131:0.0377 REPOSITION:8:0.3017:0.0377 END_TURN:1:0.0377:0.0377
ROOT g=40 t=9 ctx=def n=9 BLITZ:2:0.3403:0.1701 BLOCK:1:0.1021:0.1021 REPOSITION:5:0.4726:0.0945 END_TURN:1:0.0851:0.0851
ROOT g=40 t=10 ctx=off n=27 ADVANCE:1:0.1029:0.1029 CAGE:1:0.1029:0.1029 BLITZ:1:0.0318:0.0318 PASS_ACTION:8:0.2541:0.0318 FOUL:7:0.2224:0.0318 REPOSITION:8:0.2541:0.0318 END_TURN:1:0.0318:0.0318
ROOT g=40 t=11 ctx=def n=8 BLITZ:2:0.3556:0.1778 BLOCK:1:0.1111:0.1111 REPOSITION:4:0.4444:0.1111 END_TURN:1:0.0889:0.0889
ROOT g=40 t=12 ctx=off n=22 ADVANCE:1:0.1044:0.1044 CAGE:1:0.1044:0.1044 BLITZ:1:0.0396:0.0396 PASS_ACTION:6:0.2373:0.0396 FOUL:5:0.1978:0.0396 REPOSITION:7:0.2769:0.0396 END_TURN:1:0.0396:0.0396
ROOT g=40 t=13 ctx=def n=13 BLITZ:2:0.3210:0.1605 FOUL:4:0.2469:0.0617 REPOSITION:6:0.3704:0.0617 END_TURN:1:0.0617:0.0617
ROOT g=40 t=14 ctx=off n=14 SCORE:1:0.4795:0.4795 CAGE:1:0.0639:0.0639 BLITZ:1:0.0381:0.0381 FOUL:3:0.1142:0.0381 REPOSITION:7:0.2664:0.0381 END_TURN:1:0.0381:0.0381
ROOT g=40 t=15 ctx=loose n=13 BLITZ:1:0.0549:0.0549 BLOCK:3:0.2567:0.0856 PICKUP:1:0.2496:0.2496 REPOSITION:7:0.3840:0.0549 END_TURN:1:0.0549:0.0549
ROOT g=40 t=16 ctx=loose n=13 BLITZ:1:0.0569:0.0569 BLOCK:3:0.2662:0.0887 PICKUP:1:0.2218:0.2218 REPOSITION:7:0.3982:0.0569 END_TURN:1:0.0569:0.0569
ROOT g=40 t=17 ctx=def n=11 BLITZ:2:0.3284:0.1642 REPOSITION:8:0.5970:0.0746 END_TURN:1:0.0746:0.0746
ROOT g=40 t=18 ctx=off n=24 ADVANCE:1:0.0972:0.0972 CAGE:1:0.0972:0.0972 BLITZ:1:0.0337:0.0337 BLOCK:1:0.0972:0.0972 PASS_ACTION:8:0.2699:0.0337 FOUL:2:0.0675:0.0337 REPOSITION:9:0.3036:0.0337 END_TURN:1:0.0337:0.0337
ROOT g=40 t=19 ctx=def n=11 BLITZ:2:0.3284:0.1642 REPOSITION:8:0.5970:0.0746 END_TURN:1:0.0746:0.0746
ROOT g=40 t=20 ctx=off n=17 ADVANCE:1:0.1014:0.1014 CAGE:1:0.1014:0.1014 BLITZ:1:0.0497:0.0497 BLOCK:1:0.1014:0.1014 PASS_ACTION:1:0.0497:0.0497 FOUL:2:0.0994:0.0497 REPOSITION:9:0.4473:0.0497 END_TURN:1:0.0497:0.0497
ROOT g=40 t=21 ctx=def n=10 BLITZ:2:0.3333:0.1667 REPOSITION:7:0.5833:0.0833 END_TURN:1:0.0833:0.0833
ROOT g=40 t=22 ctx=off n=16 ADVANCE:1:0.1076:0.1076 CAGE:1:0.1076:0.1076 BLITZ:1:0.0561:0.0561 PASS_ACTION:2:0.1121:0.0561 FOUL:1:0.0561:0.0561 REPOSITION:9:0.5045:0.0561 END_TURN:1:0.0561:0.0561
ROOT g=40 t=23 ctx=def n=13 BLITZ:2:0.3210:0.1605 FOUL:3:0.1852:0.0617 REPOSITION:7:0.4321:0.0617 END_TURN:1:0.0617:0.0617
ROOT g=40 t=24 ctx=off n=14 ADVANCE:1:0.1094:0.1094 CAGE:1:0.1094:0.1094 BLITZ:1:0.0651:0.0651 PASS_ACTION:2:0.1302:0.0651 FOUL:1:0.0651:0.0651 REPOSITION:7:0.4557:0.0651 END_TURN:1:0.0651:0.0651
ROOT g=40 t=25 ctx=def n=13 BLITZ:2:0.3103:0.1551 BLOCK:1:0.0931:0.0931 FOUL:3:0.1790:0.0597 REPOSITION:6:0.3580:0.0597 END_TURN:1:0.0597:0.0597
ROOT g=40 t=26 ctx=off n=17 ADVANCE:1:0.1069:0.1069 CAGE:1:0.1069:0.1069 BLITZ:1:0.0524:0.0524 PASS_ACTION:2:0.1048:0.0524 FOUL:3:0.1572:0.0524 REPOSITION:8:0.4193:0.0524 END_TURN:1:0.0524:0.0524
ROOT g=40 t=27 ctx=def n=11 BLITZ:2:0.3284:0.1642 FOUL:2:0.1493:0.0746 REPOSITION:6:0.4478:0.0746 END_TURN:1:0.0746:0.0746
ROOT g=40 t=28 ctx=off n=14 ADVANCE:1:0.1094:0.1094 CAGE:1:0.1094:0.1094 BLITZ:1:0.0651:0.0651 PASS_ACTION:1:0.0651:0.0651 FOUL:2:0.1302:0.0651 REPOSITION:7:0.4557:0.0651 END_TURN:1:0.0651:0.0651
ROOT g=40 t=29 ctx=def n=10 BLITZ:2:0.3333:0.1667 FOUL:2:0.1667:0.0833 REPOSITION:5:0.4167:0.0833 END_TURN:1:0.0833:0.0833
ROOT g=40 t=30 ctx=off n=14 ADVANCE:1:0.1094:0.1094 CAGE:1:0.1094:0.1094 BLITZ:1:0.0651:0.0651 PASS_ACTION:1:0.0651:0.0651 FOUL:2:0.1302:0.0651 REPOSITION:7:0.4557:0.0651 END_TURN:1:0.0651:0.0651
ROOT g=40 t=31 ctx=def n=9 BLITZ:2:0.3429:0.1714 FOUL:2:0.1905:0.0952 REPOSITION:4:0.3810:0.0952 END_TURN:1:0.0857:0.0857
ROOT g=41 t=0 ctx=loose n=13 BLITZ:1:0.0614:0.0614 BLOCK:3:0.2875:0.0958 PICKUP:1:0.1597:0.1597 REPOSITION:7:0.4300:0.0614 END_TURN:1:0.0614:0.0614
ROOT g=41 t=1 ctx=def n=12 BLITZ:2:0.3061:0.1531 BLOCK:2:0.1837:0.0918 REPOSITION:7:0.4464:0.0638 END_TURN:1:0.0638:0.0638
ROOT g=41 t=2 ctx=off n=26 ADVANCE:1:0.1032:0.1032 CAGE:1:0.1032:0.1032 BLITZ:1:0.0331:0.0331 PASS_ACTION:10:0.3307:0.0331 FOUL:4:0.1323:0.0331 REPOSITION:8:0.2646:0.0331 END_TURN:1:0.0331:0.0331
ROOT g=41 t=3 ctx=def n=10 BLITZ:2:0.3333:0.1667 REPOSITION:7:0.5833:0.0833 END_TURN:1:0.0833:0.0833
ROOT g=41 t=4 ctx=off n=25 ADVANCE:1:0.1034:0.1034 CAGE:1:0.1034:0.1034 BLITZ:1:0.0345:0.0345 PASS_ACTION:8:0.2759:0.0345 FOUL:5:0.1724:0.0345 REPOSITION:8:0.2759:0.0345 END_TURN:1:0.0345:0.0345
ROOT g=41 t=5 ctx=def n=9 BLITZ:2:0.3429:0.1714 REPOSITION:6:0.5714:0.0952 END_TURN:1:0.0857:0.0857
ROOT g=41 t=6 ctx=off n=25 ADVANCE:1:0.1034:0.1034 CAGE:1:0.1034:0.1034 BLITZ:1:0.0345:0.0345 PASS_ACTION:8:0.2759:0.0345 FOUL:5:0.1724:0.0345 REPOSITION:8:0.2759:0.0345 END_TURN:1:0.0345:0.0345
ROOT g=41 t=7 ctx=def n=9 BLITZ:2:0.3377:0.1689 BLOCK:2:0.2026:0.1013 REPOSITION:4:0.3752:0.0938 END_TURN:1:0.0844:0.0844
ROOT g=41 t=8 ctx=off n=17 ADVANCE:1:0.1069:0.1069 CAGE:1:0.1069:0.1069 BLITZ:1:0.0524:0.0524 PASS_ACTION:4:0.2096:0.0524 FOUL:2:0.1048:0.0524 REPOSITION:7:0.3669:0.0524 END_TURN:1:0.0524:0.0524
ROOT g=41 t=9 ctx=loose n=9 BLITZ:1:0.1031:0.1031 PICKUP:1:0.1856:0.1856 FOUL:1:0.1031:0.1031 REPOSITION:5:0.5155:0.1031 END_TURN:1:0.0928:0.0928
ROOT g=41 t=10 ctx=loose n=13 BLITZ:1:0.0604:0.0604 PICKUP:1:0.2749:0.2749 FOUL:2:0.1208:0.0604 REPOSITION:8:0.4834:0.0604 END_TURN:1:0.0604:0.0604
ROOT g=41 t=11 ctx=def n=9 BLITZ:2:0.3429:0.1714 FOUL:2:0.1905:0.0952 REPOSITION:4:0.3810:0.0952 END_TURN:1:0.0857:0.0857
ROOT g=41 t=12 ctx=off n=19 ADVANCE:1:0.0998:0.0998 CAGE:1:0.0998:0.0998 BLITZ:1:0.0438:0.0438 BLOCK:1:0.0998:0.0998 PASS_ACTION:6:0.2627:0.0438 FOUL:2:0.0876:0.0438 REPOSITION:6:0.2627:0.0438 END_TURN:1:0.0438:0.0438
ROOT g=41 t=13 ctx=def n=7 BLITZ:2:0.3733:0.1867 FOUL:1:0.1333:0.1333 REPOSITION:3:0.4000:0.1333 END_TURN:1:0.0933:0.0933
ROOT g=41 t=14 ctx=off n=20 ADVANCE:1:0.0805:0.0805 CAGE:1:0.0805:0.0805 BLITZ:1:0.0336:0.0336 BLOCK:5:0.4027:0.0805 PASS_ACTION:2:0.0671:0.0336 FOUL:5:0.1678:0.0336 REPOSITION:4:0.1342:0.0336 END_TURN:1:0.0336:0.0336
ROOT g=41 t=15 ctx=def n=6 BLITZ:2:0.4000:0.2000 FOUL:1:0.1667:0.1667 REPOSITION:2:0.3333:0.1667 END_TURN:1:0.1000:0.1000
ROOT g=41 t=16 ctx=loose n=13 BLITZ:1:0.0614:0.0614 BLOCK:3:0.2875:0.0958 PICKUP:1:0.1597:0.1597 REPOSITION:7:0.4300:0.0614 END_TURN:1:0.0614:0.0614
ROOT g=41 t=17 ctx=def n=12 BLITZ:2:0.3243:0.1622 REPOSITION:9:0.6081:0.0676 END_TURN:1:0.0676:0.0676
ROOT g=41 t=18 ctx=off n=19 ADVANCE:1:0.0898:0.0898 CAGE:1:0.0898:0.0898 BLITZ:1:0.0394:0.0394 BLOCK:3:0.2693:0.0898 PASS_ACTION:7:0.2756:0.0394 REPOSITION:5:0.1969:0.0394 END_TURN:1:0.0394:0.0394
ROOT g=41 t=19 ctx=def n=14 BLITZ:2:0.2954:0.1477 BLOCK:2:0.1772:0.0886 FOUL:2:0.1055:0.0527 REPOSITION:7:0.3692:0.0527 END_TURN:1:0.0527:0.0527
ROOT g=41 t=20 ctx=off n=15 ADVANCE:1:0.1084:0.1084 CAGE:1:0.1084:0.1084 BLITZ:1:0.0602:0.0602 PASS_ACTION:5:0.3012:0.0602 FOUL:1:0.0602:0.0602 REPOSITION:5:0.3012:0.0602 END_TURN:1:0.0602:0.0602
ROOT g=41 t=21 ctx=def n=18 BLITZ:2:0.3103:0.1552 FOUL:5:0.2155:0.0431 REPOSITION:10:0.4310:0.0431 END_TURN:1:0.0431:0.0431
ROOT g=41 t=22 ctx=loose n=7 BLITZ:1:0.1408:0.1408 PICKUP:1:0.1972:0.1972 REPOSITION:4:0.5634:0.1408 END_TURN:1:0.0986:0.0986
ROOT g=41 t=23 ctx=loose n=17 BLITZ:1:0.0489:0.0489 BLOCK:1:0.0998:0.0998 PICKUP:1:0.1663:0.1663 FOUL:5:0.2446:0.0489 REPOSITION:8:0.3914:0.0489 END_TURN:1:0.0489:0.0489
ROOT g=41 t=24 ctx=loose n=9 BLITZ:1:0.1031:0.1031 PICKUP:1:0.1856:0.1856 FOUL:2:0.2062:0.1031 REPOSITION:4:0.4124:0.1031 END_TURN:1:0.0928:0.0928
ROOT g=41 t=25 ctx=loose n=16 BLITZ:1:0.0439:0.0439 BLOCK:5:0.4211:0.0842 PICKUP:1:0.1404:0.1404 FOUL:4:0.1754:0.0439 REPOSITION:4:0.1754:0.0439 END_TURN:1:0.0439:0.0439
ROOT g=41 t=26 ctx=loose n=9 BLITZ:1:0.0905:0.0905 PICKUP:1:0.2851:0.2851 FOUL:2:0.1810:0.0905 REPOSITION:4:0.3620:0.0905 END_TURN:1:0.0814:0.0814
ROOT g=41 t=27 ctx=loose n=11 BLITZ:1:0.0722:0.0722 PICKUP:1:0.2780:0.2780 FOUL:2:0.1444:0.0722 REPOSITION:6:0.4332:0.0722 END_TURN:1:0.0722:0.0722
ROOT g=41 t=28 ctx=loose n=11 BLITZ:1:0.0722:0.0722 PICKUP:1:0.2780:0.2780 FOUL:2:0.1444:0.0722 REPOSITION:6:0.4332:0.0722 END_TURN:1:0.0722:0.0722
ROOT g=41 t=29 ctx=loose n=11 BLITZ:1:0.0690:0.0690 BLOCK:2:0.1822:0.0911 PICKUP:1:0.2657:0.2657 FOUL:2:0.1380:0.0690 REPOSITION:4:0.2761:0.0690 END_TURN:1:0.0690:0.0690
ROOT g=41 t=30 ctx=loose n=10 BLITZ:1:0.0800:0.0800 PICKUP:1:0.2800:0.2800 FOUL:2:0.1600:0.0800 REPOSITION:5:0.4000:0.0800 END_TURN:1:0.0800:0.0800
ROOT g=41 t=31 ctx=loose n=9 BLITZ:1:0.0905:0.0905 PICKUP:1:0.2851:0.2851 FOUL:1:0.0905:0.0905 REPOSITION:5:0.4525:0.0905 END_TURN:1:0.0814:0.0814
ROOT g=42 t=0 ctx=loose n=13 BLITZ:1:0.0614:0.0614 BLOCK:3:0.2875:0.0958 PICKUP:1:0.1597:0.1597 REPOSITION:7:0.4300:0.0614 END_TURN:1:0.0614:0.0614
ROOT g=42 t=1 ctx=def n=11 BLITZ:2:0.3134:0.1567 BLOCK:2:0.1880:0.0940 REPOSITION:6:0.4274:0.0712 END_TURN:1:0.0712:0.0712
ROOT g=42 t=2 ctx=off n=19 ADVANCE:1:0.1058:0.1058 CAGE:1:0.1058:0.1058 BLITZ:1:0.0464:0.0464 PASS_ACTION:9:0.4174:0.0464 FOUL:1:0.0464:0.0464 REPOSITION:5:0.2319:0.0464 END_TURN:1:0.0464:0.0464
ROOT g=42 t=3 ctx=def n=11 BLITZ:2:0.3207:0.1603 BLOCK:1:0.0962:0.0962 FOUL:1:0.0729:0.0729 REPOSITION:6:0.4373:0.0729 END_TURN:1:0.0729:0.0729
ROOT g=42 t=4 ctx=off n=23 ADVANCE:1:0.0919:0.0919 CAGE:1:0.0919:0.0919 BLITZ:1:0.0333:0.0333 BLOCK:2:0.1838:0.0919 PASS_ACTION:9:0.2996:0.0333 FOUL:3:0.0999:0.0333 REPOSITION:5:0.1664:0.0333 END_TURN:1:0.0333:0.0333
ROOT g=42 t=5 ctx=def n=10 BLITZ:2:0.3333:0.1667 REPOSITION:7:0.5833:0.0833 END_TURN:1:0.0833:0.0833
ROOT g=42 t=6 ctx=off n=16 ADVANCE:1:0.0932:0.0932 CAGE:1:0.0932:0.0932 BLITZ:1:0.0485:0.0485 BLOCK:3:0.2796:0.0932 FOUL:4:0.1942:0.0485 REPOSITION:5:0.2427:0.0485 END_TURN:1:0.0485:0.0485
ROOT g=42 t=7 ctx=def n=11 BLITZ:2:0.3284:0.1642 FOUL:2:0.1493:0.0746 REPOSITION:6:0.4478:0.0746 END_TURN:1:0.0746:0.0746
ROOT g=42 t=8 ctx=loose n=13 BLITZ:1:0.0636:0.0636 BLOCK:2:0.1985:0.0992 PICKUP:1:0.1654:0.1654 FOUL:3:0.1908:0.0636 REPOSITION:5:0.3181:0.0636 END_TURN:1:0.0636:0.0636
ROOT g=42 t=9 ctx=def n=10 BLITZ:2:0.3226:0.1613 BLOCK:2:0.1935:0.0968 FOUL:2:0.1613:0.0806 REPOSITION:3:0.2419:0.0806 END_TURN:1:0.0806:0.0806
ROOT g=42 t=10 ctx=off n=10 ADVANCE:1:0.1034:0.1034 CAGE:1:0.1034:0.1034 BLITZ:1:0.0862:0.0862 BLOCK:1:0.1034:0.1034 PASS_ACTION:1:0.0862:0.0862 FOUL:1:0.0862:0.0862 REPOSITION:2:0.1724:0.0862 END_TURN:1:0.0862:0.0862 BLITZ_AND_SCORE:1:0.1724:0.1724
ROOT g=42 t=11 ctx=def n=12 BLITZ:2:0.3243:0.1622 FOUL:5:0.3378:0.0676 REPOSITION:4:0.2703:0.0676 END_TURN:1:0.0676:0.0676
ROOT g=42 t=12 ctx=off n=9 ADVANCE:1:0.0957:0.0957 CAGE:1:0.0957:0.0957 BLITZ:1:0.0886:0.0886 BLOCK:1:0.0957:0.0957 PASS_ACTION:1:0.0886:0.0886 FOUL:1:0.0886:0.0886 REPOSITION:1:0.0886:0.0886 END_TURN:1:0.0797:0.0797 BLITZ_AND_SCORE:1:0.2790:0.2790
ROOT g=42 t=13 ctx=def n=12 BLITZ:2:0.3243:0.1622 FOUL:4:0.2703:0.0676 REPOSITION:5:0.3378:0.0676 END_TURN:1:0.0676:0.0676
ROOT g=42 t=14 ctx=def n=6 BLITZ:2:0.4000:0.2000 FOUL:1:0.1667:0.1667 REPOSITION:2:0.3333:0.1667 END_TURN:1:0.1000:0.1000
ROOT g=42 t=15 ctx=off n=12 ADVANCE:1:0.1047:0.1047 CAGE:1:0.1047:0.1047 BLITZ:1:0.0727:0.0727 BLOCK:2:0.2093:0.1047 PASS_ACTION:1:0.0727:0.0727 FOUL:2:0.1453:0.0727 REPOSITION:3:0.2180:0.0727 END_TURN:1:0.0727:0.0727
ROOT g=42 t=16 ctx=loose n=13 BLITZ:1:0.0614:0.0614 BLOCK:3:0.2875:0.0958 PICKUP:1:0.1597:0.1597 REPOSITION:7:0.4300:0.0614 END_TURN:1:0.0614:0.0614
ROOT g=42 t=17 ctx=loose n=12 BLITZ:1:0.0746:0.0746 PICKUP:1:0.1791:0.1791 REPOSITION:9:0.6716:0.0746 END_TURN:1:0.0746:0.0746
ROOT g=42 t=18 ctx=loose n=14 BLITZ:1:0.0633:0.0633 PICKUP:1:0.1772:0.1772 REPOSITION:11:0.6962:0.0633 END_TURN:1:0.0633:0.0633
ROOT g=42 t=19 ctx=loose n=13 BLITZ:1:0.0685:0.0685 PICKUP:1:0.1781:0.1781 REPOSITION:10:0.6849:0.0685 END_TURN:1:0.0685:0.0685
ROOT g=42 t=20 ctx=loose n=14 BLITZ:1:0.0633:0.0633 PICKUP:1:0.1772:0.1772 REPOSITION:11:0.6962:0.0633 END_TURN:1:0.0633:0.0633
ROOT g=42 t=21 ctx=loose n=12 BLITZ:1:0.0746:0.0746 PICKUP:1:0.1791:0.1791 REPOSITION:9:0.6716:0.0746 END_TURN:1:0.0746:0.0746
ROOT g=42 t=22 ctx=loose n=12 BLITZ:1:0.0746:0.0746 PICKUP:1:0.1791:0.1791 REPOSITION:9:0.6716:0.0746 END_TURN:1:0.0746:0.0746
ROOT g=42 t=23 ctx=loose n=12 BLITZ:1:0.0746:0.0746 PICKUP:1:0.1791:0.1791 FOUL:1:0.0746:0.0746 REPOSITION:8:0.5970:0.0746 END_TURN:1:0.0746:0.0746
ROOT g=42 t=24 ctx=loose n=14 BLITZ:1:0.0633:0.0633 PICKUP:1:0.1772:0.1772 FOUL:1:0.0633:0.0633 REPOSITION:10:0.6329:0.0633 END_TURN:1:0.0633:0.0633
ROOT g=42 t=25 ctx=loose n=11 BLITZ:1:0.0820:0.0820 PICKUP:1:0.1803:0.1803 REPOSITION:8:0.6557:0.0820 END_TURN:1:0.0820:0.0820
ROOT g=42 t=26 ctx=loose n=13 BLITZ:1:0.0604:0.0604 PICKUP:1:0.2749:0.2749 REPOSITION:10:0.6042:0.0604 END_TURN:1:0.0604:0.0604
ROOT g=42 t=27 ctx=loose n=11 BLITZ:1:0.0722:0.0722 PICKUP:1:0.2780:0.2780 REPOSITION:8:0.5776:0.0722 END_TURN:1:0.0722:0.0722
ROOT g=42 t=28 ctx=loose n=13 BLITZ:1:0.0604:0.0604 PICKUP:1:0.2749:0.2749 REPOSITION:10:0.6042:0.0604 END_TURN:1:0.0604:0.0604
ROOT g=42 t=29 ctx=loose n=10 BLITZ:1:0.0800:0.0800 PICKUP:1:0.2800:0.2800 REPOSITION:7:0.5600:0.0800 END_TURN:1:0.0800:0.0800
ROOT g=42 t=30 ctx=loose n=14 BLITZ:1:0.0559:0.0559 PICKUP:1:0.2737:0.2737 FOUL:1:0.0559:0.0559 REPOSITION:10:0.5587:0.0559 END_TURN:1:0.0559:0.0559
ROOT g=42 t=31 ctx=loose n=10 BLITZ:1:0.0800:0.0800 PICKUP:1:0.2800:0.2800 REPOSITION:7:0.5600:0.0800 END_TURN:1:0.0800:0.0800
ROOT g=43 t=0 ctx=loose n=13 BLITZ:1:0.0614:0.0614 BLOCK:3:0.2875:0.0958 PICKUP:1:0.1597:0.1597 REPOSITION:7:0.4300:0.0614 END_TURN:1:0.0614:0.0614
ROOT g=43 t=1 ctx=def n=12 BLITZ:2:0.3061:0.1531 BLOCK:2:0.1837:0.0918 REPOSITION:7:0.4464:0.0638 END_TURN:1:0.0638:0.0638
ROOT g=43 t=2 ctx=off n=24 ADVANCE:1:0.1037:0.1037 CAGE:1:0.1037:0.1037 BLITZ:1:0.0360:0.0360 PASS_ACTION:10:0.3602:0.0360 FOUL:2:0.0720:0.0360 REPOSITION:8:0.2882:0.0360 END_TURN:1:0.0360:0.0360
ROOT g=43 t=3 ctx=def n=10 BLITZ:2:0.3333:0.1667 REPOSITION:7:0.5833:0.0833 END_TURN:1:0.0833:0.0833
ROOT g=43 t=4 ctx=off n=23 ADVANCE:1:0.1041:0.1041 CAGE:1:0.1041:0.1041 BLITZ:1:0.0377:0.0377 PASS_ACTION:8:0.3017:0.0377 FOUL:3:0.1131:0.0377 REPOSITION:8:0.3017:0.0377 END_TURN:1:0.0377:0.0377
ROOT g=43 t=5 ctx=def n=9 BLITZ:2:0.3429:0.1714 REPOSITION:6:0.5714:0.0952 END_TURN:1:0.0857:0.0857
ROOT g=43 t=6 ctx=off n=24 ADVANCE:1:0.1037:0.1037 CAGE:1:0.1037:0.1037 BLITZ:1:0.0360:0.0360 PASS_ACTION:8:0.2882:0.0360 FOUL:4:0.1441:0.0360 REPOSITION:8:0.2882:0.0360 END_TURN:1:0.0360:0.0360
ROOT g=43 t=7 ctx=def n=8 BLITZ:2:0.3556:0.1778 REPOSITION:5:0.5556:0.1111 END_TURN:1:0.0889:0.0889
ROOT g=43 t=8 ctx=off n=24 ADVANCE:1:0.1037:0.1037 CAGE:1:0.1037:0.1037 BLITZ:1:0.0360:0.0360 PASS_ACTION:8:0.2882:0.0360 FOUL:4:0.1441:0.0360 REPOSITION:8:0.2882:0.0360 END_TURN:1:0.0360:0.0360
ROOT g=43 t=9 ctx=def n=8 BLITZ:2:0.3556:0.1778 REPOSITION:5:0.5556:0.1111 END_TURN:1:0.0889:0.0889
ROOT g=43 t=10 ctx=off n=24 ADVANCE:1:0.1037:0.1037 CAGE:1:0.1037:0.1037 BLITZ:1:0.0360:0.0360 PASS_ACTION:8:0.2882:0.0360 FOUL:4:0.1441:0.0360 REPOSITION:8:0.2882:0.0360 END_TURN:1:0.0360:0.0360
ROOT g=43 t=11 ctx=def n=8 BLITZ:2:0.3556:0.1778 REPOSITION:5:0.5556:0.1111 END_TURN:1:0.0889:0.0889
ROOT g=43 t=12 ctx=off n=24 ADVANCE:1:0.1037:0.1037 CAGE:1:0.1037:0.1037 BLITZ:1:0.0360:0.0360 PASS_ACTION:8:0.2882:0.0360 FOUL:4:0.1441:0.0360 REPOSITION:8:0.2882:0.0360 END_TURN:1:0.0360:0.0360
ROOT g=43 t=13 ctx=def n=8 BLITZ:2:0.3556:0.1778 REPOSITION:5:0.5556:0.1111 END_TURN:1:0.0889:0.0889
ROOT g=43 t=14 ctx=off n=23 ADVANCE:1:0.0868:0.0868 CAGE:1:0.0868:0.0868 BLITZ:1:0.0314:0.0314 BLOCK:3:0.2604:0.0868 PASS_ACTION:8:0.2516:0.0314 FOUL:3:0.0943:0.0314 REPOSITION:5:0.1572:0.0314 END_TURN:1:0.0314:0.0314
ROOT g=43 t=15 ctx=def n=7 BLITZ:2:0.3733:0.1867 REPOSITION:4:0.5333:0.1333 END_TURN:1:0.0933:0.0933
ROOT g=43 t=16 ctx=loose n=13 BLITZ:1:0.0614:0.0614 BLOCK:3:0.2875:0.0958 PICKUP:1:0.1597:0.1597 REPOSITION:7:0.4300:0.0614 END_TURN:1:0.0614:0.0614
ROOT g=43 t=17 ctx=def n=13 BLITZ:2:0.3002:0.1501 BLOCK:2:0.1801:0.0901 REPOSITION:8:0.4619:0.0577 END_TURN:1:0.0577:0.0577
ROOT g=43 t=18 ctx=off n=23 ADVANCE:1:0.1041:0.1041 CAGE:1:0.1041:0.1041 BLITZ:1:0.0377:0.0377 PASS_ACTION:8:0.3017:0.0377 FOUL:2:0.0754:0.0377 REPOSITION:9:0.3394:0.0377 END_TURN:1:0.0377:0.0377
ROOT g=43 t=19 ctx=loose n=13 BLITZ:1:0.0636:0.0636 BLOCK:2:0.1985:0.0992 PICKUP:1:0.1654:0.1654 REPOSITION:8:0.5089:0.0636 END_TURN:1:0.0636:0.0636
ROOT g=43 t=20 ctx=def n=13 BLITZ:2:0.3210:0.1605 FOUL:1:0.0617:0.0617 REPOSITION:9:0.5556:0.0617 END_TURN:1:0.0617:0.0617
ROOT g=43 t=21 ctx=loose n=11 BLITZ:1:0.0820:0.0820 PICKUP:1:0.1803:0.1803 FOUL:1:0.0820:0.0820 REPOSITION:7:0.5738:0.0820 END_TURN:1:0.0820:0.0820
ROOT g=43 t=22 ctx=loose n=13 BLITZ:1:0.0660:0.0660 BLOCK:1:0.1029:0.1029 PICKUP:1:0.1715:0.1715 FOUL:1:0.0660:0.0660 REPOSITION:8:0.5277:0.0660 END_TURN:1:0.0660:0.0660
ROOT g=43 t=23 ctx=loose n=9 BLITZ:1:0.1031:0.1031 PICKUP:1:0.1856:0.1856 FOUL:1:0.1031:0.1031 REPOSITION:5:0.5155:0.1031 END_TURN:1:0.0928:0.0928
ROOT g=43 t=24 ctx=loose n=15 BLITZ:1:0.0538:0.0538 BLOCK:2:0.1935:0.0968 PICKUP:1:0.1613:0.1613 FOUL:2:0.1075:0.0538 REPOSITION:8:0.4301:0.0538 END_TURN:1:0.0538:0.0538
ROOT g=43 t=25 ctx=loose n=11 BLITZ:1:0.0820:0.0820 PICKUP:1:0.1803:0.1803 FOUL:2:0.1639:0.0820 REPOSITION:6:0.4918:0.0820 END_TURN:1:0.0820:0.0820
ROOT g=43 t=26 ctx=loose n=17 BLITZ:1:0.0456:0.0456 PICKUP:1:0.2711:0.2711 FOUL:5:0.2278:0.0456 REPOSITION:9:0.4100:0.0456 END_TURN:1:0.0456:0.0456
ROOT g=43 t=27 ctx=loose n=10 BLITZ:1:0.0800:0.0800 PICKUP:1:0.2800:0.2800 FOUL:1:0.0800:0.0800 REPOSITION:6:0.4800:0.0800 END_TURN:1:0.0800:0.0800
ROOT g=43 t=28 ctx=loose n=17 BLITZ:1:0.0456:0.0456 PICKUP:1:0.2711:0.2711 FOUL:5:0.2278:0.0456 REPOSITION:9:0.4100:0.0456 END_TURN:1:0.0456:0.0456
ROOT g=43 t=29 ctx=loose n=9 BLITZ:1:0.0905:0.0905 PICKUP:1:0.2851:0.2851 REPOSITION:6:0.5430:0.0905 END_TURN:1:0.0814:0.0814
ROOT g=43 t=30 ctx=loose n=17 BLITZ:1:0.0456:0.0456 PICKUP:1:0.2711:0.2711 FOUL:5:0.2278:0.0456 REPOSITION:9:0.4100:0.0456 END_TURN:1:0.0456:0.0456
ROOT g=43 t=31 ctx=loose n=8 BLITZ:1:0.1042:0.1042 PICKUP:1:0.2917:0.2917 REPOSITION:5:0.5208:0.1042 END_TURN:1:0.0833:0.0833
ROOT g=44 t=0 ctx=loose n=13 BLITZ:1:0.0614:0.0614 BLOCK:3:0.2875:0.0958 PICKUP:1:0.1597:0.1597 REPOSITION:7:0.4300:0.0614 END_TURN:1:0.0614:0.0614
ROOT g=44 t=1 ctx=def n=13 BLITZ:2:0.3210:0.1605 FOUL:1:0.0617:0.0617 REPOSITION:9:0.5556:0.0617 END_TURN:1:0.0617:0.0617
ROOT g=44 t=2 ctx=off n=24 ADVANCE:1:0.1037:0.1037 CAGE:1:0.1037:0.1037 BLITZ:1:0.0360:0.0360 PASS_ACTION:9:0.3242:0.0360 FOUL:3:0.1081:0.0360 REPOSITION:8:0.2882:0.0360 END_TURN:1:0.0360:0.0360
ROOT g=44 t=3 ctx=def n=13 BLITZ:2:0.3210:0.1605 FOUL:1:0.0617:0.0617 REPOSITION:9:0.5556:0.0617 END_TURN:1:0.0617:0.0617
ROOT g=44 t=4 ctx=off n=20 ADVANCE:1:0.0992:0.0992 CAGE:1:0.0992:0.0992 BLITZ:1:0.0413:0.0413 BLOCK:1:0.0992:0.0992 PASS_ACTION:6:0.2479:0.0413 FOUL:2:0.0826:0.0413 REPOSITION:7:0.2893:0.0413 END_TURN:1:0.0413:0.0413
ROOT g=44 t=5 ctx=def n=13 BLITZ:2:0.3210:0.1605 FOUL:2:0.1235:0.0617 REPOSITION:8:0.4938:0.0617 END_TURN:1:0.0617:0.0617
ROOT g=44 t=6 ctx=off n=20 ADVANCE:1:0.0938:0.0938 CAGE:1:0.0938:0.0938 BLITZ:1:0.0391:0.0391 BLOCK:2:0.1875:0.0938 PASS_ACTION:6:0.2344:0.0391 FOUL:2:0.0781:0.0391 REPOSITION:6:0.2344:0.0391 END_TURN:1:0.0391:0.0391
ROOT g=44 t=7 ctx=def n=10 BLITZ:2:0.3333:0.1667 REPOSITION:7:0.5833:0.0833 END_TURN:1:0.0833:0.0833
ROOT g=44 t=8 ctx=off n=19 ADVANCE:1:0.0945:0.0945 CAGE:1:0.0945:0.0945 BLITZ:1:0.0415:0.0415 BLOCK:2:0.1891:0.0945 PASS_ACTION:6:0.2488:0.0415 FOUL:2:0.0829:0.0415 REPOSITION:5:0.2073:0.0415 END_TURN:1:0.0415:0.0415
ROOT g=44 t=9 ctx=def n=9 BLITZ:2:0.3429:0.1714 REPOSITION:6:0.5714:0.0952 END_TURN:1:0.0857:0.0857
ROOT g=44 t=10 ctx=off n=17 ADVANCE:1:0.0878:0.0878 CAGE:1:0.0878:0.0878 BLITZ:1:0.0430:0.0430 BLOCK:4:0.3511:0.0878 PASS_ACTION:5:0.2151:0.0430 FOUL:2:0.0861:0.0430 REPOSITION:2:0.0861:0.0430 END_TURN:1:0.0430:0.0430
ROOT g=44 t=11 ctx=def n=11 BLITZ:2:0.3284:0.1642 FOUL:3:0.2239:0.0746 REPOSITION:5:0.3731:0.0746 END_TURN:1:0.0746:0.0746
ROOT g=44 t=12 ctx=off n=18 ADVANCE:1:0.0908:0.0908 CAGE:1:0.0908:0.0908 BLITZ:1:0.0420:0.0420 BLOCK:3:0.2723:0.0908 PASS_ACTION:4:0.1681:0.0420 FOUL:4:0.1681:0.0420 REPOSITION:3:0.1261:0.0420 END_TURN:1:0.0420:0.0420
ROOT g=44 t=13 ctx=def n=8 BLITZ:2:0.3556:0.1778 BLOCK:3:0.3333:0.1111 FOUL:1:0.1111:0.1111 REPOSITION:1:0.1111:0.1111 END_TURN:1:0.0889:0.0889
ROOT g=44 t=14 ctx=def n=12 BLITZ:2:0.3243:0.1622 FOUL:4:0.2703:0.0676 REPOSITION:5:0.3378:0.0676 END_TURN:1:0.0676:0.0676
ROOT g=44 t=15 ctx=off n=15 ADVANCE:1:0.0690:0.0690 CAGE:1:0.0690:0.0690 BLITZ:1:0.0383:0.0383 PASS_ACTION:3:0.1149:0.0383 FOUL:4:0.1533:0.0383 REPOSITION:3:0.1149:0.0383 END_TURN:1:0.0383:0.0383 PASS_SCORE:1:0.4023:0.4023
ROOT g=44 t=16 ctx=loose n=13 BLITZ:1:0.0614:0.0614 BLOCK:3:0.2875:0.0958 PICKUP:1:0.1597:0.1597 REPOSITION:7:0.4300:0.0614 END_TURN:1:0.0614:0.0614
ROOT g=44 t=17 ctx=def n=11 BLITZ:2:0.3284:0.1642 REPOSITION:8:0.5970:0.0746 END_TURN:1:0.0746:0.0746
ROOT g=44 t=18 ctx=off n=20 ADVANCE:1:0.1053:0.1053 CAGE:1:0.1053:0.1053 BLITZ:1:0.0439:0.0439 PASS_ACTION:8:0.3509:0.0439 FOUL:1:0.0439:0.0439 REPOSITION:7:0.3070:0.0439 END_TURN:1:0.0439:0.0439
ROOT g=44 t=19 ctx=def n=14 BLITZ:2:0.3182:0.1591 FOUL:1:0.0568:0.0568 REPOSITION:10:0.5682:0.0568 END_TURN:1:0.0568:0.0568
ROOT g=44 t=20 ctx=off n=20 ADVANCE:1:0.1053:0.1053 CAGE:1:0.1053:0.1053 BLITZ:1:0.0439:0.0439 PASS_ACTION:7:0.3070:0.0439 FOUL:1:0.0439:0.0439 REPOSITION:8:0.3509:0.0439 END_TURN:1:0.0439:0.0439
ROOT g=44 t=21 ctx=def n=11 BLITZ:2:0.3284:0.1642 REPOSITION:8:0.5970:0.0746 END_TURN:1:0.0746:0.0746
ROOT g=44 t=22 ctx=off n=23 ADVANCE:1:0.1041:0.1041 CAGE:1:0.1041:0.1041 BLITZ:1:0.0377:0.0377 PASS_ACTION:6:0.2262:0.0377 FOUL:5:0.1885:0.0377 REPOSITION:8:0.3017:0.0377 END_TURN:1:0.0377:0.0377
ROOT g=44 t=23 ctx=def n=10 BLITZ:2:0.3333:0.1667 REPOSITION:7:0.5833:0.0833 END_TURN:1:0.0833:0.0833
ROOT g=44 t=24 ctx=off n=23 ADVANCE:1:0.1041:0.1041 CAGE:1:0.1041:0.1041 BLITZ:1:0.0377:0.0377 PASS_ACTION:6:0.2262:0.0377 FOUL:5:0.1885:0.0377 REPOSITION:8:0.3017:0.0377 END_TURN:1:0.0377:0.0377
ROOT g=44 t=25 ctx=def n=9 BLITZ:2:0.3429:0.1714 REPOSITION:6:0.5714:0.0952 END_TURN:1:0.0857:0.0857
ROOT g=44 t=26 ctx=off n=24 ADVANCE:1:0.1037:0.1037 CAGE:1:0.1037:0.1037 BLITZ:1:0.0360:0.0360 PASS_ACTION:6:0.2161:0.0360 FOUL:6:0.2161:0.0360 REPOSITION:8:0.2882:0.0360 END_TURN:1:0.0360:0.0360
ROOT g=44 t=27 ctx=def n=7 BLITZ:2:0.3733:0.1867 REPOSITION:4:0.5333:0.1333 END_TURN:1:0.0933:0.0933
ROOT g=44 t=28 ctx=off n=17 ADVANCE:1:0.1014:0.1014 CAGE:1:0.1014:0.1014 BLITZ:1:0.0497:0.0497 BLOCK:1:0.1014:0.1014 FOUL:6:0.2982:0.0497 REPOSITION:6:0.2982:0.0497 END_TURN:1:0.0497:0.0497
ROOT g=44 t=29 ctx=def n=5 BLITZ:2:0.4444:0.2222 BLOCK:1:0.2222:0.2222 REPOSITION:1:0.2222:0.2222 END_TURN:1:0.1111:0.1111
ROOT g=44 t=30 ctx=off n=19 SCORE:1:0.2804:0.2804 CAGE:1:0.0481:0.0481 BLITZ:1:0.0211:0.0211 BLOCK:2:0.0961:0.0481 PASS_ACTION:1:0.0211:0.0211 FOUL:5:0.1054:0.0211 REPOSITION:6:0.1265:0.0211 END_TURN:1:0.0211:0.0211 BLITZ_AND_SCORE:1:0.2804:0.2804
ROOT g=44 t=31 ctx=loose n=13 BLITZ:1:0.0549:0.0549 BLOCK:3:0.2567:0.0856 PICKUP:1:0.2496:0.2496 REPOSITION:7:0.3840:0.0549 END_TURN:1:0.0549:0.0549
ROOT g=45 t=0 ctx=loose n=13 BLITZ:1:0.0614:0.0614 BLOCK:3:0.2875:0.0958 PICKUP:1:0.1597:0.1597 REPOSITION:7:0.4300:0.0614 END_TURN:1:0.0614:0.0614
ROOT g=45 t=1 ctx=def n=13 BLITZ:2:0.3210:0.1605 REPOSITION:10:0.6173:0.0617 END_TURN:1:0.0617:0.0617
ROOT g=45 t=2 ctx=off n=19 ADVANCE:1:0.0945:0.0945 CAGE:1:0.0945:0.0945 BLITZ:1:0.0415:0.0415 BLOCK:2:0.1891:0.0945 PASS_ACTION:6:0.2488:0.0415 REPOSITION:7:0.2902:0.0415 END_TURN:1:0.0415:0.0415
ROOT g=45 t=3 ctx=def n=13 BLITZ:2:0.3210:0.1605 REPOSITION:10:0.6173:0.0617 END_TURN:1:0.0617:0.0617
ROOT g=45 t=4 ctx=off n=19 ADVANCE:1:0.0945:0.0945 CAGE:1:0.0945:0.0945 BLITZ:1:0.0415:0.0415 BLOCK:2:0.1891:0.0945 PASS_ACTION:6:0.2488:0.0415 REPOSITION:7:0.2902:0.0415 END_TURN:1:0.0415:0.0415
ROOT g=45 t=5 ctx=def n=13 BLITZ:2:0.3210:0.1605 REPOSITION:10:0.6173:0.0617 END_TURN:1:0.0617:0.0617
ROOT g=45 t=6 ctx=off n=19 ADVANCE:1:0.0945:0.0945 CAGE:1:0.0945:0.0945 BLITZ:1:0.0415:0.0415 BLOCK:2:0.1891:0.0945 PASS_ACTION:6:0.2488:0.0415 REPOSITION:7:0.2902:0.0415 END_TURN:1:0.0415:0.0415
ROOT g=45 t=7 ctx=def n=13 BLITZ:2:0.3210:0.1605 REPOSITION:10:0.6173:0.0617 END_TURN:1:0.0617:0.0617
ROOT g=45 t=8 ctx=off n=19 ADVANCE:1:0.0945:0.0945 CAGE:1:0.0945:0.0945 BLITZ:1:0.0415:0.0415 BLOCK:2:0.1891:0.0945 PASS_ACTION:6:0.2488:0.0415 REPOSITION:7:0.2902:0.0415 END_TURN:1:0.0415:0.0415
ROOT g=45 t=9 ctx=def n=13 BLITZ:2:0.3210:0.1605 REPOSITION:10:0.6173:0.0617 END_TURN:1:0.0617:0.0617
ROOT g=45 t=10 ctx=off n=19 ADVANCE:1:0.0945:0.0945 CAGE:1:0.0945:0.0945 BLITZ:1:0.0415:0.0415 BLOCK:2:0.1891:0.0945 PASS_ACTION:6:0.2488:0.0415 REPOSITION:7:0.2902:0.0415 END_TURN:1:0.0415:0.0415
ROOT g=45 t=11 ctx=def n=13 BLITZ:2:0.3210:0.1605 REPOSITION:10:0.6173:0.0617 END_TURN:1:0.0617:0.0617
ROOT g=45 t=12 ctx=off n=19 ADVANCE:1:0.0945:0.0945 CAGE:1:0.0945:0.0945 BLITZ:1:0.0415:0.0415 BLOCK:2:0.1891:0.0945 PASS_ACTION:6:0.2488:0.0415 REPOSITION:7:0.2902:0.0415 END_TURN:1:0.0415:0.0415
ROOT g=45 t=13 ctx=def n=13 BLITZ:2:0.3210:0.1605 REPOSITION:10:0.6173:0.0617 END_TURN:1:0.0617:0.0617
ROOT g=45 t=14 ctx=def n=11 BLITZ:2:0.3284:0.1642 REPOSITION:8:0.5970:0.0746 END_TURN:1:0.0746:0.0746
ROOT g=45 t=15 ctx=loose n=17 BLITZ:1:0.0456:0.0456 PICKUP:1:0.2711:0.2711 FOUL:6:0.2733:0.0456 REPOSITION:8:0.3645:0.0456 END_TURN:1:0.0456:0.0456
ROOT g=45 t=16 ctx=loose n=13 BLITZ:1:0.0614:0.0614 BLOCK:3:0.2875:0.0958 PICKUP:1:0.1597:0.1597 REPOSITION:7:0.4300:0.0614 END_TURN:1:0.0614:0.0614
ROOT g=45 t=17 ctx=def n=11 BLITZ:2:0.3284:0.1642 REPOSITION:8:0.5970:0.0746 END_TURN:1:0.0746:0.0746
ROOT g=45 t=18 ctx=off n=21 ADVANCE:1:0.0986:0.0986 CAGE:1:0.0986:0.0986 BLITZ:1:0.0391:0.0391 BLOCK:1:0.0986:0.0986 PASS_ACTION:6:0.2347:0.0391 FOUL:2:0.0782:0.0391 REPOSITION:8:0.3130:0.0391 END_TURN:1:0.0391:0.0391
ROOT g=45 t=19 ctx=def n=11 BLITZ:2:0.3284:0.1642 REPOSITION:8:0.5970:0.0746 END_TURN:1:0.0746:0.0746
ROOT g=45 t=20 ctx=off n=20 ADVANCE:1:0.1053:0.1053 CAGE:1:0.1053:0.1053 BLITZ:1:0.0439:0.0439 PASS_ACTION:6:0.2632:0.0439 FOUL:1:0.0439:0.0439 REPOSITION:9:0.3947:0.0439 END_TURN:1:0.0439:0.0439
ROOT g=45 t=21 ctx=def n=12 BLITZ:2:0.3243:0.1622 FOUL:3:0.2027:0.0676 REPOSITION:6:0.4054:0.0676 END_TURN:1:0.0676:0.0676
ROOT g=45 t=22 ctx=off n=12 ADVANCE:1:0.1118:0.1118 CAGE:1:0.1118:0.1118 BLITZ:1:0.0776:0.0776 PASS_ACTION:1:0.0776:0.0776 REPOSITION:7:0.5435:0.0776 END_TURN:1:0.0776:0.0776
ROOT g=45 t=23 ctx=def n=13 BLITZ:2:0.3103:0.1551 BLOCK:1:0.0931:0.0931 FOUL:4:0.2387:0.0597 REPOSITION:5:0.2983:0.0597 END_TURN:1:0.0597:0.0597
ROOT g=45 t=24 ctx=off n=12 ADVANCE:1:0.1081:0.1081 CAGE:1:0.1081:0.1081 BLITZ:1:0.0751:0.0751 BLOCK:1:0.1081:0.1081 PASS_ACTION:1:0.0751:0.0751 REPOSITION:6:0.4505:0.0751 END_TURN:1:0.0751:0.0751
ROOT g=45 t=25 ctx=def n=15 BLITZ:2:0.3030:0.1515 BLOCK:1:0.0909:0.0909 FOUL:5:0.2525:0.0505 REPOSITION:6:0.3030:0.0505 END_TURN:1:0.0505:0.0505
ROOT g=45 t=26 ctx=loose n=7 BLITZ:1:0.1227:0.1227 PICKUP:1:0.3006:0.3006 REPOSITION:4:0.4908:0.1227 END_TURN:1:0.0859:0.0859
ROOT g=45 t=27 ctx=def n=15 BLITZ:2:0.3158:0.1579 FOUL:4:0.2105:0.0526 REPOSITION:8:0.4211:0.0526 END_TURN:1:0.0526:0.0526
ROOT g=45 t=28 ctx=loose n=3 BLITZ:1:0.4348:0.4348 REPOSITION:1:0.4348:0.4348 END_TURN:1:0.1304:0.1304
ROOT g=45 t=29 ctx=loose n=14 BLITZ:1:0.0681:0.0681 BLOCK:1:0.1144:0.1144 FOUL:4:0.2725:0.0681 REPOSITION:7:0.4768:0.0681 END_TURN:1:0.0681:0.0681
ROOT g=45 t=30 ctx=loose n=3 BLITZ:1:0.4348:0.4348 REPOSITION:1:0.4348:0.4348 END_TURN:1:0.1304:0.1304
ROOT g=45 t=31 ctx=loose n=15 BLITZ:1:0.0633:0.0633 BLOCK:1:0.1139:0.1139 FOUL:5:0.3165:0.0633 REPOSITION:7:0.4430:0.0633 END_TURN:1:0.0633:0.0633
ROOT g=46 t=0 ctx=loose n=13 BLITZ:1:0.0614:0.0614 BLOCK:3:0.2875:0.0958 PICKUP:1:0.1597:0.1597 REPOSITION:7:0.4300:0.0614 END_TURN:1:0.0614:0.0614
ROOT g=46 t=1 ctx=def n=10 BLITZ:2:0.3333:0.1667 REPOSITION:7:0.5833:0.0833 END_TURN:1:0.0833:0.0833
ROOT g=46 t=2 ctx=off n=22 ADVANCE:1:0.1044:0.1044 CAGE:1:0.1044:0.1044 BLITZ:1:0.0396:0.0396 PASS_ACTION:8:0.3165:0.0396 FOUL:2:0.0791:0.0396 REPOSITION:8:0.3165:0.0396 END_TURN:1:0.0396:0.0396
ROOT g=46 t=3 ctx=def n=10 BLITZ:2:0.3333:0.1667 REPOSITION:7:0.5833:0.0833 END_TURN:1:0.0833:0.0833
ROOT g=46 t=4 ctx=off n=22 ADVANCE:1:0.1044:0.1044 CAGE:1:0.1044:0.1044 BLITZ:1:0.0396:0.0396 PASS_ACTION:8:0.3165:0.0396 FOUL:2:0.0791:0.0396 REPOSITION:8:0.3165:0.0396 END_TURN:1:0.0396:0.0396
ROOT g=46 t=5 ctx=def n=10 BLITZ:2:0.3333:0.1667 REPOSITION:7:0.5833:0.0833 END_TURN:1:0.0833:0.0833
ROOT g=46 t=6 ctx=off n=22 ADVANCE:1:0.1044:0.1044 CAGE:1:0.1044:0.1044 BLITZ:1:0.0396:0.0396 PASS_ACTION:8:0.3165:0.0396 FOUL:2:0.0791:0.0396 REPOSITION:8:0.3165:0.0396 END_TURN:1:0.0396:0.0396
ROOT g=46 t=7 ctx=def n=10 BLITZ:2:0.3333:0.1667 REPOSITION:7:0.5833:0.0833 END_TURN:1:0.0833:0.0833
ROOT g=46 t=8 ctx=off n=22 ADVANCE:1:0.1044:0.1044 CAGE:1:0.1044:0.1044 BLITZ:1:0.0396:0.0396 PASS_ACTION:8:0.3165:0.0396 FOUL:2:0.0791:0.0396 REPOSITION:8:0.3165:0.0396 END_TURN:1:0.0396:0.0396
ROOT g=46 t=9 ctx=def n=10 BLITZ:2:0.3333:0.1667 REPOSITION:7:0.5833:0.0833 END_TURN:1:0.0833:0.0833
ROOT g=46 t=10 ctx=off n=22 ADVANCE:1:0.1044:0.1044 CAGE:1:0.1044:0.1044 BLITZ:1:0.0396:0.0396 PASS_ACTION:8:0.3165:0.0396 FOUL:2:0.0791:0.0396 REPOSITION:8:0.3165:0.0396 END_TURN:1:0.0396:0.0396
ROOT g=46 t=11 ctx=def n=10 BLITZ:2:0.3333:0.1667 REPOSITION:7:0.5833:0.0833 END_TURN:1:0.0833:0.0833
ROOT g=46 t=12 ctx=off n=22 ADVANCE:1:0.1044:0.1044 CAGE:1:0.1044:0.1044 BLITZ:1:0.0396:0.0396 PASS_ACTION:8:0.3165:0.0396 FOUL:2:0.0791:0.0396 REPOSITION:8:0.3165:0.0396 END_TURN:1:0.0396:0.0396
ROOT g=46 t=13 ctx=def n=8 BLITZ:2:0.3556:0.1778 REPOSITION:5:0.5556:0.1111 END_TURN:1:0.0889:0.0889
ROOT g=46 t=14 ctx=off n=20 ADVANCE:1:0.0938:0.0938 CAGE:1:0.0938:0.0938 BLITZ:1:0.0391:0.0391 BLOCK:2:0.1875:0.0938 PASS_ACTION:7:0.2734:0.0391 FOUL:2:0.0781:0.0391 REPOSITION:5:0.1953:0.0391 END_TURN:1:0.0391:0.0391
ROOT g=46 t=15 ctx=def n=7 BLITZ:2:0.3733:0.1867 REPOSITION:4:0.5333:0.1333 END_TURN:1:0.0933:0.0933
ROOT g=46 t=16 ctx=loose n=13 BLITZ:1:0.0614:0.0614 BLOCK:3:0.2875:0.0958 PICKUP:1:0.1597:0.1597 REPOSITION:7:0.4300:0.0614 END_TURN:1:0.0614:0.0614
ROOT g=46 t=17 ctx=def n=13 BLITZ:2:0.3002:0.1501 BLOCK:2:0.1801:0.0901 REPOSITION:8:0.4619:0.0577 END_TURN:1:0.0577:0.0577
ROOT g=46 t=18 ctx=off n=18 ADVANCE:1:0.0954:0.0954 CAGE:1:0.0954:0.0954 BLITZ:1:0.0442:0.0442 BLOCK:2:0.1908:0.0954 PASS_ACTION:5:0.2208:0.0442 FOUL:1:0.0442:0.0442 REPOSITION:6:0.2650:0.0442 END_TURN:1:0.0442:0.0442
ROOT g=46 t=19 ctx=def n=13 BLITZ:2:0.3103:0.1551 BLOCK:1:0.0931:0.0931 FOUL:1:0.0597:0.0597 REPOSITION:8:0.4773:0.0597 END_TURN:1:0.0597:0.0597
ROOT g=46 t=20 ctx=loose n=8 BLITZ:1:0.1190:0.1190 BLOCK:1:0.1190:0.1190 PICKUP:1:0.1905:0.1905 REPOSITION:4:0.4762:0.1190 END_TURN:1:0.0952:0.0952
ROOT g=46 t=21 ctx=loose n=10 BLITZ:1:0.0909:0.0909 PICKUP:1:0.1818:0.1818 FOUL:1:0.0909:0.0909 REPOSITION:6:0.5455:0.0909 END_TURN:1:0.0909:0.0909
ROOT g=46 t=22 ctx=def n=11 BLITZ:2:0.3134:0.1567 BLOCK:2:0.1880:0.0940 FOUL:2:0.1425:0.0712 REPOSITION:4:0.2849:0.0712 END_TURN:1:0.0712:0.0712
ROOT g=46 t=23 ctx=loose n=13 BLITZ:1:0.0569:0.0569 BLOCK:3:0.2662:0.0887 PICKUP:1:0.2218:0.2218 REPOSITION:7:0.3982:0.0569 END_TURN:1:0.0569:0.0569
ROOT g=46 t=24 ctx=def n=12 BLITZ:2:0.3061:0.1531 BLOCK:2:0.1837:0.0918 REPOSITION:7:0.4464:0.0638 END_TURN:1:0.0638:0.0638
ROOT g=46 t=25 ctx=off n=25 ADVANCE:1:0.1034:0.1034 CAGE:1:0.1034:0.1034 BLITZ:1:0.0345:0.0345 PASS_ACTION:10:0.3448:0.0345 FOUL:3:0.1034:0.0345 REPOSITION:8:0.2759:0.0345 END_TURN:1:0.0345:0.0345
ROOT g=46 t=26 ctx=def n=10 BLITZ:2:0.3333:0.1667 REPOSITION:7:0.5833:0.0833 END_TURN:1:0.0833:0.0833
ROOT g=46 t=27 ctx=off n=25 ADVANCE:1:0.1034:0.1034 CAGE:1:0.1034:0.1034 BLITZ:1:0.0345:0.0345 PASS_ACTION:8:0.2759:0.0345 FOUL:5:0.1724:0.0345 REPOSITION:8:0.2759:0.0345 END_TURN:1:0.0345:0.0345
ROOT g=46 t=28 ctx=def n=9 BLITZ:2:0.3429:0.1714 REPOSITION:6:0.5714:0.0952 END_TURN:1:0.0857:0.0857
ROOT g=46 t=29 ctx=off n=25 ADVANCE:1:0.1034:0.1034 CAGE:1:0.1034:0.1034 BLITZ:1:0.0345:0.0345 PASS_ACTION:8:0.2759:0.0345 FOUL:5:0.1724:0.0345 REPOSITION:8:0.2759:0.0345 END_TURN:1:0.0345:0.0345
ROOT g=46 t=30 ctx=def n=8 BLITZ:2:0.3556:0.1778 REPOSITION:5:0.5556:0.1111 END_TURN:1:0.0889:0.0889
ROOT g=46 t=31 ctx=off n=26 ADVANCE:1:0.1032:0.1032 CAGE:1:0.1032:0.1032 BLITZ:1:0.0331:0.0331 PASS_ACTION:8:0.2646:0.0331 FOUL:5:0.1653:0.0331 REPOSITION:9:0.2976:0.0331 END_TURN:1:0.0331:0.0331
ROOT g=47 t=0 ctx=loose n=13 BLITZ:1:0.0614:0.0614 BLOCK:3:0.2875:0.0958 PICKUP:1:0.1597:0.1597 REPOSITION:7:0.4300:0.0614 END_TURN:1:0.0614:0.0614
ROOT g=47 t=1 ctx=def n=14 BLITZ:2:0.2851:0.1426 BLOCK:3:0.2566:0.0855 REPOSITION:8:0.4073:0.0509 END_TURN:1:0.0509:0.0509
ROOT g=47 t=2 ctx=off n=15 ADVANCE:1:0.1084:0.1084 CAGE:1:0.1084:0.1084 BLITZ:1:0.0602:0.0602 PASS_ACTION:5:0.3012:0.0602 REPOSITION:6:0.3614:0.0602 END_TURN:1:0.0602:0.0602
ROOT g=47 t=3 ctx=def n=15 BLITZ:2:0.2804:0.1402 BLOCK:3:0.2523:0.0841 FOUL:1:0.0467:0.0467 REPOSITION:8:0.3738:0.0467 END_TURN:1:0.0467:0.0467
ROOT g=47 t=4 ctx=loose n=8 BLITZ:1:0.1190:0.1190 BLOCK:1:0.1190:0.1190 PICKUP:1:0.1905:0.1905 REPOSITION:4:0.4762:0.1190 END_TURN:1:0.0952:0.0952
ROOT g=47 t=5 ctx=def n=15 BLITZ:2:0.3030:0.1515 BLOCK:1:0.0909:0.0909 FOUL:4:0.2020:0.0505 REPOSITION:7:0.3535:0.0505 END_TURN:1:0.0505:0.0505
ROOT g=47 t=6 ctx=off n=17 ADVANCE:1:0.0878:0.0878 CAGE:1:0.0878:0.0878 BLITZ:1:0.0430:0.0430 BLOCK:4:0.3511:0.0878 PASS_ACTION:4:0.1721:0.0430 FOUL:3:0.1291:0.0430 REPOSITION:2:0.0861:0.0430 END_TURN:1:0.0430:0.0430
ROOT g=47 t=7 ctx=def n=10 BLITZ:2:0.3333:0.1667 FOUL:2:0.1667:0.0833 REPOSITION:5:0.4167:0.0833 END_TURN:1:0.0833:0.0833
ROOT g=47 t=8 ctx=off n=15 ADVANCE:1:0.1084:0.1084 CAGE:1:0.1084:0.1084 BLITZ:1:0.0602:0.0602 PASS_ACTION:2:0.1205:0.0602 FOUL:4:0.2410:0.0602 REPOSITION:5:0.3012:0.0602 END_TURN:1:0.0602:0.0602
ROOT g=47 t=9 ctx=def n=9 BLITZ:2:0.3429:0.1714 FOUL:2:0.1905:0.0952 REPOSITION:4:0.3810:0.0952 END_TURN:1:0.0857:0.0857
ROOT g=47 t=10 ctx=off n=15 ADVANCE:1:0.1084:0.1084 CAGE:1:0.1084:0.1084 BLITZ:1:0.0602:0.0602 PASS_ACTION:2:0.1205:0.0602 FOUL:4:0.2410:0.0602 REPOSITION:5:0.3012:0.0602 END_TURN:1:0.0602:0.0602
ROOT g=47 t=11 ctx=def n=8 BLITZ:2:0.3556:0.1778 FOUL:2:0.2222:0.1111 REPOSITION:3:0.3333:0.1111 END_TURN:1:0.0889:0.0889
ROOT g=47 t=12 ctx=off n=16 ADVANCE:1:0.1076:0.1076 CAGE:1:0.1076:0.1076 BLITZ:1:0.0561:0.0561 PASS_ACTION:2:0.1121:0.0561 FOUL:4:0.2242:0.0561 REPOSITION:6:0.3363:0.0561 END_TURN:1:0.0561:0.0561
ROOT g=47 t=13 ctx=def n=5 BLITZ:2:0.4444:0.2222 REPOSITION:2:0.4444:0.2222 END_TURN:1:0.1111:0.1111
ROOT g=47 t=14 ctx=off n=12 SCORE:1:0.4856:0.4856 CAGE:1:0.0647:0.0647 BLITZ:1:0.0450:0.0450 FOUL:3:0.1349:0.0450 REPOSITION:5:0.2248:0.0450 END_TURN:1:0.0450:0.0450
ROOT g=47 t=15 ctx=loose n=12 BLITZ:1:0.0751:0.0751 BLOCK:3:0.3243:0.1081 REPOSITION:7:0.5255:0.0751 END_TURN:1:0.0751:0.0751
ROOT g=47 t=16 ctx=loose n=13 BLITZ:1:0.0569:0.0569 BLOCK:3:0.2662:0.0887 PICKUP:1:0.2218:0.2218 REPOSITION:7:0.3982:0.0569 END_TURN:1:0.0569:0.0569
ROOT g=47 t=17 ctx=def n=11 BLITZ:2:0.3134:0.1567 BLOCK:2:0.1880:0.0940 REPOSITION:6:0.4274:0.0712 END_TURN:1:0.0712:0.0712
ROOT g=47 t=18 ctx=off n=19 ADVANCE:1:0.1058:0.1058 CAGE:1:0.1058:0.1058 BLITZ:1:0.0464:0.0464 PASS_ACTION:7:0.3247:0.0464 FOUL:1:0.0464:0.0464 REPOSITION:7:0.3247:0.0464 END_TURN:1:0.0464:0.0464
ROOT g=47 t=19 ctx=def n=13 BLITZ:2:0.3210:0.1605 FOUL:3:0.1852:0.0617 REPOSITION:7:0.4321:0.0617 END_TURN:1:0.0617:0.0617
ROOT g=47 t=20 ctx=off n=20 ADVANCE:1:0.1053:0.1053 CAGE:1:0.1053:0.1053 BLITZ:1:0.0439:0.0439 PASS_ACTION:7:0.3070:0.0439 FOUL:2:0.0877:0.0439 REPOSITION:7:0.3070:0.0439 END_TURN:1:0.0439:0.0439
ROOT g=47 t=21 ctx=def n=11 BLITZ:2:0.3284:0.1642 FOUL:2:0.1493:0.0746 REPOSITION:6:0.4478:0.0746 END_TURN:1:0.0746:0.0746
ROOT g=47 t=22 ctx=off n=18 ADVANCE:1:0.0954:0.0954 CAGE:1:0.0954:0.0954 BLITZ:1:0.0442:0.0442 BLOCK:2:0.1908:0.0954 PASS_ACTION:3:0.1325:0.0442 FOUL:3:0.1325:0.0442 REPOSITION:6:0.2650:0.0442 END_TURN:1:0.0442:0.0442
ROOT g=47 t=23 ctx=def n=8 BLITZ:2:0.3556:0.1778 REPOSITION:5:0.5556:0.1111 END_TURN:1:0.0889:0.0889
ROOT g=47 t=24 ctx=off n=21 ADVANCE:1:0.0931:0.0931 CAGE:1:0.0931:0.0931 BLITZ:1:0.0369:0.0369 BLOCK:2:0.1861:0.0931 PASS_ACTION:3:0.1108:0.0369 FOUL:6:0.2216:0.0369 REPOSITION:6:0.2216:0.0369 END_TURN:1:0.0369:0.0369
ROOT g=47 t=25 ctx=def n=7 BLITZ:2:0.3733:0.1867 REPOSITION:4:0.5333:0.1333 END_TURN:1:0.0933:0.0933
ROOT g=47 t=26 ctx=off n=21 ADVANCE:1:0.1048:0.1048 CAGE:1:0.1048:0.1048 BLITZ:1:0.0416:0.0416 PASS_ACTION:4:0.1664:0.0416 FOUL:5:0.2080:0.0416 REPOSITION:8:0.3328:0.0416 END_TURN:1:0.0416:0.0416
ROOT g=47 t=27 ctx=def n=7 BLITZ:2:0.3733:0.1867 REPOSITION:4:0.5333:0.1333 END_TURN:1:0.0933:0.0933
ROOT g=47 t=28 ctx=off n=23 ADVANCE:1:0.0868:0.0868 CAGE:1:0.0868:0.0868 BLITZ:1:0.0314:0.0314 BLOCK:3:0.2604:0.0868 PASS_ACTION:4:0.1258:0.0314 FOUL:6:0.1887:0.0314 REPOSITION:6:0.1887:0.0314 END_TURN:1:0.0314:0.0314
ROOT g=47 t=29 ctx=def n=6 BLITZ:2:0.4000:0.2000 REPOSITION:3:0.5000:0.1667 END_TURN:1:0.1000:0.1000
ROOT g=47 t=30 ctx=off n=18 ADVANCE:1:0.0954:0.0954 CAGE:1:0.0954:0.0954 BLITZ:1:0.0442:0.0442 BLOCK:2:0.1908:0.0954 FOUL:4:0.1767:0.0442 REPOSITION:8:0.3534:0.0442 END_TURN:1:0.0442:0.0442
ROOT g=47 t=31 ctx=def n=5 BLITZ:2:0.4444:0.2222 REPOSITION:2:0.4444:0.2222 END_TURN:1:0.1111:0.1111
ROOT g=48 t=0 ctx=loose n=13 BLITZ:1:0.0614:0.0614 BLOCK:3:0.2875:0.0958 PICKUP:1:0.1597:0.1597 REPOSITION:7:0.4300:0.0614 END_TURN:1:0.0614:0.0614
ROOT g=48 t=1 ctx=def n=10 BLITZ:2:0.3333:0.1667 REPOSITION:7:0.5833:0.0833 END_TURN:1:0.0833:0.0833
ROOT g=48 t=2 ctx=off n=22 ADVANCE:1:0.1044:0.1044 CAGE:1:0.1044:0.1044 BLITZ:1:0.0396:0.0396 PASS_ACTION:9:0.3560:0.0396 FOUL:1:0.0396:0.0396 REPOSITION:8:0.3165:0.0396 END_TURN:1:0.0396:0.0396
ROOT g=48 t=3 ctx=def n=10 BLITZ:2:0.3333:0.1667 REPOSITION:7:0.5833:0.0833 END_TURN:1:0.0833:0.0833
ROOT g=48 t=4 ctx=off n=23 ADVANCE:1:0.1041:0.1041 CAGE:1:0.1041:0.1041 BLITZ:1:0.0377:0.0377 PASS_ACTION:8:0.3017:0.0377 FOUL:3:0.1131:0.0377 REPOSITION:8:0.3017:0.0377 END_TURN:1:0.0377:0.0377
ROOT g=48 t=5 ctx=def n=9 BLITZ:2:0.3429:0.1714 REPOSITION:6:0.5714:0.0952 END_TURN:1:0.0857:0.0857
ROOT g=48 t=6 ctx=off n=25 ADVANCE:1:0.1034:0.1034 CAGE:1:0.1034:0.1034 BLITZ:1:0.0345:0.0345 PASS_ACTION:8:0.2759:0.0345 FOUL:5:0.1724:0.0345 REPOSITION:8:0.2759:0.0345 END_TURN:1:0.0345:0.0345
ROOT g=48 t=7 ctx=def n=8 BLITZ:2:0.3556:0.1778 REPOSITION:5:0.5556:0.1111 END_TURN:1:0.0889:0.0889
ROOT g=48 t=8 ctx=off n=26 ADVANCE:1:0.1032:0.1032 CAGE:1:0.1032:0.1032 BLITZ:1:0.0331:0.0331 PASS_ACTION:8:0.2646:0.0331 FOUL:6:0.1984:0.0331 REPOSITION:8:0.2646:0.0331 END_TURN:1:0.0331:0.0331
ROOT g=48 t=9 ctx=def n=7 BLITZ:2:0.3733:0.1867 REPOSITION:4:0.5333:0.1333 END_TURN:1:0.0933:0.0933
ROOT g=48 t=10 ctx=off n=26 ADVANCE:1:0.1032:0.1032 CAGE:1:0.1032:0.1032 BLITZ:1:0.0331:0.0331 PASS_ACTION:8:0.2646:0.0331 FOUL:6:0.1984:0.0331 REPOSITION:8:0.2646:0.0331 END_TURN:1:0.0331:0.0331
ROOT g=48 t=11 ctx=def n=6 BLITZ:2:0.4000:0.2000 REPOSITION:3:0.5000:0.1667 END_TURN:1:0.1000:0.1000
ROOT g=48 t=12 ctx=off n=26 ADVANCE:1:0.1032:0.1032 CAGE:1:0.1032:0.1032 BLITZ:1:0.0331:0.0331 PASS_ACTION:8:0.2646:0.0331 FOUL:6:0.1984:0.0331 REPOSITION:8:0.2646:0.0331 END_TURN:1:0.0331:0.0331
ROOT g=48 t=13 ctx=def n=7 BLITZ:2:0.3733:0.1867 REPOSITION:4:0.5333:0.1333 END_TURN:1:0.0933:0.0933
ROOT g=48 t=14 ctx=off n=16 ADVANCE:1:0.1076:0.1076 CAGE:1:0.1076:0.1076 BLITZ:1:0.0561:0.0561 FOUL:4:0.2242:0.0561 REPOSITION:8:0.4484:0.0561 END_TURN:1:0.0561:0.0561
ROOT g=48 t=15 ctx=def n=9 BLITZ:2:0.3403:0.1701 BLOCK:1:0.1021:0.1021 FOUL:2:0.1890:0.0945 REPOSITION:3:0.2836:0.0945 END_TURN:1:0.0851:0.0851
ROOT g=48 t=16 ctx=loose n=13 BLITZ:1:0.0614:0.0614 BLOCK:3:0.2875:0.0958 PICKUP:1:0.1597:0.1597 REPOSITION:7:0.4300:0.0614 END_TURN:1:0.0614:0.0614
ROOT g=48 t=17 ctx=def n=12 BLITZ:2:0.3243:0.1622 REPOSITION:9:0.6081:0.0676 END_TURN:1:0.0676:0.0676
ROOT g=48 t=18 ctx=off n=19 ADVANCE:1:0.1058:0.1058 CAGE:1:0.1058:0.1058 BLITZ:1:0.0464:0.0464 PASS_ACTION:6:0.2783:0.0464 FOUL:1:0.0464:0.0464 REPOSITION:8:0.3711:0.0464 END_TURN:1:0.0464:0.0464
ROOT g=48 t=19 ctx=def n=11 BLITZ:2:0.3284:0.1642 REPOSITION:8:0.5970:0.0746 END_TURN:1:0.0746:0.0746
ROOT g=48 t=20 ctx=off n=21 ADVANCE:1:0.1048:0.1048 CAGE:1:0.1048:0.1048 BLITZ:1:0.0416:0.0416 PASS_ACTION:7:0.2912:0.0416 FOUL:2:0.0832:0.0416 REPOSITION:8:0.3328:0.0416 END_TURN:1:0.0416:0.0416
ROOT g=48 t=21 ctx=def n=11 BLITZ:2:0.3284:0.1642 REPOSITION:8:0.5970:0.0746 END_TURN:1:0.0746:0.0746
ROOT g=48 t=22 ctx=off n=17 ADVANCE:1:0.0878:0.0878 CAGE:1:0.0878:0.0878 BLITZ:1:0.0430:0.0430 BLOCK:4:0.3511:0.0878 PASS_ACTION:2:0.0861:0.0430 FOUL:1:0.0430:0.0430 REPOSITION:6:0.2582:0.0430 END_TURN:1:0.0430:0.0430
ROOT g=48 t=23 ctx=def n=12 BLITZ:2:0.3243:0.1622 FOUL:2:0.1351:0.0676 REPOSITION:7:0.4730:0.0676 END_TURN:1:0.0676:0.0676
ROOT g=48 t=24 ctx=off n=20 ADVANCE:1:0.0845:0.0845 CAGE:1:0.0845:0.0845 BLITZ:1:0.0352:0.0352 BLOCK:4:0.3380:0.0845 PASS_ACTION:3:0.1056:0.0352 FOUL:3:0.1056:0.0352 REPOSITION:6:0.2113:0.0352 END_TURN:1:0.0352:0.0352
ROOT g=48 t=25 ctx=def n=7 BLITZ:2:0.3733:0.1867 REPOSITION:4:0.5333:0.1333 END_TURN:1:0.0933:0.0933
ROOT g=48 t=26 ctx=off n=16 ADVANCE:1:0.0932:0.0932 CAGE:1:0.0932:0.0932 BLITZ:1:0.0485:0.0485 BLOCK:3:0.2796:0.0932 PASS_ACTION:3:0.1456:0.0485 FOUL:2:0.0971:0.0485 REPOSITION:4:0.1942:0.0485 END_TURN:1:0.0485:0.0485
ROOT g=48 t=27 ctx=def n=10 BLITZ:2:0.3226:0.1613 BLOCK:2:0.1935:0.0968 FOUL:2:0.1613:0.0806 REPOSITION:3:0.2419:0.0806 END_TURN:1:0.0806:0.0806
ROOT g=48 t=28 ctx=off n=14 ADVANCE:1:0.1005:0.1005 CAGE:1:0.1005:0.1005 BLITZ:1:0.0598:0.0598 BLOCK:2:0.2010:0.1005 PASS_ACTION:3:0.1794:0.0598 FOUL:2:0.1196:0.0598 REPOSITION:3:0.1794:0.0598 END_TURN:1:0.0598:0.0598
ROOT g=48 t=29 ctx=loose n=10 BLITZ:1:0.0800:0.0800 PICKUP:1:0.2800:0.2800 FOUL:3:0.2400:0.0800 REPOSITION:4:0.3200:0.0800 END_TURN:1:0.0800:0.0800
ROOT g=48 t=30 ctx=loose n=9 BLITZ:1:0.0905:0.0905 PICKUP:1:0.2851:0.2851 FOUL:1:0.0905:0.0905 REPOSITION:5:0.4525:0.0905 END_TURN:1:0.0814:0.0814
ROOT g=48 t=31 ctx=loose n=8 BLITZ:1:0.1042:0.1042 PICKUP:1:0.2917:0.2917 REPOSITION:5:0.5208:0.1042 END_TURN:1:0.0833:0.0833
ROOT g=49 t=0 ctx=loose n=13 BLITZ:1:0.0614:0.0614 BLOCK:3:0.2875:0.0958 PICKUP:1:0.1597:0.1597 REPOSITION:7:0.4300:0.0614 END_TURN:1:0.0614:0.0614
ROOT g=49 t=1 ctx=def n=13 BLITZ:2:0.3103:0.1551 BLOCK:1:0.0931:0.0931 REPOSITION:9:0.5370:0.0597 END_TURN:1:0.0597:0.0597
ROOT g=49 t=2 ctx=off n=9 ADVANCE:1:0.1192:0.1192 CAGE:1:0.1192:0.1192 BLITZ:1:0.1104:0.1104 REPOSITION:5:0.5519:0.1104 END_TURN:1:0.0993:0.0993
ROOT g=49 t=3 ctx=def n=14 BLITZ:2:0.3182:0.1591 REPOSITION:11:0.6250:0.0568 END_TURN:1:0.0568:0.0568
ROOT g=49 t=4 ctx=loose n=12 BLITZ:1:0.0679:0.0679 BLOCK:3:0.2935:0.0978 PICKUP:1:0.1630:0.1630 REPOSITION:6:0.4076:0.0679 END_TURN:1:0.0679:0.0679
ROOT g=49 t=5 ctx=def n=13 BLITZ:2:0.3210:0.1605 REPOSITION:10:0.6173:0.0617 END_TURN:1:0.0617:0.0617
ROOT g=49 t=6 ctx=off n=20 ADVANCE:1:0.1053:0.1053 CAGE:1:0.1053:0.1053 BLITZ:1:0.0439:0.0439 PASS_ACTION:8:0.3509:0.0439 REPOSITION:8:0.3509:0.0439 END_TURN:1:0.0439:0.0439
ROOT g=49 t=7 ctx=def n=13 BLITZ:2:0.3210:0.1605 REPOSITION:10:0.6173:0.0617 END_TURN:1:0.0617:0.0617
ROOT g=49 t=8 ctx=off n=13 SCORE:1:0.1715:0.1715 CAGE:1:0.1029:0.1029 BLITZ:1:0.0660:0.0660 FOUL:1:0.0660:0.0660 REPOSITION:8:0.5277:0.0660 END_TURN:1:0.0660:0.0660
ROOT g=49 t=9 ctx=loose n=13 BLITZ:1:0.0569:0.0569 BLOCK:3:0.2662:0.0887 PICKUP:1:0.2218:0.2218 REPOSITION:7:0.3982:0.0569 END_TURN:1:0.0569:0.0569
ROOT g=49 t=10 ctx=def n=12 BLITZ:2:0.3061:0.1531 BLOCK:2:0.1837:0.0918 REPOSITION:7:0.4464:0.0638 END_TURN:1:0.0638:0.0638
ROOT g=49 t=11 ctx=off n=19 ADVANCE:1:0.1058:0.1058 CAGE:1:0.1058:0.1058 BLITZ:1:0.0464:0.0464 PASS_ACTION:6:0.2783:0.0464 FOUL:1:0.0464:0.0464 REPOSITION:8:0.3711:0.0464 END_TURN:1:0.0464:0.0464
ROOT g=49 t=12 ctx=def n=12 BLITZ:2:0.3061:0.1531 BLOCK:2:0.1837:0.0918 REPOSITION:7:0.4464:0.0638 END_TURN:1:0.0638:0.0638
ROOT g=49 t=13 ctx=off n=19 ADVANCE:1:0.1058:0.1058 CAGE:1:0.1058:0.1058 BLITZ:1:0.0464:0.0464 PASS_ACTION:6:0.2783:0.0464 FOUL:1:0.0464:0.0464 REPOSITION:8:0.3711:0.0464 END_TURN:1:0.0464:0.0464
ROOT g=49 t=14 ctx=def n=11 BLITZ:2:0.3284:0.1642 REPOSITION:8:0.5970:0.0746 END_TURN:1:0.0746:0.0746
ROOT g=49 t=15 ctx=off n=20 ADVANCE:1:0.1053:0.1053 CAGE:1:0.1053:0.1053 BLITZ:1:0.0439:0.0439 PASS_ACTION:5:0.2193:0.0439 FOUL:2:0.0877:0.0439 REPOSITION:9:0.3947:0.0439 END_TURN:1:0.0439:0.0439
ROOT g=49 t=16 ctx=loose n=13 BLITZ:1:0.0569:0.0569 BLOCK:3:0.2662:0.0887 PICKUP:1:0.2218:0.2218 REPOSITION:7:0.3982:0.0569 END_TURN:1:0.0569:0.0569
ROOT g=49 t=17 ctx=def n=12 BLITZ:2:0.3243:0.1622 FOUL:1:0.0676:0.0676 REPOSITION:8:0.5405:0.0676 END_TURN:1:0.0676:0.0676
ROOT g=49 t=18 ctx=off n=22 ADVANCE:1:0.0981:0.0981 CAGE:1:0.0981:0.0981 BLITZ:1:0.0371:0.0371 BLOCK:1:0.0981:0.0981 PASS_ACTION:8:0.2972:0.0371 FOUL:1:0.0371:0.0371 REPOSITION:8:0.2972:0.0371 END_TURN:1:0.0371:0.0371
ROOT g=49 t=19 ctx=def n=12 BLITZ:2:0.3243:0.1622 FOUL:1:0.0676:0.0676 REPOSITION:8:0.5405:0.0676 END_TURN:1:0.0676:0.0676
ROOT g=49 t=20 ctx=off n=18 ADVANCE:1:0.1006:0.1006 CAGE:1:0.1006:0.1006 BLITZ:1:0.0466:0.0466 BLOCK:1:0.1006:0.1006 PASS_ACTION:5:0.2328:0.0466 FOUL:1:0.0466:0.0466 REPOSITION:7:0.3259:0.0466 END_TURN:1:0.0466:0.0466
ROOT g=49 t=21 ctx=def n=9 BLITZ:2:0.3403:0.1701 BLOCK:1:0.1021:0.1021 REPOSITION:5:0.4726:0.0945 END_TURN:1:0.0851:0.0851
ROOT g=49 t=22 ctx=loose n=12 BLITZ:1:0.0646:0.0646 BLOCK:2:0.1860:0.0930 PICKUP:1:0.2326:0.2326 FOUL:1:0.0646:0.0646 REPOSITION:6:0.3876:0.0646 END_TURN:1:0.0646:0.0646
ROOT g=49 t=23 ctx=def n=11 BLITZ:2:0.3064:0.1532 BLOCK:3:0.2758:0.0919 FOUL:2:0.1393:0.0696 REPOSITION:3:0.2089:0.0696 END_TURN:1:0.0696:0.0696
ROOT g=49 t=24 ctx=off n=19 ADVANCE:1:0.0815:0.0815 CAGE:1:0.0815:0.0815 BLITZ:1:0.0358:0.0358 BLOCK:5:0.4077:0.0815 PASS_ACTION:2:0.0715:0.0358 FOUL:5:0.1788:0.0358 REPOSITION:3:0.1073:0.0358 END_TURN:1:0.0358:0.0358
ROOT g=49 t=25 ctx=def n=10 BLITZ:2:0.3226:0.1613 BLOCK:2:0.1935:0.0968 FOUL:3:0.2419:0.0806 REPOSITION:2:0.1613:0.0806 END_TURN:1:0.0806:0.0806
ROOT g=49 t=26 ctx=off n=17 ADVANCE:1:0.0919:0.0919 CAGE:1:0.0919:0.0919 BLITZ:1:0.0450:0.0450 BLOCK:3:0.2757:0.0919 PASS_ACTION:2:0.0901:0.0450 FOUL:5:0.2252:0.0450 REPOSITION:3:0.1351:0.0450 END_TURN:1:0.0450:0.0450
ROOT g=49 t=27 ctx=def n=10 BLITZ:2:0.3279:0.1639 BLOCK:1:0.0984:0.0984 FOUL:3:0.2459:0.0820 REPOSITION:3:0.2459:0.0820 END_TURN:1:0.0820:0.0820
ROOT g=49 t=28 ctx=off n=12 ADVANCE:1:0.1081:0.1081 CAGE:1:0.1081:0.1081 BLITZ:1:0.0751:0.0751 BLOCK:1:0.1081:0.1081 PASS_ACTION:1:0.0751:0.0751 FOUL:2:0.1502:0.0751 REPOSITION:4:0.3003:0.0751 END_TURN:1:0.0751:0.0751
ROOT g=49 t=29 ctx=def n=8 BLITZ:2:0.3556:0.1778 FOUL:2:0.2222:0.1111 REPOSITION:3:0.3333:0.1111 END_TURN:1:0.0889:0.0889
ROOT g=49 t=30 ctx=loose n=12 BLITZ:1:0.0639:0.0639 BLOCK:1:0.0921:0.0921 PICKUP:1:0.2685:0.2685 FOUL:5:0.3197:0.0639 REPOSITION:3:0.1918:0.0639 END_TURN:1:0.0639:0.0639
ROOT g=49 t=31 ctx=loose n=8 BLITZ:1:0.1042:0.1042 PICKUP:1:0.2917:0.2917 FOUL:2:0.2083:0.1042 REPOSITION:3:0.3125:0.1042 END_TURN:1:0.0833:0.0833
ROOT g=50 t=0 ctx=loose n=13 BLITZ:1:0.0614:0.0614 BLOCK:3:0.2875:0.0958 PICKUP:1:0.1597:0.1597 REPOSITION:7:0.4300:0.0614 END_TURN:1:0.0614:0.0614
ROOT g=50 t=1 ctx=def n=12 BLITZ:2:0.3243:0.1622 REPOSITION:9:0.6081:0.0676 END_TURN:1:0.0676:0.0676
ROOT g=50 t=2 ctx=off n=20 ADVANCE:1:0.0992:0.0992 CAGE:1:0.0992:0.0992 BLITZ:1:0.0413:0.0413 BLOCK:1:0.0992:0.0992 PASS_ACTION:6:0.2479:0.0413 FOUL:1:0.0413:0.0413 REPOSITION:8:0.3306:0.0413 END_TURN:1:0.0413:0.0413
ROOT g=50 t=3 ctx=def n=14 BLITZ:2:0.3182:0.1591 FOUL:2:0.1136:0.0568 REPOSITION:9:0.5114:0.0568 END_TURN:1:0.0568:0.0568
ROOT g=50 t=4 ctx=off n=21 ADVANCE:1:0.1048:0.1048 CAGE:1:0.1048:0.1048 BLITZ:1:0.0416:0.0416 PASS_ACTION:6:0.2496:0.0416 FOUL:2:0.0832:0.0416 REPOSITION:9:0.3744:0.0416 END_TURN:1:0.0416:0.0416
ROOT g=50 t=5 ctx=def n=13 BLITZ:2:0.3210:0.1605 FOUL:2:0.1235:0.0617 REPOSITION:8:0.4938:0.0617 END_TURN:1:0.0617:0.0617
ROOT g=50 t=6 ctx=loose n=13 BLITZ:1:0.0614:0.0614 BLOCK:3:0.2875:0.0958 PICKUP:1:0.1597:0.1597 FOUL:1:0.0614:0.0614 REPOSITION:6:0.3686:0.0614 END_TURN:1:0.0614:0.0614
ROOT g=50 t=7 ctx=def n=11 BLITZ:2:0.3064:0.1532 BLOCK:3:0.2758:0.0919 FOUL:1:0.0696:0.0696 REPOSITION:4:0.2786:0.0696 END_TURN:1:0.0696:0.0696
ROOT g=50 t=8 ctx=loose n=12 BLITZ:1:0.0700:0.0700 BLOCK:2:0.2017:0.1008 PICKUP:1:0.1681:0.1681 FOUL:2:0.1401:0.0700 REPOSITION:5:0.3501:0.0700 END_TURN:1:0.0700:0.0700
ROOT g=50 t=9 ctx=loose n=9 BLITZ:1:0.1031:0.1031 PICKUP:1:0.1856:0.1856 FOUL:1:0.1031:0.1031 REPOSITION:5:0.5155:0.1031 END_TURN:1:0.0928:0.0928
ROOT g=50 t=10 ctx=loose n=15 BLITZ:1:0.0519:0.0519 PICKUP:1:0.2727:0.2727 FOUL:5:0.2597:0.0519 REPOSITION:7:0.3636:0.0519 END_TURN:1:0.0519:0.0519
ROOT g=50 t=11 ctx=loose n=9 BLITZ:1:0.0905:0.0905 PICKUP:1:0.2851:0.2851 FOUL:1:0.0905:0.0905 REPOSITION:5:0.4525:0.0905 END_TURN:1:0.0814:0.0814
ROOT g=50 t=12 ctx=loose n=17 BLITZ:1:0.0435:0.0435 BLOCK:1:0.0887:0.0887 PICKUP:1:0.2588:0.2588 FOUL:7:0.3045:0.0435 REPOSITION:6:0.2610:0.0435 END_TURN:1:0.0435:0.0435
ROOT g=50 t=13 ctx=loose n=9 BLITZ:1:0.0905:0.0905 PICKUP:1:0.2851:0.2851 FOUL:2:0.1810:0.0905 REPOSITION:4:0.3620:0.0905 END_TURN:1:0.0814:0.0814
ROOT g=50 t=14 ctx=loose n=15 BLITZ:1:0.0519:0.0519 PICKUP:1:0.2727:0.2727 FOUL:6:0.3117:0.0519 REPOSITION:6:0.3117:0.0519 END_TURN:1:0.0519:0.0519
ROOT g=50 t=15 ctx=def n=6 BLITZ:2:0.4000:0.2000 FOUL:1:0.1667:0.1667 REPOSITION:2:0.3333:0.1667 END_TURN:1:0.1000:0.1000
ROOT g=50 t=16 ctx=loose n=13 BLITZ:1:0.0614:0.0614 BLOCK:3:0.2875:0.0958 PICKUP:1:0.1597:0.1597 REPOSITION:7:0.4300:0.0614 END_TURN:1:0.0614:0.0614
ROOT g=50 t=17 ctx=def n=11 BLITZ:2:0.3284:0.1642 REPOSITION:8:0.5970:0.0746 END_TURN:1:0.0746:0.0746
ROOT g=50 t=18 ctx=off n=23 ADVANCE:1:0.0976:0.0976 CAGE:1:0.0976:0.0976 BLITZ:1:0.0354:0.0354 BLOCK:1:0.0976:0.0976 PASS_ACTION:8:0.2829:0.0354 FOUL:2:0.0707:0.0354 REPOSITION:8:0.2829:0.0354 END_TURN:1:0.0354:0.0354
ROOT g=50 t=19 ctx=def n=16 BLITZ:2:0.3137:0.1569 FOUL:3:0.1471:0.0490 REPOSITION:10:0.4902:0.0490 END_TURN:1:0.0490:0.0490
ROOT g=50 t=20 ctx=off n=18 ADVANCE:1:0.1063:0.1063 CAGE:1:0.1063:0.1063 BLITZ:1:0.0492:0.0492 PASS_ACTION:7:0.3445:0.0492 FOUL:1:0.0492:0.0492 REPOSITION:6:0.2953:0.0492 END_TURN:1:0.0492:0.0492
ROOT g=50 t=21 ctx=def n=16 BLITZ:2:0.3137:0.1569 FOUL:3:0.1471:0.0490 REPOSITION:10:0.4902:0.0490 END_TURN:1:0.0490:0.0490
ROOT g=50 t=22 ctx=off n=12 ADVANCE:1:0.1118:0.1118 CAGE:1:0.1118:0.1118 BLITZ:1:0.0776:0.0776 PASS_ACTION:3:0.2329:0.0776 REPOSITION:5:0.3882:0.0776 END_TURN:1:0.0776:0.0776
ROOT g=50 t=23 ctx=def n=13 BLITZ:2:0.3210:0.1605 FOUL:2:0.1235:0.0617 REPOSITION:8:0.4938:0.0617 END_TURN:1:0.0617:0.0617
ROOT g=50 t=24 ctx=loose n=7 BLITZ:1:0.1408:0.1408 BLOCK:2:0.2817:0.1408 PICKUP:1:0.1972:0.1972 REPOSITION:2:0.2817:0.1408 END_TURN:1:0.0986:0.0986
ROOT g=50 t=25 ctx=loose n=12 BLITZ:1:0.0746:0.0746 PICKUP:1:0.1791:0.1791 FOUL:3:0.2239:0.0746 REPOSITION:6:0.4478:0.0746 END_TURN:1:0.0746:0.0746
ROOT g=50 t=26 ctx=loose n=10 BLITZ:1:0.0763:0.0763 BLOCK:3:0.2748:0.0916 PICKUP:1:0.2672:0.2672 FOUL:1:0.0763:0.0763 REPOSITION:3:0.2290:0.0763 END_TURN:1:0.0763:0.0763
ROOT g=50 t=27 ctx=loose n=15 BLITZ:1:0.0445:0.0445 BLOCK:4:0.3207:0.0802 PICKUP:1:0.2339:0.2339 FOUL:3:0.1336:0.0445 REPOSITION:5:0.2227:0.0445 END_TURN:1:0.0445:0.0445
ROOT g=50 t=28 ctx=loose n=6 BLITZ:1:0.1493:0.1493 PICKUP:1:0.3134:0.3134 REPOSITION:3:0.4478:0.1493 END_TURN:1:0.0896:0.0896
ROOT g=50 t=29 ctx=loose n=17 BLITZ:1:0.0435:0.0435 BLOCK:1:0.0887:0.0887 PICKUP:1:0.2588:0.2588 FOUL:6:0.2610:0.0435 REPOSITION:7:0.3045:0.0435 END_TURN:1:0.0435:0.0435
ROOT g=50 t=30 ctx=loose n=7 BLITZ:1:0.1227:0.1227 PICKUP:1:0.3006:0.3006 FOUL:1:0.1227:0.1227 REPOSITION:3:0.3681:0.1227 END_TURN:1:0.0859:0.0859
ROOT g=50 t=31 ctx=loose n=16 BLITZ:1:0.0485:0.0485 PICKUP:1:0.2718:0.2718 FOUL:6:0.2913:0.0485 REPOSITION:7:0.3398:0.0485 END_TURN:1:0.0485:0.0485
ROOT g=51 t=0 ctx=loose n=13 BLITZ:1:0.0614:0.0614 BLOCK:3:0.2875:0.0958 PICKUP:1:0.1597:0.1597 REPOSITION:7:0.4300:0.0614 END_TURN:1:0.0614:0.0614
ROOT g=51 t=1 ctx=def n=10 BLITZ:2:0.3333:0.1667 REPOSITION:7:0.5833:0.0833 END_TURN:1:0.0833:0.0833
ROOT g=51 t=2 ctx=off n=22 ADVANCE:1:0.1044:0.1044 CAGE:1:0.1044:0.1044 BLITZ:1:0.0396:0.0396 PASS_ACTION:8:0.3165:0.0396 FOUL:2:0.0791:0.0396 REPOSITION:8:0.3165:0.0396 END_TURN:1:0.0396:0.0396
ROOT g=51 t=3 ctx=def n=10 BLITZ:2:0.3333:0.1667 REPOSITION:7:0.5833:0.0833 END_TURN:1:0.0833:0.0833
ROOT g=51 t=4 ctx=off n=21 ADVANCE:1:0.1048:0.1048 CAGE:1:0.1048:0.1048 BLITZ:1:0.0416:0.0416 PASS_ACTION:8:0.3328:0.0416 FOUL:1:0.0416:0.0416 REPOSITION:8:0.3328:0.0416 END_TURN:1:0.0416:0.0416
ROOT g=51 t=5 ctx=def n=12 BLITZ:2:0.3243:0.1622 REPOSITION:9:0.6081:0.0676 END_TURN:1:0.0676:0.0676
ROOT g=51 t=6 ctx=off n=22 ADVANCE:1:0.1044:0.1044 CAGE:1:0.1044:0.1044 BLITZ:1:0.0396:0.0396 PASS_ACTION:4:0.1582:0.0396 FOUL:4:0.1582:0.0396 REPOSITION:10:0.3956:0.0396 END_TURN:1:0.0396:0.0396
ROOT g=51 t=7 ctx=def n=11 BLITZ:2:0.3284:0.1642 REPOSITION:8:0.5970:0.0746 END_TURN:1:0.0746:0.0746
ROOT g=51 t=8 ctx=off n=22 ADVANCE:1:0.1044:0.1044 CAGE:1:0.1044:0.1044 BLITZ:1:0.0396:0.0396 PASS_ACTION:4:0.1582:0.0396 FOUL:4:0.1582:0.0396 REPOSITION:10:0.3956:0.0396 END_TURN:1:0.0396:0.0396
ROOT g=51 t=9 ctx=def n=10 BLITZ:2:0.3333:0.1667 REPOSITION:7:0.5833:0.0833 END_TURN:1:0.0833:0.0833
ROOT g=51 t=10 ctx=off n=21 ADVANCE:1:0.1048:0.1048 CAGE:1:0.1048:0.1048 BLITZ:1:0.0416:0.0416 PASS_ACTION:2:0.0832:0.0416 FOUL:5:0.2080:0.0416 REPOSITION:10:0.4160:0.0416 END_TURN:1:0.0416:0.0416
ROOT g=51 t=11 ctx=def n=9 BLITZ:2:0.3429:0.1714 REPOSITION:6:0.5714:0.0952 END_TURN:1:0.0857:0.0857
ROOT g=51 t=12 ctx=off n=21 ADVANCE:1:0.1048:0.1048 CAGE:1:0.1048:0.1048 BLITZ:1:0.0416:0.0416 PASS_ACTION:2:0.0832:0.0416 FOUL:5:0.2080:0.0416 REPOSITION:10:0.4160:0.0416 END_TURN:1:0.0416:0.0416
ROOT g=51 t=13 ctx=def n=8 BLITZ:2:0.3556:0.1778 REPOSITION:5:0.5556:0.1111 END_TURN:1:0.0889:0.0889
ROOT g=51 t=14 ctx=off n=18 ADVANCE:1:0.1063:0.1063 CAGE:1:0.1063:0.1063 BLITZ:1:0.0492:0.0492 FOUL:5:0.2461:0.0492 REPOSITION:9:0.4429:0.0492 END_TURN:1:0.0492:0.0492
ROOT g=51 t=15 ctx=def n=7 BLITZ:2:0.3733:0.1867 REPOSITION:4:0.5333:0.1333 END_TURN:1:0.0933:0.0933
ROOT g=51 t=16 ctx=off n=21 ADVANCE:1:0.0881:0.0881 CAGE:1:0.0881:0.0881 BLITZ:1:0.0350:0.0350 BLOCK:3:0.2643:0.0881 PASS_ACTION:8:0.2797:0.0350 REPOSITION:6:0.2098:0.0350 END_TURN:1:0.0350:0.0350
ROOT g=51 t=17 ctx=def n=14 BLITZ:2:0.2667:0.1333 BLOCK:5:0.4000:0.0800 REPOSITION:6:0.2857:0.0476 END_TURN:1:0.0476:0.0476
ROOT g=51 t=18 ctx=off n=15 ADVANCE:1:0.1084:0.1084 CAGE:1:0.1084:0.1084 BLITZ:1:0.0602:0.0602 PASS_ACTION:5:0.3012:0.0602 FOUL:1:0.0602:0.0602 REPOSITION:5:0.3012:0.0602 END_TURN:1:0.0602:0.0602
ROOT g=51 t=19 ctx=def n=15 BLITZ:2:0.2609:0.1304 BLOCK:5:0.3913:0.0783 FOUL:1:0.0435:0.0435 REPOSITION:6:0.2609:0.0435 END_TURN:1:0.0435:0.0435
ROOT g=51 t=20 ctx=off n=14 ADVANCE:1:0.1094:0.1094 CAGE:1:0.1094:0.1094 BLITZ:1:0.0651:0.0651 PASS_ACTION:4:0.2604:0.0651 FOUL:1:0.0651:0.0651 REPOSITION:5:0.3255:0.0651 END_TURN:1:0.0651:0.0651
ROOT g=51 t=21 ctx=def n=11 BLITZ:2:0.3284:0.1642 REPOSITION:8:0.5970:0.0746 END_TURN:1:0.0746:0.0746
ROOT g=51 t=22 ctx=off n=16 ADVANCE:1:0.1076:0.1076 CAGE:1:0.1076:0.1076 BLITZ:1:0.0561:0.0561 PASS_ACTION:2:0.1121:0.0561 FOUL:3:0.1682:0.0561 REPOSITION:7:0.3924:0.0561 END_TURN:1:0.0561:0.0561
ROOT g=51 t=23 ctx=def n=10 BLITZ:2:0.3333:0.1667 REPOSITION:7:0.5833:0.0833 END_TURN:1:0.0833:0.0833
ROOT g=51 t=24 ctx=off n=13 ADVANCE:1:0.1105:0.1105 CAGE:1:0.1105:0.1105 BLITZ:1:0.0708:0.0708 PASS_ACTION:2:0.1416:0.0708 FOUL:2:0.1416:0.0708 REPOSITION:5:0.3541:0.0708 END_TURN:1:0.0708:0.0708
ROOT g=51 t=25 ctx=def n=11 BLITZ:2:0.3207:0.1603 BLOCK:1:0.0962:0.0962 FOUL:1:0.0729:0.0729 REPOSITION:6:0.4373:0.0729 END_TURN:1:0.0729:0.0729
ROOT g=51 t=26 ctx=loose n=8 BLITZ:1:0.1042:0.1042 PICKUP:1:0.2917:0.2917 FOUL:1:0.1042:0.1042 REPOSITION:4:0.4167:0.1042 END_TURN:1:0.0833:0.0833
ROOT g=51 t=27 ctx=loose n=11 BLITZ:1:0.0722:0.0722 PICKUP:1:0.2780:0.2780 FOUL:1:0.0722:0.0722 REPOSITION:7:0.5054:0.0722 END_TURN:1:0.0722:0.0722
ROOT g=51 t=28 ctx=loose n=10 BLITZ:1:0.0800:0.0800 PICKUP:1:0.2800:0.2800 FOUL:2:0.1600:0.0800 REPOSITION:5:0.4000:0.0800 END_TURN:1:0.0800:0.0800
ROOT g=51 t=29 ctx=loose n=11 BLITZ:1:0.0722:0.0722 PICKUP:1:0.2780:0.2780 FOUL:1:0.0722:0.0722 REPOSITION:7:0.5054:0.0722 END_TURN:1:0.0722:0.0722
ROOT g=51 t=30 ctx=loose n=11 BLITZ:1:0.0722:0.0722 PICKUP:1:0.2780:0.2780 FOUL:2:0.1444:0.0722 REPOSITION:6:0.4332:0.0722 END_TURN:1:0.0722:0.0722
ROOT g=51 t=31 ctx=loose n=12 BLITZ:1:0.0639:0.0639 BLOCK:1:0.0921:0.0921 PICKUP:1:0.2685:0.2685 FOUL:2:0.1279:0.0639 REPOSITION:6:0.3836:0.0639 END_TURN:1:0.0639:0.0639
ROOT g=52 t=0 ctx=loose n=13 BLITZ:1:0.0614:0.0614 BLOCK:3:0.2875:0.0958 PICKUP:1:0.1597:0.1597 REPOSITION:7:0.4300:0.0614 END_TURN:1:0.0614:0.0614
ROOT g=52 t=1 ctx=def n=11 BLITZ:2:0.3134:0.1567 BLOCK:2:0.1880:0.0940 REPOSITION:6:0.4274:0.0712 END_TURN:1:0.0712:0.0712
ROOT g=52 t=2 ctx=off n=19 ADVANCE:1:0.0855:0.0855 CAGE:1:0.0855:0.0855 BLITZ:1:0.0375:0.0375 BLOCK:4:0.3418:0.0855 PASS_ACTION:6:0.2249:0.0375 FOUL:1:0.0375:0.0375 REPOSITION:4:0.1499:0.0375 END_TURN:1:0.0375:0.0375
ROOT g=52 t=3 ctx=def n=8 BLITZ:2:0.3556:0.1778 BLOCK:1:0.1111:0.1111 REPOSITION:4:0.4444:0.1111 END_TURN:1:0.0889:0.0889
ROOT g=52 t=4 ctx=off n=16 ADVANCE:1:0.1076:0.1076 CAGE:1:0.1076:0.1076 BLITZ:1:0.0561:0.0561 PASS_ACTION:5:0.2803:0.0561 FOUL:3:0.1682:0.0561 REPOSITION:4:0.2242:0.0561 END_TURN:1:0.0561:0.0561
ROOT g=52 t=5 ctx=def n=8 BLITZ:2:0.3556:0.1778 BLOCK:2:0.2222:0.1111 REPOSITION:3:0.3333:0.1111 END_TURN:1:0.0889:0.0889
ROOT g=52 t=6 ctx=off n=15 ADVANCE:1:0.1084:0.1084 CAGE:1:0.1084:0.1084 BLITZ:1:0.0602:0.0602 PASS_ACTION:7:0.4217:0.0602 FOUL:3:0.1807:0.0602 REPOSITION:1:0.0602:0.0602 END_TURN:1:0.0602:0.0602
ROOT g=52 t=7 ctx=def n=10 BLITZ:2:0.3175:0.1587 BLOCK:3:0.2857:0.0952 FOUL:1:0.0794:0.0794 REPOSITION:3:0.2381:0.0794 END_TURN:1:0.0794:0.0794
ROOT g=52 t=8 ctx=off n=15 ADVANCE:1:0.0826:0.0826 CAGE:1:0.0826:0.0826 BLITZ:1:0.0459:0.0459 BLOCK:4:0.3303:0.0826 PASS_ACTION:1:0.0459:0.0459 FOUL:5:0.2294:0.0459 END_TURN:1:0.0459:0.0459 BLITZ_AND_SCORE:1:0.1376:0.1376
ROOT g=52 t=9 ctx=def n=12 BLITZ:2:0.2899:0.1449 BLOCK:4:0.3478:0.0870 FOUL:2:0.1208:0.0604 REPOSITION:3:0.1812:0.0604 END_TURN:1:0.0604:0.0604
ROOT g=52 t=10 ctx=off n=16 ADVANCE:1:0.0976:0.0976 CAGE:1:0.0976:0.0976 BLITZ:1:0.0508:0.0508 BLOCK:2:0.1951:0.0976 PASS_ACTION:2:0.1016:0.0508 FOUL:5:0.2541:0.0508 REPOSITION:3:0.1524:0.0508 END_TURN:1:0.0508:0.0508
ROOT g=52 t=11 ctx=def n=6 BLITZ:2:0.4000:0.2000 REPOSITION:3:0.5000:0.1667 END_TURN:1:0.1000:0.1000
ROOT g=52 t=12 ctx=off n=13 SCORE:1:0.2202:0.2202 CAGE:1:0.0755:0.0755 BLITZ:1:0.0484:0.0484 FOUL:3:0.1452:0.0484 REPOSITION:5:0.2420:0.0484 END_TURN:1:0.0484:0.0484 BLITZ_AND_SCORE:1:0.2202:0.2202
ROOT g=52 t=13 ctx=def n=9 BLITZ:2:0.3403:0.1701 BLOCK:1:0.1021:0.1021 FOUL:2:0.1890:0.0945 REPOSITION:3:0.2836:0.0945 END_TURN:1:0.0851:0.0851
ROOT g=52 t=14 ctx=loose n=6 BLITZ:1:0.1493:0.1493 PICKUP:1:0.3134:0.3134 FOUL:1:0.1493:0.1493 REPOSITION:2:0.2985:0.1493 END_TURN:1:0.0896:0.0896
ROOT g=52 t=15 ctx=loose n=11 BLITZ:1:0.0722:0.0722 PICKUP:1:0.2780:0.2780 FOUL:4:0.2888:0.0722 REPOSITION:4:0.2888:0.0722 END_TURN:1:0.0722:0.0722
ROOT g=52 t=16 ctx=loose n=13 BLITZ:1:0.0614:0.0614 BLOCK:3:0.2875:0.0958 PICKUP:1:0.1597:0.1597 REPOSITION:7:0.4300:0.0614 END_TURN:1:0.0614:0.0614
ROOT g=52 t=17 ctx=def n=13 BLITZ:2:0.3210:0.1605 FOUL:2:0.1235:0.0617 REPOSITION:8:0.4938:0.0617 END_TURN:1:0.0617:0.0617
ROOT g=52 t=18 ctx=off n=18 ADVANCE:1:0.1063:0.1063 CAGE:1:0.1063:0.1063 BLITZ:1:0.0492:0.0492 PASS_ACTION:7:0.3445:0.0492 FOUL:1:0.0492:0.0492 REPOSITION:6:0.2953:0.0492 END_TURN:1:0.0492:0.0492
ROOT g=52 t=19 ctx=def n=11 BLITZ:2:0.3284:0.1642 FOUL:1:0.0746:0.0746 REPOSITION:7:0.5224:0.0746 END_TURN:1:0.0746:0.0746
ROOT g=52 t=20 ctx=off n=18 ADVANCE:1:0.1063:0.1063 CAGE:1:0.1063:0.1063 BLITZ:1:0.0492:0.0492 PASS_ACTION:7:0.3445:0.0492 FOUL:1:0.0492:0.0492 REPOSITION:6:0.2953:0.0492 END_TURN:1:0.0492:0.0492
ROOT g=52 t=21 ctx=def n=11 BLITZ:2:0.3284:0.1642 FOUL:1:0.0746:0.0746 REPOSITION:7:0.5224:0.0746 END_TURN:1:0.0746:0.0746
ROOT g=52 t=22 ctx=off n=18 ADVANCE:1:0.1063:0.1063 CAGE:1:0.1063:0.1063 BLITZ:1:0.0492:0.0492 PASS_ACTION:7:0.3445:0.0492 FOUL:1:0.0492:0.0492 REPOSITION:6:0.2953:0.0492 END_TURN:1:0.0492:0.0492
ROOT g=52 t=23 ctx=def n=11 BLITZ:2:0.3284:0.1642 FOUL:1:0.0746:0.0746 REPOSITION:7:0.5224:0.0746 END_TURN:1:0.0746:0.0746
ROOT g=52 t=24 ctx=off n=18 ADVANCE:1:0.1063:0.1063 CAGE:1:0.1063:0.1063 BLITZ:1:0.0492:0.0492 PASS_ACTION:7:0.3445:0.0492 FOUL:1:0.0492:0.0492 REPOSITION:6:0.2953:0.0492 END_TURN:1:0.0492:0.0492
ROOT g=52 t=25 ctx=def n=11 BLITZ:2:0.3284:0.1642 FOUL:1:0.0746:0.0746 REPOSITION:7:0.5224:0.0746 END_TURN:1:0.0746:0.0746
ROOT g=52 t=26 ctx=off n=18 ADVANCE:1:0.1063:0.1063 CAGE:1:0.1063:0.1063 BLITZ:1:0.0492:0.0492 PASS_ACTION:7:0.3445:0.0492 FOUL:1:0.0492:0.0492 REPOSITION:6:0.2953:0.0492 END_TURN:1:0.0492:0.0492
ROOT g=52 t=27 ctx=def n=11 BLITZ:2:0.3284:0.1642 REPOSITION:8:0.5970:0.0746 END_TURN:1:0.0746:0.0746
ROOT g=52 t=28 ctx=off n=17 ADVANCE:1:0.1069:0.1069 CAGE:1:0.1069:0.1069 BLITZ:1:0.0524:0.0524 PASS_ACTION:6:0.3145:0.0524 REPOSITION:7:0.3669:0.0524 END_TURN:1:0.0524:0.0524
ROOT g=52 t=29 ctx=def n=11 BLITZ:2:0.3284:0.1642 FOUL:1:0.0746:0.0746 REPOSITION:7:0.5224:0.0746 END_TURN:1:0.0746:0.0746
ROOT g=52 t=30 ctx=off n=18 ADVANCE:1:0.1063:0.1063 CAGE:1:0.1063:0.1063 BLITZ:1:0.0492:0.0492 PASS_ACTION:6:0.2953:0.0492 FOUL:1:0.0492:0.0492 REPOSITION:7:0.3445:0.0492 END_TURN:1:0.0492:0.0492
ROOT g=52 t=31 ctx=def n=10 BLITZ:2:0.3333:0.1667 FOUL:1:0.0833:0.0833 REPOSITION:6:0.5000:0.0833 END_TURN:1:0.0833:0.0833
ROOT g=53 t=0 ctx=loose n=13 BLITZ:1:0.0614:0.0614 BLOCK:3:0.2875:0.0958 PICKUP:1:0.1597:0.1597 REPOSITION:7:0.4300:0.0614 END_TURN:1:0.0614:0.0614
ROOT g=53 t=1 ctx=loose n=11 BLITZ:1:0.0909:0.0909 REPOSITION:9:0.8182:0.0909 END_TURN:1:0.0909:0.0909
ROOT g=53 t=2 ctx=loose n=14 BLITZ:1:0.0503:0.0503 BLOCK:6:0.5070:0.0845 PICKUP:1:0.1408:0.1408 REPOSITION:5:0.2515:0.0503 END_TURN:1:0.0503:0.0503
ROOT g=53 t=3 ctx=loose n=13 BLITZ:1:0.0685:0.0685 PICKUP:1:0.1781:0.1781 FOUL:1:0.0685:0.0685 REPOSITION:9:0.6164:0.0685 END_TURN:1:0.0685:0.0685
ROOT g=53 t=4 ctx=loose n=12 BLITZ:1:0.0660:0.0660 BLOCK:4:0.3799:0.0950 PICKUP:1:0.1583:0.1583 REPOSITION:5:0.3298:0.0660 END_TURN:1:0.0660:0.0660
ROOT g=53 t=5 ctx=loose n=14 BLITZ:1:0.0633:0.0633 PICKUP:1:0.1772:0.1772 FOUL:2:0.1266:0.0633 REPOSITION:9:0.5696:0.0633 END_TURN:1:0.0633:0.0633
ROOT g=53 t=6 ctx=loose n=11 BLITZ:1:0.0742:0.0742 BLOCK:4:0.3917:0.0979 PICKUP:1:0.1632:0.1632 REPOSITION:4:0.2967:0.0742 END_TURN:1:0.0742:0.0742
ROOT g=53 t=7 ctx=loose n=13 BLITZ:1:0.0660:0.0660 BLOCK:1:0.1029:0.1029 PICKUP:1:0.1715:0.1715 FOUL:1:0.0660:0.0660 REPOSITION:8:0.5277:0.0660 END_TURN:1:0.0660:0.0660
ROOT g=53 t=8 ctx=loose n=11 BLITZ:1:0.0725:0.0725 BLOCK:5:0.4783:0.0957 PICKUP:1:0.1594:0.1594 REPOSITION:3:0.2174:0.0725 END_TURN:1:0.0725:0.0725
ROOT g=53 t=9 ctx=loose n=14 BLITZ:1:0.0583:0.0583 BLOCK:2:0.1958:0.0979 PICKUP:1:0.1632:0.1632 FOUL:1:0.0583:0.0583 REPOSITION:8:0.4662:0.0583 END_TURN:1:0.0583:0.0583
ROOT g=53 t=10 ctx=loose n=10 BLITZ:1:0.0800:0.0800 PICKUP:1:0.2800:0.2800 FOUL:2:0.1600:0.0800 REPOSITION:5:0.4000:0.0800 END_TURN:1:0.0800:0.0800
ROOT g=53 t=11 ctx=loose n=14 BLITZ:1:0.0519:0.0519 BLOCK:2:0.1745:0.0872 PICKUP:1:0.2544:0.2544 FOUL:1:0.0519:0.0519 REPOSITION:8:0.4154:0.0519 END_TURN:1:0.0519:0.0519
ROOT g=53 t=12 ctx=loose n=10 BLITZ:1:0.0800:0.0800 PICKUP:1:0.2800:0.2800 FOUL:2:0.1600:0.0800 REPOSITION:5:0.4000:0.0800 END_TURN:1:0.0800:0.0800
ROOT g=53 t=13 ctx=loose n=13 BLITZ:1:0.0584:0.0584 BLOCK:1:0.0912:0.0912 PICKUP:1:0.2659:0.2659 FOUL:1:0.0584:0.0584 REPOSITION:8:0.4676:0.0584 END_TURN:1:0.0584:0.0584
ROOT g=53 t=14 ctx=loose n=12 BLITZ:1:0.0658:0.0658 PICKUP:1:0.2763:0.2763 FOUL:3:0.1974:0.0658 REPOSITION:6:0.3947:0.0658 END_TURN:1:0.0658:0.0658
ROOT g=53 t=15 ctx=loose n=11 BLITZ:1:0.0722:0.0722 PICKUP:1:0.2780:0.2780 REPOSITION:8:0.5776:0.0722 END_TURN:1:0.0722:0.0722
ROOT g=53 t=16 ctx=loose n=13 BLITZ:1:0.0614:0.0614 BLOCK:3:0.2875:0.0958 PICKUP:1:0.1597:0.1597 REPOSITION:7:0.4300:0.0614 END_TURN:1:0.0614:0.0614
ROOT g=53 t=17 ctx=def n=13 BLITZ:2:0.3210:0.1605 FOUL:2:0.1235:0.0617 REPOSITION:8:0.4938:0.0617 END_TURN:1:0.0617:0.0617
ROOT g=53 t=18 ctx=off n=18 ADVANCE:1:0.1063:0.1063 CAGE:1:0.1063:0.1063 BLITZ:1:0.0492:0.0492 PASS_ACTION:6:0.2953:0.0492 FOUL:1:0.0492:0.0492 REPOSITION:7:0.3445:0.0492 END_TURN:1:0.0492:0.0492
ROOT g=53 t=19 ctx=def n=15 BLITZ:2:0.2913:0.1456 BLOCK:2:0.1748:0.0874 FOUL:2:0.0971:0.0485 REPOSITION:8:0.3883:0.0485 END_TURN:1:0.0485:0.0485
ROOT g=53 t=20 ctx=off n=16 ADVANCE:1:0.0932:0.0932 CAGE:1:0.0932:0.0932 BLITZ:1:0.0485:0.0485 BLOCK:3:0.2796:0.0932 PASS_ACTION:3:0.1456:0.0485 REPOSITION:6:0.2913:0.0485 END_TURN:1:0.0485:0.0485
ROOT g=53 t=21 ctx=def n=14 BLITZ:2:0.3182:0.1591 FOUL:2:0.1136:0.0568 REPOSITION:9:0.5114:0.0568 END_TURN:1:0.0568:0.0568
ROOT g=53 t=22 ctx=off n=17 ADVANCE:1:0.0840:0.0840 CAGE:1:0.0840:0.0840 BLITZ:1:0.0412:0.0412 BLOCK:5:0.4201:0.0840 PASS_ACTION:3:0.1236:0.0412 FOUL:1:0.0412:0.0412 REPOSITION:4:0.1647:0.0412 END_TURN:1:0.0412:0.0412
ROOT g=53 t=23 ctx=def n=10 BLITZ:2:0.3333:0.1667 REPOSITION:7:0.5833:0.0833 END_TURN:1:0.0833:0.0833
ROOT g=53 t=24 ctx=loose n=16 BLITZ:1:0.0549:0.0549 PICKUP:1:0.1758:0.1758 FOUL:6:0.3297:0.0549 REPOSITION:7:0.3846:0.0549 END_TURN:1:0.0549:0.0549
ROOT g=53 t=25 ctx=loose n=11 BLITZ:1:0.0820:0.0820 PICKUP:1:0.1803:0.1803 FOUL:1:0.0820:0.0820 REPOSITION:7:0.5738:0.0820 END_TURN:1:0.0820:0.0820
ROOT g=53 t=26 ctx=loose n=14 BLITZ:1:0.0559:0.0559 PICKUP:1:0.2737:0.2737 FOUL:4:0.2235:0.0559 REPOSITION:7:0.3911:0.0559 END_TURN:1:0.0559:0.0559
ROOT g=53 t=27 ctx=loose n=13 BLITZ:1:0.0566:0.0566 BLOCK:2:0.1766:0.0883 PICKUP:1:0.2575:0.2575 FOUL:3:0.1698:0.0566 REPOSITION:5:0.2830:0.0566 END_TURN:1:0.0566:0.0566
ROOT g=53 t=28 ctx=loose n=15 BLITZ:1:0.0519:0.0519 PICKUP:1:0.2727:0.2727 FOUL:6:0.3117:0.0519 REPOSITION:6:0.3117:0.0519 END_TURN:1:0.0519:0.0519
ROOT g=53 t=29 ctx=loose n=9 BLITZ:1:0.0905:0.0905 PICKUP:1:0.2851:0.2851 FOUL:2:0.1810:0.0905 REPOSITION:4:0.3620:0.0905 END_TURN:1:0.0814:0.0814
ROOT g=53 t=30 ctx=loose n=16 BLITZ:1:0.0485:0.0485 PICKUP:1:0.2718:0.2718 FOUL:7:0.3398:0.0485 REPOSITION:6:0.2913:0.0485 END_TURN:1:0.0485:0.0485
ROOT g=53 t=31 ctx=loose n=7 BLITZ:1:0.1227:0.1227 PICKUP:1:0.3006:0.3006 FOUL:1:0.1227:0.1227 REPOSITION:3:0.3681:0.1227 END_TURN:1:0.0859:0.0859
ROOT g=54 t=0 ctx=loose n=13 BLITZ:1:0.0614:0.0614 BLOCK:3:0.2875:0.0958 PICKUP:1:0.1597:0.1597 REPOSITION:7:0.4300:0.0614 END_TURN:1:0.0614:0.0614
ROOT g=54 t=1 ctx=def n=12 BLITZ:2:0.3150:0.1575 BLOCK:1:0.0945:0.0945 REPOSITION:8:0.5249:0.0656 END_TURN:1:0.0656:0.0656
ROOT g=54 t=2 ctx=off n=25 ADVANCE:1:0.1034:0.1034 CAGE:1:0.1034:0.1034 BLITZ:1:0.0345:0.0345 PASS_ACTION:10:0.3448:0.0345 FOUL:3:0.1034:0.0345 REPOSITION:8:0.2759:0.0345 END_TURN:1:0.0345:0.0345
ROOT g=54 t=3 ctx=def n=11 BLITZ:2:0.3207:0.1603 BLOCK:1:0.0962:0.0962 REPOSITION:7:0.5102:0.0729 END_TURN:1:0.0729:0.0729
ROOT g=54 t=4 ctx=off n=23 ADVANCE:1:0.1041:0.1041 CAGE:1:0.1041:0.1041 BLITZ:1:0.0377:0.0377 PASS_ACTION:4:0.1508:0.0377 FOUL:7:0.2640:0.0377 REPOSITION:8:0.3017:0.0377 END_TURN:1:0.0377:0.0377
ROOT g=54 t=5 ctx=def n=10 BLITZ:2:0.3279:0.1639 BLOCK:1:0.0984:0.0984 REPOSITION:6:0.4918:0.0820 END_TURN:1:0.0820:0.0820
ROOT g=54 t=6 ctx=off n=23 ADVANCE:1:0.0976:0.0976 CAGE:1:0.0976:0.0976 BLITZ:1:0.0354:0.0354 BLOCK:1:0.0976:0.0976 PASS_ACTION:4:0.1414:0.0354 FOUL:6:0.2122:0.0354 REPOSITION:8:0.2829:0.0354 END_TURN:1:0.0354:0.0354
ROOT g=54 t=7 ctx=def n=9 BLITZ:2:0.3403:0.1701 BLOCK:1:0.1021:0.1021 REPOSITION:5:0.4726:0.0945 END_TURN:1:0.0851:0.0851
ROOT g=54 t=8 ctx=off n=22 ADVANCE:1:0.1044:0.1044 CAGE:1:0.1044:0.1044 BLITZ:1:0.0396:0.0396 PASS_ACTION:4:0.1582:0.0396 FOUL:6:0.2373:0.0396 REPOSITION:8:0.3165:0.0396 END_TURN:1:0.0396:0.0396
ROOT g=54 t=9 ctx=def n=8 BLITZ:2:0.3556:0.1778 BLOCK:1:0.1111:0.1111 REPOSITION:4:0.4444:0.1111 END_TURN:1:0.0889:0.0889
ROOT g=54 t=10 ctx=off n=23 ADVANCE:1:0.0976:0.0976 CAGE:1:0.0976:0.0976 BLITZ:1:0.0354:0.0354 BLOCK:1:0.0976:0.0976 PASS_ACTION:4:0.1414:0.0354 FOUL:6:0.2122:0.0354 REPOSITION:8:0.2829:0.0354 END_TURN:1:0.0354:0.0354
ROOT g=54 t=11 ctx=def n=7 BLITZ:2:0.3733:0.1867 REPOSITION:4:0.5333:0.1333 END_TURN:1:0.0933:0.0933
ROOT g=54 t=12 ctx=off n=24 ADVANCE:1:0.0816:0.0816 CAGE:1:0.0816:0.0816 BLITZ:1:0.0283:0.0283 BLOCK:4:0.3265:0.0816 PASS_ACTION:4:0.1134:0.0283 FOUL:6:0.1701:0.0283 REPOSITION:6:0.1701:0.0283 END_TURN:1:0.0283:0.0283
ROOT g=54 t=13 ctx=def n=6 BLITZ:2:0.4000:0.2000 BLOCK:1:0.1667:0.1667 REPOSITION:2:0.3333:0.1667 END_TURN:1:0.1000:0.1000
ROOT g=54 t=14 ctx=off n=20 SCORE:1:0.3763:0.3763 CAGE:1:0.0645:0.0645 BLITZ:1:0.0269:0.0269 BLOCK:2:0.1290:0.0645 FOUL:7:0.1882:0.0269 REPOSITION:7:0.1882:0.0269 END_TURN:1:0.0269:0.0269
ROOT g=54 t=15 ctx=loose n=13 BLITZ:1:0.0549:0.0549 BLOCK:3:0.2567:0.0856 PICKUP:1:0.2496:0.2496 REPOSITION:7:0.3840:0.0549 END_TURN:1:0.0549:0.0549
ROOT g=54 t=16 ctx=loose n=13 BLITZ:1:0.0569:0.0569 BLOCK:3:0.2662:0.0887 PICKUP:1:0.2218:0.2218 REPOSITION:7:0.3982:0.0569 END_TURN:1:0.0569:0.0569
ROOT g=54 t=17 ctx=def n=12 BLITZ:2:0.3061:0.1531 BLOCK:2:0.1837:0.0918 REPOSITION:7:0.4464:0.0638 END_TURN:1:0.0638:0.0638
ROOT g=54 t=18 ctx=off n=20 ADVANCE:1:0.0938:0.0938 CAGE:1:0.0938:0.0938 BLITZ:1:0.0391:0.0391 BLOCK:2:0.1875:0.0938 PASS_ACTION:8:0.3125:0.0391 FOUL:1:0.0391:0.0391 REPOSITION:5:0.1953:0.0391 END_TURN:1:0.0391:0.0391
ROOT g=54 t=19 ctx=def n=12 BLITZ:2:0.2978:0.1489 BLOCK:3:0.2680:0.0893 FOUL:1:0.0620:0.0620 REPOSITION:5:0.3102:0.0620 END_TURN:1:0.0620:0.0620
ROOT g=54 t=20 ctx=off n=15 ADVANCE:1:0.1084:0.1084 CAGE:1:0.1084:0.1084 BLITZ:1:0.0602:0.0602 PASS_ACTION:6:0.3614:0.0602 FOUL:1:0.0602:0.0602 REPOSITION:4:0.2410:0.0602 END_TURN:1:0.0602:0.0602
ROOT g=54 t=21 ctx=def n=11 BLITZ:2:0.3207:0.1603 BLOCK:1:0.0962:0.0962 FOUL:1:0.0729:0.0729 REPOSITION:6:0.4373:0.0729 END_TURN:1:0.0729:0.0729
ROOT g=54 t=22 ctx=off n=17 ADVANCE:1:0.0919:0.0919 CAGE:1:0.0919:0.0919 BLITZ:1:0.0450:0.0450 BLOCK:3:0.2757:0.0919 PASS_ACTION:1:0.0450:0.0450 FOUL:4:0.1802:0.0450 REPOSITION:5:0.2252:0.0450 END_TURN:1:0.0450:0.0450
ROOT g=54 t=23 ctx=def n=8 BLITZ:2:0.3556:0.1778 FOUL:1:0.1111:0.1111 REPOSITION:4:0.4444:0.1111 END_TURN:1:0.0889:0.0889
ROOT g=54 t=24 ctx=loose n=14 BLITZ:1:0.0539:0.0539 BLOCK:2:0.1810:0.0905 PICKUP:1:0.2263:0.2263 FOUL:5:0.2694:0.0539 REPOSITION:4:0.2155:0.0539 END_TURN:1:0.0539:0.0539
ROOT g=54 t=25 ctx=def n=11 BLITZ:2:0.3284:0.1642 FOUL:2:0.1493:0.0746 REPOSITION:6:0.4478:0.0746 END_TURN:1:0.0746:0.0746
ROOT g=54 t=26 ctx=off n=16 ADVANCE:1:0.0916:0.0916 CAGE:1:0.0916:0.0916 BLITZ:1:0.0477:0.0477 BLOCK:1:0.0916:0.0916 PASS_ACTION:1:0.0477:0.0477 FOUL:4:0.1908:0.0477 REPOSITION:5:0.2385:0.0477 END_TURN:1:0.0477:0.0477 BLITZ_AND_SCORE:1:0.1527:0.1527
ROOT g=54 t=27 ctx=def n=12 BLITZ:2:0.3243:0.1622 FOUL:4:0.2703:0.0676 REPOSITION:5:0.3378:0.0676 END_TURN:1:0.0676:0.0676
ROOT g=54 t=28 ctx=off n=13 ADVANCE:1:0.0883:0.0883 CAGE:1:0.0883:0.0883 BLITZ:1:0.0566:0.0566 FOUL:3:0.1698:0.0566 REPOSITION:5:0.2830:0.0566 END_TURN:1:0.0566:0.0566 BLITZ_AND_SCORE:1:0.2575:0.2575
ROOT g=54 t=29 ctx=def n=11 BLITZ:2:0.3207:0.1603 BLOCK:1:0.0962:0.0962 FOUL:3:0.2187:0.0729 REPOSITION:4:0.2915:0.0729 END_TURN:1:0.0729:0.0729
ROOT g=54 t=30 ctx=def n=7 BLITZ:2:0.3733:0.1867 FOUL:1:0.1333:0.1333 REPOSITION:3:0.4000:0.1333 END_TURN:1:0.0933:0.0933
ROOT g=54 t=31 ctx=off n=15 ADVANCE:1:0.1084:0.1084 CAGE:1:0.1084:0.1084 BLITZ:1:0.0602:0.0602 PASS_ACTION:1:0.0602:0.0602 FOUL:5:0.3012:0.0602 REPOSITION:5:0.3012:0.0602 END_TURN:1:0.0602:0.0602
ROOT g=55 t=0 ctx=loose n=13 BLITZ:1:0.0614:0.0614 BLOCK:3:0.2875:0.0958 PICKUP:1:0.1597:0.1597 REPOSITION:7:0.4300:0.0614 END_TURN:1:0.0614:0.0614
ROOT g=55 t=1 ctx=def n=12 BLITZ:2:0.3243:0.1622 REPOSITION:9:0.6081:0.0676 END_TURN:1:0.0676:0.0676
ROOT g=55 t=2 ctx=off n=20 ADVANCE:1:0.0992:0.0992 CAGE:1:0.0992:0.0992 BLITZ:1:0.0413:0.0413 BLOCK:1:0.0992:0.0992 PASS_ACTION:5:0.2066:0.0413 FOUL:1:0.0413:0.0413 REPOSITION:9:0.3719:0.0413 END_TURN:1:0.0413:0.0413
ROOT g=55 t=3 ctx=def n=12 BLITZ:2:0.3243:0.1622 REPOSITION:9:0.6081:0.0676 END_TURN:1:0.0676:0.0676
ROOT g=55 t=4 ctx=off n=18 ADVANCE:1:0.1006:0.1006 CAGE:1:0.1006:0.1006 BLITZ:1:0.0466:0.0466 BLOCK:1:0.1006:0.1006 PASS_ACTION:5:0.2328:0.0466 FOUL:1:0.0466:0.0466 REPOSITION:7:0.3259:0.0466 END_TURN:1:0.0466:0.0466
ROOT g=55 t=5 ctx=def n=11 BLITZ:2:0.3284:0.1642 REPOSITION:8:0.5970:0.0746 END_TURN:1:0.0746:0.0746
ROOT g=55 t=6 ctx=off n=21 ADVANCE:1:0.0986:0.0986 CAGE:1:0.0986:0.0986 BLITZ:1:0.0391:0.0391 BLOCK:1:0.0986:0.0986 PASS_ACTION:5:0.1956:0.0391 FOUL:4:0.1565:0.0391 REPOSITION:7:0.2739:0.0391 END_TURN:1:0.0391:0.0391
ROOT g=55 t=7 ctx=def n=12 BLITZ:2:0.2899:0.1449 BLOCK:4:0.3478:0.0870 REPOSITION:5:0.3019:0.0604 END_TURN:1:0.0604:0.0604
ROOT g=55 t=8 ctx=off n=22 ADVANCE:1:0.0981:0.0981 CAGE:1:0.0981:0.0981 BLITZ:1:0.0371:0.0371 BLOCK:1:0.0981:0.0981 PASS_ACTION:6:0.2229:0.0371 FOUL:4:0.1486:0.0371 REPOSITION:7:0.2600:0.0371 END_TURN:1:0.0371:0.0371
ROOT g=55 t=9 ctx=def n=10 BLITZ:2:0.3175:0.1587 BLOCK:3:0.2857:0.0952 REPOSITION:4:0.3175:0.0794 END_TURN:1:0.0794:0.0794
ROOT g=55 t=10 ctx=off n=17 ADVANCE:1:0.1069:0.1069 CAGE:1:0.1069:0.1069 BLITZ:1:0.0524:0.0524 PASS_ACTION:2:0.1048:0.0524 FOUL:3:0.1572:0.0524 REPOSITION:8:0.4193:0.0524 END_TURN:1:0.0524:0.0524
ROOT g=55 t=11 ctx=def n=9 BLITZ:2:0.3377:0.1689 BLOCK:2:0.2026:0.1013 REPOSITION:4:0.3752:0.0938 END_TURN:1:0.0844:0.0844
ROOT g=55 t=12 ctx=off n=14 SCORE:1:0.2637:0.2637 CAGE:1:0.0904:0.0904 BLITZ:1:0.0538:0.0538 FOUL:3:0.1615:0.0538 REPOSITION:7:0.3767:0.0538 END_TURN:1:0.0538:0.0538
ROOT g=55 t=13 ctx=def n=10 BLITZ:2:0.3333:0.1667 FOUL:2:0.1667:0.0833 REPOSITION:5:0.4167:0.0833 END_TURN:1:0.0833:0.0833
ROOT g=55 t=14 ctx=def n=11 BLITZ:2:0.3284:0.1642 FOUL:2:0.1493:0.0746 REPOSITION:6:0.4478:0.0746 END_TURN:1:0.0746:0.0746
ROOT g=55 t=15 ctx=off n=15 ADVANCE:1:0.0989:0.0989 CAGE:1:0.0989:0.0989 BLITZ:1:0.0549:0.0549 BLOCK:2:0.1978:0.0989 PASS_ACTION:3:0.1648:0.0549 FOUL:3:0.1648:0.0549 REPOSITION:3:0.1648:0.0549 END_TURN:1:0.0549:0.0549
ROOT g=55 t=16 ctx=loose n=13 BLITZ:1:0.0614:0.0614 BLOCK:3:0.2875:0.0958 PICKUP:1:0.1597:0.1597 REPOSITION:7:0.4300:0.0614 END_TURN:1:0.0614:0.0614
ROOT g=55 t=17 ctx=def n=11 BLITZ:2:0.3284:0.1642 REPOSITION:8:0.5970:0.0746 END_TURN:1:0.0746:0.0746
ROOT g=55 t=18 ctx=off n=23 ADVANCE:1:0.0976:0.0976 CAGE:1:0.0976:0.0976 BLITZ:1:0.0354:0.0354 BLOCK:1:0.0976:0.0976 PASS_ACTION:8:0.2829:0.0354 FOUL:1:0.0354:0.0354 REPOSITION:9:0.3182:0.0354 END_TURN:1:0.0354:0.0354
ROOT g=55 t=19 ctx=def n=11 BLITZ:2:0.3284:0.1642 REPOSITION:8:0.5970:0.0746 END_TURN:1:0.0746:0.0746
ROOT g=55 t=20 ctx=off n=21 ADVANCE:1:0.1048:0.1048 CAGE:1:0.1048:0.1048 BLITZ:1:0.0416:0.0416 PASS_ACTION:6:0.2496:0.0416 FOUL:1:0.0416:0.0416 REPOSITION:10:0.4160:0.0416 END_TURN:1:0.0416:0.0416
ROOT g=55 t=21 ctx=def n=11 BLITZ:2:0.3284:0.1642 REPOSITION:8:0.5970:0.0746 END_TURN:1:0.0746:0.0746
ROOT g=55 t=22 ctx=off n=21 ADVANCE:1:0.1048:0.1048 CAGE:1:0.1048:0.1048 BLITZ:1:0.0416:0.0416 PASS_ACTION:6:0.2496:0.0416 FOUL:1:0.0416:0.0416 REPOSITION:10:0.4160:0.0416 END_TURN:1:0.0416:0.0416
ROOT g=55 t=23 ctx=def n=11 BLITZ:2:0.3284:0.1642 REPOSITION:8:0.5970:0.0746 END_TURN:1:0.0746:0.0746
ROOT g=55 t=24 ctx=off n=21 ADVANCE:1:0.1048:0.1048 CAGE:1:0.1048:0.1048 BLITZ:1:0.0416:0.0416 PASS_ACTION:6:0.2496:0.0416 FOUL:1:0.0416:0.0416 REPOSITION:10:0.4160:0.0416 END_TURN:1:0.0416:0.0416
ROOT g=55 t=25 ctx=def n=11 BLITZ:2:0.3284:0.1642 REPOSITION:8:0.5970:0.0746 END_TURN:1:0.0746:0.0746
ROOT g=55 t=26 ctx=off n=21 ADVANCE:1:0.1048:0.1048 CAGE:1:0.1048:0.1048 BLITZ:1:0.0416:0.0416 PASS_ACTION:6:0.2496:0.0416 FOUL:1:0.0416:0.0416 REPOSITION:10:0.4160:0.0416 END_TURN:1:0.0416:0.0416
ROOT g=55 t=27 ctx=def n=11 BLITZ:2:0.3284:0.1642 REPOSITION:8:0.5970:0.0746 END_TURN:1:0.0746:0.0746
ROOT g=55 t=28 ctx=off n=21 ADVANCE:1:0.1048:0.1048 CAGE:1:0.1048:0.1048 BLITZ:1:0.0416:0.0416 PASS_ACTION:6:0.2496:0.0416 FOUL:1:0.0416:0.0416 REPOSITION:10:0.4160:0.0416 END_TURN:1:0.0416:0.0416
ROOT g=55 t=29 ctx=def n=11 BLITZ:2:0.3284:0.1642 REPOSITION:8:0.5970:0.0746 END_TURN:1:0.0746:0.0746
ROOT g=55 t=30 ctx=off n=16 ADVANCE:1:0.1076:0.1076 CAGE:1:0.1076:0.1076 BLITZ:1:0.0561:0.0561 PASS_ACTION:1:0.0561:0.0561 FOUL:1:0.0561:0.0561 REPOSITION:10:0.5605:0.0561 END_TURN:1:0.0561:0.0561
ROOT g=55 t=31 ctx=def n=9 BLITZ:2:0.3429:0.1714 REPOSITION:6:0.5714:0.0952 END_TURN:1:0.0857:0.0857
ROOT g=56 t=0 ctx=loose n=13 BLITZ:1:0.0614:0.0614 BLOCK:3:0.2875:0.0958 PICKUP:1:0.1597:0.1597 REPOSITION:7:0.4300:0.0614 END_TURN:1:0.0614:0.0614
ROOT g=56 t=1 ctx=def n=10 BLITZ:2:0.3333:0.1667 REPOSITION:7:0.5833:0.0833 END_TURN:1:0.0833:0.0833
ROOT g=56 t=2 ctx=off n=22 ADVANCE:1:0.1044:0.1044 CAGE:1:0.1044:0.1044 BLITZ:1:0.0396:0.0396 PASS_ACTION:8:0.3165:0.0396 FOUL:2:0.0791:0.0396 REPOSITION:8:0.3165:0.0396 END_TURN:1:0.0396:0.0396
ROOT g=56 t=3 ctx=def n=12 BLITZ:2:0.3243:0.1622 REPOSITION:9:0.6081:0.0676 END_TURN:1:0.0676:0.0676
ROOT g=56 t=4 ctx=off n=22 ADVANCE:1:0.1044:0.1044 CAGE:1:0.1044:0.1044 BLITZ:1:0.0396:0.0396 PASS_ACTION:9:0.3560:0.0396 REPOSITION:9:0.3560:0.0396 END_TURN:1:0.0396:0.0396
ROOT g=56 t=5 ctx=def n=12 BLITZ:2:0.3243:0.1622 REPOSITION:9:0.6081:0.0676 END_TURN:1:0.0676:0.0676
ROOT g=56 t=6 ctx=loose n=13 BLITZ:1:0.0614:0.0614 BLOCK:3:0.2875:0.0958 PICKUP:1:0.1597:0.1597 REPOSITION:7:0.4300:0.0614 END_TURN:1:0.0614:0.0614
ROOT g=56 t=7 ctx=def n=10 BLITZ:2:0.3333:0.1667 REPOSITION:7:0.5833:0.0833 END_TURN:1:0.0833:0.0833
ROOT g=56 t=8 ctx=loose n=15 BLITZ:1:0.0588:0.0588 PICKUP:1:0.1765:0.1765 FOUL:4:0.2353:0.0588 REPOSITION:8:0.4706:0.0588 END_TURN:1:0.0588:0.0588
ROOT g=56 t=9 ctx=loose n=9 BLITZ:1:0.1031:0.1031 PICKUP:1:0.1856:0.1856 FOUL:1:0.1031:0.1031 REPOSITION:5:0.5155:0.1031 END_TURN:1:0.0928:0.0928
ROOT g=56 t=10 ctx=loose n=12 BLITZ:1:0.0658:0.0658 PICKUP:1:0.2763:0.2763 FOUL:1:0.0658:0.0658 REPOSITION:8:0.5263:0.0658 END_TURN:1:0.0658:0.0658
ROOT g=56 t=11 ctx=loose n=7 BLITZ:1:0.1227:0.1227 PICKUP:1:0.3006:0.3006 REPOSITION:4:0.4908:0.1227 END_TURN:1:0.0859:0.0859
ROOT g=56 t=12 ctx=loose n=14 BLITZ:1:0.0538:0.0538 BLOCK:1:0.0904:0.0904 PICKUP:1:0.2637:0.2637 FOUL:3:0.1615:0.0538 REPOSITION:7:0.3767:0.0538 END_TURN:1:0.0538:0.0538
ROOT g=56 t=13 ctx=loose n=10 BLITZ:1:0.0800:0.0800 PICKUP:1:0.2800:0.2800 FOUL:2:0.1600:0.0800 REPOSITION:5:0.4000:0.0800 END_TURN:1:0.0800:0.0800
ROOT g=56 t=14 ctx=loose n=12 BLITZ:1:0.0639:0.0639 BLOCK:1:0.0921:0.0921 PICKUP:1:0.2685:0.2685 FOUL:2:0.1279:0.0639 REPOSITION:6:0.3836:0.0639 END_TURN:1:0.0639:0.0639
ROOT g=56 t=15 ctx=loose n=11 BLITZ:1:0.0722:0.0722 PICKUP:1:0.2780:0.2780 FOUL:3:0.2166:0.0722 REPOSITION:5:0.3610:0.0722 END_TURN:1:0.0722:0.0722
ROOT g=56 t=16 ctx=loose n=13 BLITZ:1:0.0614:0.0614 BLOCK:3:0.2875:0.0958 PICKUP:1:0.1597:0.1597 REPOSITION:7:0.4300:0.0614 END_TURN:1:0.0614:0.0614
ROOT g=56 t=17 ctx=loose n=12 BLITZ:1:0.0746:0.0746 PICKUP:1:0.1791:0.1791 REPOSITION:9:0.6716:0.0746 END_TURN:1:0.0746:0.0746
ROOT g=56 t=18 ctx=loose n=14 BLITZ:1:0.0633:0.0633 PICKUP:1:0.1772:0.1772 REPOSITION:11:0.6962:0.0633 END_TURN:1:0.0633:0.0633
ROOT g=56 t=19 ctx=loose n=14 BLITZ:1:0.0633:0.0633 PICKUP:1:0.1772:0.1772 REPOSITION:11:0.6962:0.0633 END_TURN:1:0.0633:0.0633
ROOT g=56 t=20 ctx=loose n=13 BLITZ:1:0.0685:0.0685 PICKUP:1:0.1781:0.1781 REPOSITION:10:0.6849:0.0685 END_TURN:1:0.0685:0.0685
ROOT g=56 t=21 ctx=def n=15 BLITZ:2:0.3158:0.1579 FOUL:1:0.0526:0.0526 REPOSITION:11:0.5789:0.0526 END_TURN:1:0.0526:0.0526
ROOT g=56 t=22 ctx=off n=19 ADVANCE:1:0.1058:0.1058 CAGE:1:0.1058:0.1058 BLITZ:1:0.0464:0.0464 PASS_ACTION:6:0.2783:0.0464 REPOSITION:9:0.4174:0.0464 END_TURN:1:0.0464:0.0464
ROOT g=56 t=23 ctx=def n=15 BLITZ:2:0.2913:0.1456 BLOCK:2:0.1748:0.0874 FOUL:1:0.0485:0.0485 REPOSITION:9:0.4369:0.0485 END_TURN:1:0.0485:0.0485
ROOT g=56 t=24 ctx=off n=20 ADVANCE:1:0.0889:0.0889 CAGE:1:0.0889:0.0889 BLITZ:1:0.0370:0.0370 BLOCK:3:0.2667:0.0889 PASS_ACTION:6:0.2222:0.0370 FOUL:1:0.0370:0.0370 REPOSITION:6:0.2222:0.0370 END_TURN:1:0.0370:0.0370
ROOT g=56 t=25 ctx=def n=13 BLITZ:2:0.3210:0.1605 FOUL:1:0.0617:0.0617 REPOSITION:9:0.5556:0.0617 END_TURN:1:0.0617:0.0617
ROOT g=56 t=26 ctx=off n=17 ADVANCE:1:0.1069:0.1069 CAGE:1:0.1069:0.1069 BLITZ:1:0.0524:0.0524 PASS_ACTION:3:0.1572:0.0524 FOUL:3:0.1572:0.0524 REPOSITION:7:0.3669:0.0524 END_TURN:1:0.0524:0.0524
ROOT g=56 t=27 ctx=def n=13 BLITZ:2:0.3210:0.1605 FOUL:2:0.1235:0.0617 REPOSITION:8:0.4938:0.0617 END_TURN:1:0.0617:0.0617
ROOT g=56 t=28 ctx=off n=15 ADVANCE:1:0.1084:0.1084 CAGE:1:0.1084:0.1084 BLITZ:1:0.0602:0.0602 PASS_ACTION:5:0.3012:0.0602 FOUL:1:0.0602:0.0602 REPOSITION:5:0.3012:0.0602 END_TURN:1:0.0602:0.0602
ROOT g=56 t=29 ctx=def n=13 BLITZ:2:0.3103:0.1551 BLOCK:1:0.0931:0.0931 FOUL:3:0.1790:0.0597 REPOSITION:6:0.3580:0.0597 END_TURN:1:0.0597:0.0597
ROOT g=56 t=30 ctx=loose n=8 BLITZ:1:0.1042:0.1042 PICKUP:1:0.2917:0.2917 REPOSITION:5:0.5208:0.1042 END_TURN:1:0.0833:0.0833
ROOT g=56 t=31 ctx=loose n=15 BLITZ:1:0.0519:0.0519 PICKUP:1:0.2727:0.2727 FOUL:4:0.2078:0.0519 REPOSITION:8:0.4156:0.0519 END_TURN:1:0.0519:0.0519
ROOT g=57 t=0 ctx=loose n=13 BLITZ:1:0.0614:0.0614 BLOCK:3:0.2875:0.0958 PICKUP:1:0.1597:0.1597 REPOSITION:7:0.4300:0.0614 END_TURN:1:0.0614:0.0614
ROOT g=57 t=1 ctx=def n=13 BLITZ:2:0.3002:0.1501 BLOCK:2:0.1801:0.0901 REPOSITION:8:0.4619:0.0577 END_TURN:1:0.0577:0.0577
ROOT g=57 t=2 ctx=loose n=11 BLITZ:1:0.0779:0.0779 BLOCK:2:0.2056:0.1028 PICKUP:1:0.1713:0.1713 FOUL:1:0.0779:0.0779 REPOSITION:5:0.3894:0.0779 END_TURN:1:0.0779:0.0779
ROOT g=57 t=3 ctx=loose n=13 BLITZ:1:0.0685:0.0685 PICKUP:1:0.1781:0.1781 FOUL:2:0.1370:0.0685 REPOSITION:8:0.5479:0.0685 END_TURN:1:0.0685:0.0685
ROOT g=57 t=4 ctx=loose n=11 BLITZ:1:0.0820:0.0820 PICKUP:1:0.1803:0.1803 FOUL:2:0.1639:0.0820 REPOSITION:6:0.4918:0.0820 END_TURN:1:0.0820:0.0820
ROOT g=57 t=5 ctx=loose n=15 BLITZ:1:0.0562:0.0562 BLOCK:1:0.1011:0.1011 PICKUP:1:0.1685:0.1685 FOUL:3:0.1685:0.0562 REPOSITION:8:0.4494:0.0562 END_TURN:1:0.0562:0.0562
ROOT g=57 t=6 ctx=loose n=8 BLITZ:1:0.1190:0.1190 PICKUP:1:0.1905:0.1905 FOUL:1:0.1190:0.1190 REPOSITION:4:0.4762:0.1190 END_TURN:1:0.0952:0.0952
ROOT g=57 t=7 ctx=loose n=18 BLITZ:1:0.0460:0.0460 BLOCK:1:0.0993:0.0993 PICKUP:1:0.1654:0.1654 FOUL:6:0.2757:0.0460 REPOSITION:8:0.3676:0.0460 END_TURN:1:0.0460:0.0460
ROOT g=57 t=8 ctx=loose n=9 BLITZ:1:0.1031:0.1031 PICKUP:1:0.1856:0.1856 FOUL:1:0.1031:0.1031 REPOSITION:5:0.5155:0.1031 END_TURN:1:0.0928:0.0928
ROOT g=57 t=9 ctx=loose n=15 BLITZ:1:0.0562:0.0562 BLOCK:1:0.1011:0.1011 PICKUP:1:0.1685:0.1685 FOUL:4:0.2247:0.0562 REPOSITION:7:0.3933:0.0562 END_TURN:1:0.0562:0.0562
ROOT g=57 t=10 ctx=loose n=7 BLITZ:1:0.1227:0.1227 PICKUP:1:0.3006:0.3006 FOUL:1:0.1227:0.1227 REPOSITION:3:0.3681:0.1227 END_TURN:1:0.0859:0.0859
ROOT g=57 t=11 ctx=loose n=16 BLITZ:1:0.0465:0.0465 BLOCK:1:0.0892:0.0892 PICKUP:1:0.2602:0.2602 FOUL:6:0.2788:0.0465 REPOSITION:6:0.2788:0.0465 END_TURN:1:0.0465:0.0465
ROOT g=57 t=12 ctx=loose n=7 BLITZ:1:0.1227:0.1227 BLOCK:2:0.2454:0.1227 PICKUP:1:0.3006:0.3006 FOUL:1:0.1227:0.1227 REPOSITION:1:0.1227:0.1227 END_TURN:1:0.0859:0.0859
ROOT g=57 t=13 ctx=loose n=15 BLITZ:1:0.0462:0.0462 BLOCK:3:0.2494:0.0831 PICKUP:1:0.2425:0.2425 FOUL:5:0.2309:0.0462 REPOSITION:4:0.1848:0.0462 END_TURN:1:0.0462:0.0462
ROOT g=57 t=14 ctx=loose n=9 BLITZ:1:0.0905:0.0905 PICKUP:1:0.2851:0.2851 FOUL:3:0.2715:0.0905 REPOSITION:3:0.2715:0.0905 END_TURN:1:0.0814:0.0814
ROOT g=57 t=15 ctx=loose n=14 BLITZ:1:0.0559:0.0559 PICKUP:1:0.2737:0.2737 FOUL:5:0.2793:0.0559 REPOSITION:6:0.3352:0.0559 END_TURN:1:0.0559:0.0559
ROOT g=57 t=16 ctx=loose n=13 BLITZ:1:0.0614:0.0614 BLOCK:3:0.2875:0.0958 PICKUP:1:0.1597:0.1597 REPOSITION:7:0.4300:0.0614 END_TURN:1:0.0614:0.0614
ROOT g=57 t=17 ctx=def n=12 BLITZ:2:0.2978:0.1489 BLOCK:3:0.2680:0.0893 REPOSITION:6:0.3722:0.0620 END_TURN:1:0.0620:0.0620
ROOT g=57 t=18 ctx=off n=19 ADVANCE:1:0.0945:0.0945 CAGE:1:0.0945:0.0945 BLITZ:1:0.0415:0.0415 BLOCK:2:0.1891:0.0945 PASS_ACTION:7:0.2902:0.0415 REPOSITION:6:0.2488:0.0415 END_TURN:1:0.0415:0.0415
ROOT g=57 t=19 ctx=def n=10 BLITZ:2:0.3333:0.1667 REPOSITION:7:0.5833:0.0833 END_TURN:1:0.0833:0.0833
ROOT g=57 t=20 ctx=off n=18 ADVANCE:1:0.1063:0.1063 CAGE:1:0.1063:0.1063 BLITZ:1:0.0492:0.0492 PASS_ACTION:4:0.1969:0.0492 FOUL:2:0.0984:0.0492 REPOSITION:8:0.3937:0.0492 END_TURN:1:0.0492:0.0492
ROOT g=57 t=21 ctx=def n=11 BLITZ:2:0.3284:0.1642 REPOSITION:8:0.5970:0.0746 END_TURN:1:0.0746:0.0746
ROOT g=57 t=22 ctx=off n=15 ADVANCE:1:0.0947:0.0947 CAGE:1:0.0947:0.0947 BLITZ:1:0.0526:0.0526 BLOCK:3:0.2842:0.0947 FOUL:2:0.1053:0.0526 REPOSITION:6:0.3158:0.0526 END_TURN:1:0.0526:0.0526
ROOT g=57 t=23 ctx=def n=10 BLITZ:2:0.3333:0.1667 REPOSITION:7:0.5833:0.0833 END_TURN:1:0.0833:0.0833
ROOT g=57 t=24 ctx=def n=12 BLITZ:2:0.3243:0.1622 FOUL:3:0.2027:0.0676 REPOSITION:6:0.4054:0.0676 END_TURN:1:0.0676:0.0676
ROOT g=57 t=25 ctx=def n=11 BLITZ:2:0.3284:0.1642 FOUL:2:0.1493:0.0746 REPOSITION:6:0.4478:0.0746 END_TURN:1:0.0746:0.0746
ROOT g=57 t=26 ctx=off n=18 ADVANCE:1:0.0954:0.0954 CAGE:1:0.0954:0.0954 BLITZ:1:0.0442:0.0442 BLOCK:2:0.1908:0.0954 PASS_ACTION:6:0.2650:0.0442 FOUL:2:0.0883:0.0442 REPOSITION:4:0.1767:0.0442 END_TURN:1:0.0442:0.0442
ROOT g=57 t=27 ctx=def n=7 BLITZ:2:0.3733:0.1867 REPOSITION:4:0.5333:0.1333 END_TURN:1:0.0933:0.0933
ROOT g=57 t=28 ctx=off n=11 ADVANCE:1:0.1134:0.1134 CAGE:1:0.1134:0.1134 BLITZ:1:0.0859:0.0859 PASS_ACTION:2:0.1718:0.0859 FOUL:1:0.0859:0.0859 REPOSITION:4:0.3436:0.0859 END_TURN:1:0.0859:0.0859
ROOT g=57 t=29 ctx=def n=8 BLITZ:2:0.3556:0.1778 FOUL:1:0.1111:0.1111 REPOSITION:4:0.4444:0.1111 END_TURN:1:0.0889:0.0889
ROOT g=57 t=30 ctx=off n=10 SCORE:1:0.3435:0.3435 CAGE:1:0.0458:0.0458 BLITZ:1:0.0382:0.0382 FOUL:2:0.0763:0.0382 REPOSITION:3:0.1145:0.0382 END_TURN:1:0.0382:0.0382 BLITZ_AND_SCORE:1:0.3435:0.3435
ROOT g=57 t=31 ctx=def n=5 BLITZ:2:0.4444:0.2222 FOUL:1:0.2222:0.2222 REPOSITION:1:0.2222:0.2222 END_TURN:1:0.1111:0.1111
ROOT g=58 t=0 ctx=loose n=13 BLITZ:1:0.0614:0.0614 BLOCK:3:0.2875:0.0958 PICKUP:1:0.1597:0.1597 REPOSITION:7:0.4300:0.0614 END_TURN:1:0.0614:0.0614
ROOT g=58 t=1 ctx=loose n=11 BLITZ:1:0.0909:0.0909 REPOSITION:9:0.8182:0.0909 END_TURN:1:0.0909:0.0909
ROOT g=58 t=2 ctx=loose n=14 BLITZ:1:0.0503:0.0503 BLOCK:6:0.5070:0.0845 PICKUP:1:0.1408:0.1408 REPOSITION:5:0.2515:0.0503 END_TURN:1:0.0503:0.0503
ROOT g=58 t=3 ctx=loose n=13 BLITZ:1:0.0685:0.0685 PICKUP:1:0.1781:0.1781 FOUL:1:0.0685:0.0685 REPOSITION:9:0.6164:0.0685 END_TURN:1:0.0685:0.0685
ROOT g=58 t=4 ctx=loose n=12 BLITZ:1:0.0660:0.0660 BLOCK:4:0.3799:0.0950 PICKUP:1:0.1583:0.1583 REPOSITION:5:0.3298:0.0660 END_TURN:1:0.0660:0.0660
ROOT g=58 t=5 ctx=loose n=14 BLITZ:1:0.0633:0.0633 PICKUP:1:0.1772:0.1772 FOUL:2:0.1266:0.0633 REPOSITION:9:0.5696:0.0633 END_TURN:1:0.0633:0.0633
ROOT g=58 t=6 ctx=loose n=10 BLITZ:1:0.0877:0.0877 BLOCK:2:0.2105:0.1053 PICKUP:1:0.1754:0.1754 REPOSITION:5:0.4386:0.0877 END_TURN:1:0.0877:0.0877
ROOT g=58 t=7 ctx=loose n=13 BLITZ:1:0.0685:0.0685 PICKUP:1:0.1781:0.1781 FOUL:1:0.0685:0.0685 REPOSITION:9:0.6164:0.0685 END_TURN:1:0.0685:0.0685
ROOT g=58 t=8 ctx=loose n=9 BLITZ:1:0.1006:0.1006 BLOCK:3:0.3260:0.1087 PICKUP:1:0.1811:0.1811 REPOSITION:3:0.3018:0.1006 END_TURN:1:0.0905:0.0905
ROOT g=58 t=9 ctx=loose n=14 BLITZ:1:0.0633:0.0633 PICKUP:1:0.1772:0.1772 FOUL:2:0.1266:0.0633 REPOSITION:9:0.5696:0.0633 END_TURN:1:0.0633:0.0633
ROOT g=58 t=10 ctx=loose n=10 BLITZ:1:0.0763:0.0763 BLOCK:3:0.2748:0.0916 PICKUP:1:0.2672:0.2672 REPOSITION:4:0.3053:0.0763 END_TURN:1:0.0763:0.0763
ROOT g=58 t=11 ctx=loose n=14 BLITZ:1:0.0559:0.0559 PICKUP:1:0.2737:0.2737 FOUL:1:0.0559:0.0559 REPOSITION:10:0.5587:0.0559 END_TURN:1:0.0559:0.0559
ROOT g=58 t=12 ctx=loose n=10 BLITZ:1:0.0763:0.0763 BLOCK:3:0.2748:0.0916 PICKUP:1:0.2672:0.2672 REPOSITION:4:0.3053:0.0763 END_TURN:1:0.0763:0.0763
ROOT g=58 t=13 ctx=loose n=14 BLITZ:1:0.0559:0.0559 PICKUP:1:0.2737:0.2737 FOUL:1:0.0559:0.0559 REPOSITION:10:0.5587:0.0559 END_TURN:1:0.0559:0.0559
ROOT g=58 t=14 ctx=loose n=10 BLITZ:1:0.0763:0.0763 BLOCK:3:0.2748:0.0916 PICKUP:1:0.2672:0.2672 REPOSITION:4:0.3053:0.0763 END_TURN:1:0.0763:0.0763
ROOT g=58 t=15 ctx=loose n=14 BLITZ:1:0.0559:0.0559 PICKUP:1:0.2737:0.2737 FOUL:1:0.0559:0.0559 REPOSITION:10:0.5587:0.0559 END_TURN:1:0.0559:0.0559
ROOT g=58 t=16 ctx=loose n=13 BLITZ:1:0.0614:0.0614 BLOCK:3:0.2875:0.0958 PICKUP:1:0.1597:0.1597 REPOSITION:7:0.4300:0.0614 END_TURN:1:0.0614:0.0614
ROOT g=58 t=17 ctx=def n=10 BLITZ:2:0.3333:0.1667 REPOSITION:7:0.5833:0.0833 END_TURN:1:0.0833:0.0833
ROOT g=58 t=18 ctx=off n=27 ADVANCE:1:0.0961:0.0961 CAGE:1:0.0961:0.0961 BLITZ:1:0.0297:0.0297 BLOCK:1:0.0961:0.0961 PASS_ACTION:9:0.2669:0.0297 FOUL:5:0.1483:0.0297 REPOSITION:8:0.2372:0.0297 END_TURN:1:0.0297:0.0297
ROOT g=58 t=19 ctx=def n=8 BLITZ:2:0.3556:0.1778 REPOSITION:5:0.5556:0.1111 END_TURN:1:0.0889:0.0889
ROOT g=58 t=20 ctx=off n=25 ADVANCE:1:0.0968:0.0968 CAGE:1:0.0968:0.0968 BLITZ:1:0.0323:0.0323 BLOCK:1:0.0968:0.0968 PASS_ACTION:8:0.2581:0.0323 FOUL:4:0.1290:0.0323 REPOSITION:8:0.2581:0.0323 END_TURN:1:0.0323:0.0323
ROOT g=58 t=21 ctx=def n=8 BLITZ:2:0.3556:0.1778 REPOSITION:5:0.5556:0.1111 END_TURN:1:0.0889:0.0889
ROOT g=58 t=22 ctx=off n=25 ADVANCE:1:0.1034:0.1034 CAGE:1:0.1034:0.1034 BLITZ:1:0.0345:0.0345 PASS_ACTION:8:0.2759:0.0345 FOUL:4:0.1379:0.0345 REPOSITION:9:0.3103:0.0345 END_TURN:1:0.0345:0.0345
ROOT g=58 t=23 ctx=def n=8 BLITZ:2:0.3556:0.1778 REPOSITION:5:0.5556:0.1111 END_TURN:1:0.0889:0.0889
ROOT g=58 t=24 ctx=off n=25 ADVANCE:1:0.1034:0.1034 CAGE:1:0.1034:0.1034 BLITZ:1:0.0345:0.0345 PASS_ACTION:8:0.2759:0.0345 FOUL:4:0.1379:0.0345 REPOSITION:9:0.3103:0.0345 END_TURN:1:0.0345:0.0345
ROOT g=58 t=25 ctx=def n=8 BLITZ:2:0.3556:0.1778 REPOSITION:5:0.5556:0.1111 END_TURN:1:0.0889:0.0889
ROOT g=58 t=26 ctx=off n=25 ADVANCE:1:0.1034:0.1034 CAGE:1:0.1034:0.1034 BLITZ:1:0.0345:0.0345 PASS_ACTION:8:0.2759:0.0345 FOUL:4:0.1379:0.0345 REPOSITION:9:0.3103:0.0345 END_TURN:1:0.0345:0.0345
ROOT g=58 t=27 ctx=def n=8 BLITZ:2:0.3556:0.1778 REPOSITION:5:0.5556:0.1111 END_TURN:1:0.0889:0.0889
ROOT g=58 t=28 ctx=off n=25 ADVANCE:1:0.1034:0.1034 CAGE:1:0.1034:0.1034 BLITZ:1:0.0345:0.0345 PASS_ACTION:8:0.2759:0.0345 FOUL:4:0.1379:0.0345 REPOSITION:9:0.3103:0.0345 END_TURN:1:0.0345:0.0345
ROOT g=58 t=29 ctx=def n=7 BLITZ:2:0.3733:0.1867 REPOSITION:4:0.5333:0.1333 END_TURN:1:0.0933:0.0933
ROOT g=58 t=30 ctx=loose n=14 BLITZ:1:0.0538:0.0538 BLOCK:1:0.0904:0.0904 PICKUP:1:0.2637:0.2637 FOUL:2:0.1076:0.0538 REPOSITION:8:0.4306:0.0538 END_TURN:1:0.0538:0.0538
ROOT g=58 t=31 ctx=def n=9 BLITZ:2:0.3429:0.1714 FOUL:3:0.2857:0.0952 REPOSITION:3:0.2857:0.0952 END_TURN:1:0.0857:0.0857
ROOT g=59 t=0 ctx=loose n=13 BLITZ:1:0.0614:0.0614 BLOCK:3:0.2875:0.0958 PICKUP:1:0.1597:0.1597 REPOSITION:7:0.4300:0.0614 END_TURN:1:0.0614:0.0614
ROOT g=59 t=1 ctx=loose n=11 BLITZ:1:0.0909:0.0909 REPOSITION:9:0.8182:0.0909 END_TURN:1:0.0909:0.0909
ROOT g=59 t=2 ctx=loose n=12 BLITZ:1:0.0679:0.0679 BLOCK:3:0.2935:0.0978 PICKUP:1:0.1630:0.1630 REPOSITION:6:0.4076:0.0679 END_TURN:1:0.0679:0.0679
ROOT g=59 t=3 ctx=def n=11 BLITZ:2:0.3284:0.1642 FOUL:1:0.0746:0.0746 REPOSITION:7:0.5224:0.0746 END_TURN:1:0.0746:0.0746
ROOT g=59 t=4 ctx=off n=20 ADVANCE:1:0.0889:0.0889 CAGE:1:0.0889:0.0889 BLITZ:1:0.0370:0.0370 BLOCK:3:0.2667:0.0889 PASS_ACTION:6:0.2222:0.0370 REPOSITION:7:0.2593:0.0370 END_TURN:1:0.0370:0.0370
ROOT g=59 t=5 ctx=def n=13 BLITZ:2:0.3210:0.1605 FOUL:1:0.0617:0.0617 REPOSITION:9:0.5556:0.0617 END_TURN:1:0.0617:0.0617
ROOT g=59 t=6 ctx=off n=19 ADVANCE:1:0.1058:0.1058 CAGE:1:0.1058:0.1058 BLITZ:1:0.0464:0.0464 PASS_ACTION:4:0.1855:0.0464 FOUL:3:0.1391:0.0464 REPOSITION:8:0.3711:0.0464 END_TURN:1:0.0464:0.0464
ROOT g=59 t=7 ctx=def n=12 BLITZ:2:0.3243:0.1622 FOUL:1:0.0676:0.0676 REPOSITION:8:0.5405:0.0676 END_TURN:1:0.0676:0.0676
ROOT g=59 t=8 ctx=off n=21 ADVANCE:1:0.1048:0.1048 CAGE:1:0.1048:0.1048 BLITZ:1:0.0416:0.0416 PASS_ACTION:4:0.1664:0.0416 FOUL:5:0.2080:0.0416 REPOSITION:8:0.3328:0.0416 END_TURN:1:0.0416:0.0416
ROOT g=59 t=9 ctx=def n=11 BLITZ:2:0.3284:0.1642 FOUL:1:0.0746:0.0746 REPOSITION:7:0.5224:0.0746 END_TURN:1:0.0746:0.0746
ROOT g=59 t=10 ctx=off n=20 ADVANCE:1:0.1053:0.1053 CAGE:1:0.1053:0.1053 BLITZ:1:0.0439:0.0439 PASS_ACTION:4:0.1754:0.0439 FOUL:5:0.2193:0.0439 REPOSITION:7:0.3070:0.0439 END_TURN:1:0.0439:0.0439
ROOT g=59 t=11 ctx=def n=10 BLITZ:2:0.3333:0.1667 FOUL:1:0.0833:0.0833 REPOSITION:6:0.5000:0.0833 END_TURN:1:0.0833:0.0833
ROOT g=59 t=12 ctx=off n=21 ADVANCE:1:0.1048:0.1048 CAGE:1:0.1048:0.1048 BLITZ:1:0.0416:0.0416 PASS_ACTION:4:0.1664:0.0416 FOUL:6:0.2496:0.0416 REPOSITION:7:0.2912:0.0416 END_TURN:1:0.0416:0.0416
ROOT g=59 t=13 ctx=def n=11 BLITZ:2:0.3284:0.1642 FOUL:1:0.0746:0.0746 REPOSITION:7:0.5224:0.0746 END_TURN:1:0.0746:0.0746
ROOT g=59 t=14 ctx=off n=13 SCORE:1:0.4823:0.4823 CAGE:1:0.0643:0.0643 BLITZ:1:0.0412:0.0412 FOUL:1:0.0412:0.0412 REPOSITION:8:0.3298:0.0412 END_TURN:1:0.0412:0.0412
ROOT g=59 t=15 ctx=loose n=13 BLITZ:1:0.0549:0.0549 BLOCK:3:0.2567:0.0856 PICKUP:1:0.2496:0.2496 REPOSITION:7:0.3840:0.0549 END_TURN:1:0.0549:0.0549
ROOT g=59 t=16 ctx=loose n=13 BLITZ:1:0.0569:0.0569 BLOCK:3:0.2662:0.0887 PICKUP:1:0.2218:0.2218 REPOSITION:7:0.3982:0.0569 END_TURN:1:0.0569:0.0569
ROOT g=59 t=17 ctx=def n=12 BLITZ:2:0.3061:0.1531 BLOCK:2:0.1837:0.0918 REPOSITION:7:0.4464:0.0638 END_TURN:1:0.0638:0.0638
ROOT g=59 t=18 ctx=off n=24 ADVANCE:1:0.0972:0.0972 CAGE:1:0.0972:0.0972 BLITZ:1:0.0337:0.0337 BLOCK:1:0.0972:0.0972 PASS_ACTION:10:0.3374:0.0337 FOUL:1:0.0337:0.0337 REPOSITION:8:0.2699:0.0337 END_TURN:1:0.0337:0.0337
ROOT g=59 t=19 ctx=def n=10 BLITZ:2:0.3226:0.1613 BLOCK:2:0.1935:0.0968 REPOSITION:5:0.4032:0.0806 END_TURN:1:0.0806:0.0806
ROOT g=59 t=20 ctx=off n=19 ADVANCE:1:0.0998:0.0998 CAGE:1:0.0998:0.0998 BLITZ:1:0.0438:0.0438 BLOCK:1:0.0998:0.0998 PASS_ACTION:6:0.2627:0.0438 FOUL:1:0.0438:0.0438 REPOSITION:7:0.3065:0.0438 END_TURN:1:0.0438:0.0438
ROOT g=59 t=21 ctx=def n=10 BLITZ:2:0.3333:0.1667 FOUL:1:0.0833:0.0833 REPOSITION:6:0.5000:0.0833 END_TURN:1:0.0833:0.0833
ROOT g=59 t=22 ctx=off n=21 ADVANCE:1:0.1048:0.1048 CAGE:1:0.1048:0.1048 BLITZ:1:0.0416:0.0416 PASS_ACTION:6:0.2496:0.0416 FOUL:3:0.1248:0.0416 REPOSITION:8:0.3328:0.0416 END_TURN:1:0.0416:0.0416
ROOT g=59 t=23 ctx=def n=9 BLITZ:2:0.3429:0.1714 FOUL:1:0.0952:0.0952 REPOSITION:5:0.4762:0.0952 END_TURN:1:0.0857:0.0857
ROOT g=59 t=24 ctx=off n=21 ADVANCE:1:0.1048:0.1048 CAGE:1:0.1048:0.1048 BLITZ:1:0.0416:0.0416 PASS_ACTION:6:0.2496:0.0416 FOUL:3:0.1248:0.0416 REPOSITION:8:0.3328:0.0416 END_TURN:1:0.0416:0.0416
ROOT g=59 t=25 ctx=def n=8 BLITZ:2:0.3556:0.1778 FOUL:1:0.1111:0.1111 REPOSITION:4:0.4444:0.1111 END_TURN:1:0.0889:0.0889
ROOT g=59 t=26 ctx=off n=22 ADVANCE:1:0.0789:0.0789 CAGE:1:0.0789:0.0789 BLITZ:1:0.0299:0.0299 BLOCK:5:0.3943:0.0789 PASS_ACTION:6:0.1792:0.0299 FOUL:3:0.0896:0.0299 REPOSITION:4:0.1195:0.0299 END_TURN:1:0.0299:0.0299
ROOT g=59 t=27 ctx=loose n=7 BLITZ:1:0.1227:0.1227 PICKUP:1:0.3006:0.3006 FOUL:1:0.1227:0.1227 REPOSITION:3:0.3681:0.1227 END_TURN:1:0.0859:0.0859
ROOT g=59 t=28 ctx=def n=14 BLITZ:2:0.3182:0.1591 FOUL:3:0.1705:0.0568 REPOSITION:8:0.4545:0.0568 END_TURN:1:0.0568:0.0568
ROOT g=59 t=29 ctx=off n=9 SCORE:1:0.2372:0.2372 CAGE:1:0.0813:0.0813 BLITZ:1:0.0753:0.0753 FOUL:1:0.0753:0.0753 REPOSITION:3:0.2259:0.0753 END_TURN:1:0.0678:0.0678 BLITZ_AND_SCORE:1:0.2372:0.2372
ROOT g=59 t=30 ctx=def n=14 BLITZ:2:0.3182:0.1591 FOUL:4:0.2273:0.0568 REPOSITION:7:0.3977:0.0568 END_TURN:1:0.0568:0.0568
ROOT g=59 t=31 ctx=loose n=5 BLITZ:1:0.1905:0.1905 PICKUP:1:0.3333:0.3333 REPOSITION:2:0.3810:0.1905 END_TURN:1:0.0952:0.0952
ROOT g=60 t=0 ctx=loose n=13 BLITZ:1:0.0614:0.0614 BLOCK:3:0.2875:0.0958 PICKUP:1:0.1597:0.1597 REPOSITION:7:0.4300:0.0614 END_TURN:1:0.0614:0.0614
ROOT g=60 t=1 ctx=def n=13 BLITZ:2:0.3210:0.1605 REPOSITION:10:0.6173:0.0617 END_TURN:1:0.0617:0.0617
ROOT g=60 t=2 ctx=off n=23 ADVANCE:1:0.0919:0.0919 CAGE:1:0.0919:0.0919 BLITZ:1:0.0333:0.0333 BLOCK:2:0.1838:0.0919 PASS_ACTION:9:0.2996:0.0333 FOUL:1:0.0333:0.0333 REPOSITION:7:0.2330:0.0333 END_TURN:1:0.0333:0.0333
ROOT g=60 t=3 ctx=def n=12 BLITZ:2:0.3243:0.1622 REPOSITION:9:0.6081:0.0676 END_TURN:1:0.0676:0.0676
ROOT g=60 t=4 ctx=off n=21 ADVANCE:1:0.0931:0.0931 CAGE:1:0.0931:0.0931 BLITZ:1:0.0369:0.0369 BLOCK:2:0.1861:0.0931 PASS_ACTION:7:0.2585:0.0369 FOUL:1:0.0369:0.0369 REPOSITION:7:0.2585:0.0369 END_TURN:1:0.0369:0.0369
ROOT g=60 t=5 ctx=def n=12 BLITZ:2:0.3243:0.1622 REPOSITION:9:0.6081:0.0676 END_TURN:1:0.0676:0.0676
ROOT g=60 t=6 ctx=off n=21 ADVANCE:1:0.0931:0.0931 CAGE:1:0.0931:0.0931 BLITZ:1:0.0369:0.0369 BLOCK:2:0.1861:0.0931 PASS_ACTION:7:0.2585:0.0369 FOUL:1:0.0369:0.0369 REPOSITION:7:0.2585:0.0369 END_TURN:1:0.0369:0.0369
ROOT g=60 t=7 ctx=def n=12 BLITZ:2:0.3243:0.1622 REPOSITION:9:0.6081:0.0676 END_TURN:1:0.0676:0.0676
ROOT g=60 t=8 ctx=off n=21 ADVANCE:1:0.0931:0.0931 CAGE:1:0.0931:0.0931 BLITZ:1:0.0369:0.0369 BLOCK:2:0.1861:0.0931 PASS_ACTION:7:0.2585:0.0369 FOUL:1:0.0369:0.0369 REPOSITION:7:0.2585:0.0369 END_TURN:1:0.0369:0.0369
ROOT g=60 t=9 ctx=def n=12 BLITZ:2:0.3243:0.1622 REPOSITION:9:0.6081:0.0676 END_TURN:1:0.0676:0.0676
ROOT g=60 t=10 ctx=off n=21 ADVANCE:1:0.0931:0.0931 CAGE:1:0.0931:0.0931 BLITZ:1:0.0369:0.0369 BLOCK:2:0.1861:0.0931 PASS_ACTION:7:0.2585:0.0369 FOUL:1:0.0369:0.0369 REPOSITION:7:0.2585:0.0369 END_TURN:1:0.0369:0.0369
ROOT g=60 t=11 ctx=def n=12 BLITZ:2:0.3243:0.1622 REPOSITION:9:0.6081:0.0676 END_TURN:1:0.0676:0.0676
ROOT g=60 t=12 ctx=off n=21 ADVANCE:1:0.0931:0.0931 CAGE:1:0.0931:0.0931 BLITZ:1:0.0369:0.0369 BLOCK:2:0.1861:0.0931 PASS_ACTION:7:0.2585:0.0369 FOUL:1:0.0369:0.0369 REPOSITION:7:0.2585:0.0369 END_TURN:1:0.0369:0.0369
ROOT g=60 t=13 ctx=def n=12 BLITZ:2:0.3243:0.1622 REPOSITION:9:0.6081:0.0676 END_TURN:1:0.0676:0.0676
ROOT g=60 t=14 ctx=def n=12 BLITZ:2:0.3243:0.1622 FOUL:1:0.0676:0.0676 REPOSITION:8:0.5405:0.0676 END_TURN:1:0.0676:0.0676
ROOT g=60 t=15 ctx=loose n=11 BLITZ:1:0.0722:0.0722 PICKUP:1:0.2780:0.2780 FOUL:1:0.0722:0.0722 REPOSITION:7:0.5054:0.0722 END_TURN:1:0.0722:0.0722
ROOT g=60 t=16 ctx=loose n=13 BLITZ:1:0.0614:0.0614 BLOCK:3:0.2875:0.0958 PICKUP:1:0.1597:0.1597 REPOSITION:7:0.4300:0.0614 END_TURN:1:0.0614:0.0614
ROOT g=60 t=17 ctx=def n=10 BLITZ:2:0.3333:0.1667 REPOSITION:7:0.5833:0.0833 END_TURN:1:0.0833:0.0833
ROOT g=60 t=18 ctx=off n=22 ADVANCE:1:0.0981:0.0981 CAGE:1:0.0981:0.0981 BLITZ:1:0.0371:0.0371 BLOCK:1:0.0981:0.0981 PASS_ACTION:7:0.2600:0.0371 FOUL:2:0.0743:0.0371 REPOSITION:8:0.2972:0.0371 END_TURN:1:0.0371:0.0371
ROOT g=60 t=19 ctx=loose n=10 BLITZ:1:0.0909:0.0909 PICKUP:1:0.1818:0.1818 REPOSITION:7:0.6364:0.0909 END_TURN:1:0.0909:0.0909
ROOT g=60 t=20 ctx=def n=16 BLITZ:2:0.3137:0.1569 FOUL:2:0.0980:0.0490 REPOSITION:11:0.5392:0.0490 END_TURN:1:0.0490:0.0490
ROOT g=60 t=21 ctx=off n=17 ADVANCE:1:0.1012:0.1012 CAGE:1:0.1012:0.1012 BLITZ:1:0.0496:0.0496 FOUL:2:0.0992:0.0496 REPOSITION:8:0.3968:0.0496 END_TURN:1:0.0496:0.0496 BLITZ_AND_SCORE:1:0.0675:0.0675 HAND_OFF_SCORE:1:0.0675:0.0675 CHAIN_SCORE:1:0.0675:0.0675
ROOT g=60 t=22 ctx=def n=15 BLITZ:2:0.3158:0.1579 FOUL:2:0.1053:0.0526 REPOSITION:10:0.5263:0.0526 END_TURN:1:0.0526:0.0526
ROOT g=60 t=23 ctx=def n=12 BLITZ:2:0.3243:0.1622 FOUL:2:0.1351:0.0676 REPOSITION:7:0.4730:0.0676 END_TURN:1:0.0676:0.0676
ROOT g=60 t=24 ctx=off n=15 ADVANCE:1:0.1034:0.1034 CAGE:1:0.1034:0.1034 BLITZ:1:0.0575:0.0575 BLOCK:1:0.1034:0.1034 PASS_ACTION:1:0.0575:0.0575 FOUL:2:0.1149:0.0575 REPOSITION:7:0.4023:0.0575 END_TURN:1:0.0575:0.0575
ROOT g=60 t=25 ctx=def n=11 BLITZ:2:0.3284:0.1642 FOUL:1:0.0746:0.0746 REPOSITION:7:0.5224:0.0746 END_TURN:1:0.0746:0.0746
ROOT g=60 t=26 ctx=def n=10 BLITZ:2:0.3333:0.1667 FOUL:2:0.1667:0.0833 REPOSITION:5:0.4167:0.0833 END_TURN:1:0.0833:0.0833
ROOT g=60 t=27 ctx=off n=13 ADVANCE:1:0.1063:0.1063 CAGE:1:0.1063:0.1063 BLITZ:1:0.0681:0.0681 BLOCK:1:0.1063:0.1063 PASS_ACTION:3:0.2044:0.0681 FOUL:2:0.1362:0.0681 REPOSITION:3:0.2044:0.0681 END_TURN:1:0.0681:0.0681
ROOT g=60 t=28 ctx=def n=12 BLITZ:2:0.3150:0.1575 BLOCK:1:0.0945:0.0945 FOUL:3:0.1969:0.0656 REPOSITION:5:0.3281:0.0656 END_TURN:1:0.0656:0.0656
ROOT g=60 t=29 ctx=off n=12 ADVANCE:1:0.1118:0.1118 CAGE:1:0.1118:0.1118 BLITZ:1:0.0776:0.0776 PASS_ACTION:2:0.1553:0.0776 FOUL:2:0.1553:0.0776 REPOSITION:4:0.3106:0.0776 END_TURN:1:0.0776:0.0776
ROOT g=60 t=30 ctx=def n=10 BLITZ:2:0.3333:0.1667 FOUL:2:0.1667:0.0833 REPOSITION:5:0.4167:0.0833 END_TURN:1:0.0833:0.0833
ROOT g=60 t=31 ctx=off n=9 SCORE:1:0.5037:0.5037 CAGE:1:0.0672:0.0672 BLITZ:1:0.0622:0.0622 FOUL:2:0.1244:0.0622 REPOSITION:3:0.1866:0.0622 END_TURN:1:0.0560:0.0560
ROOT g=60 t=32 ctx=loose n=13 BLITZ:1:0.0549:0.0549 BLOCK:3:0.2567:0.0856 PICKUP:1:0.2496:0.2496 REPOSITION:7:0.3840:0.0549 END_TURN:1:0.0549:0.0549
ROOT g=61 t=0 ctx=loose n=13 BLITZ:1:0.0614:0.0614 BLOCK:3:0.2875:0.0958 PICKUP:1:0.1597:0.1597 REPOSITION:7:0.4300:0.0614 END_TURN:1:0.0614:0.0614
ROOT g=61 t=1 ctx=def n=10 BLITZ:2:0.3333:0.1667 REPOSITION:7:0.5833:0.0833 END_TURN:1:0.0833:0.0833
ROOT g=61 t=2 ctx=off n=26 ADVANCE:1:0.1032:0.1032 CAGE:1:0.1032:0.1032 BLITZ:1:0.0331:0.0331 PASS_ACTION:10:0.3307:0.0331 FOUL:4:0.1323:0.0331 REPOSITION:8:0.2646:0.0331 END_TURN:1:0.0331:0.0331
ROOT g=61 t=3 ctx=def n=9 BLITZ:2:0.3429:0.1714 REPOSITION:6:0.5714:0.0952 END_TURN:1:0.0857:0.0857
ROOT g=61 t=4 ctx=off n=23 ADVANCE:1:0.1041:0.1041 CAGE:1:0.1041:0.1041 BLITZ:1:0.0377:0.0377 PASS_ACTION:8:0.3017:0.0377 FOUL:3:0.1131:0.0377 REPOSITION:8:0.3017:0.0377 END_TURN:1:0.0377:0.0377
ROOT g=61 t=5 ctx=def n=8 BLITZ:2:0.3556:0.1778 REPOSITION:5:0.5556:0.1111 END_TURN:1:0.0889:0.0889
ROOT g=61 t=6 ctx=off n=24 ADVANCE:1:0.1037:0.1037 CAGE:1:0.1037:0.1037 BLITZ:1:0.0360:0.0360 PASS_ACTION:8:0.2882:0.0360 FOUL:3:0.1081:0.0360 REPOSITION:9:0.3242:0.0360 END_TURN:1:0.0360:0.0360
ROOT g=61 t=7 ctx=def n=8 BLITZ:2:0.3556:0.1778 REPOSITION:5:0.5556:0.1111 END_TURN:1:0.0889:0.0889
ROOT g=61 t=8 ctx=off n=21 ADVANCE:1:0.1048:0.1048 CAGE:1:0.1048:0.1048 BLITZ:1:0.0416:0.0416 PASS_ACTION:5:0.2080:0.0416 FOUL:3:0.1248:0.0416 REPOSITION:9:0.3744:0.0416 END_TURN:1:0.0416:0.0416
ROOT g=61 t=9 ctx=def n=6 BLITZ:2:0.4000:0.2000 REPOSITION:3:0.5000:0.1667 END_TURN:1:0.1000:0.1000
ROOT g=61 t=10 ctx=off n=23 ADVANCE:1:0.0866:0.0866 CAGE:1:0.0866:0.0866 BLITZ:1:0.0314:0.0314 BLOCK:1:0.0866:0.0866 PASS_ACTION:1:0.0314:0.0314 FOUL:6:0.1882:0.0314 REPOSITION:10:0.3137:0.0314 END_TURN:1:0.0314:0.0314 BLITZ_AND_SCORE:1:0.1443:0.1443
ROOT g=61 t=11 ctx=def n=4 BLITZ:2:0.5882:0.2941 REPOSITION:1:0.2941:0.2941 END_TURN:1:0.1176:0.1176
ROOT g=61 t=12 ctx=off n=26 ADVANCE:1:0.0643:0.0643 CAGE:1:0.0643:0.0643 BLITZ:1:0.0206:0.0206 BLOCK:1:0.0643:0.0643 PASS_ACTION:2:0.0412:0.0206 FOUL:8:0.1647:0.0206 REPOSITION:9:0.1853:0.0206 END_TURN:1:0.0206:0.0206 PASS_SCORE:1:0.1874:0.1874 CHAIN_SCORE:1:0.1874:0.1874
ROOT g=61 t=14 ctx=off n=19 SCORE:1:0.4700:0.4700 CAGE:1:0.0627:0.0627 FOUL:6:0.1649:0.0275 REPOSITION:10:0.2749:0.0275 END_TURN:1:0.0275:0.0275
ROOT g=61 t=15 ctx=loose n=13 BLITZ:1:0.0549:0.0549 BLOCK:3:0.2567:0.0856 PICKUP:1:0.2496:0.2496 REPOSITION:7:0.3840:0.0549 END_TURN:1:0.0549:0.0549
ROOT g=61 t=16 ctx=loose n=13 BLITZ:1:0.0569:0.0569 BLOCK:3:0.2662:0.0887 PICKUP:1:0.2218:0.2218 REPOSITION:7:0.3982:0.0569 END_TURN:1:0.0569:0.0569
ROOT g=61 t=17 ctx=def n=13 BLITZ:2:0.3210:0.1605 REPOSITION:10:0.6173:0.0617 END_TURN:1:0.0617:0.0617
ROOT g=61 t=18 ctx=off n=19 ADVANCE:1:0.0898:0.0898 CAGE:1:0.0898:0.0898 BLITZ:1:0.0394:0.0394 BLOCK:3:0.2693:0.0898 PASS_ACTION:6:0.2362:0.0394 REPOSITION:6:0.2362:0.0394 END_TURN:1:0.0394:0.0394
ROOT g=61 t=19 ctx=def n=14 BLITZ:2:0.3182:0.1591 FOUL:1:0.0568:0.0568 REPOSITION:10:0.5682:0.0568 END_TURN:1:0.0568:0.0568
ROOT g=61 t=20 ctx=off n=22 ADVANCE:1:0.0874:0.0874 CAGE:1:0.0874:0.0874 BLITZ:1:0.0331:0.0331 BLOCK:3:0.2623:0.0874 PASS_ACTION:6:0.1987:0.0331 FOUL:3:0.0993:0.0331 REPOSITION:6:0.1987:0.0331 END_TURN:1:0.0331:0.0331
ROOT g=61 t=21 ctx=def n=13 BLITZ:2:0.3210:0.1605 FOUL:1:0.0617:0.0617 REPOSITION:9:0.5556:0.0617 END_TURN:1:0.0617:0.0617
ROOT g=61 t=22 ctx=off n=25 ADVANCE:1:0.0857:0.0857 CAGE:1:0.0857:0.0857 BLITZ:1:0.0286:0.0286 BLOCK:3:0.2571:0.0857 PASS_ACTION:6:0.1714:0.0286 FOUL:6:0.1714:0.0286 REPOSITION:6:0.1714:0.0286 END_TURN:1:0.0286:0.0286
ROOT g=61 t=23 ctx=def n=12 BLITZ:2:0.3243:0.1622 FOUL:1:0.0676:0.0676 REPOSITION:8:0.5405:0.0676 END_TURN:1:0.0676:0.0676
ROOT g=61 t=24 ctx=off n=26 ADVANCE:1:0.0852:0.0852 CAGE:1:0.0852:0.0852 BLITZ:1:0.0273:0.0273 BLOCK:3:0.2557:0.0852 PASS_ACTION:6:0.1639:0.0273 FOUL:7:0.1913:0.0273 REPOSITION:6:0.1639:0.0273 END_TURN:1:0.0273:0.0273
ROOT g=61 t=25 ctx=def n=10 BLITZ:2:0.3279:0.1639 BLOCK:1:0.0984:0.0984 REPOSITION:6:0.4918:0.0820 END_TURN:1:0.0820:0.0820
ROOT g=61 t=26 ctx=off n=25 ADVANCE:1:0.1034:0.1034 CAGE:1:0.1034:0.1034 BLITZ:1:0.0345:0.0345 PASS_ACTION:6:0.2069:0.0345 FOUL:7:0.2414:0.0345 REPOSITION:8:0.2759:0.0345 END_TURN:1:0.0345:0.0345
ROOT g=61 t=27 ctx=def n=9 BLITZ:2:0.3403:0.1701 BLOCK:1:0.1021:0.1021 REPOSITION:5:0.4726:0.0945 END_TURN:1:0.0851:0.0851
ROOT g=61 t=28 ctx=off n=21 ADVANCE:1:0.1048:0.1048 CAGE:1:0.1048:0.1048 BLITZ:1:0.0416:0.0416 PASS_ACTION:5:0.2080:0.0416 FOUL:6:0.2496:0.0416 REPOSITION:6:0.2496:0.0416 END_TURN:1:0.0416:0.0416
ROOT g=61 t=29 ctx=def n=7 BLITZ:2:0.3733:0.1867 REPOSITION:4:0.5333:0.1333 END_TURN:1:0.0933:0.0933
ROOT g=61 t=30 ctx=off n=18 ADVANCE:1:0.1063:0.1063 CAGE:1:0.1063:0.1063 BLITZ:1:0.0492:0.0492 PASS_ACTION:4:0.1969:0.0492 FOUL:5:0.2461:0.0492 REPOSITION:5:0.2461:0.0492 END_TURN:1:0.0492:0.0492
ROOT g=61 t=31 ctx=def n=9 BLITZ:2:0.3429:0.1714 FOUL:1:0.0952:0.0952 REPOSITION:5:0.4762:0.0952 END_TURN:1:0.0857:0.0857
ROOT g=62 t=0 ctx=off n=21 ADVANCE:1:0.0881:0.0881 CAGE:1:0.0881:0.0881 BLITZ:1:0.0350:0.0350 BLOCK:3:0.2643:0.0881 PASS_ACTION:8:0.2797:0.0350 REPOSITION:6:0.2098:0.0350 END_TURN:1:0.0350:0.0350
ROOT g=62 t=1 ctx=def n=12 BLITZ:2:0.3061:0.1531 BLOCK:2:0.1837:0.0918 REPOSITION:7:0.4464:0.0638 END_TURN:1:0.0638:0.0638
ROOT g=62 t=2 ctx=off n=22 ADVANCE:1:0.0924:0.0924 CAGE:1:0.0924:0.0924 BLITZ:1:0.0350:0.0350 BLOCK:2:0.1849:0.0924 PASS_ACTION:7:0.2451:0.0350 FOUL:3:0.1050:0.0350 REPOSITION:6:0.2101:0.0350 END_TURN:1:0.0350:0.0350
ROOT g=62 t=3 ctx=def n=11 BLITZ:2:0.3134:0.1567 BLOCK:2:0.1880:0.0940 REPOSITION:6:0.4274:0.0712 END_TURN:1:0.0712:0.0712
ROOT g=62 t=4 ctx=off n=26 ADVANCE:1:0.0852:0.0852 CAGE:1:0.0852:0.0852 BLITZ:1:0.0273:0.0273 BLOCK:3:0.2557:0.0852 PASS_ACTION:7:0.1913:0.0273 FOUL:6:0.1639:0.0273 REPOSITION:6:0.1639:0.0273 END_TURN:1:0.0273:0.0273
ROOT g=62 t=5 ctx=def n=9 BLITZ:2:0.3429:0.1714 REPOSITION:6:0.5714:0.0952 END_TURN:1:0.0857:0.0857
ROOT g=62 t=6 ctx=off n=27 ADVANCE:1:0.0848:0.0848 CAGE:1:0.0848:0.0848 BLITZ:1:0.0262:0.0262 BLOCK:3:0.2545:0.0848 PASS_ACTION:7:0.1832:0.0262 FOUL:7:0.1832:0.0262 REPOSITION:6:0.1571:0.0262 END_TURN:1:0.0262:0.0262
ROOT g=62 t=7 ctx=def n=9 BLITZ:2:0.3429:0.1714 REPOSITION:6:0.5714:0.0952 END_TURN:1:0.0857:0.0857
ROOT g=62 t=8 ctx=off n=24 ADVANCE:1:0.1037:0.1037 CAGE:1:0.1037:0.1037 BLITZ:1:0.0360:0.0360 PASS_ACTION:6:0.2161:0.0360 FOUL:6:0.2161:0.0360 REPOSITION:8:0.2882:0.0360 END_TURN:1:0.0360:0.0360
ROOT g=62 t=9 ctx=def n=8 BLITZ:2:0.3556:0.1778 REPOSITION:5:0.5556:0.1111 END_TURN:1:0.0889:0.0889
ROOT g=62 t=10 ctx=off n=23 ADVANCE:1:0.1041:0.1041 CAGE:1:0.1041:0.1041 BLITZ:1:0.0377:0.0377 PASS_ACTION:6:0.2262:0.0377 FOUL:6:0.2262:0.0377 REPOSITION:7:0.2640:0.0377 END_TURN:1:0.0377:0.0377
ROOT g=62 t=11 ctx=def n=12 BLITZ:2:0.2824:0.1412 BLOCK:5:0.4235:0.0847 REPOSITION:4:0.2353:0.0588 END_TURN:1:0.0588:0.0588
ROOT g=62 t=12 ctx=off n=24 ADVANCE:1:0.1037:0.1037 CAGE:1:0.1037:0.1037 BLITZ:1:0.0360:0.0360 PASS_ACTION:6:0.2161:0.0360 FOUL:7:0.2522:0.0360 REPOSITION:7:0.2522:0.0360 END_TURN:1:0.0360:0.0360
ROOT g=62 t=13 ctx=def n=8 BLITZ:2:0.3556:0.1778 BLOCK:1:0.1111:0.1111 REPOSITION:4:0.4444:0.1111 END_TURN:1:0.0889:0.0889
ROOT g=62 t=14 ctx=off n=23 SCORE:1:0.4656:0.4656 CAGE:1:0.0621:0.0621 BLITZ:1:0.0225:0.0225 PASS_ACTION:2:0.0450:0.0225 FOUL:8:0.1799:0.0225 REPOSITION:9:0.2024:0.0225 END_TURN:1:0.0225:0.0225
ROOT g=62 t=15 ctx=loose n=13 BLITZ:1:0.0549:0.0549 BLOCK:3:0.2567:0.0856 PICKUP:1:0.2496:0.2496 REPOSITION:7:0.3840:0.0549 END_TURN:1:0.0549:0.0549
ROOT g=62 t=16 ctx=loose n=13 BLITZ:1:0.0569:0.0569 BLOCK:3:0.2662:0.0887 PICKUP:1:0.2218:0.2218 REPOSITION:7:0.3982:0.0569 END_TURN:1:0.0569:0.0569
ROOT g=62 t=17 ctx=def n=10 BLITZ:2:0.3333:0.1667 REPOSITION:7:0.5833:0.0833 END_TURN:1:0.0833:0.0833
ROOT g=62 t=18 ctx=off n=22 ADVANCE:1:0.1044:0.1044 CAGE:1:0.1044:0.1044 BLITZ:1:0.0396:0.0396 PASS_ACTION:8:0.3165:0.0396 FOUL:2:0.0791:0.0396 REPOSITION:8:0.3165:0.0396 END_TURN:1:0.0396:0.0396
ROOT g=62 t=19 ctx=def n=10 BLITZ:2:0.3333:0.1667 REPOSITION:7:0.5833:0.0833 END_TURN:1:0.0833:0.0833
ROOT g=62 t=20 ctx=off n=20 ADVANCE:1:0.1053:0.1053 CAGE:1:0.1053:0.1053 BLITZ:1:0.0439:0.0439 PASS_ACTION:7:0.3070:0.0439 FOUL:1:0.0439:0.0439 REPOSITION:8:0.3509:0.0439 END_TURN:1:0.0439:0.0439
ROOT g=62 t=21 ctx=def n=10 BLITZ:2:0.3333:0.1667 REPOSITION:7:0.5833:0.0833 END_TURN:1:0.0833:0.0833
ROOT g=62 t=22 ctx=off n=19 ADVANCE:1:0.1058:0.1058 CAGE:1:0.1058:0.1058 BLITZ:1:0.0464:0.0464 PASS_ACTION:6:0.2783:0.0464 FOUL:1:0.0464:0.0464 REPOSITION:8:0.3711:0.0464 END_TURN:1:0.0464:0.0464
ROOT g=62 t=23 ctx=def n=13 BLITZ:2:0.3210:0.1605 FOUL:2:0.1235:0.0617 REPOSITION:8:0.4938:0.0617 END_TURN:1:0.0617:0.0617
ROOT g=62 t=24 ctx=off n=20 ADVANCE:1:0.1053:0.1053 CAGE:1:0.1053:0.1053 BLITZ:1:0.0439:0.0439 PASS_ACTION:6:0.2632:0.0439 FOUL:2:0.0877:0.0439 REPOSITION:8:0.3509:0.0439 END_TURN:1:0.0439:0.0439
ROOT g=62 t=25 ctx=def n=12 BLITZ:2:0.3243:0.1622 FOUL:2:0.1351:0.0676 REPOSITION:7:0.4730:0.0676 END_TURN:1:0.0676:0.0676
ROOT g=62 t=26 ctx=off n=22 ADVANCE:1:0.1044:0.1044 CAGE:1:0.1044:0.1044 BLITZ:1:0.0396:0.0396 PASS_ACTION:6:0.2373:0.0396 FOUL:4:0.1582:0.0396 REPOSITION:8:0.3165:0.0396 END_TURN:1:0.0396:0.0396
ROOT g=62 t=27 ctx=loose n=11 BLITZ:1:0.0722:0.0722 PICKUP:1:0.2780:0.2780 FOUL:2:0.1444:0.0722 REPOSITION:6:0.4332:0.0722 END_TURN:1:0.0722:0.0722
ROOT g=62 t=28 ctx=loose n=15 BLITZ:1:0.0519:0.0519 PICKUP:1:0.2727:0.2727 FOUL:3:0.1558:0.0519 REPOSITION:9:0.4675:0.0519 END_TURN:1:0.0519:0.0519
ROOT g=62 t=29 ctx=loose n=9 BLITZ:1:0.0886:0.0886 BLOCK:3:0.2870:0.0957 PICKUP:1:0.2790:0.2790 REPOSITION:3:0.2657:0.0886 END_TURN:1:0.0797:0.0797
ROOT g=62 t=30 ctx=loose n=16 BLITZ:1:0.0465:0.0465 BLOCK:1:0.0892:0.0892 PICKUP:1:0.2602:0.2602 FOUL:4:0.1859:0.0465 REPOSITION:8:0.3717:0.0465 END_TURN:1:0.0465:0.0465
ROOT g=62 t=31 ctx=loose n=7 BLITZ:1:0.1227:0.1227 PICKUP:1:0.3006:0.3006 REPOSITION:4:0.4908:0.1227 END_TURN:1:0.0859:0.0859
ROOT g=63 t=0 ctx=loose n=13 BLITZ:1:0.0614:0.0614 BLOCK:3:0.2875:0.0958 PICKUP:1:0.1597:0.1597 REPOSITION:7:0.4300:0.0614 END_TURN:1:0.0614:0.0614
ROOT g=63 t=1 ctx=def n=14 BLITZ:2:0.2756:0.1378 BLOCK:4:0.3307:0.0827 REPOSITION:7:0.3445:0.0492 END_TURN:1:0.0492:0.0492
ROOT g=63 t=2 ctx=off n=21 ADVANCE:1:0.1048:0.1048 CAGE:1:0.1048:0.1048 BLITZ:1:0.0416:0.0416 PASS_ACTION:9:0.3744:0.0416 REPOSITION:8:0.3328:0.0416 END_TURN:1:0.0416:0.0416
ROOT g=63 t=3 ctx=def n=14 BLITZ:2:0.3182:0.1591 FOUL:1:0.0568:0.0568 REPOSITION:10:0.5682:0.0568 END_TURN:1:0.0568:0.0568
ROOT g=63 t=4 ctx=off n=19 ADVANCE:1:0.0945:0.0945 CAGE:1:0.0945:0.0945 BLITZ:1:0.0415:0.0415 BLOCK:2:0.1891:0.0945 PASS_ACTION:7:0.2902:0.0415 REPOSITION:6:0.2488:0.0415 END_TURN:1:0.0415:0.0415
ROOT g=63 t=5 ctx=def n=11 BLITZ:2:0.3207:0.1603 BLOCK:1:0.0962:0.0962 REPOSITION:7:0.5102:0.0729 END_TURN:1:0.0729:0.0729
ROOT g=63 t=6 ctx=off n=21 ADVANCE:1:0.0796:0.0796 CAGE:1:0.0796:0.0796 BLITZ:1:0.0316:0.0316 BLOCK:5:0.3982:0.0796 PASS_ACTION:7:0.2212:0.0316 FOUL:1:0.0316:0.0316 REPOSITION:4:0.1264:0.0316 END_TURN:1:0.0316:0.0316
ROOT g=63 t=7 ctx=def n=9 BLITZ:2:0.3429:0.1714 REPOSITION:6:0.5714:0.0952 END_TURN:1:0.0857:0.0857
ROOT g=63 t=8 ctx=off n=22 ADVANCE:1:0.0981:0.0981 CAGE:1:0.0981:0.0981 BLITZ:1:0.0371:0.0371 BLOCK:1:0.0981:0.0981 PASS_ACTION:7:0.2600:0.0371 FOUL:2:0.0743:0.0371 REPOSITION:8:0.2972:0.0371 END_TURN:1:0.0371:0.0371
ROOT g=63 t=9 ctx=def n=8 BLITZ:2:0.3556:0.1778 REPOSITION:5:0.5556:0.1111 END_TURN:1:0.0889:0.0889
ROOT g=63 t=10 ctx=off n=18 ADVANCE:1:0.1063:0.1063 CAGE:1:0.1063:0.1063 BLITZ:1:0.0492:0.0492 PASS_ACTION:6:0.2953:0.0492 FOUL:2:0.0984:0.0492 REPOSITION:6:0.2953:0.0492 END_TURN:1:0.0492:0.0492
ROOT g=63 t=11 ctx=def n=9 BLITZ:2:0.3403:0.1701 BLOCK:1:0.1021:0.1021 FOUL:1:0.0945:0.0945 REPOSITION:4:0.3781:0.0945 END_TURN:1:0.0851:0.0851
ROOT g=63 t=12 ctx=off n=18 ADVANCE:1:0.0954:0.0954 CAGE:1:0.0954:0.0954 BLITZ:1:0.0442:0.0442 BLOCK:2:0.1908:0.0954 PASS_ACTION:5:0.2208:0.0442 FOUL:2:0.0883:0.0442 REPOSITION:5:0.2208:0.0442 END_TURN:1:0.0442:0.0442
ROOT g=63 t=13 ctx=def n=9 BLITZ:2:0.3429:0.1714 FOUL:2:0.1905:0.0952 REPOSITION:4:0.3810:0.0952 END_TURN:1:0.0857:0.0857
ROOT g=63 t=14 ctx=off n=15 ADVANCE:1:0.1084:0.1084 CAGE:1:0.1084:0.1084 BLITZ:1:0.0602:0.0602 PASS_ACTION:3:0.1807:0.0602 FOUL:2:0.1205:0.0602 REPOSITION:6:0.3614:0.0602 END_TURN:1:0.0602:0.0602
ROOT g=63 t=15 ctx=def n=7 BLITZ:2:0.3733:0.1867 FOUL:1:0.1333:0.1333 REPOSITION:3:0.4000:0.1333 END_TURN:1:0.0933:0.0933
ROOT g=63 t=16 ctx=loose n=13 BLITZ:1:0.0614:0.0614 BLOCK:3:0.2875:0.0958 PICKUP:1:0.1597:0.1597 REPOSITION:7:0.4300:0.0614 END_TURN:1:0.0614:0.0614
ROOT g=63 t=17 ctx=def n=11 BLITZ:2:0.3284:0.1642 REPOSITION:8:0.5970:0.0746 END_TURN:1:0.0746:0.0746
ROOT g=63 t=18 ctx=off n=22 ADVANCE:1:0.1044:0.1044 CAGE:1:0.1044:0.1044 BLITZ:1:0.0396:0.0396 PASS_ACTION:10:0.3956:0.0396 FOUL:1:0.0396:0.0396 REPOSITION:7:0.2769:0.0396 END_TURN:1:0.0396:0.0396
ROOT g=63 t=19 ctx=loose n=11 BLITZ:1:0.0799:0.0799 BLOCK:1:0.1054:0.1054 PICKUP:1:0.1757:0.1757 REPOSITION:7:0.5591:0.0799 END_TURN:1:0.0799:0.0799
ROOT g=63 t=20 ctx=loose n=15 BLITZ:1:0.0588:0.0588 PICKUP:1:0.1765:0.1765 FOUL:1:0.0588:0.0588 REPOSITION:11:0.6471:0.0588 END_TURN:1:0.0588:0.0588
ROOT g=63 t=21 ctx=def n=12 BLITZ:2:0.3243:0.1622 REPOSITION:9:0.6081:0.0676 END_TURN:1:0.0676:0.0676
ROOT g=63 t=22 ctx=off n=18 ADVANCE:1:0.1040:0.1040 CAGE:1:0.1040:0.1040 BLITZ:1:0.0482:0.0482 PASS_ACTION:1:0.0482:0.0482 FOUL:2:0.0963:0.0482 REPOSITION:10:0.4817:0.0482 END_TURN:1:0.0482:0.0482 BLITZ_AND_SCORE:1:0.0694:0.0694
ROOT g=63 t=23 ctx=def n=12 BLITZ:2:0.3243:0.1622 REPOSITION:9:0.6081:0.0676 END_TURN:1:0.0676:0.0676
ROOT g=63 t=24 ctx=off n=19 ADVANCE:1:0.0936:0.0936 CAGE:1:0.0936:0.0936 BLITZ:1:0.0411:0.0411 PASS_ACTION:1:0.0411:0.0411 FOUL:3:0.1232:0.0411 REPOSITION:10:0.4105:0.0411 END_TURN:1:0.0411:0.0411 BLITZ_AND_SCORE:1:0.1560:0.1560
ROOT g=63 t=25 ctx=def n=15 BLITZ:2:0.3158:0.1579 FOUL:4:0.2105:0.0526 REPOSITION:8:0.4211:0.0526 END_TURN:1:0.0526:0.0526
ROOT g=63 t=26 ctx=off n=14 SCORE:1:0.1699:0.1699 CAGE:1:0.1019:0.1019 BLITZ:1:0.0607:0.0607 FOUL:1:0.0607:0.0607 REPOSITION:9:0.5461:0.0607 END_TURN:1:0.0607:0.0607
ROOT g=63 t=27 ctx=loose n=13 BLITZ:1:0.0549:0.0549 BLOCK:3:0.2567:0.0856 PICKUP:1:0.2496:0.2496 REPOSITION:7:0.3840:0.0549 END_TURN:1:0.0549:0.0549
ROOT g=63 t=28 ctx=loose n=12 BLITZ:1:0.0658:0.0658 PICKUP:1:0.2763:0.2763 REPOSITION:9:0.5921:0.0658 END_TURN:1:0.0658:0.0658
ROOT g=63 t=29 ctx=loose n=11 BLITZ:1:0.0722:0.0722 PICKUP:1:0.2780:0.2780 REPOSITION:8:0.5776:0.0722 END_TURN:1:0.0722:0.0722
ROOT g=63 t=30 ctx=loose n=13 BLITZ:1:0.0604:0.0604 PICKUP:1:0.2749:0.2749 FOUL:1:0.0604:0.0604 REPOSITION:9:0.5438:0.0604 END_TURN:1:0.0604:0.0604
ROOT g=63 t=31 ctx=loose n=13 BLITZ:1:0.0549:0.0549 BLOCK:3:0.2567:0.0856 PICKUP:1:0.2496:0.2496 REPOSITION:7:0.3840:0.0549 END_TURN:1:0.0549:0.0549
ROOT g=64 t=0 ctx=loose n=13 BLITZ:1:0.0614:0.0614 BLOCK:3:0.2875:0.0958 PICKUP:1:0.1597:0.1597 REPOSITION:7:0.4300:0.0614 END_TURN:1:0.0614:0.0614
ROOT g=64 t=1 ctx=def n=11 BLITZ:2:0.3284:0.1642 REPOSITION:8:0.5970:0.0746 END_TURN:1:0.0746:0.0746
ROOT g=64 t=2 ctx=off n=23 ADVANCE:1:0.0976:0.0976 CAGE:1:0.0976:0.0976 BLITZ:1:0.0354:0.0354 BLOCK:1:0.0976:0.0976 PASS_ACTION:9:0.3182:0.0354 FOUL:1:0.0354:0.0354 REPOSITION:8:0.2829:0.0354 END_TURN:1:0.0354:0.0354
ROOT g=64 t=3 ctx=def n=10 BLITZ:2:0.3279:0.1639 BLOCK:1:0.0984:0.0984 REPOSITION:6:0.4918:0.0820 END_TURN:1:0.0820:0.0820
ROOT g=64 t=4 ctx=off n=14 ADVANCE:1:0.1085:0.1085 CAGE:1:0.1085:0.1085 BLITZ:1:0.0646:0.0646 FOUL:2:0.1292:0.0646 REPOSITION:7:0.4522:0.0646 END_TURN:1:0.0646:0.0646 BLITZ_AND_SCORE:1:0.0724:0.0724
ROOT g=64 t=5 ctx=def n=13 BLITZ:2:0.3210:0.1605 FOUL:3:0.1852:0.0617 REPOSITION:7:0.4321:0.0617 END_TURN:1:0.0617:0.0617
ROOT g=64 t=6 ctx=loose n=15 BLITZ:1:0.0515:0.0515 BLOCK:3:0.2784:0.0928 PICKUP:1:0.1546:0.1546 FOUL:3:0.1546:0.0515 REPOSITION:6:0.3093:0.0515 END_TURN:1:0.0515:0.0515
ROOT g=64 t=7 ctx=loose n=11 BLITZ:1:0.0820:0.0820 PICKUP:1:0.1803:0.1803 FOUL:2:0.1639:0.0820 REPOSITION:6:0.4918:0.0820 END_TURN:1:0.0820:0.0820
ROOT g=64 t=8 ctx=loose n=13 BLITZ:1:0.0614:0.0614 BLOCK:3:0.2875:0.0958 PICKUP:1:0.1597:0.1597 FOUL:2:0.1229:0.0614 REPOSITION:5:0.3071:0.0614 END_TURN:1:0.0614:0.0614
ROOT g=64 t=9 ctx=loose n=8 BLITZ:1:0.1190:0.1190 PICKUP:1:0.1905:0.1905 REPOSITION:5:0.5952:0.1190 END_TURN:1:0.0952:0.0952
ROOT g=64 t=10 ctx=loose n=18 BLITZ:1:0.0429:0.0429 PICKUP:1:0.2704:0.2704 FOUL:7:0.3004:0.0429 REPOSITION:8:0.3433:0.0429 END_TURN:1:0.0429:0.0429
ROOT g=64 t=11 ctx=loose n=8 BLITZ:1:0.1042:0.1042 PICKUP:1:0.2917:0.2917 REPOSITION:5:0.5208:0.1042 END_TURN:1:0.0833:0.0833
ROOT g=64 t=12 ctx=loose n=19 BLITZ:1:0.0406:0.0406 PICKUP:1:0.2698:0.2698 FOUL:8:0.3245:0.0406 REPOSITION:8:0.3245:0.0406 END_TURN:1:0.0406:0.0406
ROOT g=64 t=13 ctx=loose n=7 BLITZ:1:0.1227:0.1227 PICKUP:1:0.3006:0.3006 REPOSITION:4:0.4908:0.1227 END_TURN:1:0.0859:0.0859
ROOT g=64 t=14 ctx=loose n=17 BLITZ:1:0.0435:0.0435 BLOCK:1:0.0887:0.0887 PICKUP:1:0.2588:0.2588 FOUL:6:0.2610:0.0435 REPOSITION:7:0.3045:0.0435 END_TURN:1:0.0435:0.0435
ROOT g=64 t=15 ctx=loose n=7 BLITZ:1:0.1227:0.1227 PICKUP:1:0.3006:0.3006 REPOSITION:4:0.4908:0.1227 END_TURN:1:0.0859:0.0859
ROOT g=64 t=16 ctx=loose n=13 BLITZ:1:0.0614:0.0614 BLOCK:3:0.2875:0.0958 PICKUP:1:0.1597:0.1597 REPOSITION:7:0.4300:0.0614 END_TURN:1:0.0614:0.0614
ROOT g=64 t=17 ctx=loose n=11 BLITZ:1:0.0909:0.0909 REPOSITION:9:0.8182:0.0909 END_TURN:1:0.0909:0.0909
ROOT g=64 t=18 ctx=loose n=13 BLITZ:1:0.0614:0.0614 BLOCK:3:0.2875:0.0958 PICKUP:1:0.1597:0.1597 REPOSITION:7:0.4300:0.0614 END_TURN:1:0.0614:0.0614
ROOT g=64 t=19 ctx=loose n=12 BLITZ:1:0.0746:0.0746 PICKUP:1:0.1791:0.1791 REPOSITION:9:0.6716:0.0746 END_TURN:1:0.0746:0.0746
ROOT g=64 t=20 ctx=loose n=13 BLITZ:1:0.0614:0.0614 BLOCK:3:0.2875:0.0958 PICKUP:1:0.1597:0.1597 REPOSITION:7:0.4300:0.0614 END_TURN:1:0.0614:0.0614
ROOT g=64 t=21 ctx=loose n=12 BLITZ:1:0.0746:0.0746 PICKUP:1:0.1791:0.1791 REPOSITION:9:0.6716:0.0746 END_TURN:1:0.0746:0.0746
ROOT g=64 t=22 ctx=loose n=13 BLITZ:1:0.0614:0.0614 BLOCK:3:0.2875:0.0958 PICKUP:1:0.1597:0.1597 REPOSITION:7:0.4300:0.0614 END_TURN:1:0.0614:0.0614
ROOT g=64 t=23 ctx=loose n=12 BLITZ:1:0.0746:0.0746 PICKUP:1:0.1791:0.1791 REPOSITION:9:0.6716:0.0746 END_TURN:1:0.0746:0.0746
ROOT g=64 t=24 ctx=loose n=13 BLITZ:1:0.0614:0.0614 BLOCK:3:0.2875:0.0958 PICKUP:1:0.1597:0.1597 REPOSITION:7:0.4300:0.0614 END_TURN:1:0.0614:0.0614
ROOT g=64 t=25 ctx=loose n=12 BLITZ:1:0.0746:0.0746 PICKUP:1:0.1791:0.1791 REPOSITION:9:0.6716:0.0746 END_TURN:1:0.0746:0.0746
ROOT g=64 t=26 ctx=loose n=12 BLITZ:1:0.0590:0.0590 BLOCK:4:0.3396:0.0849 PICKUP:1:0.2476:0.2476 REPOSITION:5:0.2948:0.0590 END_TURN:1:0.0590:0.0590
ROOT g=64 t=27 ctx=loose n=15 BLITZ:1:0.0499:0.0499 BLOCK:1:0.0898:0.0898 PICKUP:1:0.2618:0.2618 FOUL:2:0.0998:0.0499 REPOSITION:9:0.4489:0.0499 END_TURN:1:0.0499:0.0499
ROOT g=64 t=28 ctx=loose n=12 BLITZ:1:0.0605:0.0605 BLOCK:3:0.2615:0.0872 PICKUP:1:0.2542:0.2542 REPOSITION:6:0.3632:0.0605 END_TURN:1:0.0605:0.0605
ROOT g=64 t=29 ctx=loose n=12 BLITZ:1:0.0658:0.0658 PICKUP:1:0.2763:0.2763 REPOSITION:9:0.5921:0.0658 END_TURN:1:0.0658:0.0658
ROOT g=64 t=30 ctx=loose n=14 BLITZ:1:0.0559:0.0559 PICKUP:1:0.2737:0.2737 FOUL:2:0.1117:0.0559 REPOSITION:9:0.5028:0.0559 END_TURN:1:0.0559:0.0559
ROOT g=64 t=31 ctx=loose n=12 BLITZ:1:0.0658:0.0658 PICKUP:1:0.2763:0.2763 REPOSITION:9:0.5921:0.0658 END_TURN:1:0.0658:0.0658
ROOT g=65 t=0 ctx=loose n=13 BLITZ:1:0.0614:0.0614 BLOCK:3:0.2875:0.0958 PICKUP:1:0.1597:0.1597 REPOSITION:7:0.4300:0.0614 END_TURN:1:0.0614:0.0614
ROOT g=65 t=1 ctx=def n=13 BLITZ:2:0.3210:0.1605 REPOSITION:10:0.6173:0.0617 END_TURN:1:0.0617:0.0617
ROOT g=65 t=2 ctx=off n=17 ADVANCE:1:0.0964:0.0964 CAGE:1:0.0964:0.0964 BLITZ:1:0.0473:0.0473 BLOCK:2:0.1928:0.0964 PASS_ACTION:4:0.1890:0.0473 REPOSITION:7:0.3308:0.0473 END_TURN:1:0.0473:0.0473
ROOT g=65 t=3 ctx=def n=14 BLITZ:2:0.3182:0.1591 REPOSITION:11:0.6250:0.0568 END_TURN:1:0.0568:0.0568
ROOT g=65 t=4 ctx=off n=20 ADVANCE:1:0.1053:0.1053 CAGE:1:0.1053:0.1053 BLITZ:1:0.0439:0.0439 PASS_ACTION:7:0.3070:0.0439 REPOSITION:9:0.3947:0.0439 END_TURN:1:0.0439:0.0439
ROOT g=65 t=5 ctx=def n=14 BLITZ:2:0.3182:0.1591 REPOSITION:11:0.6250:0.0568 END_TURN:1:0.0568:0.0568
ROOT g=65 t=6 ctx=off n=20 ADVANCE:1:0.1053:0.1053 CAGE:1:0.1053:0.1053 BLITZ:1:0.0439:0.0439 PASS_ACTION:7:0.3070:0.0439 REPOSITION:9:0.3947:0.0439 END_TURN:1:0.0439:0.0439
ROOT g=65 t=7 ctx=def n=14 BLITZ:2:0.3182:0.1591 REPOSITION:11:0.6250:0.0568 END_TURN:1:0.0568:0.0568
ROOT g=65 t=8 ctx=off n=20 ADVANCE:1:0.1053:0.1053 CAGE:1:0.1053:0.1053 BLITZ:1:0.0439:0.0439 PASS_ACTION:7:0.3070:0.0439 REPOSITION:9:0.3947:0.0439 END_TURN:1:0.0439:0.0439
ROOT g=65 t=9 ctx=def n=14 BLITZ:2:0.3182:0.1591 REPOSITION:11:0.6250:0.0568 END_TURN:1:0.0568:0.0568
ROOT g=65 t=10 ctx=off n=20 ADVANCE:1:0.1053:0.1053 CAGE:1:0.1053:0.1053 BLITZ:1:0.0439:0.0439 PASS_ACTION:7:0.3070:0.0439 REPOSITION:9:0.3947:0.0439 END_TURN:1:0.0439:0.0439
ROOT g=65 t=11 ctx=def n=14 BLITZ:2:0.3182:0.1591 REPOSITION:11:0.6250:0.0568 END_TURN:1:0.0568:0.0568
ROOT g=65 t=12 ctx=off n=20 ADVANCE:1:0.1053:0.1053 CAGE:1:0.1053:0.1053 BLITZ:1:0.0439:0.0439 PASS_ACTION:7:0.3070:0.0439 REPOSITION:9:0.3947:0.0439 END_TURN:1:0.0439:0.0439
ROOT g=65 t=13 ctx=def n=14 BLITZ:2:0.3182:0.1591 REPOSITION:11:0.6250:0.0568 END_TURN:1:0.0568:0.0568
ROOT g=65 t=14 ctx=off n=20 ADVANCE:1:0.1053:0.1053 CAGE:1:0.1053:0.1053 BLITZ:1:0.0439:0.0439 PASS_ACTION:7:0.3070:0.0439 REPOSITION:9:0.3947:0.0439 END_TURN:1:0.0439:0.0439
ROOT g=65 t=15 ctx=def n=14 BLITZ:2:0.3182:0.1591 REPOSITION:11:0.6250:0.0568 END_TURN:1:0.0568:0.0568
ROOT g=65 t=16 ctx=loose n=13 BLITZ:1:0.0614:0.0614 BLOCK:3:0.2875:0.0958 PICKUP:1:0.1597:0.1597 REPOSITION:7:0.4300:0.0614 END_TURN:1:0.0614:0.0614
ROOT g=65 t=17 ctx=def n=10 BLITZ:2:0.3333:0.1667 REPOSITION:7:0.5833:0.0833 END_TURN:1:0.0833:0.0833
ROOT g=65 t=18 ctx=off n=23 ADVANCE:1:0.0976:0.0976 CAGE:1:0.0976:0.0976 BLITZ:1:0.0354:0.0354 BLOCK:1:0.0976:0.0976 PASS_ACTION:8:0.2829:0.0354 FOUL:2:0.0707:0.0354 REPOSITION:8:0.2829:0.0354 END_TURN:1:0.0354:0.0354
ROOT g=65 t=19 ctx=def n=11 BLITZ:2:0.3284:0.1642 REPOSITION:8:0.5970:0.0746 END_TURN:1:0.0746:0.0746
ROOT g=65 t=20 ctx=off n=20 ADVANCE:1:0.0805:0.0805 CAGE:1:0.0805:0.0805 BLITZ:1:0.0336:0.0336 BLOCK:5:0.4027:0.0805 PASS_ACTION:4:0.1342:0.0336 FOUL:2:0.0671:0.0336 REPOSITION:5:0.1678:0.0336 END_TURN:1:0.0336:0.0336
ROOT g=65 t=21 ctx=def n=9 BLITZ:2:0.3429:0.1714 FOUL:1:0.0952:0.0952 REPOSITION:5:0.4762:0.0952 END_TURN:1:0.0857:0.0857
ROOT g=65 t=22 ctx=off n=22 ADVANCE:1:0.1044:0.1044 CAGE:1:0.1044:0.1044 BLITZ:1:0.0396:0.0396 PASS_ACTION:4:0.1582:0.0396 FOUL:5:0.1978:0.0396 REPOSITION:9:0.3560:0.0396 END_TURN:1:0.0396:0.0396
ROOT g=65 t=23 ctx=def n=11 BLITZ:2:0.3284:0.1642 FOUL:3:0.2239:0.0746 REPOSITION:5:0.3731:0.0746 END_TURN:1:0.0746:0.0746
ROOT g=65 t=24 ctx=loose n=13 BLITZ:1:0.0569:0.0569 BLOCK:3:0.2662:0.0887 PICKUP:1:0.2218:0.2218 REPOSITION:7:0.3982:0.0569 END_TURN:1:0.0569:0.0569
ROOT g=65 t=25 ctx=def n=11 BLITZ:2:0.3284:0.1642 REPOSITION:8:0.5970:0.0746 END_TURN:1:0.0746:0.0746
ROOT g=65 t=26 ctx=off n=21 ADVANCE:1:0.0986:0.0986 CAGE:1:0.0986:0.0986 BLITZ:1:0.0391:0.0391 BLOCK:1:0.0986:0.0986 PASS_ACTION:7:0.2739:0.0391 FOUL:2:0.0782:0.0391 REPOSITION:7:0.2739:0.0391 END_TURN:1:0.0391:0.0391
ROOT g=65 t=27 ctx=def n=13 BLITZ:2:0.3103:0.1551 BLOCK:1:0.0931:0.0931 FOUL:1:0.0597:0.0597 REPOSITION:8:0.4773:0.0597 END_TURN:1:0.0597:0.0597
ROOT g=65 t=28 ctx=off n=14 ADVANCE:1:0.1094:0.1094 CAGE:1:0.1094:0.1094 BLITZ:1:0.0651:0.0651 PASS_ACTION:4:0.2604:0.0651 FOUL:1:0.0651:0.0651 REPOSITION:5:0.3255:0.0651 END_TURN:1:0.0651:0.0651
ROOT g=65 t=29 ctx=def n=13 BLITZ:2:0.3103:0.1551 BLOCK:1:0.0931:0.0931 FOUL:2:0.1193:0.0597 REPOSITION:7:0.4177:0.0597 END_TURN:1:0.0597:0.0597
ROOT g=65 t=30 ctx=off n=11 ADVANCE:1:0.1104:0.1104 CAGE:1:0.1104:0.1104 BLITZ:1:0.0836:0.0836 BLOCK:1:0.1104:0.1104 PASS_ACTION:2:0.1672:0.0836 FOUL:1:0.0836:0.0836 REPOSITION:3:0.2508:0.0836 END_TURN:1:0.0836:0.0836
ROOT g=65 t=31 ctx=def n=12 BLITZ:2:0.3061:0.1531 BLOCK:2:0.1837:0.0918 FOUL:2:0.1276:0.0638 REPOSITION:5:0.3189:0.0638 END_TURN:1:0.0638:0.0638
ROOT g=66 t=0 ctx=loose n=13 BLITZ:1:0.0614:0.0614 BLOCK:3:0.2875:0.0958 PICKUP:1:0.1597:0.1597 REPOSITION:7:0.4300:0.0614 END_TURN:1:0.0614:0.0614
ROOT g=66 t=1 ctx=loose n=11 BLITZ:1:0.0909:0.0909 REPOSITION:9:0.8182:0.0909 END_TURN:1:0.0909:0.0909
ROOT g=66 t=2 ctx=loose n=13 BLITZ:1:0.0614:0.0614 BLOCK:3:0.2875:0.0958 PICKUP:1:0.1597:0.1597 REPOSITION:7:0.4300:0.0614 END_TURN:1:0.0614:0.0614
ROOT g=66 t=3 ctx=def n=12 BLITZ:2:0.3243:0.1622 REPOSITION:9:0.6081:0.0676 END_TURN:1:0.0676:0.0676
ROOT g=66 t=4 ctx=loose n=13 BLITZ:1:0.0685:0.0685 PICKUP:1:0.1781:0.1781 FOUL:2:0.1370:0.0685 REPOSITION:8:0.5479:0.0685 END_TURN:1:0.0685:0.0685
ROOT g=66 t=5 ctx=def n=10 BLITZ:2:0.3333:0.1667 REPOSITION:7:0.5833:0.0833 END_TURN:1:0.0833:0.0833
ROOT g=66 t=6 ctx=off n=20 ADVANCE:1:0.0938:0.0938 CAGE:1:0.0938:0.0938 BLITZ:1:0.0391:0.0391 BLOCK:2:0.1875:0.0938 PASS_ACTION:6:0.2344:0.0391 FOUL:1:0.0391:0.0391 REPOSITION:7:0.2734:0.0391 END_TURN:1:0.0391:0.0391
ROOT g=66 t=7 ctx=def n=11 BLITZ:2:0.3284:0.1642 FOUL:2:0.1493:0.0746 REPOSITION:6:0.4478:0.0746 END_TURN:1:0.0746:0.0746
ROOT g=66 t=8 ctx=off n=20 ADVANCE:1:0.0845:0.0845 CAGE:1:0.0845:0.0845 BLITZ:1:0.0352:0.0352 BLOCK:4:0.3380:0.0845 PASS_ACTION:6:0.2113:0.0352 FOUL:1:0.0352:0.0352 REPOSITION:5:0.1761:0.0352 END_TURN:1:0.0352:0.0352
ROOT g=66 t=9 ctx=def n=8 BLITZ:2:0.3556:0.1778 REPOSITION:5:0.5556:0.1111 END_TURN:1:0.0889:0.0889
ROOT g=66 t=10 ctx=off n=22 ADVANCE:1:0.1044:0.1044 CAGE:1:0.1044:0.1044 BLITZ:1:0.0396:0.0396 PASS_ACTION:6:0.2373:0.0396 FOUL:4:0.1582:0.0396 REPOSITION:8:0.3165:0.0396 END_TURN:1:0.0396:0.0396
ROOT g=66 t=11 ctx=def n=7 BLITZ:2:0.3733:0.1867 REPOSITION:4:0.5333:0.1333 END_TURN:1:0.0933:0.0933
ROOT g=66 t=12 ctx=off n=22 ADVANCE:1:0.1044:0.1044 CAGE:1:0.1044:0.1044 BLITZ:1:0.0396:0.0396 PASS_ACTION:6:0.2373:0.0396 FOUL:4:0.1582:0.0396 REPOSITION:8:0.3165:0.0396 END_TURN:1:0.0396:0.0396
ROOT g=66 t=13 ctx=def n=4 BLITZ:2:0.5882:0.2941 REPOSITION:1:0.2941:0.2941 END_TURN:1:0.1176:0.1176
ROOT g=66 t=14 ctx=off n=16 ADVANCE:1:0.0932:0.0932 CAGE:1:0.0932:0.0932 BLITZ:1:0.0485:0.0485 BLOCK:3:0.2796:0.0932 PASS_ACTION:1:0.0485:0.0485 FOUL:3:0.1456:0.0485 REPOSITION:5:0.2427:0.0485 END_TURN:1:0.0485:0.0485
ROOT g=66 t=15 ctx=def n=5 BLITZ:2:0.4444:0.2222 FOUL:1:0.2222:0.2222 REPOSITION:1:0.2222:0.2222 END_TURN:1:0.1111:0.1111
ROOT g=66 t=16 ctx=loose n=13 BLITZ:1:0.0614:0.0614 BLOCK:3:0.2875:0.0958 PICKUP:1:0.1597:0.1597 REPOSITION:7:0.4300:0.0614 END_TURN:1:0.0614:0.0614
ROOT g=66 t=17 ctx=def n=12 BLITZ:2:0.3243:0.1622 REPOSITION:9:0.6081:0.0676 END_TURN:1:0.0676:0.0676
ROOT g=66 t=18 ctx=off n=19 ADVANCE:1:0.0898:0.0898 CAGE:1:0.0898:0.0898 BLITZ:1:0.0394:0.0394 BLOCK:3:0.2693:0.0898 PASS_ACTION:7:0.2756:0.0394 REPOSITION:5:0.1969:0.0394 END_TURN:1:0.0394:0.0394
ROOT g=66 t=19 ctx=def n=13 BLITZ:2:0.2908:0.1454 BLOCK:3:0.2617:0.0872 REPOSITION:7:0.3915:0.0559 END_TURN:1:0.0559:0.0559
ROOT g=66 t=20 ctx=off n=15 ADVANCE:1:0.1084:0.1084 CAGE:1:0.1084:0.1084 BLITZ:1:0.0602:0.0602 PASS_ACTION:6:0.3614:0.0602 REPOSITION:5:0.3012:0.0602 END_TURN:1:0.0602:0.0602
ROOT g=66 t=21 ctx=def n=14 BLITZ:2:0.3182:0.1591 FOUL:1:0.0568:0.0568 REPOSITION:10:0.5682:0.0568 END_TURN:1:0.0568:0.0568
ROOT g=66 t=22 ctx=loose n=11 BLITZ:1:0.0760:0.0760 BLOCK:3:0.3009:0.1003 PICKUP:1:0.1672:0.1672 FOUL:1:0.0760:0.0760 REPOSITION:4:0.3040:0.0760 END_TURN:1:0.0760:0.0760
ROOT g=66 t=23 ctx=def n=13 BLITZ:2:0.3210:0.1605 FOUL:3:0.1852:0.0617 REPOSITION:7:0.4321:0.0617 END_TURN:1:0.0617:0.0617
ROOT g=66 t=24 ctx=loose n=14 BLITZ:1:0.0633:0.0633 PICKUP:1:0.1772:0.1772 FOUL:5:0.3165:0.0633 REPOSITION:6:0.3797:0.0633 END_TURN:1:0.0633:0.0633
ROOT g=66 t=25 ctx=loose n=13 BLITZ:1:0.0636:0.0636 BLOCK:2:0.1985:0.0992 PICKUP:1:0.1654:0.1654 FOUL:2:0.1272:0.0636 REPOSITION:6:0.3817:0.0636 END_TURN:1:0.0636:0.0636
ROOT g=66 t=26 ctx=loose n=10 BLITZ:1:0.0800:0.0800 PICKUP:1:0.2800:0.2800 FOUL:2:0.1600:0.0800 REPOSITION:5:0.4000:0.0800 END_TURN:1:0.0800:0.0800
ROOT g=66 t=27 ctx=loose n=11 BLITZ:1:0.0722:0.0722 PICKUP:1:0.2780:0.2780 FOUL:1:0.0722:0.0722 REPOSITION:7:0.5054:0.0722 END_TURN:1:0.0722:0.0722
ROOT g=66 t=28 ctx=loose n=9 BLITZ:1:0.0905:0.0905 PICKUP:1:0.2851:0.2851 FOUL:1:0.0905:0.0905 REPOSITION:5:0.4525:0.0905 END_TURN:1:0.0814:0.0814
ROOT g=66 t=29 ctx=loose n=12 BLITZ:1:0.0622:0.0622 BLOCK:2:0.1791:0.0896 PICKUP:1:0.2612:0.2612 FOUL:2:0.1244:0.0622 REPOSITION:5:0.3109:0.0622 END_TURN:1:0.0622:0.0622
ROOT g=66 t=30 ctx=loose n=8 BLITZ:1:0.1042:0.1042 PICKUP:1:0.2917:0.2917 FOUL:3:0.3125:0.1042 REPOSITION:2:0.2083:0.1042 END_TURN:1:0.0833:0.0833
ROOT g=66 t=31 ctx=loose n=11 BLITZ:1:0.0690:0.0690 BLOCK:2:0.1822:0.0911 PICKUP:1:0.2657:0.2657 FOUL:2:0.1380:0.0690 REPOSITION:4:0.2761:0.0690 END_TURN:1:0.0690:0.0690
ROOT g=67 t=0 ctx=loose n=13 BLITZ:1:0.0614:0.0614 BLOCK:3:0.2875:0.0958 PICKUP:1:0.1597:0.1597 REPOSITION:7:0.4300:0.0614 END_TURN:1:0.0614:0.0614
ROOT g=67 t=1 ctx=def n=11 BLITZ:2:0.3134:0.1567 BLOCK:2:0.1880:0.0940 REPOSITION:6:0.4274:0.0712 END_TURN:1:0.0712:0.0712
ROOT g=67 t=2 ctx=off n=15 ADVANCE:1:0.1084:0.1084 CAGE:1:0.1084:0.1084 BLITZ:1:0.0602:0.0602 PASS_ACTION:4:0.2410:0.0602 REPOSITION:7:0.4217:0.0602 END_TURN:1:0.0602:0.0602
ROOT g=67 t=3 ctx=def n=12 BLITZ:2:0.3243:0.1622 FOUL:1:0.0676:0.0676 REPOSITION:8:0.5405:0.0676 END_TURN:1:0.0676:0.0676
ROOT g=67 t=4 ctx=loose n=13 BLITZ:1:0.0594:0.0594 BLOCK:4:0.3705:0.0926 PICKUP:1:0.1544:0.1544 FOUL:1:0.0594:0.0594 REPOSITION:5:0.2969:0.0594 END_TURN:1:0.0594:0.0594
ROOT g=67 t=5 ctx=def n=12 BLITZ:2:0.3061:0.1531 BLOCK:2:0.1837:0.0918 FOUL:1:0.0638:0.0638 REPOSITION:6:0.3827:0.0638 END_TURN:1:0.0638:0.0638
ROOT g=67 t=6 ctx=off n=22 ADVANCE:1:0.0985:0.0985 CAGE:1:0.0985:0.0985 BLITZ:1:0.0373:0.0373 PASS_ACTION:6:0.2239:0.0373 FOUL:5:0.1866:0.0373 REPOSITION:5:0.1866:0.0373 END_TURN:1:0.0373:0.0373 PASS_SCORE:1:0.0657:0.0657 CHAIN_SCORE:1:0.0657:0.0657
ROOT g=67 t=7 ctx=def n=11 BLITZ:2:0.3134:0.1567 BLOCK:2:0.1880:0.0940 FOUL:1:0.0712:0.0712 REPOSITION:5:0.3561:0.0712 END_TURN:1:0.0712:0.0712
ROOT g=67 t=8 ctx=off n=22 ADVANCE:1:0.0823:0.0823 CAGE:1:0.0823:0.0823 BLITZ:1:0.0312:0.0312 PASS_ACTION:6:0.1870:0.0312 FOUL:5:0.1559:0.0312 REPOSITION:5:0.1559:0.0312 END_TURN:1:0.0312:0.0312 PASS_SCORE:1:0.1372:0.1372 CHAIN_SCORE:1:0.1372:0.1372
ROOT g=67 t=9 ctx=def n=9 BLITZ:2:0.3403:0.1701 BLOCK:1:0.1021:0.1021 REPOSITION:5:0.4726:0.0945 END_TURN:1:0.0851:0.0851
ROOT g=67 t=10 ctx=off n=15 ADVANCE:1:0.1084:0.1084 CAGE:1:0.1084:0.1084 BLITZ:1:0.0602:0.0602 PASS_ACTION:4:0.2410:0.0602 FOUL:3:0.1807:0.0602 REPOSITION:4:0.2410:0.0602 END_TURN:1:0.0602:0.0602
ROOT g=67 t=11 ctx=def n=9 BLITZ:2:0.3377:0.1689 BLOCK:2:0.2026:0.1013 FOUL:1:0.0938:0.0938 REPOSITION:3:0.2814:0.0938 END_TURN:1:0.0844:0.0844
ROOT g=67 t=12 ctx=off n=13 ADVANCE:1:0.1105:0.1105 CAGE:1:0.1105:0.1105 BLITZ:1:0.0708:0.0708 PASS_ACTION:2:0.1416:0.0708 FOUL:3:0.2125:0.0708 REPOSITION:4:0.2833:0.0708 END_TURN:1:0.0708:0.0708
ROOT g=67 t=13 ctx=def n=8 BLITZ:2:0.3556:0.1778 BLOCK:2:0.2222:0.1111 FOUL:1:0.1111:0.1111 REPOSITION:2:0.2222:0.1111 END_TURN:1:0.0889:0.0889
ROOT g=67 t=14 ctx=loose n=8 BLITZ:1:0.1042:0.1042 PICKUP:1:0.2917:0.2917 FOUL:1:0.1042:0.1042 REPOSITION:4:0.4167:0.1042 END_TURN:1:0.0833:0.0833
ROOT g=67 t=15 ctx=loose n=7 BLITZ:1:0.1227:0.1227 PICKUP:1:0.3006:0.3006 FOUL:1:0.1227:0.1227 REPOSITION:3:0.3681:0.1227 END_TURN:1:0.0859:0.0859
ROOT g=67 t=16 ctx=loose n=13 BLITZ:1:0.0614:0.0614 BLOCK:3:0.2875:0.0958 PICKUP:1:0.1597:0.1597 REPOSITION:7:0.4300:0.0614 END_TURN:1:0.0614:0.0614
ROOT g=67 t=17 ctx=def n=10 BLITZ:2:0.3333:0.1667 REPOSITION:7:0.5833:0.0833 END_TURN:1:0.0833:0.0833
ROOT g=67 t=18 ctx=off n=21 ADVANCE:1:0.1048:0.1048 CAGE:1:0.1048:0.1048 BLITZ:1:0.0416:0.0416 PASS_ACTION:9:0.3744:0.0416 FOUL:1:0.0416:0.0416 REPOSITION:7:0.2912:0.0416 END_TURN:1:0.0416:0.0416
ROOT g=67 t=19 ctx=def n=12 BLITZ:2:0.3243:0.1622 FOUL:2:0.1351:0.0676 REPOSITION:7:0.4730:0.0676 END_TURN:1:0.0676:0.0676
ROOT g=67 t=20 ctx=off n=24 ADVANCE:1:0.1037:0.1037 CAGE:1:0.1037:0.1037 BLITZ:1:0.0360:0.0360 PASS_ACTION:9:0.3242:0.0360 FOUL:4:0.1441:0.0360 REPOSITION:7:0.2522:0.0360 END_TURN:1:0.0360:0.0360
ROOT g=67 t=21 ctx=def n=11 BLITZ:2:0.3284:0.1642 FOUL:2:0.1493:0.0746 REPOSITION:6:0.4478:0.0746 END_TURN:1:0.0746:0.0746
ROOT g=67 t=22 ctx=off n=24 ADVANCE:1:0.1037:0.1037 CAGE:1:0.1037:0.1037 BLITZ:1:0.0360:0.0360 PASS_ACTION:9:0.3242:0.0360 FOUL:4:0.1441:0.0360 REPOSITION:7:0.2522:0.0360 END_TURN:1:0.0360:0.0360
ROOT g=67 t=23 ctx=def n=10 BLITZ:2:0.3333:0.1667 FOUL:2:0.1667:0.0833 REPOSITION:5:0.4167:0.0833 END_TURN:1:0.0833:0.0833
ROOT g=67 t=24 ctx=off n=24 ADVANCE:1:0.1037:0.1037 CAGE:1:0.1037:0.1037 BLITZ:1:0.0360:0.0360 PASS_ACTION:9:0.3242:0.0360 FOUL:4:0.1441:0.0360 REPOSITION:7:0.2522:0.0360 END_TURN:1:0.0360:0.0360
ROOT g=67 t=25 ctx=def n=9 BLITZ:2:0.3429:0.1714 FOUL:1:0.0952:0.0952 REPOSITION:5:0.4762:0.0952 END_TURN:1:0.0857:0.0857
ROOT g=67 t=26 ctx=off n=20 ADVANCE:1:0.1053:0.1053 CAGE:1:0.1053:0.1053 BLITZ:1:0.0439:0.0439 PASS_ACTION:6:0.2632:0.0439 FOUL:3:0.1316:0.0439 REPOSITION:7:0.3070:0.0439 END_TURN:1:0.0439:0.0439
ROOT g=67 t=27 ctx=loose n=7 BLITZ:1:0.1227:0.1227 PICKUP:1:0.3006:0.3006 REPOSITION:4:0.4908:0.1227 END_TURN:1:0.0859:0.0859
ROOT g=67 t=28 ctx=loose n=15 BLITZ:1:0.0519:0.0519 PICKUP:1:0.2727:0.2727 FOUL:3:0.1558:0.0519 REPOSITION:9:0.4675:0.0519 END_TURN:1:0.0519:0.0519
ROOT g=67 t=29 ctx=def n=7 BLITZ:2:0.3733:0.1867 REPOSITION:4:0.5333:0.1333 END_TURN:1:0.0933:0.0933
ROOT g=67 t=30 ctx=off n=12 ADVANCE:1:0.1081:0.1081 CAGE:1:0.1081:0.1081 BLITZ:1:0.0751:0.0751 BLOCK:1:0.1081:0.1081 REPOSITION:7:0.5255:0.0751 END_TURN:1:0.0751:0.0751
ROOT g=67 t=31 ctx=def n=6 BLITZ:2:0.4000:0.2000 FOUL:1:0.1667:0.1667 REPOSITION:2:0.3333:0.1667 END_TURN:1:0.1000:0.1000
ROOT g=68 t=0 ctx=loose n=13 BLITZ:1:0.0614:0.0614 BLOCK:3:0.2875:0.0958 PICKUP:1:0.1597:0.1597 REPOSITION:7:0.4300:0.0614 END_TURN:1:0.0614:0.0614
ROOT g=68 t=1 ctx=loose n=12 BLITZ:1:0.0746:0.0746 PICKUP:1:0.1791:0.1791 REPOSITION:9:0.6716:0.0746 END_TURN:1:0.0746:0.0746
ROOT g=68 t=2 ctx=loose n=12 BLITZ:1:0.0746:0.0746 PICKUP:1:0.1791:0.1791 REPOSITION:9:0.6716:0.0746 END_TURN:1:0.0746:0.0746
ROOT g=68 t=3 ctx=loose n=14 BLITZ:1:0.0633:0.0633 PICKUP:1:0.1772:0.1772 FOUL:1:0.0633:0.0633 REPOSITION:10:0.6329:0.0633 END_TURN:1:0.0633:0.0633
ROOT g=68 t=4 ctx=loose n=13 BLITZ:1:0.0685:0.0685 PICKUP:1:0.1781:0.1781 REPOSITION:10:0.6849:0.0685 END_TURN:1:0.0685:0.0685
ROOT g=68 t=5 ctx=loose n=13 BLITZ:1:0.0685:0.0685 PICKUP:1:0.1781:0.1781 REPOSITION:10:0.6849:0.0685 END_TURN:1:0.0685:0.0685
ROOT g=68 t=6 ctx=loose n=13 BLITZ:1:0.0685:0.0685 PICKUP:1:0.1781:0.1781 REPOSITION:10:0.6849:0.0685 END_TURN:1:0.0685:0.0685
ROOT g=68 t=7 ctx=loose n=13 BLITZ:1:0.0685:0.0685 PICKUP:1:0.1781:0.1781 REPOSITION:10:0.6849:0.0685 END_TURN:1:0.0685:0.0685
ROOT g=68 t=8 ctx=loose n=12 BLITZ:1:0.0746:0.0746 PICKUP:1:0.1791:0.1791 REPOSITION:9:0.6716:0.0746 END_TURN:1:0.0746:0.0746
ROOT g=68 t=9 ctx=loose n=13 BLITZ:1:0.0660:0.0660 BLOCK:1:0.1029:0.1029 PICKUP:1:0.1715:0.1715 REPOSITION:9:0.5937:0.0660 END_TURN:1:0.0660:0.0660
ROOT g=68 t=10 ctx=loose n=12 BLITZ:1:0.0658:0.0658 PICKUP:1:0.2763:0.2763 REPOSITION:9:0.5921:0.0658 END_TURN:1:0.0658:0.0658
ROOT g=68 t=11 ctx=loose n=16 BLITZ:1:0.0465:0.0465 BLOCK:1:0.0892:0.0892 PICKUP:1:0.2602:0.2602 FOUL:3:0.1394:0.0465 REPOSITION:9:0.4182:0.0465 END_TURN:1:0.0465:0.0465
ROOT g=68 t=12 ctx=loose n=11 BLITZ:1:0.0722:0.0722 PICKUP:1:0.2780:0.2780 REPOSITION:8:0.5776:0.0722 END_TURN:1:0.0722:0.0722
ROOT g=68 t=13 ctx=loose n=19 BLITZ:1:0.0406:0.0406 PICKUP:1:0.2698:0.2698 FOUL:6:0.2434:0.0406 REPOSITION:10:0.4057:0.0406 END_TURN:1:0.0406:0.0406
ROOT g=68 t=14 ctx=loose n=11 BLITZ:1:0.0675:0.0675 BLOCK:3:0.2674:0.0891 PICKUP:1:0.2600:0.2600 REPOSITION:5:0.3376:0.0675 END_TURN:1:0.0675:0.0675
ROOT g=68 t=15 ctx=loose n=18 BLITZ:1:0.0429:0.0429 PICKUP:1:0.2704:0.2704 FOUL:6:0.2575:0.0429 REPOSITION:9:0.3863:0.0429 END_TURN:1:0.0429:0.0429
ROOT g=68 t=16 ctx=loose n=13 BLITZ:1:0.0614:0.0614 BLOCK:3:0.2875:0.0958 PICKUP:1:0.1597:0.1597 REPOSITION:7:0.4300:0.0614 END_TURN:1:0.0614:0.0614
ROOT g=68 t=17 ctx=loose n=11 BLITZ:1:0.0909:0.0909 REPOSITION:9:0.8182:0.0909 END_TURN:1:0.0909:0.0909
ROOT g=68 t=18 ctx=loose n=12 BLITZ:1:0.0679:0.0679 BLOCK:3:0.2935:0.0978 PICKUP:1:0.1630:0.1630 REPOSITION:6:0.4076:0.0679 END_TURN:1:0.0679:0.0679
ROOT g=68 t=19 ctx=def n=14 BLITZ:2:0.3182:0.1591 FOUL:3:0.1705:0.0568 REPOSITION:8:0.4545:0.0568 END_TURN:1:0.0568:0.0568
ROOT g=68 t=20 ctx=off n=18 ADVANCE:1:0.1006:0.1006 CAGE:1:0.1006:0.1006 BLITZ:1:0.0466:0.0466 BLOCK:1:0.1006:0.1006 PASS_ACTION:7:0.3259:0.0466 FOUL:1:0.0466:0.0466 REPOSITION:5:0.2328:0.0466 END_TURN:1:0.0466:0.0466
ROOT g=68 t=21 ctx=def n=10 BLITZ:2:0.3333:0.1667 FOUL:1:0.0833:0.0833 REPOSITION:6:0.5000:0.0833 END_TURN:1:0.0833:0.0833
ROOT g=68 t=22 ctx=off n=17 ADVANCE:1:0.0816:0.0816 CAGE:1:0.0816:0.0816 BLITZ:1:0.0400:0.0400 BLOCK:5:0.4080:0.0816 PASS_ACTION:1:0.0400:0.0400 FOUL:2:0.0800:0.0400 REPOSITION:3:0.1200:0.0400 END_TURN:1:0.0400:0.0400 BLITZ_AND_SCORE:1:0.0544:0.0544 PASS_SCORE:1:0.0544:0.0544
ROOT g=68 t=23 ctx=loose n=12 BLITZ:1:0.0751:0.0751 BLOCK:3:0.3243:0.1081 REPOSITION:7:0.5255:0.0751 END_TURN:1:0.0751:0.0751
ROOT g=68 t=24 ctx=loose n=9 BLITZ:1:0.1124:0.1124 REPOSITION:7:0.7865:0.1124 END_TURN:1:0.1011:0.1011
ROOT g=68 t=25 ctx=loose n=14 BLITZ:1:0.0581:0.0581 PICKUP:1:0.2442:0.2442 FOUL:2:0.1163:0.0581 REPOSITION:9:0.5233:0.0581 END_TURN:1:0.0581:0.0581
ROOT g=68 t=26 ctx=def n=11 BLITZ:2:0.3134:0.1567 BLOCK:2:0.1880:0.0940 REPOSITION:6:0.4274:0.0712 END_TURN:1:0.0712:0.0712
ROOT g=68 t=27 ctx=off n=22 ADVANCE:1:0.1044:0.1044 CAGE:1:0.1044:0.1044 BLITZ:1:0.0396:0.0396 PASS_ACTION:7:0.2769:0.0396 FOUL:3:0.1187:0.0396 REPOSITION:8:0.3165:0.0396 END_TURN:1:0.0396:0.0396
ROOT g=68 t=28 ctx=def n=11 BLITZ:2:0.3134:0.1567 BLOCK:2:0.1880:0.0940 REPOSITION:6:0.4274:0.0712 END_TURN:1:0.0712:0.0712
ROOT g=68 t=29 ctx=off n=19 ADVANCE:1:0.1058:0.1058 CAGE:1:0.1058:0.1058 BLITZ:1:0.0464:0.0464 PASS_ACTION:7:0.3247:0.0464 FOUL:2:0.0928:0.0464 REPOSITION:6:0.2783:0.0464 END_TURN:1:0.0464:0.0464
ROOT g=68 t=30 ctx=def n=10 BLITZ:2:0.3333:0.1667 FOUL:1:0.0833:0.0833 REPOSITION:6:0.5000:0.0833 END_TURN:1:0.0833:0.0833
ROOT g=68 t=31 ctx=off n=18 ADVANCE:1:0.1063:0.1063 CAGE:1:0.1063:0.1063 BLITZ:1:0.0492:0.0492 PASS_ACTION:7:0.3445:0.0492 FOUL:2:0.0984:0.0492 REPOSITION:5:0.2461:0.0492 END_TURN:1:0.0492:0.0492
ROOT g=69 t=0 ctx=loose n=13 BLITZ:1:0.0614:0.0614 BLOCK:3:0.2875:0.0958 PICKUP:1:0.1597:0.1597 REPOSITION:7:0.4300:0.0614 END_TURN:1:0.0614:0.0614
ROOT g=69 t=1 ctx=def n=13 BLITZ:2:0.3103:0.1551 BLOCK:1:0.0931:0.0931 REPOSITION:9:0.5370:0.0597 END_TURN:1:0.0597:0.0597
ROOT g=69 t=2 ctx=loose n=11 BLITZ:1:0.0799:0.0799 BLOCK:1:0.1054:0.1054 PICKUP:1:0.1757:0.1757 REPOSITION:7:0.5591:0.0799 END_TURN:1:0.0799:0.0799
ROOT g=69 t=3 ctx=loose n=13 BLITZ:1:0.0614:0.0614 BLOCK:3:0.2875:0.0958 PICKUP:1:0.1597:0.1597 FOUL:2:0.1229:0.0614 REPOSITION:5:0.3071:0.0614 END_TURN:1:0.0614:0.0614
ROOT g=69 t=4 ctx=loose n=11 BLITZ:1:0.0820:0.0820 PICKUP:1:0.1803:0.1803 FOUL:1:0.0820:0.0820 REPOSITION:7:0.5738:0.0820 END_TURN:1:0.0820:0.0820
ROOT g=69 t=5 ctx=loose n=12 BLITZ:1:0.0723:0.0723 BLOCK:1:0.1040:0.1040 PICKUP:1:0.1734:0.1734 FOUL:2:0.1445:0.0723 REPOSITION:6:0.4335:0.0723 END_TURN:1:0.0723:0.0723
ROOT g=69 t=6 ctx=loose n=12 BLITZ:1:0.0746:0.0746 PICKUP:1:0.1791:0.1791 FOUL:1:0.0746:0.0746 REPOSITION:8:0.5970:0.0746 END_TURN:1:0.0746:0.0746
ROOT g=69 t=7 ctx=loose n=16 BLITZ:1:0.0549:0.0549 PICKUP:1:0.1758:0.1758 FOUL:5:0.2747:0.0549 REPOSITION:8:0.4396:0.0549 END_TURN:1:0.0549:0.0549
ROOT g=69 t=8 ctx=loose n=12 BLITZ:1:0.0746:0.0746 PICKUP:1:0.1791:0.1791 FOUL:1:0.0746:0.0746 REPOSITION:8:0.5970:0.0746 END_TURN:1:0.0746:0.0746
ROOT g=69 t=9 ctx=loose n=13 BLITZ:1:0.0685:0.0685 PICKUP:1:0.1781:0.1781 FOUL:2:0.1370:0.0685 REPOSITION:8:0.5479:0.0685 END_TURN:1:0.0685:0.0685
ROOT g=69 t=10 ctx=loose n=11 BLITZ:1:0.0722:0.0722 PICKUP:1:0.2780:0.2780 REPOSITION:8:0.5776:0.0722 END_TURN:1:0.0722:0.0722
ROOT g=69 t=11 ctx=loose n=14 BLITZ:1:0.0538:0.0538 BLOCK:1:0.0904:0.0904 PICKUP:1:0.2637:0.2637 FOUL:4:0.2153:0.0538 REPOSITION:6:0.3229:0.0538 END_TURN:1:0.0538:0.0538
ROOT g=69 t=12 ctx=loose n=12 BLITZ:1:0.0639:0.0639 BLOCK:1:0.0921:0.0921 PICKUP:1:0.2685:0.2685 FOUL:1:0.0639:0.0639 REPOSITION:7:0.4476:0.0639 END_TURN:1:0.0639:0.0639
ROOT g=69 t=13 ctx=loose n=13 BLITZ:1:0.0604:0.0604 PICKUP:1:0.2749:0.2749 FOUL:3:0.1813:0.0604 REPOSITION:7:0.4230:0.0604 END_TURN:1:0.0604:0.0604
ROOT g=69 t=14 ctx=loose n=11 BLITZ:1:0.0722:0.0722 PICKUP:1:0.2780:0.2780 FOUL:1:0.0722:0.0722 REPOSITION:7:0.5054:0.0722 END_TURN:1:0.0722:0.0722
ROOT g=69 t=15 ctx=loose n=13 BLITZ:1:0.0604:0.0604 PICKUP:1:0.2749:0.2749 FOUL:3:0.1813:0.0604 REPOSITION:7:0.4230:0.0604 END_TURN:1:0.0604:0.0604
ROOT g=69 t=16 ctx=loose n=13 BLITZ:1:0.0614:0.0614 BLOCK:3:0.2875:0.0958 PICKUP:1:0.1597:0.1597 REPOSITION:7:0.4300:0.0614 END_TURN:1:0.0614:0.0614
ROOT g=69 t=17 ctx=def n=11 BLITZ:2:0.3284:0.1642 REPOSITION:8:0.5970:0.0746 END_TURN:1:0.0746:0.0746
ROOT g=69 t=18 ctx=off n=21 ADVANCE:1:0.1048:0.1048 CAGE:1:0.1048:0.1048 BLITZ:1:0.0416:0.0416 PASS_ACTION:10:0.4160:0.0416 REPOSITION:7:0.2912:0.0416 END_TURN:1:0.0416:0.0416
ROOT g=69 t=19 ctx=def n=12 BLITZ:2:0.3243:0.1622 REPOSITION:9:0.6081:0.0676 END_TURN:1:0.0676:0.0676
ROOT g=69 t=20 ctx=off n=24 ADVANCE:1:0.1037:0.1037 CAGE:1:0.1037:0.1037 BLITZ:1:0.0360:0.0360 PASS_ACTION:9:0.3242:0.0360 FOUL:2:0.0720:0.0360 REPOSITION:9:0.3242:0.0360 END_TURN:1:0.0360:0.0360
ROOT g=69 t=21 ctx=def n=11 BLITZ:2:0.3284:0.1642 REPOSITION:8:0.5970:0.0746 END_TURN:1:0.0746:0.0746
ROOT g=69 t=22 ctx=off n=22 ADVANCE:1:0.1044:0.1044 CAGE:1:0.1044:0.1044 BLITZ:1:0.0396:0.0396 PASS_ACTION:6:0.2373:0.0396 FOUL:3:0.1187:0.0396 REPOSITION:9:0.3560:0.0396 END_TURN:1:0.0396:0.0396
ROOT g=69 t=23 ctx=def n=11 BLITZ:2:0.3284:0.1642 REPOSITION:8:0.5970:0.0746 END_TURN:1:0.0746:0.0746
ROOT g=69 t=24 ctx=off n=19 ADVANCE:1:0.0780:0.0780 CAGE:1:0.0780:0.0780 BLITZ:1:0.0342:0.0342 BLOCK:6:0.4679:0.0780 PASS_ACTION:4:0.1368:0.0342 REPOSITION:5:0.1710:0.0342 END_TURN:1:0.0342:0.0342
ROOT g=69 t=25 ctx=def n=10 BLITZ:2:0.3333:0.1667 REPOSITION:7:0.5833:0.0833 END_TURN:1:0.0833:0.0833
ROOT g=69 t=26 ctx=off n=22 ADVANCE:1:0.1044:0.1044 CAGE:1:0.1044:0.1044 BLITZ:1:0.0396:0.0396 PASS_ACTION:4:0.1582:0.0396 FOUL:5:0.1978:0.0396 REPOSITION:9:0.3560:0.0396 END_TURN:1:0.0396:0.0396
ROOT g=69 t=27 ctx=def n=11 BLITZ:2:0.3284:0.1642 FOUL:1:0.0746:0.0746 REPOSITION:7:0.5224:0.0746 END_TURN:1:0.0746:0.0746
ROOT g=69 t=28 ctx=off n=20 ADVANCE:1:0.1053:0.1053 CAGE:1:0.1053:0.1053 BLITZ:1:0.0439:0.0439 PASS_ACTION:4:0.1754:0.0439 FOUL:5:0.2193:0.0439 REPOSITION:7:0.3070:0.0439 END_TURN:1:0.0439:0.0439
ROOT g=69 t=29 ctx=def n=10 BLITZ:2:0.3333:0.1667 FOUL:1:0.0833:0.0833 REPOSITION:6:0.5000:0.0833 END_TURN:1:0.0833:0.0833
ROOT g=69 t=30 ctx=off n=18 ADVANCE:1:0.0792:0.0792 CAGE:1:0.0792:0.0792 BLITZ:1:0.0367:0.0367 BLOCK:6:0.4751:0.0792 PASS_ACTION:5:0.1833:0.0367 REPOSITION:3:0.1100:0.0367 END_TURN:1:0.0367:0.0367
ROOT g=69 t=31 ctx=def n=9 BLITZ:2:0.3377:0.1689 BLOCK:2:0.2026:0.1013 REPOSITION:4:0.3752:0.0938 END_TURN:1:0.0844:0.0844
ROOT g=70 t=0 ctx=loose n=13 BLITZ:1:0.0614:0.0614 BLOCK:3:0.2875:0.0958 PICKUP:1:0.1597:0.1597 REPOSITION:7:0.4300:0.0614 END_TURN:1:0.0614:0.0614
ROOT g=70 t=1 ctx=def n=12 BLITZ:2:0.3243:0.1622 REPOSITION:9:0.6081:0.0676 END_TURN:1:0.0676:0.0676
ROOT g=70 t=2 ctx=off n=22 ADVANCE:1:0.0981:0.0981 CAGE:1:0.0981:0.0981 BLITZ:1:0.0371:0.0371 BLOCK:1:0.0981:0.0981 PASS_ACTION:9:0.3343:0.0371 FOUL:1:0.0371:0.0371 REPOSITION:7:0.2600:0.0371 END_TURN:1:0.0371:0.0371
ROOT g=70 t=3 ctx=def n=11 BLITZ:2:0.3284:0.1642 FOUL:1:0.0746:0.0746 REPOSITION:7:0.5224:0.0746 END_TURN:1:0.0746:0.0746
ROOT g=70 t=4 ctx=off n=18 ADVANCE:1:0.1006:0.1006 CAGE:1:0.1006:0.1006 BLITZ:1:0.0466:0.0466 BLOCK:1:0.1006:0.1006 PASS_ACTION:2:0.0931:0.0466 FOUL:4:0.1862:0.0466 REPOSITION:7:0.3259:0.0466 END_TURN:1:0.0466:0.0466
ROOT g=70 t=5 ctx=def n=10 BLITZ:2:0.3333:0.1667 FOUL:1:0.0833:0.0833 REPOSITION:6:0.5000:0.0833 END_TURN:1:0.0833:0.0833
ROOT g=70 t=6 ctx=def n=13 BLITZ:2:0.3210:0.1605 FOUL:2:0.1235:0.0617 REPOSITION:8:0.4938:0.0617 END_TURN:1:0.0617:0.0617
ROOT g=70 t=7 ctx=off n=15 ADVANCE:1:0.0937:0.0937 CAGE:1:0.0937:0.0937 BLITZ:1:0.0521:0.0521 BLOCK:3:0.2812:0.0937 PASS_ACTION:3:0.1562:0.0521 FOUL:1:0.0521:0.0521 REPOSITION:3:0.1562:0.0521 END_TURN:1:0.0521:0.0521 PASS_SCORE:1:0.0625:0.0625
ROOT g=70 t=8 ctx=def n=10 BLITZ:2:0.3333:0.1667 FOUL:2:0.1667:0.0833 REPOSITION:5:0.4167:0.0833 END_TURN:1:0.0833:0.0833
ROOT g=70 t=9 ctx=off n=20 ADVANCE:1:0.0597:0.0597 CAGE:1:0.0597:0.0597 BLITZ:1:0.0249:0.0249 BLOCK:6:0.3582:0.0597 PASS_ACTION:3:0.0746:0.0249 FOUL:1:0.0249:0.0249 REPOSITION:3:0.0746:0.0249 END_TURN:1:0.0249:0.0249 BLITZ_AND_SCORE:1:0.0995:0.0995 PASS_SCORE:1:0.0995:0.0995 CHAIN_SCORE:1:0.0995:0.0995
ROOT g=70 t=10 ctx=def n=7 BLITZ:2:0.3733:0.1867 REPOSITION:4:0.5333:0.1333 END_TURN:1:0.0933:0.0933
ROOT g=70 t=11 ctx=off n=16 SCORE:1:0.1280:0.1280 CAGE:1:0.0768:0.0768 BLITZ:1:0.0400:0.0400 BLOCK:4:0.3072:0.0768 FOUL:4:0.1600:0.0400 REPOSITION:3:0.1200:0.0400 END_TURN:1:0.0400:0.0400 HAND_OFF_SCORE:1:0.1280:0.1280
ROOT g=70 t=12 ctx=def n=7 BLITZ:2:0.3733:0.1867 BLOCK:1:0.1333:0.1333 REPOSITION:3:0.4000:0.1333 END_TURN:1:0.0933:0.0933
ROOT g=70 t=13 ctx=def n=8 BLITZ:2:0.3556:0.1778 FOUL:2:0.2222:0.1111 REPOSITION:3:0.3333:0.1111 END_TURN:1:0.0889:0.0889
ROOT g=70 t=14 ctx=loose n=12 BLITZ:1:0.0658:0.0658 PICKUP:1:0.2763:0.2763 FOUL:4:0.2632:0.0658 REPOSITION:5:0.3289:0.0658 END_TURN:1:0.0658:0.0658
ROOT g=70 t=15 ctx=def n=9 BLITZ:2:0.3429:0.1714 FOUL:3:0.2857:0.0952 REPOSITION:3:0.2857:0.0952 END_TURN:1:0.0857:0.0857
ROOT g=70 t=16 ctx=loose n=13 BLITZ:1:0.0614:0.0614 BLOCK:3:0.2875:0.0958 PICKUP:1:0.1597:0.1597 REPOSITION:7:0.4300:0.0614 END_TURN:1:0.0614:0.0614
ROOT g=70 t=17 ctx=loose n=12 BLITZ:1:0.0746:0.0746 PICKUP:1:0.1791:0.1791 REPOSITION:9:0.6716:0.0746 END_TURN:1:0.0746:0.0746
ROOT g=70 t=18 ctx=loose n=14 BLITZ:1:0.0633:0.0633 PICKUP:1:0.1772:0.1772 REPOSITION:11:0.6962:0.0633 END_TURN:1:0.0633:0.0633
ROOT g=70 t=19 ctx=loose n=14 BLITZ:1:0.0633:0.0633 PICKUP:1:0.1772:0.1772 REPOSITION:11:0.6962:0.0633 END_TURN:1:0.0633:0.0633
ROOT g=70 t=20 ctx=loose n=14 BLITZ:1:0.0633:0.0633 PICKUP:1:0.1772:0.1772 REPOSITION:11:0.6962:0.0633 END_TURN:1:0.0633:0.0633
ROOT g=70 t=21 ctx=loose n=14 BLITZ:1:0.0633:0.0633 PICKUP:1:0.1772:0.1772 REPOSITION:11:0.6962:0.0633 END_TURN:1:0.0633:0.0633
ROOT g=70 t=22 ctx=loose n=15 BLITZ:1:0.0588:0.0588 PICKUP:1:0.1765:0.1765 FOUL:1:0.0588:0.0588 REPOSITION:11:0.6471:0.0588 END_TURN:1:0.0588:0.0588
ROOT g=70 t=23 ctx=loose n=13 BLITZ:1:0.0685:0.0685 PICKUP:1:0.1781:0.1781 REPOSITION:10:0.6849:0.0685 END_TURN:1:0.0685:0.0685
ROOT g=70 t=24 ctx=loose n=14 BLITZ:1:0.0633:0.0633 PICKUP:1:0.1772:0.1772 FOUL:1:0.0633:0.0633 REPOSITION:10:0.6329:0.0633 END_TURN:1:0.0633:0.0633
ROOT g=70 t=25 ctx=loose n=12 BLITZ:1:0.0746:0.0746 PICKUP:1:0.1791:0.1791 REPOSITION:9:0.6716:0.0746 END_TURN:1:0.0746:0.0746
ROOT g=70 t=26 ctx=loose n=16 BLITZ:1:0.0485:0.0485 PICKUP:1:0.2718:0.2718 FOUL:2:0.0971:0.0485 REPOSITION:11:0.5340:0.0485 END_TURN:1:0.0485:0.0485
ROOT g=70 t=27 ctx=loose n=12 BLITZ:1:0.0658:0.0658 PICKUP:1:0.2763:0.2763 REPOSITION:9:0.5921:0.0658 END_TURN:1:0.0658:0.0658
ROOT g=70 t=28 ctx=loose n=15 BLITZ:1:0.0519:0.0519 PICKUP:1:0.2727:0.2727 FOUL:2:0.1039:0.0519 REPOSITION:10:0.5195:0.0519 END_TURN:1:0.0519:0.0519
ROOT g=70 t=29 ctx=loose n=11 BLITZ:1:0.0722:0.0722 PICKUP:1:0.2780:0.2780 REPOSITION:8:0.5776:0.0722 END_TURN:1:0.0722:0.0722
ROOT g=70 t=30 ctx=loose n=16 BLITZ:1:0.0485:0.0485 PICKUP:1:0.2718:0.2718 FOUL:2:0.0971:0.0485 REPOSITION:11:0.5340:0.0485 END_TURN:1:0.0485:0.0485
ROOT g=70 t=31 ctx=loose n=12 BLITZ:1:0.0658:0.0658 PICKUP:1:0.2763:0.2763 REPOSITION:9:0.5921:0.0658 END_TURN:1:0.0658:0.0658
ROOT g=71 t=0 ctx=loose n=13 BLITZ:1:0.0614:0.0614 BLOCK:3:0.2875:0.0958 PICKUP:1:0.1597:0.1597 REPOSITION:7:0.4300:0.0614 END_TURN:1:0.0614:0.0614
ROOT g=71 t=1 ctx=def n=12 BLITZ:2:0.3061:0.1531 BLOCK:2:0.1837:0.0918 REPOSITION:7:0.4464:0.0638 END_TURN:1:0.0638:0.0638
ROOT g=71 t=2 ctx=off n=24 ADVANCE:1:0.1037:0.1037 CAGE:1:0.1037:0.1037 BLITZ:1:0.0360:0.0360 PASS_ACTION:9:0.3242:0.0360 FOUL:3:0.1081:0.0360 REPOSITION:8:0.2882:0.0360 END_TURN:1:0.0360:0.0360
ROOT g=71 t=3 ctx=def n=11 BLITZ:2:0.3134:0.1567 BLOCK:2:0.1880:0.0940 REPOSITION:6:0.4274:0.0712 END_TURN:1:0.0712:0.0712
ROOT g=71 t=4 ctx=off n=24 ADVANCE:1:0.1037:0.1037 CAGE:1:0.1037:0.1037 BLITZ:1:0.0360:0.0360 PASS_ACTION:8:0.2882:0.0360 FOUL:4:0.1441:0.0360 REPOSITION:8:0.2882:0.0360 END_TURN:1:0.0360:0.0360
ROOT g=71 t=5 ctx=def n=9 BLITZ:2:0.3429:0.1714 REPOSITION:6:0.5714:0.0952 END_TURN:1:0.0857:0.0857
ROOT g=71 t=6 ctx=off n=24 ADVANCE:1:0.1037:0.1037 CAGE:1:0.1037:0.1037 BLITZ:1:0.0360:0.0360 PASS_ACTION:8:0.2882:0.0360 FOUL:4:0.1441:0.0360 REPOSITION:8:0.2882:0.0360 END_TURN:1:0.0360:0.0360
ROOT g=71 t=7 ctx=def n=8 BLITZ:2:0.3556:0.1778 REPOSITION:5:0.5556:0.1111 END_TURN:1:0.0889:0.0889
ROOT g=71 t=8 ctx=off n=26 ADVANCE:1:0.1032:0.1032 CAGE:1:0.1032:0.1032 BLITZ:1:0.0331:0.0331 PASS_ACTION:8:0.2646:0.0331 FOUL:6:0.1984:0.0331 REPOSITION:8:0.2646:0.0331 END_TURN:1:0.0331:0.0331
ROOT g=71 t=9 ctx=def n=9 BLITZ:2:0.3429:0.1714 REPOSITION:6:0.5714:0.0952 END_TURN:1:0.0857:0.0857
ROOT g=71 t=10 ctx=loose n=15 BLITZ:1:0.0519:0.0519 PICKUP:1:0.2727:0.2727 FOUL:4:0.2078:0.0519 REPOSITION:8:0.4156:0.0519 END_TURN:1:0.0519:0.0519
ROOT g=71 t=11 ctx=loose n=8 BLITZ:1:0.1042:0.1042 PICKUP:1:0.2917:0.2917 REPOSITION:5:0.5208:0.1042 END_TURN:1:0.0833:0.0833
ROOT g=71 t=12 ctx=loose n=15 BLITZ:1:0.0519:0.0519 PICKUP:1:0.2727:0.2727 FOUL:4:0.2078:0.0519 REPOSITION:8:0.4156:0.0519 END_TURN:1:0.0519:0.0519
ROOT g=71 t=13 ctx=loose n=7 BLITZ:1:0.1227:0.1227 PICKUP:1:0.3006:0.3006 REPOSITION:4:0.4908:0.1227 END_TURN:1:0.0859:0.0859
ROOT g=71 t=14 ctx=loose n=15 BLITZ:1:0.0519:0.0519 PICKUP:1:0.2727:0.2727 FOUL:4:0.2078:0.0519 REPOSITION:8:0.4156:0.0519 END_TURN:1:0.0519:0.0519
ROOT g=71 t=15 ctx=loose n=6 BLITZ:1:0.1493:0.1493 PICKUP:1:0.3134:0.3134 REPOSITION:3:0.4478:0.1493 END_TURN:1:0.0896:0.0896
ROOT g=71 t=16 ctx=loose n=13 BLITZ:1:0.0614:0.0614 BLOCK:3:0.2875:0.0958 PICKUP:1:0.1597:0.1597 REPOSITION:7:0.4300:0.0614 END_TURN:1:0.0614:0.0614
ROOT g=71 t=17 ctx=def n=12 BLITZ:2:0.3243:0.1622 REPOSITION:9:0.6081:0.0676 END_TURN:1:0.0676:0.0676
ROOT g=71 t=18 ctx=off n=20 ADVANCE:1:0.0889:0.0889 CAGE:1:0.0889:0.0889 BLITZ:1:0.0370:0.0370 BLOCK:3:0.2667:0.0889 PASS_ACTION:8:0.2963:0.0370 REPOSITION:5:0.1852:0.0370 END_TURN:1:0.0370:0.0370
ROOT g=71 t=19 ctx=def n=12 BLITZ:2:0.3150:0.1575 BLOCK:1:0.0945:0.0945 REPOSITION:8:0.5249:0.0656 END_TURN:1:0.0656:0.0656
ROOT g=71 t=20 ctx=off n=19 ADVANCE:1:0.0898:0.0898 CAGE:1:0.0898:0.0898 BLITZ:1:0.0394:0.0394 BLOCK:3:0.2693:0.0898 PASS_ACTION:7:0.2756:0.0394 REPOSITION:5:0.1969:0.0394 END_TURN:1:0.0394:0.0394
ROOT g=71 t=21 ctx=def n=14 BLITZ:2:0.3182:0.1591 FOUL:2:0.1136:0.0568 REPOSITION:9:0.5114:0.0568 END_TURN:1:0.0568:0.0568
ROOT g=71 t=22 ctx=off n=22 ADVANCE:1:0.1044:0.1044 CAGE:1:0.1044:0.1044 BLITZ:1:0.0396:0.0396 PASS_ACTION:7:0.2769:0.0396 FOUL:3:0.1187:0.0396 REPOSITION:8:0.3165:0.0396 END_TURN:1:0.0396:0.0396
ROOT g=71 t=23 ctx=loose n=13 BLITZ:1:0.0685:0.0685 PICKUP:1:0.1781:0.1781 FOUL:2:0.1370:0.0685 REPOSITION:8:0.5479:0.0685 END_TURN:1:0.0685:0.0685
ROOT g=71 t=24 ctx=loose n=16 BLITZ:1:0.0549:0.0549 PICKUP:1:0.1758:0.1758 FOUL:3:0.1648:0.0549 REPOSITION:10:0.5495:0.0549 END_TURN:1:0.0549:0.0549
ROOT g=71 t=25 ctx=loose n=12 BLITZ:1:0.0746:0.0746 PICKUP:1:0.1791:0.1791 FOUL:1:0.0746:0.0746 REPOSITION:8:0.5970:0.0746 END_TURN:1:0.0746:0.0746
ROOT g=71 t=26 ctx=loose n=21 BLITZ:1:0.0366:0.0366 PICKUP:1:0.2687:0.2687 FOUL:8:0.2925:0.0366 REPOSITION:10:0.3656:0.0366 END_TURN:1:0.0366:0.0366
ROOT g=71 t=27 ctx=def n=10 BLITZ:2:0.3333:0.1667 REPOSITION:7:0.5833:0.0833 END_TURN:1:0.0833:0.0833
ROOT g=71 t=28 ctx=off n=19 SCORE:1:0.2106:0.2106 CAGE:1:0.0722:0.0722 BLITZ:1:0.0317:0.0317 FOUL:5:0.1583:0.0317 REPOSITION:9:0.2850:0.0317 END_TURN:1:0.0317:0.0317 BLITZ_AND_SCORE:1:0.2106:0.2106
ROOT g=71 t=29 ctx=def n=12 BLITZ:2:0.3150:0.1575 BLOCK:1:0.0945:0.0945 FOUL:1:0.0656:0.0656 REPOSITION:7:0.4593:0.0656 END_TURN:1:0.0656:0.0656
ROOT g=71 t=30 ctx=def n=14 BLITZ:2:0.3182:0.1591 FOUL:4:0.2273:0.0568 REPOSITION:7:0.3977:0.0568 END_TURN:1:0.0568:0.0568
ROOT g=71 t=31 ctx=off n=18 ADVANCE:1:0.1006:0.1006 CAGE:1:0.1006:0.1006 BLITZ:1:0.0466:0.0466 BLOCK:1:0.1006:0.1006 PASS_ACTION:4:0.1862:0.0466 FOUL:3:0.1397:0.0466 REPOSITION:6:0.2793:0.0466 END_TURN:1:0.0466:0.0466
ROOT g=72 t=0 ctx=loose n=13 BLITZ:1:0.0614:0.0614 BLOCK:3:0.2875:0.0958 PICKUP:1:0.1597:0.1597 REPOSITION:7:0.4300:0.0614 END_TURN:1:0.0614:0.0614
ROOT g=72 t=1 ctx=def n=13 BLITZ:2:0.3210:0.1605 REPOSITION:10:0.6173:0.0617 END_TURN:1:0.0617:0.0617
ROOT g=72 t=2 ctx=off n=18 ADVANCE:1:0.1063:0.1063 CAGE:1:0.1063:0.1063 BLITZ:1:0.0492:0.0492 PASS_ACTION:5:0.2461:0.0492 FOUL:1:0.0492:0.0492 REPOSITION:8:0.3937:0.0492 END_TURN:1:0.0492:0.0492
ROOT g=72 t=3 ctx=def n=13 BLITZ:2:0.3103:0.1551 BLOCK:1:0.0931:0.0931 REPOSITION:9:0.5370:0.0597 END_TURN:1:0.0597:0.0597
ROOT g=72 t=4 ctx=off n=21 ADVANCE:1:0.1048:0.1048 CAGE:1:0.1048:0.1048 BLITZ:1:0.0416:0.0416 PASS_ACTION:5:0.2080:0.0416 FOUL:4:0.1664:0.0416 REPOSITION:8:0.3328:0.0416 END_TURN:1:0.0416:0.0416
ROOT g=72 t=5 ctx=def n=12 BLITZ:2:0.3150:0.1575 BLOCK:1:0.0945:0.0945 REPOSITION:8:0.5249:0.0656 END_TURN:1:0.0656:0.0656
ROOT g=72 t=6 ctx=off n=21 ADVANCE:1:0.1048:0.1048 CAGE:1:0.1048:0.1048 BLITZ:1:0.0416:0.0416 PASS_ACTION:5:0.2080:0.0416 FOUL:4:0.1664:0.0416 REPOSITION:8:0.3328:0.0416 END_TURN:1:0.0416:0.0416
ROOT g=72 t=7 ctx=def n=11 BLITZ:2:0.3207:0.1603 BLOCK:1:0.0962:0.0962 REPOSITION:7:0.5102:0.0729 END_TURN:1:0.0729:0.0729
ROOT g=72 t=8 ctx=off n=21 ADVANCE:1:0.1048:0.1048 CAGE:1:0.1048:0.1048 BLITZ:1:0.0416:0.0416 PASS_ACTION:5:0.2080:0.0416 FOUL:4:0.1664:0.0416 REPOSITION:8:0.3328:0.0416 END_TURN:1:0.0416:0.0416
ROOT g=72 t=9 ctx=def n=10 BLITZ:2:0.3279:0.1639 BLOCK:1:0.0984:0.0984 REPOSITION:6:0.4918:0.0820 END_TURN:1:0.0820:0.0820
ROOT g=72 t=10 ctx=off n=22 ADVANCE:1:0.1044:0.1044 CAGE:1:0.1044:0.1044 BLITZ:1:0.0396:0.0396 PASS_ACTION:5:0.1978:0.0396 FOUL:5:0.1978:0.0396 REPOSITION:8:0.3165:0.0396 END_TURN:1:0.0396:0.0396
ROOT g=72 t=11 ctx=def n=9 BLITZ:2:0.3403:0.1701 BLOCK:1:0.1021:0.1021 REPOSITION:5:0.4726:0.0945 END_TURN:1:0.0851:0.0851
ROOT g=72 t=12 ctx=off n=22 ADVANCE:1:0.1044:0.1044 CAGE:1:0.1044:0.1044 BLITZ:1:0.0396:0.0396 PASS_ACTION:5:0.1978:0.0396 FOUL:5:0.1978:0.0396 REPOSITION:8:0.3165:0.0396 END_TURN:1:0.0396:0.0396
ROOT g=72 t=13 ctx=def n=7 BLITZ:2:0.3733:0.1867 REPOSITION:4:0.5333:0.1333 END_TURN:1:0.0933:0.0933
ROOT g=72 t=14 ctx=loose n=12 BLITZ:1:0.0658:0.0658 PICKUP:1:0.2763:0.2763 REPOSITION:9:0.5921:0.0658 END_TURN:1:0.0658:0.0658
ROOT g=72 t=15 ctx=loose n=9 BLITZ:1:0.0905:0.0905 PICKUP:1:0.2851:0.2851 FOUL:1:0.0905:0.0905 REPOSITION:5:0.4525:0.0905 END_TURN:1:0.0814:0.0814
ROOT g=72 t=16 ctx=loose n=13 BLITZ:1:0.0614:0.0614 BLOCK:3:0.2875:0.0958 PICKUP:1:0.1597:0.1597 REPOSITION:7:0.4300:0.0614 END_TURN:1:0.0614:0.0614
ROOT g=72 t=17 ctx=def n=10 BLITZ:2:0.3333:0.1667 REPOSITION:7:0.5833:0.0833 END_TURN:1:0.0833:0.0833
ROOT g=72 t=18 ctx=off n=24 ADVANCE:1:0.0775:0.0775 CAGE:1:0.0775:0.0775 BLITZ:1:0.0269:0.0269 BLOCK:5:0.3875:0.0775 PASS_ACTION:10:0.2691:0.0269 FOUL:2:0.0538:0.0269 REPOSITION:3:0.0807:0.0269 END_TURN:1:0.0269:0.0269
ROOT g=72 t=19 ctx=def n=6 BLITZ:2:0.4000:0.2000 REPOSITION:3:0.5000:0.1667 END_TURN:1:0.1000:0.1000
ROOT g=72 t=20 ctx=loose n=14 BLITZ:1:0.0583:0.0583 BLOCK:2:0.1958:0.0979 PICKUP:1:0.1632:0.1632 FOUL:3:0.1748:0.0583 REPOSITION:6:0.3497:0.0583 END_TURN:1:0.0583:0.0583
ROOT g=72 t=21 ctx=def n=5 BLITZ:2:0.4444:0.2222 REPOSITION:2:0.4444:0.2222 END_TURN:1:0.1111:0.1111
ROOT g=72 t=22 ctx=off n=20 ADVANCE:1:0.0992:0.0992 CAGE:1:0.0992:0.0992 BLITZ:1:0.0413:0.0413 BLOCK:1:0.0992:0.0992 PASS_ACTION:8:0.3306:0.0413 FOUL:2:0.0826:0.0413 REPOSITION:5:0.2066:0.0413 END_TURN:1:0.0413:0.0413
ROOT g=72 t=23 ctx=def n=4 BLITZ:2:0.5882:0.2941 REPOSITION:1:0.2941:0.2941 END_TURN:1:0.1176:0.1176
ROOT g=72 t=24 ctx=off n=15 ADVANCE:1:0.1084:0.1084 CAGE:1:0.1084:0.1084 BLITZ:1:0.0602:0.0602 PASS_ACTION:4:0.2410:0.0602 FOUL:2:0.1205:0.0602 REPOSITION:5:0.3012:0.0602 END_TURN:1:0.0602:0.0602
ROOT g=72 t=25 ctx=def n=5 BLITZ:2:0.4444:0.2222 FOUL:1:0.2222:0.2222 REPOSITION:1:0.2222:0.2222 END_TURN:1:0.1111:0.1111
ROOT g=72 t=26 ctx=off n=14 ADVANCE:1:0.1094:0.1094 CAGE:1:0.1094:0.1094 BLITZ:1:0.0651:0.0651 PASS_ACTION:3:0.1953:0.0651 FOUL:2:0.1302:0.0651 REPOSITION:5:0.3255:0.0651 END_TURN:1:0.0651:0.0651
ROOT g=72 t=27 ctx=def n=7 BLITZ:2:0.3733:0.1867 FOUL:1:0.1333:0.1333 REPOSITION:3:0.4000:0.1333 END_TURN:1:0.0933:0.0933
ROOT g=72 t=28 ctx=off n=12 ADVANCE:1:0.1118:0.1118 CAGE:1:0.1118:0.1118 BLITZ:1:0.0776:0.0776 PASS_ACTION:1:0.0776:0.0776 FOUL:2:0.1553:0.0776 REPOSITION:5:0.3882:0.0776 END_TURN:1:0.0776:0.0776
ROOT g=72 t=29 ctx=def n=4 BLITZ:2:0.5882:0.2941 REPOSITION:1:0.2941:0.2941 END_TURN:1:0.1176:0.1176
ROOT g=72 t=30 ctx=off n=13 ADVANCE:1:0.0987:0.0987 CAGE:1:0.0987:0.0987 BLITZ:1:0.0633:0.0633 BLOCK:3:0.2962:0.0987 FOUL:2:0.1266:0.0633 REPOSITION:4:0.2532:0.0633 END_TURN:1:0.0633:0.0633
ROOT g=72 t=31 ctx=def n=4 BLITZ:2:0.5882:0.2941 REPOSITION:1:0.2941:0.2941 END_TURN:1:0.1176:0.1176
ROOT g=73 t=0 ctx=loose n=13 BLITZ:1:0.0614:0.0614 BLOCK:3:0.2875:0.0958 PICKUP:1:0.1597:0.1597 REPOSITION:7:0.4300:0.0614 END_TURN:1:0.0614:0.0614
ROOT g=73 t=1 ctx=def n=10 BLITZ:2:0.3279:0.1639 BLOCK:1:0.0984:0.0984 REPOSITION:6:0.4918:0.0820 END_TURN:1:0.0820:0.0820
ROOT g=73 t=2 ctx=off n=21 ADVANCE:1:0.1048:0.1048 CAGE:1:0.1048:0.1048 BLITZ:1:0.0416:0.0416 PASS_ACTION:9:0.3744:0.0416 FOUL:1:0.0416:0.0416 REPOSITION:7:0.2912:0.0416 END_TURN:1:0.0416:0.0416
ROOT g=73 t=3 ctx=def n=11 BLITZ:2:0.3207:0.1603 BLOCK:1:0.0962:0.0962 FOUL:1:0.0729:0.0729 REPOSITION:6:0.4373:0.0729 END_TURN:1:0.0729:0.0729
ROOT g=73 t=4 ctx=off n=20 ADVANCE:1:0.1053:0.1053 CAGE:1:0.1053:0.1053 BLITZ:1:0.0439:0.0439 PASS_ACTION:9:0.3947:0.0439 FOUL:1:0.0439:0.0439 REPOSITION:6:0.2632:0.0439 END_TURN:1:0.0439:0.0439
ROOT g=73 t=5 ctx=def n=10 BLITZ:2:0.3279:0.1639 BLOCK:1:0.0984:0.0984 FOUL:1:0.0820:0.0820 REPOSITION:5:0.4098:0.0820 END_TURN:1:0.0820:0.0820
ROOT g=73 t=6 ctx=off n=19 ADVANCE:1:0.1058:0.1058 CAGE:1:0.1058:0.1058 BLITZ:1:0.0464:0.0464 PASS_ACTION:8:0.3711:0.0464 FOUL:1:0.0464:0.0464 REPOSITION:6:0.2783:0.0464 END_TURN:1:0.0464:0.0464
ROOT g=73 t=7 ctx=def n=12 BLITZ:2:0.3150:0.1575 BLOCK:1:0.0945:0.0945 FOUL:2:0.1312:0.0656 REPOSITION:6:0.3937:0.0656 END_TURN:1:0.0656:0.0656
ROOT g=73 t=8 ctx=off n=19 ADVANCE:1:0.1058:0.1058 CAGE:1:0.1058:0.1058 BLITZ:1:0.0464:0.0464 PASS_ACTION:6:0.2783:0.0464 FOUL:3:0.1391:0.0464 REPOSITION:6:0.2783:0.0464 END_TURN:1:0.0464:0.0464
ROOT g=73 t=9 ctx=def n=11 BLITZ:2:0.3207:0.1603 BLOCK:1:0.0962:0.0962 FOUL:2:0.1458:0.0729 REPOSITION:5:0.3644:0.0729 END_TURN:1:0.0729:0.0729
ROOT g=73 t=10 ctx=off n=16 ADVANCE:1:0.1076:0.1076 CAGE:1:0.1076:0.1076 BLITZ:1:0.0561:0.0561 PASS_ACTION:4:0.2242:0.0561 FOUL:3:0.1682:0.0561 REPOSITION:5:0.2803:0.0561 END_TURN:1:0.0561:0.0561
ROOT g=73 t=11 ctx=def n=12 BLITZ:2:0.3243:0.1622 FOUL:2:0.1351:0.0676 REPOSITION:7:0.4730:0.0676 END_TURN:1:0.0676:0.0676
ROOT g=73 t=12 ctx=off n=15 ADVANCE:1:0.1084:0.1084 CAGE:1:0.1084:0.1084 BLITZ:1:0.0602:0.0602 PASS_ACTION:2:0.1205:0.0602 FOUL:3:0.1807:0.0602 REPOSITION:6:0.3614:0.0602 END_TURN:1:0.0602:0.0602
ROOT g=73 t=13 ctx=def n=10 BLITZ:2:0.3333:0.1667 FOUL:1:0.0833:0.0833 REPOSITION:6:0.5000:0.0833 END_TURN:1:0.0833:0.0833
ROOT g=73 t=14 ctx=off n=14 ADVANCE:1:0.1094:0.1094 CAGE:1:0.1094:0.1094 BLITZ:1:0.0651:0.0651 PASS_ACTION:2:0.1302:0.0651 FOUL:3:0.1953:0.0651 REPOSITION:5:0.3255:0.0651 END_TURN:1:0.0651:0.0651
ROOT g=73 t=15 ctx=def n=7 BLITZ:2:0.3733:0.1867 FOUL:1:0.1333:0.1333 REPOSITION:3:0.4000:0.1333 END_TURN:1:0.0933:0.0933
ROOT g=73 t=16 ctx=loose n=13 BLITZ:1:0.0614:0.0614 BLOCK:3:0.2875:0.0958 PICKUP:1:0.1597:0.1597 REPOSITION:7:0.4300:0.0614 END_TURN:1:0.0614:0.0614
ROOT g=73 t=17 ctx=def n=14 BLITZ:2:0.2756:0.1378 BLOCK:4:0.3307:0.0827 REPOSITION:7:0.3445:0.0492 END_TURN:1:0.0492:0.0492
ROOT g=73 t=18 ctx=off n=20 ADVANCE:1:0.1053:0.1053 CAGE:1:0.1053:0.1053 BLITZ:1:0.0439:0.0439 PASS_ACTION:8:0.3509:0.0439 REPOSITION:8:0.3509:0.0439 END_TURN:1:0.0439:0.0439
ROOT g=73 t=19 ctx=def n=13 BLITZ:2:0.2820:0.1410 BLOCK:4:0.3384:0.0846 REPOSITION:6:0.3254:0.0542 END_TURN:1:0.0542:0.0542
ROOT g=73 t=20 ctx=off n=26 ADVANCE:1:0.1032:0.1032 CAGE:1:0.1032:0.1032 BLITZ:1:0.0331:0.0331 PASS_ACTION:8:0.2646:0.0331 FOUL:6:0.1984:0.0331 REPOSITION:8:0.2646:0.0331 END_TURN:1:0.0331:0.0331
ROOT g=73 t=21 ctx=def n=12 BLITZ:2:0.2899:0.1449 BLOCK:4:0.3478:0.0870 REPOSITION:5:0.3019:0.0604 END_TURN:1:0.0604:0.0604
ROOT g=73 t=22 ctx=off n=25 ADVANCE:1:0.1034:0.1034 CAGE:1:0.1034:0.1034 BLITZ:1:0.0345:0.0345 PASS_ACTION:7:0.2414:0.0345 FOUL:6:0.2069:0.0345 REPOSITION:8:0.2759:0.0345 END_TURN:1:0.0345:0.0345
ROOT g=73 t=23 ctx=def n=13 BLITZ:2:0.3002:0.1501 BLOCK:2:0.1801:0.0901 FOUL:1:0.0577:0.0577 REPOSITION:7:0.4042:0.0577 END_TURN:1:0.0577:0.0577
ROOT g=73 t=24 ctx=off n=24 ADVANCE:1:0.1037:0.1037 CAGE:1:0.1037:0.1037 BLITZ:1:0.0360:0.0360 PASS_ACTION:5:0.1801:0.0360 FOUL:7:0.2522:0.0360 REPOSITION:8:0.2882:0.0360 END_TURN:1:0.0360:0.0360
ROOT g=73 t=25 ctx=def n=11 BLITZ:2:0.3134:0.1567 BLOCK:2:0.1880:0.0940 REPOSITION:6:0.4274:0.0712 END_TURN:1:0.0712:0.0712
ROOT g=73 t=26 ctx=off n=24 ADVANCE:1:0.1037:0.1037 CAGE:1:0.1037:0.1037 BLITZ:1:0.0360:0.0360 PASS_ACTION:5:0.1801:0.0360 FOUL:7:0.2522:0.0360 REPOSITION:8:0.2882:0.0360 END_TURN:1:0.0360:0.0360
ROOT g=73 t=27 ctx=def n=11 BLITZ:2:0.3134:0.1567 BLOCK:2:0.1880:0.0940 REPOSITION:6:0.4274:0.0712 END_TURN:1:0.0712:0.0712
ROOT g=73 t=28 ctx=off n=24 ADVANCE:1:0.1037:0.1037 CAGE:1:0.1037:0.1037 BLITZ:1:0.0360:0.0360 PASS_ACTION:5:0.1801:0.0360 FOUL:7:0.2522:0.0360 REPOSITION:8:0.2882:0.0360 END_TURN:1:0.0360:0.0360
ROOT g=73 t=29 ctx=def n=11 BLITZ:2:0.3134:0.1567 BLOCK:2:0.1880:0.0940 REPOSITION:6:0.4274:0.0712 END_TURN:1:0.0712:0.0712
ROOT g=73 t=30 ctx=off n=24 ADVANCE:1:0.1037:0.1037 CAGE:1:0.1037:0.1037 BLITZ:1:0.0360:0.0360 PASS_ACTION:5:0.1801:0.0360 FOUL:7:0.2522:0.0360 REPOSITION:8:0.2882:0.0360 END_TURN:1:0.0360:0.0360
ROOT g=73 t=31 ctx=def n=11 BLITZ:2:0.3134:0.1567 BLOCK:2:0.1880:0.0940 REPOSITION:6:0.4274:0.0712 END_TURN:1:0.0712:0.0712
ROOT g=74 t=0 ctx=loose n=13 BLITZ:1:0.0614:0.0614 BLOCK:3:0.2875:0.0958 PICKUP:1:0.1597:0.1597 REPOSITION:7:0.4300:0.0614 END_TURN:1:0.0614:0.0614
ROOT g=74 t=1 ctx=def n=12 BLITZ:2:0.3150:0.1575 BLOCK:1:0.0945:0.0945 REPOSITION:8:0.5249:0.0656 END_TURN:1:0.0656:0.0656
ROOT g=74 t=2 ctx=off n=25 ADVANCE:1:0.1034:0.1034 CAGE:1:0.1034:0.1034 BLITZ:1:0.0345:0.0345 PASS_ACTION:10:0.3448:0.0345 FOUL:3:0.1034:0.0345 REPOSITION:8:0.2759:0.0345 END_TURN:1:0.0345:0.0345
ROOT g=74 t=3 ctx=def n=10 BLITZ:2:0.3226:0.1613 BLOCK:2:0.1935:0.0968 REPOSITION:5:0.4032:0.0806 END_TURN:1:0.0806:0.0806
ROOT g=74 t=4 ctx=off n=19 ADVANCE:1:0.1033:0.1033 CAGE:1:0.1033:0.1033 BLITZ:1:0.0453:0.0453 PASS_ACTION:2:0.0906:0.0453 FOUL:5:0.2264:0.0453 REPOSITION:7:0.3170:0.0453 END_TURN:1:0.0453:0.0453 BLITZ_AND_SCORE:1:0.0688:0.0688
ROOT g=74 t=5 ctx=def n=12 BLITZ:2:0.2978:0.1489 BLOCK:3:0.2680:0.0893 REPOSITION:6:0.3722:0.0620 END_TURN:1:0.0620:0.0620
ROOT g=74 t=6 ctx=off n=22 ADVANCE:1:0.1014:0.1014 CAGE:1:0.1014:0.1014 BLITZ:1:0.0384:0.0384 FOUL:8:0.3072:0.0384 REPOSITION:9:0.3456:0.0384 END_TURN:1:0.0384:0.0384 BLITZ_AND_SCORE:1:0.0676:0.0676
ROOT g=74 t=7 ctx=def n=10 BLITZ:2:0.3226:0.1613 BLOCK:2:0.1935:0.0968 REPOSITION:5:0.4032:0.0806 END_TURN:1:0.0806:0.0806
ROOT g=74 t=8 ctx=off n=23 ADVANCE:1:0.0916:0.0916 CAGE:1:0.0916:0.0916 BLITZ:1:0.0332:0.0332 FOUL:9:0.2988:0.0332 REPOSITION:9:0.2988:0.0332 END_TURN:1:0.0332:0.0332 BLITZ_AND_SCORE:1:0.1527:0.1527
ROOT g=74 t=9 ctx=def n=6 BLITZ:2:0.4000:0.2000 REPOSITION:3:0.5000:0.1667 END_TURN:1:0.1000:0.1000
ROOT g=74 t=10 ctx=off n=29 ADVANCE:1:0.0620:0.0620 CAGE:1:0.0620:0.0620 BLITZ:1:0.0178:0.0178 BLOCK:7:0.4341:0.0620 PASS_ACTION:1:0.0178:0.0178 FOUL:8:0.1426:0.0178 REPOSITION:8:0.1426:0.0178 END_TURN:1:0.0178:0.0178 BLITZ_AND_SCORE:1:0.1034:0.1034
ROOT g=74 t=11 ctx=def n=4 BLITZ:2:0.5882:0.2941 REPOSITION:1:0.2941:0.2941 END_TURN:1:0.1176:0.1176
ROOT g=74 t=12 ctx=off n=27 ADVANCE:1:0.0663:0.0663 CAGE:1:0.0663:0.0663 BLITZ:1:0.0205:0.0205 BLOCK:4:0.2651:0.0663 PASS_ACTION:1:0.0205:0.0205 FOUL:9:0.1841:0.0205 REPOSITION:8:0.1636:0.0205 END_TURN:1:0.0205:0.0205 BLITZ_AND_SCORE:1:0.1933:0.1933
ROOT g=74 t=13 ctx=def n=4 BLITZ:2:0.5882:0.2941 REPOSITION:1:0.2941:0.2941 END_TURN:1:0.1176:0.1176
ROOT g=74 t=14 ctx=off n=23 SCORE:1:0.2597:0.2597 CAGE:1:0.0445:0.0445 BLITZ:1:0.0161:0.0161 BLOCK:4:0.1781:0.0445 PASS_ACTION:1:0.0161:0.0161 FOUL:5:0.0806:0.0161 REPOSITION:8:0.1290:0.0161 END_TURN:1:0.0161:0.0161 BLITZ_AND_SCORE:1:0.2597:0.2597
ROOT g=74 t=15 ctx=def n=4 BLITZ:2:0.5882:0.2941 REPOSITION:1:0.2941:0.2941 END_TURN:1:0.1176:0.1176
ROOT g=74 t=16 ctx=loose n=13 BLITZ:1:0.0614:0.0614 BLOCK:3:0.2875:0.0958 PICKUP:1:0.1597:0.1597 REPOSITION:7:0.4300:0.0614 END_TURN:1:0.0614:0.0614
ROOT g=74 t=17 ctx=def n=12 BLITZ:2:0.3061:0.1531 BLOCK:2:0.1837:0.0918 REPOSITION:7:0.4464:0.0638 END_TURN:1:0.0638:0.0638
ROOT g=74 t=18 ctx=off n=23 ADVANCE:1:0.0781:0.0781 CAGE:1:0.0781:0.0781 BLITZ:1:0.0283:0.0283 BLOCK:5:0.3907:0.0781 PASS_ACTION:9:0.2548:0.0283 FOUL:1:0.0283:0.0283 REPOSITION:4:0.1133:0.0283 END_TURN:1:0.0283:0.0283
ROOT g=74 t=19 ctx=def n=10 BLITZ:2:0.3333:0.1667 REPOSITION:7:0.5833:0.0833 END_TURN:1:0.0833:0.0833
ROOT g=74 t=20 ctx=off n=21 ADVANCE:1:0.0727:0.0727 CAGE:1:0.0727:0.0727 BLITZ:1:0.0288:0.0288 BLOCK:7:0.5087:0.0727 PASS_ACTION:6:0.1730:0.0288 FOUL:1:0.0288:0.0288 REPOSITION:3:0.0865:0.0288 END_TURN:1:0.0288:0.0288
ROOT g=74 t=21 ctx=def n=9 BLITZ:2:0.3429:0.1714 REPOSITION:6:0.5714:0.0952 END_TURN:1:0.0857:0.0857
ROOT g=74 t=22 ctx=off n=24 ADVANCE:1:0.1037:0.1037 CAGE:1:0.1037:0.1037 BLITZ:1:0.0360:0.0360 PASS_ACTION:5:0.1801:0.0360 FOUL:6:0.2161:0.0360 REPOSITION:9:0.3242:0.0360 END_TURN:1:0.0360:0.0360
ROOT g=74 t=23 ctx=def n=8 BLITZ:2:0.3556:0.1778 REPOSITION:5:0.5556:0.1111 END_TURN:1:0.0889:0.0889
ROOT g=74 t=24 ctx=off n=24 ADVANCE:1:0.1037:0.1037 CAGE:1:0.1037:0.1037 BLITZ:1:0.0360:0.0360 PASS_ACTION:5:0.1801:0.0360 FOUL:6:0.2161:0.0360 REPOSITION:9:0.3242:0.0360 END_TURN:1:0.0360:0.0360
ROOT g=74 t=25 ctx=def n=8 BLITZ:2:0.3556:0.1778 REPOSITION:5:0.5556:0.1111 END_TURN:1:0.0889:0.0889
ROOT g=74 t=26 ctx=off n=26 ADVANCE:1:0.1032:0.1032 CAGE:1:0.1032:0.1032 BLITZ:1:0.0331:0.0331 PASS_ACTION:5:0.1653:0.0331 FOUL:8:0.2646:0.0331 REPOSITION:9:0.2976:0.0331 END_TURN:1:0.0331:0.0331
ROOT g=74 t=27 ctx=def n=7 BLITZ:2:0.3733:0.1867 REPOSITION:4:0.5333:0.1333 END_TURN:1:0.0933:0.0933
ROOT g=74 t=28 ctx=off n=26 ADVANCE:1:0.1032:0.1032 CAGE:1:0.1032:0.1032 BLITZ:1:0.0331:0.0331 PASS_ACTION:5:0.1653:0.0331 FOUL:8:0.2646:0.0331 REPOSITION:9:0.2976:0.0331 END_TURN:1:0.0331:0.0331
ROOT g=74 t=29 ctx=def n=7 BLITZ:2:0.3733:0.1867 REPOSITION:4:0.5333:0.1333 END_TURN:1:0.0933:0.0933
ROOT g=74 t=30 ctx=off n=26 ADVANCE:1:0.1032:0.1032 CAGE:1:0.1032:0.1032 BLITZ:1:0.0331:0.0331 PASS_ACTION:5:0.1653:0.0331 FOUL:8:0.2646:0.0331 REPOSITION:9:0.2976:0.0331 END_TURN:1:0.0331:0.0331
ROOT g=74 t=31 ctx=def n=7 BLITZ:2:0.3733:0.1867 REPOSITION:4:0.5333:0.1333 END_TURN:1:0.0933:0.0933
ROOT g=75 t=0 ctx=loose n=13 BLITZ:1:0.0614:0.0614 BLOCK:3:0.2875:0.0958 PICKUP:1:0.1597:0.1597 REPOSITION:7:0.4300:0.0614 END_TURN:1:0.0614:0.0614
ROOT g=75 t=1 ctx=def n=12 BLITZ:2:0.3061:0.1531 BLOCK:2:0.1837:0.0918 REPOSITION:7:0.4464:0.0638 END_TURN:1:0.0638:0.0638
ROOT g=75 t=2 ctx=off n=24 ADVANCE:1:0.0972:0.0972 CAGE:1:0.0972:0.0972 BLITZ:1:0.0337:0.0337 BLOCK:1:0.0972:0.0972 PASS_ACTION:10:0.3374:0.0337 FOUL:1:0.0337:0.0337 REPOSITION:8:0.2699:0.0337 END_TURN:1:0.0337:0.0337
ROOT g=75 t=3 ctx=def n=11 BLITZ:2:0.3134:0.1567 BLOCK:2:0.1880:0.0940 REPOSITION:6:0.4274:0.0712 END_TURN:1:0.0712:0.0712
ROOT g=75 t=4 ctx=off n=19 ADVANCE:1:0.0998:0.0998 CAGE:1:0.0998:0.0998 BLITZ:1:0.0438:0.0438 BLOCK:1:0.0998:0.0998 PASS_ACTION:5:0.2189:0.0438 FOUL:1:0.0438:0.0438 REPOSITION:8:0.3503:0.0438 END_TURN:1:0.0438:0.0438
ROOT g=75 t=5 ctx=def n=11 BLITZ:2:0.3134:0.1567 BLOCK:2:0.1880:0.0940 REPOSITION:6:0.4274:0.0712 END_TURN:1:0.0712:0.0712
ROOT g=75 t=6 ctx=off n=19 ADVANCE:1:0.0998:0.0998 CAGE:1:0.0998:0.0998 BLITZ:1:0.0438:0.0438 BLOCK:1:0.0998:0.0998 PASS_ACTION:5:0.2189:0.0438 FOUL:1:0.0438:0.0438 REPOSITION:8:0.3503:0.0438 END_TURN:1:0.0438:0.0438
ROOT g=75 t=7 ctx=def n=11 BLITZ:2:0.3134:0.1567 BLOCK:2:0.1880:0.0940 REPOSITION:6:0.4274:0.0712 END_TURN:1:0.0712:0.0712
ROOT g=75 t=8 ctx=off n=19 ADVANCE:1:0.1058:0.1058 CAGE:1:0.1058:0.1058 BLITZ:1:0.0464:0.0464 PASS_ACTION:5:0.2319:0.0464 FOUL:1:0.0464:0.0464 REPOSITION:9:0.4174:0.0464 END_TURN:1:0.0464:0.0464
ROOT g=75 t=9 ctx=def n=11 BLITZ:2:0.3134:0.1567 BLOCK:2:0.1880:0.0940 REPOSITION:6:0.4274:0.0712 END_TURN:1:0.0712:0.0712
ROOT g=75 t=10 ctx=off n=19 ADVANCE:1:0.1058:0.1058 CAGE:1:0.1058:0.1058 BLITZ:1:0.0464:0.0464 PASS_ACTION:5:0.2319:0.0464 FOUL:1:0.0464:0.0464 REPOSITION:9:0.4174:0.0464 END_TURN:1:0.0464:0.0464
ROOT g=75 t=11 ctx=def n=11 BLITZ:2:0.3134:0.1567 BLOCK:2:0.1880:0.0940 REPOSITION:6:0.4274:0.0712 END_TURN:1:0.0712:0.0712
ROOT g=75 t=12 ctx=off n=19 ADVANCE:1:0.1058:0.1058 CAGE:1:0.1058:0.1058 BLITZ:1:0.0464:0.0464 PASS_ACTION:5:0.2319:0.0464 FOUL:1:0.0464:0.0464 REPOSITION:9:0.4174:0.0464 END_TURN:1:0.0464:0.0464
ROOT g=75 t=13 ctx=def n=11 BLITZ:2:0.3284:0.1642 REPOSITION:8:0.5970:0.0746 END_TURN:1:0.0746:0.0746
ROOT g=75 t=14 ctx=off n=19 ADVANCE:1:0.1058:0.1058 CAGE:1:0.1058:0.1058 BLITZ:1:0.0464:0.0464 PASS_ACTION:3:0.1391:0.0464 FOUL:2:0.0928:0.0464 REPOSITION:10:0.4638:0.0464 END_TURN:1:0.0464:0.0464
ROOT g=75 t=15 ctx=def n=9 BLITZ:2:0.3429:0.1714 REPOSITION:6:0.5714:0.0952 END_TURN:1:0.0857:0.0857
ROOT g=75 t=16 ctx=loose n=13 BLITZ:1:0.0614:0.0614 BLOCK:3:0.2875:0.0958 PICKUP:1:0.1597:0.1597 REPOSITION:7:0.4300:0.0614 END_TURN:1:0.0614:0.0614
ROOT g=75 t=17 ctx=loose n=12 BLITZ:1:0.0746:0.0746 PICKUP:1:0.1791:0.1791 REPOSITION:9:0.6716:0.0746 END_TURN:1:0.0746:0.0746
ROOT g=75 t=18 ctx=loose n=12 BLITZ:1:0.0679:0.0679 BLOCK:3:0.2935:0.0978 PICKUP:1:0.1630:0.1630 REPOSITION:6:0.4076:0.0679 END_TURN:1:0.0679:0.0679
ROOT g=75 t=19 ctx=def n=14 BLITZ:2:0.3182:0.1591 FOUL:1:0.0568:0.0568 REPOSITION:10:0.5682:0.0568 END_TURN:1:0.0568:0.0568
ROOT g=75 t=20 ctx=off n=18 ADVANCE:1:0.0908:0.0908 CAGE:1:0.0908:0.0908 BLITZ:1:0.0420:0.0420 BLOCK:3:0.2723:0.0908 PASS_ACTION:7:0.2941:0.0420 REPOSITION:4:0.1681:0.0420 END_TURN:1:0.0420:0.0420
ROOT g=75 t=21 ctx=def n=14 BLITZ:2:0.3182:0.1591 FOUL:2:0.1136:0.0568 REPOSITION:9:0.5114:0.0568 END_TURN:1:0.0568:0.0568
ROOT g=75 t=22 ctx=loose n=8 BLITZ:1:0.1190:0.1190 PICKUP:1:0.1905:0.1905 REPOSITION:5:0.5952:0.1190 END_TURN:1:0.0952:0.0952
ROOT g=75 t=23 ctx=def n=14 BLITZ:2:0.3182:0.1591 FOUL:2:0.1136:0.0568 REPOSITION:9:0.5114:0.0568 END_TURN:1:0.0568:0.0568
ROOT g=75 t=24 ctx=off n=8 SCORE:1:0.1905:0.1905 CAGE:1:0.1190:0.1190 BLITZ:1:0.1190:0.1190 REPOSITION:4:0.4762:0.1190 END_TURN:1:0.0952:0.0952
ROOT g=75 t=25 ctx=def n=13 BLITZ:2:0.3103:0.1551 BLOCK:1:0.0931:0.0931 FOUL:1:0.0597:0.0597 REPOSITION:8:0.4773:0.0597 END_TURN:1:0.0597:0.0597
ROOT g=75 t=26 ctx=def n=7 BLITZ:2:0.3733:0.1867 REPOSITION:4:0.5333:0.1333 END_TURN:1:0.0933:0.0933
ROOT g=75 t=27 ctx=off n=17 ADVANCE:1:0.1069:0.1069 CAGE:1:0.1069:0.1069 BLITZ:1:0.0524:0.0524 PASS_ACTION:4:0.2096:0.0524 FOUL:1:0.0524:0.0524 REPOSITION:8:0.4193:0.0524 END_TURN:1:0.0524:0.0524
ROOT g=75 t=28 ctx=def n=7 BLITZ:2:0.3733:0.1867 REPOSITION:4:0.5333:0.1333 END_TURN:1:0.0933:0.0933
ROOT g=75 t=29 ctx=off n=11 ADVANCE:1:0.1134:0.1134 CAGE:1:0.1134:0.1134 BLITZ:1:0.0859:0.0859 PASS_ACTION:1:0.0859:0.0859 REPOSITION:6:0.5155:0.0859 END_TURN:1:0.0859:0.0859
ROOT g=75 t=30 ctx=def n=8 BLITZ:2:0.3556:0.1778 BLOCK:1:0.1111:0.1111 FOUL:1:0.1111:0.1111 REPOSITION:3:0.3333:0.1111 END_TURN:1:0.0889:0.0889
ROOT g=75 t=31 ctx=def n=6 BLITZ:2:0.4000:0.2000 REPOSITION:3:0.5000:0.1667 END_TURN:1:0.1000:0.1000
ROOT g=76 t=0 ctx=loose n=13 BLITZ:1:0.0614:0.0614 BLOCK:3:0.2875:0.0958 PICKUP:1:0.1597:0.1597 REPOSITION:7:0.4300:0.0614 END_TURN:1:0.0614:0.0614
ROOT g=76 t=1 ctx=def n=10 BLITZ:2:0.3333:0.1667 REPOSITION:7:0.5833:0.0833 END_TURN:1:0.0833:0.0833
ROOT g=76 t=2 ctx=off n=27 ADVANCE:1:0.1029:0.1029 CAGE:1:0.1029:0.1029 BLITZ:1:0.0318:0.0318 PASS_ACTION:10:0.3177:0.0318 FOUL:5:0.1588:0.0318 REPOSITION:8:0.2541:0.0318 END_TURN:1:0.0318:0.0318
ROOT g=76 t=3 ctx=def n=9 BLITZ:2:0.3429:0.1714 REPOSITION:6:0.5714:0.0952 END_TURN:1:0.0857:0.0857
ROOT g=76 t=4 ctx=off n=25 ADVANCE:1:0.1034:0.1034 CAGE:1:0.1034:0.1034 BLITZ:1:0.0345:0.0345 PASS_ACTION:7:0.2414:0.0345 FOUL:6:0.2069:0.0345 REPOSITION:8:0.2759:0.0345 END_TURN:1:0.0345:0.0345
ROOT g=76 t=5 ctx=def n=8 BLITZ:2:0.3556:0.1778 REPOSITION:5:0.5556:0.1111 END_TURN:1:0.0889:0.0889
ROOT g=76 t=6 ctx=off n=26 ADVANCE:1:0.1032:0.1032 CAGE:1:0.1032:0.1032 BLITZ:1:0.0331:0.0331 PASS_ACTION:7:0.2315:0.0331 FOUL:7:0.2315:0.0331 REPOSITION:8:0.2646:0.0331 END_TURN:1:0.0331:0.0331
ROOT g=76 t=7 ctx=def n=7 BLITZ:2:0.3733:0.1867 REPOSITION:4:0.5333:0.1333 END_TURN:1:0.0933:0.0933
ROOT g=76 t=8 ctx=off n=28 ADVANCE:1:0.1027:0.1027 CAGE:1:0.1027:0.1027 BLITZ:1:0.0306:0.0306 PASS_ACTION:7:0.2139:0.0306 FOUL:8:0.2445:0.0306 REPOSITION:9:0.2751:0.0306 END_TURN:1:0.0306:0.0306
ROOT g=76 t=9 ctx=def n=7 BLITZ:2:0.3733:0.1867 REPOSITION:4:0.5333:0.1333 END_TURN:1:0.0933:0.0933
ROOT g=76 t=10 ctx=off n=26 ADVANCE:1:0.1032:0.1032 CAGE:1:0.1032:0.1032 BLITZ:1:0.0331:0.0331 PASS_ACTION:6:0.1984:0.0331 FOUL:7:0.2315:0.0331 REPOSITION:9:0.2976:0.0331 END_TURN:1:0.0331:0.0331
ROOT g=76 t=11 ctx=def n=7 BLITZ:2:0.3733:0.1867 FOUL:1:0.1333:0.1333 REPOSITION:3:0.4000:0.1333 END_TURN:1:0.0933:0.0933
ROOT g=76 t=12 ctx=off n=25 ADVANCE:1:0.1034:0.1034 CAGE:1:0.1034:0.1034 BLITZ:1:0.0345:0.0345 PASS_ACTION:3:0.1034:0.0345 FOUL:9:0.3103:0.0345 REPOSITION:9:0.3103:0.0345 END_TURN:1:0.0345:0.0345
ROOT g=76 t=13 ctx=def n=4 BLITZ:2:0.5882:0.2941 REPOSITION:1:0.2941:0.2941 END_TURN:1:0.1176:0.1176
ROOT g=76 t=14 ctx=off n=21 ADVANCE:1:0.1048:0.1048 CAGE:1:0.1048:0.1048 BLITZ:1:0.0416:0.0416 PASS_ACTION:1:0.0416:0.0416 FOUL:7:0.2912:0.0416 REPOSITION:9:0.3744:0.0416 END_TURN:1:0.0416:0.0416
ROOT g=76 t=15 ctx=def n=4 BLITZ:2:0.5882:0.2941 REPOSITION:1:0.2941:0.2941 END_TURN:1:0.1176:0.1176
ROOT g=76 t=16 ctx=loose n=13 BLITZ:1:0.0614:0.0614 BLOCK:3:0.2875:0.0958 PICKUP:1:0.1597:0.1597 REPOSITION:7:0.4300:0.0614 END_TURN:1:0.0614:0.0614
ROOT g=76 t=17 ctx=def n=13 BLITZ:2:0.3210:0.1605 REPOSITION:10:0.6173:0.0617 END_TURN:1:0.0617:0.0617
ROOT g=76 t=18 ctx=off n=17 ADVANCE:1:0.0964:0.0964 CAGE:1:0.0964:0.0964 BLITZ:1:0.0473:0.0473 BLOCK:2:0.1928:0.0964 PASS_ACTION:5:0.2363:0.0473 REPOSITION:6:0.2836:0.0473 END_TURN:1:0.0473:0.0473
ROOT g=76 t=19 ctx=def n=14 BLITZ:2:0.3182:0.1591 FOUL:1:0.0568:0.0568 REPOSITION:10:0.5682:0.0568 END_TURN:1:0.0568:0.0568
ROOT g=76 t=20 ctx=off n=19 ADVANCE:1:0.0986:0.0986 CAGE:1:0.0986:0.0986 BLITZ:1:0.0433:0.0433 PASS_ACTION:3:0.1298:0.0433 FOUL:2:0.0865:0.0433 REPOSITION:7:0.3028:0.0433 END_TURN:1:0.0433:0.0433 BLITZ_AND_SCORE:1:0.0657:0.0657 HAND_OFF_SCORE:1:0.0657:0.0657 CHAIN_SCORE:1:0.0657:0.0657
ROOT g=76 t=21 ctx=loose n=13 BLITZ:1:0.0569:0.0569 BLOCK:3:0.2662:0.0887 PICKUP:1:0.2218:0.2218 REPOSITION:7:0.3982:0.0569 END_TURN:1:0.0569:0.0569
ROOT g=76 t=22 ctx=loose n=12 BLITZ:1:0.0746:0.0746 PICKUP:1:0.1791:0.1791 REPOSITION:9:0.6716:0.0746 END_TURN:1:0.0746:0.0746
ROOT g=76 t=23 ctx=loose n=14 BLITZ:1:0.0520:0.0520 BLOCK:3:0.2620:0.0873 PICKUP:1:0.2183:0.2183 REPOSITION:8:0.4158:0.0520 END_TURN:1:0.0520:0.0520
ROOT g=76 t=24 ctx=def n=8 BLITZ:2:0.3556:0.1778 REPOSITION:5:0.5556:0.1111 END_TURN:1:0.0889:0.0889
ROOT g=76 t=25 ctx=off n=26 ADVANCE:1:0.0726:0.0726 CAGE:1:0.0726:0.0726 BLITZ:1:0.0233:0.0233 BLOCK:6:0.4358:0.0726 PASS_ACTION:10:0.2328:0.0233 FOUL:2:0.0466:0.0233 REPOSITION:4:0.0931:0.0233 END_TURN:1:0.0233:0.0233
ROOT g=76 t=26 ctx=def n=7 BLITZ:2:0.3733:0.1867 REPOSITION:4:0.5333:0.1333 END_TURN:1:0.0933:0.0933
ROOT g=76 t=27 ctx=off n=27 ADVANCE:1:0.0848:0.0848 CAGE:1:0.0848:0.0848 BLITZ:1:0.0262:0.0262 BLOCK:3:0.2545:0.0848 PASS_ACTION:8:0.2094:0.0262 FOUL:5:0.1309:0.0262 REPOSITION:7:0.1832:0.0262 END_TURN:1:0.0262:0.0262
ROOT g=76 t=28 ctx=def n=7 BLITZ:2:0.3733:0.1867 REPOSITION:4:0.5333:0.1333 END_TURN:1:0.0933:0.0933
ROOT g=76 t=29 ctx=off n=24 ADVANCE:1:0.0972:0.0972 CAGE:1:0.0972:0.0972 BLITZ:1:0.0337:0.0337 BLOCK:1:0.0972:0.0972 PASS_ACTION:6:0.2024:0.0337 FOUL:6:0.2024:0.0337 REPOSITION:7:0.2362:0.0337 END_TURN:1:0.0337:0.0337
ROOT g=76 t=30 ctx=def n=6 BLITZ:2:0.4000:0.2000 REPOSITION:3:0.5000:0.1667 END_TURN:1:0.1000:0.1000
ROOT g=76 t=31 ctx=off n=19 ADVANCE:1:0.1058:0.1058 CAGE:1:0.1058:0.1058 BLITZ:1:0.0464:0.0464 PASS_ACTION:3:0.1391:0.0464 FOUL:4:0.1855:0.0464 REPOSITION:8:0.3711:0.0464 END_TURN:1:0.0464:0.0464
ROOT g=77 t=0 ctx=loose n=13 BLITZ:1:0.0614:0.0614 BLOCK:3:0.2875:0.0958 PICKUP:1:0.1597:0.1597 REPOSITION:7:0.4300:0.0614 END_TURN:1:0.0614:0.0614
ROOT g=77 t=1 ctx=def n=12 BLITZ:2:0.3061:0.1531 BLOCK:2:0.1837:0.0918 REPOSITION:7:0.4464:0.0638 END_TURN:1:0.0638:0.0638
ROOT g=77 t=2 ctx=off n=21 ADVANCE:1:0.1048:0.1048 CAGE:1:0.1048:0.1048 BLITZ:1:0.0416:0.0416 PASS_ACTION:7:0.2912:0.0416 FOUL:3:0.1248:0.0416 REPOSITION:7:0.2912:0.0416 END_TURN:1:0.0416:0.0416
ROOT g=77 t=3 ctx=def n=12 BLITZ:2:0.2978:0.1489 BLOCK:3:0.2680:0.0893 REPOSITION:6:0.3722:0.0620 END_TURN:1:0.0620:0.0620
ROOT g=77 t=4 ctx=off n=16 ADVANCE:1:0.0932:0.0932 CAGE:1:0.0932:0.0932 BLITZ:1:0.0485:0.0485 BLOCK:3:0.2796:0.0932 PASS_ACTION:5:0.2427:0.0485 FOUL:1:0.0485:0.0485 REPOSITION:3:0.1456:0.0485 END_TURN:1:0.0485:0.0485
ROOT g=77 t=5 ctx=def n=9 BLITZ:2:0.3403:0.1701 BLOCK:1:0.1021:0.1021 REPOSITION:5:0.4726:0.0945 END_TURN:1:0.0851:0.0851
ROOT g=77 t=6 ctx=off n=18 ADVANCE:1:0.1063:0.1063 CAGE:1:0.1063:0.1063 BLITZ:1:0.0492:0.0492 PASS_ACTION:6:0.2953:0.0492 FOUL:3:0.1476:0.0492 REPOSITION:5:0.2461:0.0492 END_TURN:1:0.0492:0.0492
ROOT g=77 t=7 ctx=def n=10 BLITZ:2:0.3333:0.1667 FOUL:1:0.0833:0.0833 REPOSITION:6:0.5000:0.0833 END_TURN:1:0.0833:0.0833
ROOT g=77 t=8 ctx=off n=17 ADVANCE:1:0.1069:0.1069 CAGE:1:0.1069:0.1069 BLITZ:1:0.0524:0.0524 PASS_ACTION:6:0.3145:0.0524 FOUL:3:0.1572:0.0524 REPOSITION:4:0.2096:0.0524 END_TURN:1:0.0524:0.0524
ROOT g=77 t=9 ctx=def n=11 BLITZ:2:0.3284:0.1642 FOUL:1:0.0746:0.0746 REPOSITION:7:0.5224:0.0746 END_TURN:1:0.0746:0.0746
ROOT g=77 t=10 ctx=off n=12 SCORE:1:0.1630:0.1630 CAGE:1:0.0978:0.0978 BLITZ:1:0.0679:0.0679 BLOCK:2:0.1957:0.0978 FOUL:2:0.1359:0.0679 REPOSITION:4:0.2717:0.0679 END_TURN:1:0.0679:0.0679
ROOT g=77 t=11 ctx=loose n=12 BLITZ:1:0.0751:0.0751 BLOCK:3:0.3243:0.1081 REPOSITION:7:0.5255:0.0751 END_TURN:1:0.0751:0.0751
ROOT g=77 t=12 ctx=loose n=11 BLITZ:1:0.0859:0.0859 BLOCK:2:0.2268:0.1134 REPOSITION:7:0.6014:0.0859 END_TURN:1:0.0859:0.0859
ROOT g=77 t=13 ctx=loose n=13 BLITZ:1:0.0604:0.0604 PICKUP:1:0.2749:0.2749 FOUL:1:0.0604:0.0604 REPOSITION:9:0.5438:0.0604 END_TURN:1:0.0604:0.0604
ROOT g=77 t=14 ctx=def n=11 BLITZ:2:0.3284:0.1642 REPOSITION:8:0.5970:0.0746 END_TURN:1:0.0746:0.0746
ROOT g=77 t=15 ctx=off n=21 ADVANCE:1:0.1048:0.1048 CAGE:1:0.1048:0.1048 BLITZ:1:0.0416:0.0416 PASS_ACTION:8:0.3328:0.0416 FOUL:1:0.0416:0.0416 REPOSITION:8:0.3328:0.0416 END_TURN:1:0.0416:0.0416
ROOT g=77 t=16 ctx=loose n=12 BLITZ:1:0.0751:0.0751 BLOCK:3:0.3243:0.1081 REPOSITION:7:0.5255:0.0751 END_TURN:1:0.0751:0.0751
ROOT g=77 t=17 ctx=loose n=11 BLITZ:1:0.0859:0.0859 BLOCK:2:0.2268:0.1134 REPOSITION:7:0.6014:0.0859 END_TURN:1:0.0859:0.0859
ROOT g=77 t=18 ctx=loose n=12 BLITZ:1:0.0685:0.0685 PICKUP:1:0.2466:0.2466 FOUL:1:0.0685:0.0685 REPOSITION:8:0.5479:0.0685 END_TURN:1:0.0685:0.0685
ROOT g=77 t=19 ctx=def n=16 BLITZ:2:0.3137:0.1569 FOUL:5:0.2451:0.0490 REPOSITION:8:0.3922:0.0490 END_TURN:1:0.0490:0.0490
ROOT g=77 t=20 ctx=off n=16 ADVANCE:1:0.1076:0.1076 CAGE:1:0.1076:0.1076 BLITZ:1:0.0561:0.0561 PASS_ACTION:6:0.3363:0.0561 FOUL:1:0.0561:0.0561 REPOSITION:5:0.2803:0.0561 END_TURN:1:0.0561:0.0561
ROOT g=77 t=21 ctx=def n=15 BLITZ:2:0.3158:0.1579 FOUL:5:0.2632:0.0526 REPOSITION:7:0.3684:0.0526 END_TURN:1:0.0526:0.0526
ROOT g=77 t=22 ctx=off n=15 ADVANCE:1:0.1084:0.1084 CAGE:1:0.1084:0.1084 BLITZ:1:0.0602:0.0602 PASS_ACTION:5:0.3012:0.0602 FOUL:1:0.0602:0.0602 REPOSITION:5:0.3012:0.0602 END_TURN:1:0.0602:0.0602
ROOT g=77 t=23 ctx=def n=15 BLITZ:2:0.3158:0.1579 FOUL:4:0.2105:0.0526 REPOSITION:8:0.4211:0.0526 END_TURN:1:0.0526:0.0526
ROOT g=77 t=24 ctx=off n=14 ADVANCE:1:0.1094:0.1094 CAGE:1:0.1094:0.1094 BLITZ:1:0.0651:0.0651 PASS_ACTION:5:0.3255:0.0651 REPOSITION:5:0.3255:0.0651 END_TURN:1:0.0651:0.0651
ROOT g=77 t=25 ctx=def n=21 BLITZ:2:0.3016:0.1508 FOUL:9:0.3232:0.0359 REPOSITION:9:0.3393:0.0377 END_TURN:1:0.0359:0.0359
ROOT g=77 t=26 ctx=off n=12 ADVANCE:1:0.1047:0.1047 CAGE:1:0.1047:0.1047 BLITZ:1:0.0727:0.0727 BLOCK:2:0.2093:0.1047 PASS_ACTION:3:0.2180:0.0727 REPOSITION:3:0.2180:0.0727 END_TURN:1:0.0727:0.0727
ROOT g=77 t=27 ctx=def n=15 BLITZ:2:0.3158:0.1579 FOUL:7:0.3684:0.0526 REPOSITION:5:0.2632:0.0526 END_TURN:1:0.0526:0.0526
ROOT g=77 t=28 ctx=loose n=10 BLITZ:1:0.0787:0.0787 BLOCK:1:0.0945:0.0945 PICKUP:1:0.2756:0.2756 FOUL:2:0.1575:0.0787 REPOSITION:4:0.3150:0.0787 END_TURN:1:0.0787:0.0787
ROOT g=77 t=29 ctx=loose n=11 BLITZ:1:0.0722:0.0722 PICKUP:1:0.2780:0.2780 FOUL:3:0.2166:0.0722 REPOSITION:5:0.3610:0.0722 END_TURN:1:0.0722:0.0722
ROOT g=77 t=30 ctx=loose n=8 BLITZ:1:0.1042:0.1042 PICKUP:1:0.2917:0.2917 REPOSITION:5:0.5208:0.1042 END_TURN:1:0.0833:0.0833
ROOT g=77 t=31 ctx=loose n=14 BLITZ:1:0.0559:0.0559 PICKUP:1:0.2737:0.2737 FOUL:5:0.2793:0.0559 REPOSITION:6:0.3352:0.0559 END_TURN:1:0.0559:0.0559
ROOT g=78 t=0 ctx=loose n=13 BLITZ:1:0.0614:0.0614 BLOCK:3:0.2875:0.0958 PICKUP:1:0.1597:0.1597 REPOSITION:7:0.4300:0.0614 END_TURN:1:0.0614:0.0614
ROOT g=78 t=1 ctx=loose n=12 BLITZ:1:0.0746:0.0746 PICKUP:1:0.1791:0.1791 REPOSITION:9:0.6716:0.0746 END_TURN:1:0.0746:0.0746
ROOT g=78 t=2 ctx=loose n=13 BLITZ:1:0.0685:0.0685 PICKUP:1:0.1781:0.1781 REPOSITION:10:0.6849:0.0685 END_TURN:1:0.0685:0.0685
ROOT g=78 t=3 ctx=loose n=12 BLITZ:1:0.0746:0.0746 PICKUP:1:0.1791:0.1791 REPOSITION:9:0.6716:0.0746 END_TURN:1:0.0746:0.0746
ROOT g=78 t=4 ctx=loose n=12 BLITZ:1:0.0746:0.0746 PICKUP:1:0.1791:0.1791 REPOSITION:9:0.6716:0.0746 END_TURN:1:0.0746:0.0746
ROOT g=78 t=5 ctx=loose n=11 BLITZ:1:0.0820:0.0820 PICKUP:1:0.1803:0.1803 REPOSITION:8:0.6557:0.0820 END_TURN:1:0.0820:0.0820
ROOT g=78 t=6 ctx=loose n=12 BLITZ:1:0.0746:0.0746 PICKUP:1:0.1791:0.1791 REPOSITION:9:0.6716:0.0746 END_TURN:1:0.0746:0.0746
ROOT g=78 t=7 ctx=loose n=11 BLITZ:1:0.0820:0.0820 PICKUP:1:0.1803:0.1803 REPOSITION:8:0.6557:0.0820 END_TURN:1:0.0820:0.0820
ROOT g=78 t=8 ctx=loose n=13 BLITZ:1:0.0685:0.0685 PICKUP:1:0.1781:0.1781 REPOSITION:10:0.6849:0.0685 END_TURN:1:0.0685:0.0685
ROOT g=78 t=9 ctx=loose n=12 BLITZ:1:0.0746:0.0746 PICKUP:1:0.1791:0.1791 REPOSITION:9:0.6716:0.0746 END_TURN:1:0.0746:0.0746
ROOT g=78 t=10 ctx=loose n=12 BLITZ:1:0.0658:0.0658 PICKUP:1:0.2763:0.2763 REPOSITION:9:0.5921:0.0658 END_TURN:1:0.0658:0.0658
ROOT g=78 t=11 ctx=loose n=11 BLITZ:1:0.0722:0.0722 PICKUP:1:0.2780:0.2780 REPOSITION:8:0.5776:0.0722 END_TURN:1:0.0722:0.0722
ROOT g=78 t=12 ctx=loose n=13 BLITZ:1:0.0604:0.0604 PICKUP:1:0.2749:0.2749 REPOSITION:10:0.6042:0.0604 END_TURN:1:0.0604:0.0604
ROOT g=78 t=13 ctx=loose n=12 BLITZ:1:0.0658:0.0658 PICKUP:1:0.2763:0.2763 REPOSITION:9:0.5921:0.0658 END_TURN:1:0.0658:0.0658
ROOT g=78 t=14 ctx=loose n=13 BLITZ:1:0.0604:0.0604 PICKUP:1:0.2749:0.2749 REPOSITION:10:0.6042:0.0604 END_TURN:1:0.0604:0.0604
ROOT g=78 t=15 ctx=def n=12 BLITZ:2:0.2899:0.1449 BLOCK:4:0.3478:0.0870 REPOSITION:5:0.3019:0.0604 END_TURN:1:0.0604:0.0604
ROOT g=78 t=16 ctx=loose n=13 BLITZ:1:0.0614:0.0614 BLOCK:3:0.2875:0.0958 PICKUP:1:0.1597:0.1597 REPOSITION:7:0.4300:0.0614 END_TURN:1:0.0614:0.0614
ROOT g=78 t=17 ctx=def n=14 BLITZ:2:0.2756:0.1378 BLOCK:4:0.3307:0.0827 REPOSITION:7:0.3445:0.0492 END_TURN:1:0.0492:0.0492
ROOT g=78 t=18 ctx=off n=20 ADVANCE:1:0.0889:0.0889 CAGE:1:0.0889:0.0889 BLITZ:1:0.0370:0.0370 BLOCK:3:0.2667:0.0889 PASS_ACTION:8:0.2963:0.0370 REPOSITION:5:0.1852:0.0370 END_TURN:1:0.0370:0.0370
ROOT g=78 t=19 ctx=def n=11 BLITZ:2:0.2997:0.1499 BLOCK:4:0.3597:0.0899 REPOSITION:4:0.2725:0.0681 END_TURN:1:0.0681:0.0681
ROOT g=78 t=20 ctx=off n=22 ADVANCE:1:0.0924:0.0924 CAGE:1:0.0924:0.0924 BLITZ:1:0.0350:0.0350 BLOCK:2:0.1849:0.0924 PASS_ACTION:5:0.1751:0.0350 FOUL:6:0.2101:0.0350 REPOSITION:5:0.1751:0.0350 END_TURN:1:0.0350:0.0350
ROOT g=78 t=21 ctx=def n=10 BLITZ:2:0.3125:0.1562 BLOCK:4:0.3750:0.0937 REPOSITION:3:0.2344:0.0781 END_TURN:1:0.0781:0.0781
ROOT g=78 t=22 ctx=off n=23 ADVANCE:1:0.1041:0.1041 CAGE:1:0.1041:0.1041 BLITZ:1:0.0377:0.0377 PASS_ACTION:5:0.1885:0.0377 FOUL:7:0.2640:0.0377 REPOSITION:7:0.2640:0.0377 END_TURN:1:0.0377:0.0377
ROOT g=78 t=23 ctx=def n=8 BLITZ:2:0.3556:0.1778 BLOCK:2:0.2222:0.1111 REPOSITION:3:0.3333:0.1111 END_TURN:1:0.0889:0.0889
ROOT g=78 t=24 ctx=off n=24 ADVANCE:1:0.1037:0.1037 CAGE:1:0.1037:0.1037 BLITZ:1:0.0360:0.0360 PASS_ACTION:5:0.1801:0.0360 FOUL:8:0.2882:0.0360 REPOSITION:7:0.2522:0.0360 END_TURN:1:0.0360:0.0360
ROOT g=78 t=25 ctx=def n=7 BLITZ:2:0.3733:0.1867 BLOCK:2:0.2667:0.1333 REPOSITION:2:0.2667:0.1333 END_TURN:1:0.0933:0.0933
ROOT g=78 t=26 ctx=off n=21 ADVANCE:1:0.1048:0.1048 CAGE:1:0.1048:0.1048 BLITZ:1:0.0416:0.0416 PASS_ACTION:4:0.1664:0.0416 FOUL:7:0.2912:0.0416 REPOSITION:6:0.2496:0.0416 END_TURN:1:0.0416:0.0416
ROOT g=78 t=27 ctx=def n=8 BLITZ:2:0.3556:0.1778 BLOCK:1:0.1111:0.1111 FOUL:1:0.1111:0.1111 REPOSITION:3:0.3333:0.1111 END_TURN:1:0.0889:0.0889
ROOT g=78 t=28 ctx=off n=21 ADVANCE:1:0.1048:0.1048 CAGE:1:0.1048:0.1048 BLITZ:1:0.0416:0.0416 PASS_ACTION:4:0.1664:0.0416 FOUL:7:0.2912:0.0416 REPOSITION:6:0.2496:0.0416 END_TURN:1:0.0416:0.0416
ROOT g=78 t=29 ctx=def n=7 BLITZ:2:0.3733:0.1867 BLOCK:1:0.1333:0.1333 FOUL:1:0.1333:0.1333 REPOSITION:2:0.2667:0.1333 END_TURN:1:0.0933:0.0933
ROOT g=78 t=30 ctx=off n=19 ADVANCE:1:0.1058:0.1058 CAGE:1:0.1058:0.1058 BLITZ:1:0.0464:0.0464 PASS_ACTION:3:0.1391:0.0464 FOUL:6:0.2783:0.0464 REPOSITION:6:0.2783:0.0464 END_TURN:1:0.0464:0.0464
ROOT g=78 t=31 ctx=def n=7 BLITZ:2:0.3733:0.1867 FOUL:1:0.1333:0.1333 REPOSITION:3:0.4000:0.1333 END_TURN:1:0.0933:0.0933
ROOT g=79 t=0 ctx=loose n=13 BLITZ:1:0.0614:0.0614 BLOCK:3:0.2875:0.0958 PICKUP:1:0.1597:0.1597 REPOSITION:7:0.4300:0.0614 END_TURN:1:0.0614:0.0614
ROOT g=79 t=1 ctx=def n=12 BLITZ:2:0.3243:0.1622 REPOSITION:9:0.6081:0.0676 END_TURN:1:0.0676:0.0676
ROOT g=79 t=2 ctx=off n=21 ADVANCE:1:0.0986:0.0986 CAGE:1:0.0986:0.0986 BLITZ:1:0.0391:0.0391 BLOCK:1:0.0986:0.0986 PASS_ACTION:2:0.0782:0.0391 FOUL:5:0.1956:0.0391 REPOSITION:9:0.3521:0.0391 END_TURN:1:0.0391:0.0391
ROOT g=79 t=3 ctx=def n=10 BLITZ:2:0.3333:0.1667 REPOSITION:7:0.5833:0.0833 END_TURN:1:0.0833:0.0833
ROOT g=79 t=4 ctx=off n=24 ADVANCE:1:0.0775:0.0775 CAGE:1:0.0775:0.0775 BLITZ:1:0.0269:0.0269 BLOCK:5:0.3875:0.0775 PASS_ACTION:6:0.1615:0.0269 FOUL:4:0.1076:0.0269 REPOSITION:5:0.1346:0.0269 END_TURN:1:0.0269:0.0269
ROOT g=79 t=5 ctx=def n=9 BLITZ:2:0.3429:0.1714 REPOSITION:6:0.5714:0.0952 END_TURN:1:0.0857:0.0857
ROOT g=79 t=6 ctx=off n=24 ADVANCE:1:0.0914:0.0914 CAGE:1:0.0914:0.0914 BLITZ:1:0.0317:0.0317 BLOCK:2:0.1827:0.0914 PASS_ACTION:3:0.0952:0.0317 FOUL:7:0.2221:0.0317 REPOSITION:8:0.2538:0.0317 END_TURN:1:0.0317:0.0317
ROOT g=79 t=7 ctx=def n=8 BLITZ:2:0.3556:0.1778 REPOSITION:5:0.5556:0.1111 END_TURN:1:0.0889:0.0889
ROOT g=79 t=8 ctx=off n=24 ADVANCE:1:0.0972:0.0972 CAGE:1:0.0972:0.0972 BLITZ:1:0.0337:0.0337 BLOCK:1:0.0972:0.0972 PASS_ACTION:3:0.1012:0.0337 FOUL:7:0.2362:0.0337 REPOSITION:9:0.3036:0.0337 END_TURN:1:0.0337:0.0337
ROOT g=79 t=9 ctx=def n=7 BLITZ:2:0.3733:0.1867 REPOSITION:4:0.5333:0.1333 END_TURN:1:0.0933:0.0933
ROOT g=79 t=10 ctx=off n=24 ADVANCE:1:0.0972:0.0972 CAGE:1:0.0972:0.0972 BLITZ:1:0.0337:0.0337 BLOCK:1:0.0972:0.0972 PASS_ACTION:3:0.1012:0.0337 FOUL:7:0.2362:0.0337 REPOSITION:9:0.3036:0.0337 END_TURN:1:0.0337:0.0337
ROOT g=79 t=11 ctx=def n=6 BLITZ:2:0.4000:0.2000 REPOSITION:3:0.5000:0.1667 END_TURN:1:0.1000:0.1000
ROOT g=79 t=12 ctx=off n=26 ADVANCE:1:0.0964:0.0964 CAGE:1:0.0964:0.0964 BLITZ:1:0.0309:0.0309 BLOCK:1:0.0964:0.0964 PASS_ACTION:3:0.0927:0.0309 FOUL:9:0.2781:0.0309 REPOSITION:9:0.2781:0.0309 END_TURN:1:0.0309:0.0309
ROOT g=79 t=13 ctx=def n=5 BLITZ:2:0.4444:0.2222 REPOSITION:2:0.4444:0.2222 END_TURN:1:0.1111:0.1111
ROOT g=79 t=14 ctx=off n=22 SCORE:1:0.2249:0.2249 CAGE:1:0.0386:0.0386 BLITZ:1:0.0146:0.0146 BLOCK:1:0.0386:0.0386 PASS_ACTION:1:0.0146:0.0146 FOUL:5:0.0730:0.0146 REPOSITION:9:0.1314:0.0146 END_TURN:1:0.0146:0.0146 BLITZ_AND_SCORE:1:0.2249:0.2249 PASS_SCORE:1:0.2249:0.2249
ROOT g=79 t=15 ctx=loose n=13 BLITZ:1:0.0549:0.0549 BLOCK:3:0.2567:0.0856 PICKUP:1:0.2496:0.2496 REPOSITION:7:0.3840:0.0549 END_TURN:1:0.0549:0.0549
ROOT g=79 t=16 ctx=loose n=13 BLITZ:1:0.0569:0.0569 BLOCK:3:0.2662:0.0887 PICKUP:1:0.2218:0.2218 REPOSITION:7:0.3982:0.0569 END_TURN:1:0.0569:0.0569
ROOT g=79 t=17 ctx=def n=10 BLITZ:2:0.3333:0.1667 REPOSITION:7:0.5833:0.0833 END_TURN:1:0.0833:0.0833
ROOT g=79 t=18 ctx=off n=26 ADVANCE:1:0.0964:0.0964 CAGE:1:0.0964:0.0964 BLITZ:1:0.0309:0.0309 BLOCK:1:0.0964:0.0964 PASS_ACTION:9:0.2781:0.0309 FOUL:4:0.1236:0.0309 REPOSITION:8:0.2472:0.0309 END_TURN:1:0.0309:0.0309
ROOT g=79 t=19 ctx=def n=8 BLITZ:2:0.3556:0.1778 REPOSITION:5:0.5556:0.1111 END_TURN:1:0.0889:0.0889
ROOT g=79 t=20 ctx=off n=25 ADVANCE:1:0.1034:0.1034 CAGE:1:0.1034:0.1034 BLITZ:1:0.0345:0.0345 PASS_ACTION:7:0.2414:0.0345 FOUL:5:0.1724:0.0345 REPOSITION:9:0.3103:0.0345 END_TURN:1:0.0345:0.0345
ROOT g=79 t=21 ctx=def n=9 BLITZ:2:0.3429:0.1714 REPOSITION:6:0.5714:0.0952 END_TURN:1:0.0857:0.0857
ROOT g=79 t=22 ctx=off n=24 ADVANCE:1:0.0914:0.0914 CAGE:1:0.0914:0.0914 BLITZ:1:0.0317:0.0317 BLOCK:2:0.1827:0.0914 PASS_ACTION:7:0.2221:0.0317 FOUL:5:0.1586:0.0317 REPOSITION:6:0.1904:0.0317 END_TURN:1:0.0317:0.0317
ROOT g=79 t=23 ctx=def n=7 BLITZ:2:0.3733:0.1867 REPOSITION:4:0.5333:0.1333 END_TURN:1:0.0933:0.0933
ROOT g=79 t=24 ctx=off n=24 ADVANCE:1:0.0862:0.0862 CAGE:1:0.0862:0.0862 BLITZ:1:0.0299:0.0299 BLOCK:3:0.2587:0.0862 PASS_ACTION:7:0.2096:0.0299 FOUL:5:0.1497:0.0299 REPOSITION:5:0.1497:0.0299 END_TURN:1:0.0299:0.0299
ROOT g=79 t=25 ctx=def n=7 BLITZ:2:0.3733:0.1867 REPOSITION:4:0.5333:0.1333 END_TURN:1:0.0933:0.0933
ROOT g=79 t=26 ctx=def n=15 BLITZ:2:0.3158:0.1579 FOUL:4:0.2105:0.0526 REPOSITION:8:0.4211:0.0526 END_TURN:1:0.0526:0.0526
ROOT g=79 t=27 ctx=loose n=7 BLITZ:1:0.1493:0.1493 BLOCK:2:0.2985:0.1493 REPOSITION:3:0.4478:0.1493 END_TURN:1:0.1045:0.1045
ROOT g=79 t=28 ctx=loose n=12 BLITZ:1:0.0833:0.0833 FOUL:3:0.2500:0.0833 REPOSITION:7:0.5833:0.0833 END_TURN:1:0.0833:0.0833
ROOT g=79 t=29 ctx=loose n=9 BLITZ:1:0.0886:0.0886 BLOCK:3:0.2870:0.0957 PICKUP:1:0.2790:0.2790 REPOSITION:3:0.2657:0.0886 END_TURN:1:0.0797:0.0797
ROOT g=79 t=30 ctx=def n=12 BLITZ:2:0.3243:0.1622 FOUL:3:0.2027:0.0676 REPOSITION:6:0.4054:0.0676 END_TURN:1:0.0676:0.0676
ROOT g=79 t=31 ctx=def n=6 BLITZ:2:0.4000:0.2000 REPOSITION:3:0.5000:0.1667 END_TURN:1:0.1000:0.1000
ROOT g=80 t=0 ctx=loose n=13 BLITZ:1:0.0614:0.0614 BLOCK:3:0.2875:0.0958 PICKUP:1:0.1597:0.1597 REPOSITION:7:0.4300:0.0614 END_TURN:1:0.0614:0.0614
ROOT g=80 t=1 ctx=def n=13 BLITZ:2:0.3210:0.1605 REPOSITION:10:0.6173:0.0617 END_TURN:1:0.0617:0.0617
ROOT g=80 t=2 ctx=off n=17 ADVANCE:1:0.1069:0.1069 CAGE:1:0.1069:0.1069 BLITZ:1:0.0524:0.0524 PASS_ACTION:8:0.4193:0.0524 REPOSITION:5:0.2621:0.0524 END_TURN:1:0.0524:0.0524
ROOT g=80 t=3 ctx=def n=12 BLITZ:2:0.3243:0.1622 REPOSITION:9:0.6081:0.0676 END_TURN:1:0.0676:0.0676
ROOT g=80 t=4 ctx=off n=21 ADVANCE:1:0.1048:0.1048 CAGE:1:0.1048:0.1048 BLITZ:1:0.0416:0.0416 PASS_ACTION:8:0.3328:0.0416 FOUL:2:0.0832:0.0416 REPOSITION:7:0.2912:0.0416 END_TURN:1:0.0416:0.0416
ROOT g=80 t=5 ctx=def n=13 BLITZ:2:0.3210:0.1605 REPOSITION:10:0.6173:0.0617 END_TURN:1:0.0617:0.0617
ROOT g=80 t=6 ctx=off n=13 ADVANCE:1:0.1105:0.1105 CAGE:1:0.1105:0.1105 BLITZ:1:0.0708:0.0708 PASS_ACTION:1:0.0708:0.0708 REPOSITION:8:0.5666:0.0708 END_TURN:1:0.0708:0.0708
ROOT g=80 t=7 ctx=def n=12 BLITZ:2:0.3243:0.1622 REPOSITION:9:0.6081:0.0676 END_TURN:1:0.0676:0.0676
ROOT g=80 t=8 ctx=off n=19 ADVANCE:1:0.1058:0.1058 CAGE:1:0.1058:0.1058 BLITZ:1:0.0464:0.0464 PASS_ACTION:2:0.0928:0.0464 FOUL:5:0.2319:0.0464 REPOSITION:8:0.3711:0.0464 END_TURN:1:0.0464:0.0464
ROOT g=80 t=9 ctx=def n=13 BLITZ:2:0.3002:0.1501 BLOCK:2:0.1801:0.0901 FOUL:1:0.0577:0.0577 REPOSITION:7:0.4042:0.0577 END_TURN:1:0.0577:0.0577
ROOT g=80 t=10 ctx=loose n=16 BLITZ:1:0.0485:0.0485 PICKUP:1:0.2718:0.2718 FOUL:6:0.2913:0.0485 REPOSITION:7:0.3398:0.0485 END_TURN:1:0.0485:0.0485
ROOT g=80 t=11 ctx=def n=13 BLITZ:2:0.3210:0.1605 FOUL:1:0.0617:0.0617 REPOSITION:9:0.5556:0.0617 END_TURN:1:0.0617:0.0617
ROOT g=80 t=12 ctx=off n=18 ADVANCE:1:0.1063:0.1063 CAGE:1:0.1063:0.1063 BLITZ:1:0.0492:0.0492 PASS_ACTION:5:0.2461:0.0492 FOUL:3:0.1476:0.0492 REPOSITION:6:0.2953:0.0492 END_TURN:1:0.0492:0.0492
ROOT g=80 t=13 ctx=def n=12 BLITZ:2:0.3243:0.1622 FOUL:1:0.0676:0.0676 REPOSITION:8:0.5405:0.0676 END_TURN:1:0.0676:0.0676
ROOT g=80 t=14 ctx=def n=12 BLITZ:2:0.3243:0.1622 FOUL:3:0.2027:0.0676 REPOSITION:6:0.4054:0.0676 END_TURN:1:0.0676:0.0676
ROOT g=80 t=15 ctx=loose n=9 BLITZ:1:0.0880:0.0880 BLOCK:4:0.3799:0.0950 PICKUP:1:0.2770:0.2770 REPOSITION:2:0.1759:0.0880 END_TURN:1:0.0792:0.0792
ROOT g=80 t=16 ctx=loose n=13 BLITZ:1:0.0614:0.0614 BLOCK:3:0.2875:0.0958 PICKUP:1:0.1597:0.1597 REPOSITION:7:0.4300:0.0614 END_TURN:1:0.0614:0.0614
ROOT g=80 t=17 ctx=def n=13 BLITZ:2:0.2908:0.1454 BLOCK:3:0.2617:0.0872 REPOSITION:7:0.3915:0.0559 END_TURN:1:0.0559:0.0559
ROOT g=80 t=18 ctx=off n=20 ADVANCE:1:0.1053:0.1053 CAGE:1:0.1053:0.1053 BLITZ:1:0.0439:0.0439 PASS_ACTION:8:0.3509:0.0439 REPOSITION:8:0.3509:0.0439 END_TURN:1:0.0439:0.0439
ROOT g=80 t=19 ctx=def n=13 BLITZ:2:0.3002:0.1501 BLOCK:2:0.1801:0.0901 REPOSITION:8:0.4619:0.0577 END_TURN:1:0.0577:0.0577
ROOT g=80 t=20 ctx=off n=16 ADVANCE:1:0.0976:0.0976 CAGE:1:0.0976:0.0976 BLITZ:1:0.0508:0.0508 BLOCK:2:0.1951:0.0976 PASS_ACTION:3:0.1524:0.0508 REPOSITION:7:0.3557:0.0508 END_TURN:1:0.0508:0.0508
ROOT g=80 t=21 ctx=def n=10 BLITZ:2:0.3333:0.1667 FOUL:1:0.0833:0.0833 REPOSITION:6:0.5000:0.0833 END_TURN:1:0.0833:0.0833
ROOT g=80 t=22 ctx=off n=19 ADVANCE:1:0.0945:0.0945 CAGE:1:0.0945:0.0945 BLITZ:1:0.0415:0.0415 BLOCK:2:0.1891:0.0945 PASS_ACTION:3:0.1244:0.0415 FOUL:5:0.2073:0.0415 REPOSITION:5:0.2073:0.0415 END_TURN:1:0.0415:0.0415
ROOT g=80 t=23 ctx=def n=11 BLITZ:2:0.3207:0.1603 BLOCK:1:0.0962:0.0962 FOUL:1:0.0729:0.0729 REPOSITION:6:0.4373:0.0729 END_TURN:1:0.0729:0.0729
ROOT g=80 t=24 ctx=off n=22 ADVANCE:1:0.0752:0.0752 CAGE:1:0.0752:0.0752 BLITZ:1:0.0285:0.0285 BLOCK:6:0.4510:0.0752 PASS_ACTION:1:0.0285:0.0285 FOUL:7:0.1993:0.0285 REPOSITION:4:0.1139:0.0285 END_TURN:1:0.0285:0.0285
ROOT g=80 t=25 ctx=def n=12 BLITZ:2:0.3061:0.1531 BLOCK:2:0.1837:0.0918 FOUL:3:0.1913:0.0638 REPOSITION:4:0.2551:0.0638 END_TURN:1:0.0638:0.0638
ROOT g=80 t=26 ctx=off n=18 ADVANCE:1:0.0865:0.0865 CAGE:1:0.0865:0.0865 BLITZ:1:0.0401:0.0401 BLOCK:4:0.3462:0.0865 FOUL:6:0.2404:0.0401 REPOSITION:4:0.1603:0.0401 END_TURN:1:0.0401:0.0401
ROOT g=80 t=27 ctx=def n=9 BLITZ:2:0.3429:0.1714 FOUL:2:0.1905:0.0952 REPOSITION:4:0.3810:0.0952 END_TURN:1:0.0857:0.0857
ROOT g=80 t=28 ctx=off n=19 ADVANCE:1:0.0998:0.0998 CAGE:1:0.0998:0.0998 BLITZ:1:0.0438:0.0438 BLOCK:1:0.0998:0.0998 FOUL:7:0.3065:0.0438 REPOSITION:7:0.3065:0.0438 END_TURN:1:0.0438:0.0438
ROOT g=80 t=29 ctx=def n=9 BLITZ:2:0.3429:0.1714 FOUL:2:0.1905:0.0952 REPOSITION:4:0.3810:0.0952 END_TURN:1:0.0857:0.0857
ROOT g=80 t=30 ctx=off n=19 ADVANCE:1:0.0998:0.0998 CAGE:1:0.0998:0.0998 BLITZ:1:0.0438:0.0438 BLOCK:1:0.0998:0.0998 FOUL:7:0.3065:0.0438 REPOSITION:7:0.3065:0.0438 END_TURN:1:0.0438:0.0438
ROOT g=80 t=31 ctx=def n=7 BLITZ:2:0.3733:0.1867 FOUL:1:0.1333:0.1333 REPOSITION:3:0.4000:0.1333 END_TURN:1:0.0933:0.0933
ROOT g=81 t=0 ctx=loose n=13 BLITZ:1:0.0614:0.0614 BLOCK:3:0.2875:0.0958 PICKUP:1:0.1597:0.1597 REPOSITION:7:0.4300:0.0614 END_TURN:1:0.0614:0.0614
ROOT g=81 t=1 ctx=def n=12 BLITZ:2:0.3061:0.1531 BLOCK:2:0.1837:0.0918 REPOSITION:7:0.4464:0.0638 END_TURN:1:0.0638:0.0638
ROOT g=81 t=2 ctx=off n=24 ADVANCE:1:0.0972:0.0972 CAGE:1:0.0972:0.0972 BLITZ:1:0.0337:0.0337 BLOCK:1:0.0972:0.0972 PASS_ACTION:10:0.3374:0.0337 FOUL:1:0.0337:0.0337 REPOSITION:8:0.2699:0.0337 END_TURN:1:0.0337:0.0337
ROOT g=81 t=3 ctx=def n=9 BLITZ:2:0.3429:0.1714 REPOSITION:6:0.5714:0.0952 END_TURN:1:0.0857:0.0857
ROOT g=81 t=4 ctx=off n=22 ADVANCE:1:0.0981:0.0981 CAGE:1:0.0981:0.0981 BLITZ:1:0.0371:0.0371 BLOCK:1:0.0981:0.0981 PASS_ACTION:8:0.2972:0.0371 FOUL:1:0.0371:0.0371 REPOSITION:8:0.2972:0.0371 END_TURN:1:0.0371:0.0371
ROOT g=81 t=5 ctx=def n=8 BLITZ:2:0.3556:0.1778 REPOSITION:5:0.5556:0.1111 END_TURN:1:0.0889:0.0889
ROOT g=81 t=6 ctx=off n=23 ADVANCE:1:0.1041:0.1041 CAGE:1:0.1041:0.1041 BLITZ:1:0.0377:0.0377 PASS_ACTION:7:0.2640:0.0377 FOUL:3:0.1131:0.0377 REPOSITION:9:0.3394:0.0377 END_TURN:1:0.0377:0.0377
ROOT g=81 t=7 ctx=def n=7 BLITZ:2:0.3733:0.1867 REPOSITION:4:0.5333:0.1333 END_TURN:1:0.0933:0.0933
ROOT g=81 t=8 ctx=off n=25 ADVANCE:1:0.1034:0.1034 CAGE:1:0.1034:0.1034 BLITZ:1:0.0345:0.0345 PASS_ACTION:7:0.2414:0.0345 FOUL:4:0.1379:0.0345 REPOSITION:10:0.3448:0.0345 END_TURN:1:0.0345:0.0345
ROOT g=81 t=9 ctx=def n=7 BLITZ:2:0.3733:0.1867 REPOSITION:4:0.5333:0.1333 END_TURN:1:0.0933:0.0933
ROOT g=81 t=10 ctx=off n=25 ADVANCE:1:0.0909:0.0909 CAGE:1:0.0909:0.0909 BLITZ:1:0.0303:0.0303 BLOCK:2:0.1818:0.0909 PASS_ACTION:7:0.2121:0.0303 FOUL:4:0.1212:0.0303 REPOSITION:8:0.2424:0.0303 END_TURN:1:0.0303:0.0303
ROOT g=81 t=11 ctx=def n=6 BLITZ:2:0.4000:0.2000 REPOSITION:3:0.5000:0.1667 END_TURN:1:0.1000:0.1000
ROOT g=81 t=12 ctx=off n=25 ADVANCE:1:0.0909:0.0909 CAGE:1:0.0909:0.0909 BLITZ:1:0.0303:0.0303 BLOCK:2:0.1818:0.0909 PASS_ACTION:7:0.2121:0.0303 FOUL:4:0.1212:0.0303 REPOSITION:8:0.2424:0.0303 END_TURN:1:0.0303:0.0303
ROOT g=81 t=13 ctx=def n=5 BLITZ:2:0.4444:0.2222 REPOSITION:2:0.4444:0.2222 END_TURN:1:0.1111:0.1111
ROOT g=81 t=14 ctx=off n=25 ADVANCE:1:0.0857:0.0857 CAGE:1:0.0857:0.0857 BLITZ:1:0.0286:0.0286 BLOCK:3:0.2571:0.0857 PASS_ACTION:7:0.2000:0.0286 FOUL:4:0.1143:0.0286 REPOSITION:7:0.2000:0.0286 END_TURN:1:0.0286:0.0286
ROOT g=81 t=15 ctx=def n=4 BLITZ:2:0.5882:0.2941 REPOSITION:1:0.2941:0.2941 END_TURN:1:0.1176:0.1176
ROOT g=81 t=16 ctx=loose n=13 BLITZ:1:0.0614:0.0614 BLOCK:3:0.2875:0.0958 PICKUP:1:0.1597:0.1597 REPOSITION:7:0.4300:0.0614 END_TURN:1:0.0614:0.0614
ROOT g=81 t=17 ctx=def n=13 BLITZ:2:0.3210:0.1605 REPOSITION:10:0.6173:0.0617 END_TURN:1:0.0617:0.0617
ROOT g=81 t=18 ctx=def n=12 BLITZ:2:0.3243:0.1622 REPOSITION:9:0.6081:0.0676 END_TURN:1:0.0676:0.0676
ROOT g=81 t=19 ctx=off n=18 ADVANCE:1:0.0865:0.0865 CAGE:1:0.0865:0.0865 BLITZ:1:0.0401:0.0401 BLOCK:4:0.3462:0.0865 PASS_ACTION:2:0.0801:0.0401 FOUL:2:0.0801:0.0401 REPOSITION:6:0.2404:0.0401 END_TURN:1:0.0401:0.0401
ROOT g=81 t=20 ctx=def n=10 BLITZ:2:0.3333:0.1667 REPOSITION:7:0.5833:0.0833 END_TURN:1:0.0833:0.0833
ROOT g=81 t=21 ctx=off n=22 ADVANCE:1:0.1014:0.1014 CAGE:1:0.1014:0.1014 BLITZ:1:0.0384:0.0384 PASS_ACTION:2:0.0768:0.0384 FOUL:6:0.2304:0.0384 REPOSITION:9:0.3456:0.0384 END_TURN:1:0.0384:0.0384 PASS_SCORE:1:0.0676:0.0676
ROOT g=81 t=22 ctx=def n=9 BLITZ:2:0.3429:0.1714 REPOSITION:6:0.5714:0.0952 END_TURN:1:0.0857:0.0857
ROOT g=81 t=23 ctx=off n=17 ADVANCE:1:0.1069:0.1069 CAGE:1:0.1069:0.1069 BLITZ:1:0.0524:0.0524 PASS_ACTION:2:0.1048:0.0524 FOUL:3:0.1572:0.0524 REPOSITION:8:0.4193:0.0524 END_TURN:1:0.0524:0.0524
ROOT g=81 t=24 ctx=def n=8 BLITZ:2:0.3556:0.1778 REPOSITION:5:0.5556:0.1111 END_TURN:1:0.0889:0.0889
ROOT g=81 t=25 ctx=off n=19 ADVANCE:1:0.0898:0.0898 CAGE:1:0.0898:0.0898 BLITZ:1:0.0394:0.0394 BLOCK:3:0.2693:0.0898 PASS_ACTION:2:0.0787:0.0394 FOUL:3:0.1181:0.0394 REPOSITION:7:0.2756:0.0394 END_TURN:1:0.0394:0.0394
ROOT g=81 t=26 ctx=def n=8 BLITZ:2:0.3556:0.1778 REPOSITION:5:0.5556:0.1111 END_TURN:1:0.0889:0.0889
ROOT g=81 t=27 ctx=off n=18 ADVANCE:1:0.1063:0.1063 CAGE:1:0.1063:0.1063 BLITZ:1:0.0492:0.0492 PASS_ACTION:2:0.0984:0.0492 FOUL:3:0.1476:0.0492 REPOSITION:9:0.4429:0.0492 END_TURN:1:0.0492:0.0492
ROOT g=81 t=28 ctx=def n=7 BLITZ:2:0.3733:0.1867 REPOSITION:4:0.5333:0.1333 END_TURN:1:0.0933:0.0933
ROOT g=81 t=29 ctx=off n=19 ADVANCE:1:0.1058:0.1058 CAGE:1:0.1058:0.1058 BLITZ:1:0.0464:0.0464 PASS_ACTION:2:0.0928:0.0464 FOUL:4:0.1855:0.0464 REPOSITION:9:0.4174:0.0464 END_TURN:1:0.0464:0.0464
ROOT g=81 t=30 ctx=def n=6 BLITZ:2:0.4000:0.2000 REPOSITION:3:0.5000:0.1667 END_TURN:1:0.1000:0.1000
ROOT g=81 t=31 ctx=loose n=16 BLITZ:1:0.0485:0.0485 PICKUP:1:0.2718:0.2718 FOUL:4:0.1942:0.0485 REPOSITION:9:0.4369:0.0485 END_TURN:1:0.0485:0.0485
ROOT g=81 t=32 ctx=loose n=13 BLITZ:1:0.0549:0.0549 BLOCK:3:0.2567:0.0856 PICKUP:1:0.2496:0.2496 REPOSITION:7:0.3840:0.0549 END_TURN:1:0.0549:0.0549
ROOT g=82 t=0 ctx=loose n=13 BLITZ:1:0.0614:0.0614 BLOCK:3:0.2875:0.0958 PICKUP:1:0.1597:0.1597 REPOSITION:7:0.4300:0.0614 END_TURN:1:0.0614:0.0614
ROOT g=82 t=1 ctx=def n=12 BLITZ:2:0.2978:0.1489 BLOCK:3:0.2680:0.0893 REPOSITION:6:0.3722:0.0620 END_TURN:1:0.0620:0.0620
ROOT g=82 t=2 ctx=off n=19 ADVANCE:1:0.0815:0.0815 CAGE:1:0.0815:0.0815 BLITZ:1:0.0358:0.0358 BLOCK:5:0.4077:0.0815 PASS_ACTION:6:0.2146:0.0358 FOUL:1:0.0358:0.0358 REPOSITION:3:0.1073:0.0358 END_TURN:1:0.0358:0.0358
ROOT g=82 t=3 ctx=def n=10 BLITZ:2:0.3333:0.1667 REPOSITION:7:0.5833:0.0833 END_TURN:1:0.0833:0.0833
ROOT g=82 t=4 ctx=off n=21 ADVANCE:1:0.1048:0.1048 CAGE:1:0.1048:0.1048 BLITZ:1:0.0416:0.0416 PASS_ACTION:4:0.1664:0.0416 FOUL:6:0.2496:0.0416 REPOSITION:7:0.2912:0.0416 END_TURN:1:0.0416:0.0416
ROOT g=82 t=5 ctx=def n=9 BLITZ:2:0.3429:0.1714 REPOSITION:6:0.5714:0.0952 END_TURN:1:0.0857:0.0857
ROOT g=82 t=6 ctx=off n=21 ADVANCE:1:0.1048:0.1048 CAGE:1:0.1048:0.1048 BLITZ:1:0.0416:0.0416 PASS_ACTION:4:0.1664:0.0416 FOUL:6:0.2496:0.0416 REPOSITION:7:0.2912:0.0416 END_TURN:1:0.0416:0.0416
ROOT g=82 t=7 ctx=def n=8 BLITZ:2:0.3556:0.1778 REPOSITION:5:0.5556:0.1111 END_TURN:1:0.0889:0.0889
ROOT g=82 t=8 ctx=off n=24 ADVANCE:1:0.1037:0.1037 CAGE:1:0.1037:0.1037 BLITZ:1:0.0360:0.0360 PASS_ACTION:4:0.1441:0.0360 FOUL:9:0.3242:0.0360 REPOSITION:7:0.2522:0.0360 END_TURN:1:0.0360:0.0360
ROOT g=82 t=9 ctx=def n=7 BLITZ:2:0.3733:0.1867 REPOSITION:4:0.5333:0.1333 END_TURN:1:0.0933:0.0933
ROOT g=82 t=10 ctx=off n=24 ADVANCE:1:0.1037:0.1037 CAGE:1:0.1037:0.1037 BLITZ:1:0.0360:0.0360 PASS_ACTION:4:0.1441:0.0360 FOUL:9:0.3242:0.0360 REPOSITION:7:0.2522:0.0360 END_TURN:1:0.0360:0.0360
ROOT g=82 t=11 ctx=def n=7 BLITZ:2:0.3733:0.1867 REPOSITION:4:0.5333:0.1333 END_TURN:1:0.0933:0.0933
ROOT g=82 t=12 ctx=off n=24 ADVANCE:1:0.1037:0.1037 CAGE:1:0.1037:0.1037 BLITZ:1:0.0360:0.0360 PASS_ACTION:4:0.1441:0.0360 FOUL:9:0.3242:0.0360 REPOSITION:7:0.2522:0.0360 END_TURN:1:0.0360:0.0360
ROOT g=82 t=13 ctx=def n=7 BLITZ:2:0.3733:0.1867 REPOSITION:4:0.5333:0.1333 END_TURN:1:0.0933:0.0933
ROOT g=82 t=14 ctx=def n=17 BLITZ:2:0.3119:0.1560 FOUL:7:0.3211:0.0459 REPOSITION:7:0.3211:0.0459 END_TURN:1:0.0459:0.0459
ROOT g=82 t=15 ctx=off n=12 ADVANCE:1:0.1118:0.1118 CAGE:1:0.1118:0.1118 BLITZ:1:0.0776:0.0776 PASS_ACTION:3:0.2329:0.0776 FOUL:2:0.1553:0.0776 REPOSITION:3:0.2329:0.0776 END_TURN:1:0.0776:0.0776
ROOT g=82 t=16 ctx=loose n=13 BLITZ:1:0.0614:0.0614 BLOCK:3:0.2875:0.0958 PICKUP:1:0.1597:0.1597 REPOSITION:7:0.4300:0.0614 END_TURN:1:0.0614:0.0614
ROOT g=82 t=17 ctx=def n=10 BLITZ:2:0.3333:0.1667 REPOSITION:7:0.5833:0.0833 END_TURN:1:0.0833:0.0833
ROOT g=82 t=18 ctx=off n=23 ADVANCE:1:0.1041:0.1041 CAGE:1:0.1041:0.1041 BLITZ:1:0.0377:0.0377 PASS_ACTION:10:0.3771:0.0377 FOUL:1:0.0377:0.0377 REPOSITION:8:0.3017:0.0377 END_TURN:1:0.0377:0.0377
ROOT g=82 t=19 ctx=def n=10 BLITZ:2:0.3333:0.1667 REPOSITION:7:0.5833:0.0833 END_TURN:1:0.0833:0.0833
ROOT g=82 t=20 ctx=off n=21 ADVANCE:1:0.0931:0.0931 CAGE:1:0.0931:0.0931 BLITZ:1:0.0369:0.0369 BLOCK:2:0.1861:0.0931 PASS_ACTION:8:0.2954:0.0369 FOUL:1:0.0369:0.0369 REPOSITION:6:0.2216:0.0369 END_TURN:1:0.0369:0.0369
ROOT g=82 t=21 ctx=def n=9 BLITZ:2:0.3429:0.1714 REPOSITION:6:0.5714:0.0952 END_TURN:1:0.0857:0.0857
ROOT g=82 t=22 ctx=off n=21 ADVANCE:1:0.0931:0.0931 CAGE:1:0.0931:0.0931 BLITZ:1:0.0369:0.0369 BLOCK:2:0.1861:0.0931 PASS_ACTION:8:0.2954:0.0369 FOUL:1:0.0369:0.0369 REPOSITION:6:0.2216:0.0369 END_TURN:1:0.0369:0.0369
ROOT g=82 t=23 ctx=def n=7 BLITZ:2:0.3733:0.1867 REPOSITION:4:0.5333:0.1333 END_TURN:1:0.0933:0.0933
ROOT g=82 t=24 ctx=off n=20 ADVANCE:1:0.1053:0.1053 CAGE:1:0.1053:0.1053 BLITZ:1:0.0439:0.0439 PASS_ACTION:7:0.3070:0.0439 FOUL:2:0.0877:0.0439 REPOSITION:7:0.3070:0.0439 END_TURN:1:0.0439:0.0439
ROOT g=82 t=25 ctx=def n=9 BLITZ:2:0.3429:0.1714 FOUL:3:0.2857:0.0952 REPOSITION:3:0.2857:0.0952 END_TURN:1:0.0857:0.0857
ROOT g=82 t=26 ctx=off n=21 ADVANCE:1:0.0986:0.0986 CAGE:1:0.0986:0.0986 BLITZ:1:0.0391:0.0391 BLOCK:1:0.0986:0.0986 PASS_ACTION:6:0.2347:0.0391 FOUL:4:0.1565:0.0391 REPOSITION:6:0.2347:0.0391 END_TURN:1:0.0391:0.0391
ROOT g=82 t=27 ctx=def n=7 BLITZ:2:0.3733:0.1867 FOUL:2:0.2667:0.1333 REPOSITION:2:0.2667:0.1333 END_TURN:1:0.0933:0.0933
ROOT g=82 t=28 ctx=off n=22 ADVANCE:1:0.1044:0.1044 CAGE:1:0.1044:0.1044 BLITZ:1:0.0396:0.0396 PASS_ACTION:6:0.2373:0.0396 FOUL:4:0.1582:0.0396 REPOSITION:8:0.3165:0.0396 END_TURN:1:0.0396:0.0396
ROOT g=82 t=29 ctx=def n=8 BLITZ:2:0.3556:0.1778 FOUL:2:0.2222:0.1111 REPOSITION:3:0.3333:0.1111 END_TURN:1:0.0889:0.0889
ROOT g=82 t=30 ctx=off n=15 ADVANCE:1:0.1084:0.1084 CAGE:1:0.1084:0.1084 BLITZ:1:0.0602:0.0602 FOUL:3:0.1807:0.0602 REPOSITION:8:0.4819:0.0602 END_TURN:1:0.0602:0.0602
ROOT g=82 t=31 ctx=def n=6 BLITZ:2:0.4000:0.2000 FOUL:1:0.1667:0.1667 REPOSITION:2:0.3333:0.1667 END_TURN:1:0.1000:0.1000
ROOT g=83 t=0 ctx=loose n=13 BLITZ:1:0.0614:0.0614 BLOCK:3:0.2875:0.0958 PICKUP:1:0.1597:0.1597 REPOSITION:7:0.4300:0.0614 END_TURN:1:0.0614:0.0614
ROOT g=83 t=1 ctx=def n=10 BLITZ:2:0.3279:0.1639 BLOCK:1:0.0984:0.0984 REPOSITION:6:0.4918:0.0820 END_TURN:1:0.0820:0.0820
ROOT g=83 t=2 ctx=off n=21 ADVANCE:1:0.1048:0.1048 CAGE:1:0.1048:0.1048 BLITZ:1:0.0416:0.0416 PASS_ACTION:8:0.3328:0.0416 FOUL:1:0.0416:0.0416 REPOSITION:8:0.3328:0.0416 END_TURN:1:0.0416:0.0416
ROOT g=83 t=3 ctx=def n=9 BLITZ:2:0.3403:0.1701 BLOCK:1:0.1021:0.1021 REPOSITION:5:0.4726:0.0945 END_TURN:1:0.0851:0.0851
ROOT g=83 t=4 ctx=off n=23 ADVANCE:1:0.1041:0.1041 CAGE:1:0.1041:0.1041 BLITZ:1:0.0377:0.0377 PASS_ACTION:8:0.3017:0.0377 FOUL:3:0.1131:0.0377 REPOSITION:8:0.3017:0.0377 END_TURN:1:0.0377:0.0377
ROOT g=83 t=5 ctx=def n=9 BLITZ:2:0.3403:0.1701 BLOCK:1:0.1021:0.1021 REPOSITION:5:0.4726:0.0945 END_TURN:1:0.0851:0.0851
ROOT g=83 t=6 ctx=off n=25 ADVANCE:1:0.1034:0.1034 CAGE:1:0.1034:0.1034 BLITZ:1:0.0345:0.0345 PASS_ACTION:8:0.2759:0.0345 FOUL:5:0.1724:0.0345 REPOSITION:8:0.2759:0.0345 END_TURN:1:0.0345:0.0345
ROOT g=83 t=7 ctx=def n=8 BLITZ:2:0.3556:0.1778 BLOCK:1:0.1111:0.1111 REPOSITION:4:0.4444:0.1111 END_TURN:1:0.0889:0.0889
ROOT g=83 t=8 ctx=off n=21 ADVANCE:1:0.0986:0.0986 CAGE:1:0.0986:0.0986 BLITZ:1:0.0391:0.0391 BLOCK:1:0.0986:0.0986 PASS_ACTION:6:0.2347:0.0391 FOUL:4:0.1565:0.0391 REPOSITION:6:0.2347:0.0391 END_TURN:1:0.0391:0.0391
ROOT g=83 t=9 ctx=def n=8 BLITZ:2:0.3556:0.1778 BLOCK:3:0.3333:0.1111 REPOSITION:2:0.2222:0.1111 END_TURN:1:0.0889:0.0889
ROOT g=83 t=10 ctx=off n=18 ADVANCE:1:0.0954:0.0954 CAGE:1:0.0954:0.0954 BLITZ:1:0.0442:0.0442 BLOCK:2:0.1908:0.0954 PASS_ACTION:3:0.1325:0.0442 FOUL:3:0.1325:0.0442 REPOSITION:6:0.2650:0.0442 END_TURN:1:0.0442:0.0442
ROOT g=83 t=11 ctx=def n=7 BLITZ:2:0.3733:0.1867 FOUL:1:0.1333:0.1333 REPOSITION:3:0.4000:0.1333 END_TURN:1:0.0933:0.0933
ROOT g=83 t=12 ctx=off n=19 ADVANCE:1:0.1058:0.1058 CAGE:1:0.1058:0.1058 BLITZ:1:0.0464:0.0464 PASS_ACTION:4:0.1855:0.0464 FOUL:5:0.2319:0.0464 REPOSITION:6:0.2783:0.0464 END_TURN:1:0.0464:0.0464
ROOT g=83 t=13 ctx=def n=7 BLITZ:2:0.3733:0.1867 REPOSITION:4:0.5333:0.1333 END_TURN:1:0.0933:0.0933
ROOT g=83 t=14 ctx=off n=17 ADVANCE:1:0.1069:0.1069 CAGE:1:0.1069:0.1069 BLITZ:1:0.0524:0.0524 PASS_ACTION:2:0.1048:0.0524 FOUL:4:0.2096:0.0524 REPOSITION:7:0.3669:0.0524 END_TURN:1:0.0524:0.0524
ROOT g=83 t=15 ctx=def n=6 BLITZ:2:0.4000:0.2000 REPOSITION:3:0.5000:0.1667 END_TURN:1:0.1000:0.1000
ROOT g=83 t=16 ctx=loose n=13 BLITZ:1:0.0614:0.0614 BLOCK:3:0.2875:0.0958 PICKUP:1:0.1597:0.1597 REPOSITION:7:0.4300:0.0614 END_TURN:1:0.0614:0.0614
ROOT g=83 t=17 ctx=loose n=12 BLITZ:1:0.0746:0.0746 PICKUP:1:0.1791:0.1791 REPOSITION:9:0.6716:0.0746 END_TURN:1:0.0746:0.0746
ROOT g=83 t=18 ctx=def n=13 BLITZ:2:0.3210:0.1605 REPOSITION:10:0.6173:0.0617 END_TURN:1:0.0617:0.0617
ROOT g=83 t=19 ctx=def n=12 BLITZ:2:0.3243:0.1622 REPOSITION:9:0.6081:0.0676 END_TURN:1:0.0676:0.0676
ROOT g=83 t=20 ctx=def n=14 BLITZ:2:0.3182:0.1591 FOUL:1:0.0568:0.0568 REPOSITION:10:0.5682:0.0568 END_TURN:1:0.0568:0.0568
ROOT g=83 t=21 ctx=off n=14 ADVANCE:1:0.1094:0.1094 CAGE:1:0.1094:0.1094 BLITZ:1:0.0651:0.0651 PASS_ACTION:3:0.1953:0.0651 REPOSITION:7:0.4557:0.0651 END_TURN:1:0.0651:0.0651
ROOT g=83 t=22 ctx=def n=15 BLITZ:2:0.3158:0.1579 FOUL:2:0.1053:0.0526 REPOSITION:10:0.5263:0.0526 END_TURN:1:0.0526:0.0526
ROOT g=83 t=23 ctx=off n=17 ADVANCE:1:0.1069:0.1069 CAGE:1:0.1069:0.1069 BLITZ:1:0.0524:0.0524 PASS_ACTION:3:0.1572:0.0524 FOUL:3:0.1572:0.0524 REPOSITION:7:0.3669:0.0524 END_TURN:1:0.0524:0.0524
ROOT g=83 t=24 ctx=def n=14 BLITZ:2:0.3182:0.1591 FOUL:2:0.1136:0.0568 REPOSITION:9:0.5114:0.0568 END_TURN:1:0.0568:0.0568
ROOT g=83 t=25 ctx=off n=18 ADVANCE:1:0.1063:0.1063 CAGE:1:0.1063:0.1063 BLITZ:1:0.0492:0.0492 PASS_ACTION:3:0.1476:0.0492 FOUL:4:0.1969:0.0492 REPOSITION:7:0.3445:0.0492 END_TURN:1:0.0492:0.0492
ROOT g=83 t=26 ctx=def n=13 BLITZ:2:0.3210:0.1605 FOUL:2:0.1235:0.0617 REPOSITION:8:0.4938:0.0617 END_TURN:1:0.0617:0.0617
ROOT g=83 t=27 ctx=off n=18 ADVANCE:1:0.1063:0.1063 CAGE:1:0.1063:0.1063 BLITZ:1:0.0492:0.0492 PASS_ACTION:3:0.1476:0.0492 FOUL:4:0.1969:0.0492 REPOSITION:7:0.3445:0.0492 END_TURN:1:0.0492:0.0492
ROOT g=83 t=28 ctx=def n=12 BLITZ:2:0.3243:0.1622 FOUL:2:0.1351:0.0676 REPOSITION:7:0.4730:0.0676 END_TURN:1:0.0676:0.0676
ROOT g=83 t=29 ctx=off n=15 ADVANCE:1:0.1084:0.1084 CAGE:1:0.1084:0.1084 BLITZ:1:0.0602:0.0602 FOUL:4:0.2410:0.0602 REPOSITION:7:0.4217:0.0602 END_TURN:1:0.0602:0.0602
ROOT g=83 t=30 ctx=def n=11 BLITZ:2:0.3284:0.1642 FOUL:2:0.1493:0.0746 REPOSITION:6:0.4478:0.0746 END_TURN:1:0.0746:0.0746
ROOT g=83 t=31 ctx=off n=12 SCORE:1:0.3371:0.3371 CAGE:1:0.0449:0.0449 BLITZ:1:0.0312:0.0312 REPOSITION:7:0.2185:0.0312 END_TURN:1:0.0312:0.0312 BLITZ_AND_SCORE:1:0.3371:0.3371
ROOT g=84 t=0 ctx=loose n=13 BLITZ:1:0.0614:0.0614 BLOCK:3:0.2875:0.0958 PICKUP:1:0.1597:0.1597 REPOSITION:7:0.4300:0.0614 END_TURN:1:0.0614:0.0614
ROOT g=84 t=1 ctx=def n=12 BLITZ:2:0.2978:0.1489 BLOCK:3:0.2680:0.0893 REPOSITION:6:0.3722:0.0620 END_TURN:1:0.0620:0.0620
ROOT g=84 t=2 ctx=off n=19 ADVANCE:1:0.0998:0.0998 CAGE:1:0.0998:0.0998 BLITZ:1:0.0438:0.0438 BLOCK:1:0.0998:0.0998 PASS_ACTION:7:0.3065:0.0438 FOUL:1:0.0438:0.0438 REPOSITION:6:0.2627:0.0438 END_TURN:1:0.0438:0.0438
ROOT g=84 t=3 ctx=def n=14 BLITZ:2:0.3063:0.1532 BLOCK:1:0.0919:0.0919 FOUL:2:0.1094:0.0547 REPOSITION:8:0.4376:0.0547 END_TURN:1:0.0547:0.0547
ROOT g=84 t=4 ctx=off n=19 ADVANCE:1:0.0998:0.0998 CAGE:1:0.0998:0.0998 BLITZ:1:0.0438:0.0438 BLOCK:1:0.0998:0.0998 PASS_ACTION:4:0.1751:0.0438 FOUL:2:0.0876:0.0438 REPOSITION:8:0.3503:0.0438 END_TURN:1:0.0438:0.0438
ROOT g=84 t=5 ctx=def n=13 BLITZ:2:0.3210:0.1605 FOUL:2:0.1235:0.0617 REPOSITION:8:0.4938:0.0617 END_TURN:1:0.0617:0.0617
ROOT g=84 t=6 ctx=off n=20 SCORE:1:0.0597:0.0597 CAGE:1:0.0896:0.0896 BLITZ:1:0.0373:0.0373 BLOCK:3:0.2687:0.0896 FOUL:5:0.1866:0.0373 REPOSITION:7:0.2612:0.0373 END_TURN:1:0.0373:0.0373 BLITZ_AND_SCORE:1:0.0597:0.0597
ROOT g=84 t=7 ctx=def n=12 BLITZ:2:0.3243:0.1622 FOUL:3:0.2027:0.0676 REPOSITION:6:0.4054:0.0676 END_TURN:1:0.0676:0.0676
ROOT g=84 t=8 ctx=loose n=17 BLITZ:1:0.0444:0.0444 BLOCK:3:0.2718:0.0906 PICKUP:1:0.1510:0.1510 FOUL:5:0.2220:0.0444 REPOSITION:6:0.2664:0.0444 END_TURN:1:0.0444:0.0444
ROOT g=84 t=9 ctx=loose n=10 BLITZ:1:0.0909:0.0909 PICKUP:1:0.1818:0.1818 FOUL:1:0.0909:0.0909 REPOSITION:6:0.5455:0.0909 END_TURN:1:0.0909:0.0909
ROOT g=84 t=10 ctx=loose n=15 BLITZ:1:0.0519:0.0519 PICKUP:1:0.2727:0.2727 FOUL:4:0.2078:0.0519 REPOSITION:8:0.4156:0.0519 END_TURN:1:0.0519:0.0519
ROOT g=84 t=11 ctx=loose n=11 BLITZ:1:0.0722:0.0722 PICKUP:1:0.2780:0.2780 FOUL:2:0.1444:0.0722 REPOSITION:6:0.4332:0.0722 END_TURN:1:0.0722:0.0722
ROOT g=84 t=12 ctx=loose n=14 BLITZ:1:0.0559:0.0559 PICKUP:1:0.2737:0.2737 FOUL:3:0.1676:0.0559 REPOSITION:8:0.4469:0.0559 END_TURN:1:0.0559:0.0559
ROOT g=84 t=13 ctx=loose n=11 BLITZ:1:0.0722:0.0722 PICKUP:1:0.2780:0.2780 FOUL:2:0.1444:0.0722 REPOSITION:6:0.4332:0.0722 END_TURN:1:0.0722:0.0722
ROOT g=84 t=14 ctx=loose n=13 BLITZ:1:0.0604:0.0604 PICKUP:1:0.2749:0.2749 FOUL:2:0.1208:0.0604 REPOSITION:8:0.4834:0.0604 END_TURN:1:0.0604:0.0604
ROOT g=84 t=15 ctx=loose n=11 BLITZ:1:0.0722:0.0722 PICKUP:1:0.2780:0.2780 FOUL:2:0.1444:0.0722 REPOSITION:6:0.4332:0.0722 END_TURN:1:0.0722:0.0722
ROOT g=84 t=16 ctx=loose n=13 BLITZ:1:0.0614:0.0614 BLOCK:3:0.2875:0.0958 PICKUP:1:0.1597:0.1597 REPOSITION:7:0.4300:0.0614 END_TURN:1:0.0614:0.0614
ROOT g=84 t=17 ctx=def n=13 BLITZ:2:0.3210:0.1605 FOUL:2:0.1235:0.0617 REPOSITION:8:0.4938:0.0617 END_TURN:1:0.0617:0.0617
ROOT g=84 t=18 ctx=off n=21 ADVANCE:1:0.0986:0.0986 CAGE:1:0.0986:0.0986 BLITZ:1:0.0391:0.0391 BLOCK:1:0.0986:0.0986 PASS_ACTION:9:0.3521:0.0391 FOUL:1:0.0391:0.0391 REPOSITION:6:0.2347:0.0391 END_TURN:1:0.0391:0.0391
ROOT g=84 t=19 ctx=def n=12 BLITZ:2:0.3150:0.1575 BLOCK:1:0.0945:0.0945 FOUL:1:0.0656:0.0656 REPOSITION:7:0.4593:0.0656 END_TURN:1:0.0656:0.0656
ROOT g=84 t=20 ctx=off n=22 ADVANCE:1:0.0981:0.0981 CAGE:1:0.0981:0.0981 BLITZ:1:0.0371:0.0371 BLOCK:1:0.0981:0.0981 PASS_ACTION:9:0.3343:0.0371 FOUL:2:0.0743:0.0371 REPOSITION:6:0.2229:0.0371 END_TURN:1:0.0371:0.0371
ROOT g=84 t=21 ctx=def n=9 BLITZ:2:0.3429:0.1714 FOUL:1:0.0952:0.0952 REPOSITION:5:0.4762:0.0952 END_TURN:1:0.0857:0.0857
ROOT g=84 t=22 ctx=off n=23 ADVANCE:1:0.0976:0.0976 CAGE:1:0.0976:0.0976 BLITZ:1:0.0354:0.0354 BLOCK:1:0.0976:0.0976 PASS_ACTION:9:0.3182:0.0354 FOUL:2:0.0707:0.0354 REPOSITION:7:0.2475:0.0354 END_TURN:1:0.0354:0.0354
ROOT g=84 t=23 ctx=def n=7 BLITZ:2:0.3733:0.1867 REPOSITION:4:0.5333:0.1333 END_TURN:1:0.0933:0.0933
ROOT g=84 t=24 ctx=off n=25 ADVANCE:1:0.1034:0.1034 CAGE:1:0.1034:0.1034 BLITZ:1:0.0345:0.0345 PASS_ACTION:6:0.2069:0.0345 FOUL:6:0.2069:0.0345 REPOSITION:9:0.3103:0.0345 END_TURN:1:0.0345:0.0345
ROOT g=84 t=25 ctx=def n=6 BLITZ:2:0.4000:0.2000 REPOSITION:3:0.5000:0.1667 END_TURN:1:0.1000:0.1000
ROOT g=84 t=26 ctx=off n=23 ADVANCE:1:0.0976:0.0976 CAGE:1:0.0976:0.0976 BLITZ:1:0.0354:0.0354 BLOCK:1:0.0976:0.0976 PASS_ACTION:3:0.1061:0.0354 FOUL:6:0.2122:0.0354 REPOSITION:9:0.3182:0.0354 END_TURN:1:0.0354:0.0354
ROOT g=84 t=27 ctx=def n=7 BLITZ:2:0.3733:0.1867 FOUL:1:0.1333:0.1333 REPOSITION:3:0.4000:0.1333 END_TURN:1:0.0933:0.0933
ROOT g=84 t=28 ctx=off n=22 ADVANCE:1:0.1044:0.1044 CAGE:1:0.1044:0.1044 BLITZ:1:0.0396:0.0396 PASS_ACTION:2:0.0791:0.0396 FOUL:7:0.2769:0.0396 REPOSITION:9:0.3560:0.0396 END_TURN:1:0.0396:0.0396
ROOT g=84 t=29 ctx=def n=6 BLITZ:2:0.4000:0.2000 FOUL:1:0.1667:0.1667 REPOSITION:2:0.3333:0.1667 END_TURN:1:0.1000:0.1000
ROOT g=84 t=30 ctx=off n=17 SCORE:1:0.4112:0.4112 CAGE:1:0.0705:0.0705 BLITZ:1:0.0346:0.0346 FOUL:4:0.1382:0.0346 REPOSITION:9:0.3110:0.0346 END_TURN:1:0.0346:0.0346
ROOT g=84 t=31 ctx=loose n=13 BLITZ:1:0.0549:0.0549 BLOCK:3:0.2567:0.0856 PICKUP:1:0.2496:0.2496 REPOSITION:7:0.3840:0.0549 END_TURN:1:0.0549:0.0549
ROOT g=85 t=0 ctx=loose n=13 BLITZ:1:0.0614:0.0614 BLOCK:3:0.2875:0.0958 PICKUP:1:0.1597:0.1597 REPOSITION:7:0.4300:0.0614 END_TURN:1:0.0614:0.0614
ROOT g=85 t=1 ctx=def n=12 BLITZ:2:0.3243:0.1622 REPOSITION:9:0.6081:0.0676 END_TURN:1:0.0676:0.0676
ROOT g=85 t=2 ctx=off n=24 ADVANCE:1:0.0972:0.0972 CAGE:1:0.0972:0.0972 BLITZ:1:0.0337:0.0337 BLOCK:1:0.0972:0.0972 PASS_ACTION:9:0.3036:0.0337 FOUL:1:0.0337:0.0337 REPOSITION:9:0.3036:0.0337 END_TURN:1:0.0337:0.0337
ROOT g=85 t=3 ctx=def n=11 BLITZ:2:0.3284:0.1642 REPOSITION:8:0.5970:0.0746 END_TURN:1:0.0746:0.0746
ROOT g=85 t=4 ctx=off n=18 ADVANCE:1:0.1006:0.1006 CAGE:1:0.1006:0.1006 BLITZ:1:0.0466:0.0466 BLOCK:1:0.1006:0.1006 PASS_ACTION:3:0.1397:0.0466 FOUL:1:0.0466:0.0466 REPOSITION:9:0.4190:0.0466 END_TURN:1:0.0466:0.0466
ROOT g=85 t=5 ctx=def n=11 BLITZ:2:0.3284:0.1642 REPOSITION:8:0.5970:0.0746 END_TURN:1:0.0746:0.0746
ROOT g=85 t=6 ctx=off n=16 ADVANCE:1:0.1023:0.1023 CAGE:1:0.1023:0.1023 BLITZ:1:0.0533:0.0533 BLOCK:1:0.1023:0.1023 PASS_ACTION:3:0.1599:0.0533 FOUL:1:0.0533:0.0533 REPOSITION:7:0.3731:0.0533 END_TURN:1:0.0533:0.0533
ROOT g=85 t=7 ctx=def n=12 BLITZ:2:0.3150:0.1575 BLOCK:1:0.0945:0.0945 FOUL:1:0.0656:0.0656 REPOSITION:7:0.4593:0.0656 END_TURN:1:0.0656:0.0656
ROOT g=85 t=8 ctx=off n=15 ADVANCE:1:0.1034:0.1034 CAGE:1:0.1034:0.1034 BLITZ:1:0.0575:0.0575 BLOCK:1:0.1034:0.1034 PASS_ACTION:3:0.1724:0.0575 FOUL:1:0.0575:0.0575 REPOSITION:6:0.3448:0.0575 END_TURN:1:0.0575:0.0575
ROOT g=85 t=9 ctx=def n=13 BLITZ:2:0.3002:0.1501 BLOCK:2:0.1801:0.0901 FOUL:2:0.1155:0.0577 REPOSITION:6:0.3464:0.0577 END_TURN:1:0.0577:0.0577
ROOT g=85 t=10 ctx=off n=15 ADVANCE:1:0.0909:0.0909 CAGE:1:0.0909:0.0909 BLITZ:1:0.0505:0.0505 BLOCK:4:0.3636:0.0909 PASS_ACTION:2:0.1010:0.0505 FOUL:1:0.0505:0.0505 REPOSITION:4:0.2020:0.0505 END_TURN:1:0.0505:0.0505
ROOT g=85 t=11 ctx=def n=12 BLITZ:2:0.3061:0.1531 BLOCK:2:0.1837:0.0918 FOUL:1:0.0638:0.0638 REPOSITION:6:0.3827:0.0638 END_TURN:1:0.0638:0.0638
ROOT g=85 t=12 ctx=off n=21 ADVANCE:1:0.0686:0.0686 CAGE:1:0.0686:0.0686 BLITZ:1:0.0272:0.0272 PASS_ACTION:3:0.0817:0.0272 FOUL:6:0.1633:0.0272 REPOSITION:6:0.1633:0.0272 END_TURN:1:0.0272:0.0272 PASS_SCORE:1:0.2001:0.2001 CHAIN_SCORE:1:0.2001:0.2001
ROOT g=85 t=13 ctx=def n=12 BLITZ:2:0.3061:0.1531 BLOCK:2:0.1837:0.0918 FOUL:1:0.0638:0.0638 REPOSITION:6:0.3827:0.0638 END_TURN:1:0.0638:0.0638
ROOT g=85 t=14 ctx=off n=9 SCORE:1:0.4412:0.4412 CAGE:1:0.0756:0.0756 BLITZ:1:0.0700:0.0700 REPOSITION:5:0.3501:0.0700 END_TURN:1:0.0630:0.0630
ROOT g=85 t=15 ctx=def n=14 BLITZ:2:0.3063:0.1532 BLOCK:1:0.0919:0.0919 FOUL:3:0.1641:0.0547 REPOSITION:7:0.3829:0.0547 END_TURN:1:0.0547:0.0547
ROOT g=85 t=16 ctx=loose n=13 BLITZ:1:0.0614:0.0614 BLOCK:3:0.2875:0.0958 PICKUP:1:0.1597:0.1597 REPOSITION:7:0.4300:0.0614 END_TURN:1:0.0614:0.0614
ROOT g=85 t=17 ctx=def n=11 BLITZ:2:0.3284:0.1642 REPOSITION:8:0.5970:0.0746 END_TURN:1:0.0746:0.0746
ROOT g=85 t=18 ctx=off n=24 ADVANCE:1:0.0972:0.0972 CAGE:1:0.0972:0.0972 BLITZ:1:0.0337:0.0337 BLOCK:1:0.0972:0.0972 PASS_ACTION:9:0.3036:0.0337 FOUL:2:0.0675:0.0337 REPOSITION:8:0.2699:0.0337 END_TURN:1:0.0337:0.0337
ROOT g=85 t=19 ctx=def n=10 BLITZ:2:0.3333:0.1667 FOUL:1:0.0833:0.0833 REPOSITION:6:0.5000:0.0833 END_TURN:1:0.0833:0.0833
ROOT g=85 t=20 ctx=off n=18 ADVANCE:1:0.1063:0.1063 CAGE:1:0.1063:0.1063 BLITZ:1:0.0492:0.0492 PASS_ACTION:5:0.2461:0.0492 FOUL:2:0.0984:0.0492 REPOSITION:7:0.3445:0.0492 END_TURN:1:0.0492:0.0492
ROOT g=85 t=21 ctx=def n=11 BLITZ:2:0.3284:0.1642 FOUL:2:0.1493:0.0746 REPOSITION:6:0.4478:0.0746 END_TURN:1:0.0746:0.0746
ROOT g=85 t=22 ctx=off n=13 ADVANCE:1:0.1105:0.1105 CAGE:1:0.1105:0.1105 BLITZ:1:0.0708:0.0708 PASS_ACTION:3:0.2125:0.0708 FOUL:1:0.0708:0.0708 REPOSITION:5:0.3541:0.0708 END_TURN:1:0.0708:0.0708
ROOT g=85 t=23 ctx=def n=9 BLITZ:2:0.3429:0.1714 FOUL:1:0.0952:0.0952 REPOSITION:5:0.4762:0.0952 END_TURN:1:0.0857:0.0857
ROOT g=85 t=24 ctx=def n=11 BLITZ:2:0.3284:0.1642 FOUL:2:0.1493:0.0746 REPOSITION:6:0.4478:0.0746 END_TURN:1:0.0746:0.0746
ROOT g=85 t=25 ctx=loose n=13 BLITZ:1:0.0685:0.0685 PICKUP:1:0.1781:0.1781 FOUL:4:0.2740:0.0685 REPOSITION:6:0.4110:0.0685 END_TURN:1:0.0685:0.0685
ROOT g=85 t=26 ctx=loose n=8 BLITZ:1:0.1282:0.1282 FOUL:1:0.1282:0.1282 REPOSITION:5:0.6410:0.1282 END_TURN:1:0.1026:0.1026
ROOT g=85 t=27 ctx=loose n=13 BLITZ:1:0.0604:0.0604 PICKUP:1:0.2749:0.2749 FOUL:4:0.2417:0.0604 REPOSITION:6:0.3625:0.0604 END_TURN:1:0.0604:0.0604
ROOT g=85 t=28 ctx=loose n=8 BLITZ:1:0.1282:0.1282 FOUL:1:0.1282:0.1282 REPOSITION:5:0.6410:0.1282 END_TURN:1:0.1026:0.1026
ROOT g=85 t=29 ctx=loose n=13 BLITZ:1:0.0604:0.0604 PICKUP:1:0.2749:0.2749 FOUL:4:0.2417:0.0604 REPOSITION:6:0.3625:0.0604 END_TURN:1:0.0604:0.0604
ROOT g=85 t=30 ctx=loose n=8 BLITZ:1:0.1282:0.1282 FOUL:1:0.1282:0.1282 REPOSITION:5:0.6410:0.1282 END_TURN:1:0.1026:0.1026
ROOT g=85 t=31 ctx=loose n=13 BLITZ:1:0.0604:0.0604 PICKUP:1:0.2749:0.2749 FOUL:4:0.2417:0.0604 REPOSITION:6:0.3625:0.0604 END_TURN:1:0.0604:0.0604
ROOT g=86 t=0 ctx=loose n=13 BLITZ:1:0.0614:0.0614 BLOCK:3:0.2875:0.0958 PICKUP:1:0.1597:0.1597 REPOSITION:7:0.4300:0.0614 END_TURN:1:0.0614:0.0614
ROOT g=86 t=1 ctx=def n=11 BLITZ:2:0.3284:0.1642 REPOSITION:8:0.5970:0.0746 END_TURN:1:0.0746:0.0746
ROOT g=86 t=2 ctx=off n=22 ADVANCE:1:0.1044:0.1044 CAGE:1:0.1044:0.1044 BLITZ:1:0.0396:0.0396 PASS_ACTION:10:0.3956:0.0396 FOUL:1:0.0396:0.0396 REPOSITION:7:0.2769:0.0396 END_TURN:1:0.0396:0.0396
ROOT g=86 t=3 ctx=def n=11 BLITZ:2:0.3284:0.1642 REPOSITION:8:0.5970:0.0746 END_TURN:1:0.0746:0.0746
ROOT g=86 t=4 ctx=off n=23 ADVANCE:1:0.1041:0.1041 CAGE:1:0.1041:0.1041 BLITZ:1:0.0377:0.0377 PASS_ACTION:10:0.3771:0.0377 FOUL:1:0.0377:0.0377 REPOSITION:8:0.3017:0.0377 END_TURN:1:0.0377:0.0377
ROOT g=86 t=5 ctx=def n=10 BLITZ:2:0.3333:0.1667 REPOSITION:7:0.5833:0.0833 END_TURN:1:0.0833:0.0833
ROOT g=86 t=6 ctx=off n=23 ADVANCE:1:0.1041:0.1041 CAGE:1:0.1041:0.1041 BLITZ:1:0.0377:0.0377 PASS_ACTION:6:0.2262:0.0377 FOUL:4:0.1508:0.0377 REPOSITION:9:0.3394:0.0377 END_TURN:1:0.0377:0.0377
ROOT g=86 t=7 ctx=def n=9 BLITZ:2:0.3429:0.1714 REPOSITION:6:0.5714:0.0952 END_TURN:1:0.0857:0.0857
ROOT g=86 t=8 ctx=off n=24 ADVANCE:1:0.1037:0.1037 CAGE:1:0.1037:0.1037 BLITZ:1:0.0360:0.0360 PASS_ACTION:6:0.2161:0.0360 FOUL:5:0.1801:0.0360 REPOSITION:9:0.3242:0.0360 END_TURN:1:0.0360:0.0360
ROOT g=86 t=9 ctx=def n=8 BLITZ:2:0.3556:0.1778 REPOSITION:5:0.5556:0.1111 END_TURN:1:0.0889:0.0889
ROOT g=86 t=10 ctx=off n=24 ADVANCE:1:0.1037:0.1037 CAGE:1:0.1037:0.1037 BLITZ:1:0.0360:0.0360 PASS_ACTION:6:0.2161:0.0360 FOUL:5:0.1801:0.0360 REPOSITION:9:0.3242:0.0360 END_TURN:1:0.0360:0.0360
ROOT g=86 t=11 ctx=def n=8 BLITZ:2:0.3556:0.1778 REPOSITION:5:0.5556:0.1111 END_TURN:1:0.0889:0.0889
ROOT g=86 t=12 ctx=off n=24 ADVANCE:1:0.1037:0.1037 CAGE:1:0.1037:0.1037 BLITZ:1:0.0360:0.0360 PASS_ACTION:6:0.2161:0.0360 FOUL:5:0.1801:0.0360 REPOSITION:9:0.3242:0.0360 END_TURN:1:0.0360:0.0360
ROOT g=86 t=13 ctx=def n=8 BLITZ:2:0.3556:0.1778 REPOSITION:5:0.5556:0.1111 END_TURN:1:0.0889:0.0889
ROOT g=86 t=14 ctx=off n=25 ADVANCE:1:0.1034:0.1034 CAGE:1:0.1034:0.1034 BLITZ:1:0.0345:0.0345 PASS_ACTION:6:0.2069:0.0345 FOUL:6:0.2069:0.0345 REPOSITION:9:0.3103:0.0345 END_TURN:1:0.0345:0.0345
ROOT g=86 t=15 ctx=def n=7 BLITZ:2:0.3733:0.1867 REPOSITION:4:0.5333:0.1333 END_TURN:1:0.0933:0.0933
ROOT g=86 t=16 ctx=off n=21 ADVANCE:1:0.0881:0.0881 CAGE:1:0.0881:0.0881 BLITZ:1:0.0350:0.0350 BLOCK:3:0.2643:0.0881 PASS_ACTION:8:0.2797:0.0350 REPOSITION:6:0.2098:0.0350 END_TURN:1:0.0350:0.0350
ROOT g=86 t=17 ctx=def n=13 BLITZ:2:0.3210:0.1605 REPOSITION:10:0.6173:0.0617 END_TURN:1:0.0617:0.0617
ROOT g=86 t=18 ctx=off n=19 ADVANCE:1:0.0898:0.0898 CAGE:1:0.0898:0.0898 BLITZ:1:0.0394:0.0394 BLOCK:3:0.2693:0.0898 PASS_ACTION:6:0.2362:0.0394 REPOSITION:6:0.2362:0.0394 END_TURN:1:0.0394:0.0394
ROOT g=86 t=19 ctx=def n=14 BLITZ:2:0.3063:0.1532 BLOCK:1:0.0919:0.0919 FOUL:1:0.0547:0.0547 REPOSITION:9:0.4923:0.0547 END_TURN:1:0.0547:0.0547
ROOT g=86 t=20 ctx=off n=18 ADVANCE:1:0.0908:0.0908 CAGE:1:0.0908:0.0908 BLITZ:1:0.0420:0.0420 BLOCK:3:0.2723:0.0908 PASS_ACTION:6:0.2521:0.0420 REPOSITION:5:0.2101:0.0420 END_TURN:1:0.0420:0.0420
ROOT g=86 t=21 ctx=def n=15 BLITZ:2:0.3158:0.1579 FOUL:3:0.1579:0.0526 REPOSITION:9:0.4737:0.0526 END_TURN:1:0.0526:0.0526
ROOT g=86 t=22 ctx=off n=15 SCORE:1:0.0594:0.0594 CAGE:1:0.0891:0.0891 BLITZ:1:0.0495:0.0495 BLOCK:5:0.4455:0.0891 PASS_ACTION:2:0.0990:0.0495 REPOSITION:3:0.1485:0.0495 END_TURN:1:0.0495:0.0495 BLITZ_AND_SCORE:1:0.0594:0.0594
ROOT g=86 t=23 ctx=loose n=13 BLITZ:1:0.0569:0.0569 BLOCK:3:0.2662:0.0887 PICKUP:1:0.2218:0.2218 REPOSITION:7:0.3982:0.0569 END_TURN:1:0.0569:0.0569
ROOT g=86 t=24 ctx=loose n=11 BLITZ:1:0.0909:0.0909 REPOSITION:9:0.8182:0.0909 END_TURN:1:0.0909:0.0909
ROOT g=86 t=25 ctx=loose n=13 BLITZ:1:0.0569:0.0569 BLOCK:3:0.2662:0.0887 PICKUP:1:0.2218:0.2218 REPOSITION:7:0.3982:0.0569 END_TURN:1:0.0569:0.0569
ROOT g=86 t=26 ctx=def n=10 BLITZ:2:0.3333:0.1667 REPOSITION:7:0.5833:0.0833 END_TURN:1:0.0833:0.0833
ROOT g=86 t=27 ctx=off n=27 ADVANCE:1:0.1029:0.1029 CAGE:1:0.1029:0.1029 BLITZ:1:0.0318:0.0318 PASS_ACTION:10:0.3177:0.0318 FOUL:5:0.1588:0.0318 REPOSITION:8:0.2541:0.0318 END_TURN:1:0.0318:0.0318
ROOT g=86 t=28 ctx=loose n=9 BLITZ:1:0.0905:0.0905 PICKUP:1:0.2851:0.2851 REPOSITION:6:0.5430:0.0905 END_TURN:1:0.0814:0.0814
ROOT g=86 t=29 ctx=def n=17 BLITZ:2:0.3119:0.1560 FOUL:4:0.1835:0.0459 REPOSITION:10:0.4587:0.0459 END_TURN:1:0.0459:0.0459
ROOT g=86 t=30 ctx=loose n=9 BLITZ:1:0.0905:0.0905 PICKUP:1:0.2851:0.2851 REPOSITION:6:0.5430:0.0905 END_TURN:1:0.0814:0.0814
ROOT g=86 t=31 ctx=loose n=17 BLITZ:1:0.0456:0.0456 PICKUP:1:0.2711:0.2711 FOUL:4:0.1822:0.0456 REPOSITION:10:0.4556:0.0456 END_TURN:1:0.0456:0.0456
ROOT g=87 t=0 ctx=loose n=13 BLITZ:1:0.0614:0.0614 BLOCK:3:0.2875:0.0958 PICKUP:1:0.1597:0.1597 REPOSITION:7:0.4300:0.0614 END_TURN:1:0.0614:0.0614
ROOT g=87 t=1 ctx=def n=11 BLITZ:2:0.3134:0.1567 BLOCK:2:0.1880:0.0940 REPOSITION:6:0.4274:0.0712 END_TURN:1:0.0712:0.0712
ROOT g=87 t=2 ctx=off n=18 ADVANCE:1:0.0954:0.0954 CAGE:1:0.0954:0.0954 BLITZ:1:0.0442:0.0442 BLOCK:2:0.1908:0.0954 PASS_ACTION:6:0.2650:0.0442 FOUL:1:0.0442:0.0442 REPOSITION:5:0.2208:0.0442 END_TURN:1:0.0442:0.0442
ROOT g=87 t=3 ctx=def n=15 BLITZ:2:0.3158:0.1579 FOUL:4:0.2105:0.0526 REPOSITION:8:0.4211:0.0526 END_TURN:1:0.0526:0.0526
ROOT g=87 t=4 ctx=off n=21 ADVANCE:1:0.1048:0.1048 CAGE:1:0.1048:0.1048 BLITZ:1:0.0416:0.0416 PASS_ACTION:6:0.2496:0.0416 FOUL:3:0.1248:0.0416 REPOSITION:8:0.3328:0.0416 END_TURN:1:0.0416:0.0416
ROOT g=87 t=5 ctx=def n=14 BLITZ:2:0.3182:0.1591 FOUL:4:0.2273:0.0568 REPOSITION:7:0.3977:0.0568 END_TURN:1:0.0568:0.0568
ROOT g=87 t=6 ctx=off n=21 ADVANCE:1:0.1048:0.1048 CAGE:1:0.1048:0.1048 BLITZ:1:0.0416:0.0416 PASS_ACTION:6:0.2496:0.0416 FOUL:3:0.1248:0.0416 REPOSITION:8:0.3328:0.0416 END_TURN:1:0.0416:0.0416
ROOT g=87 t=7 ctx=def n=12 BLITZ:2:0.3243:0.1622 FOUL:3:0.2027:0.0676 REPOSITION:6:0.4054:0.0676 END_TURN:1:0.0676:0.0676
ROOT g=87 t=8 ctx=off n=22 ADVANCE:1:0.1044:0.1044 CAGE:1:0.1044:0.1044 BLITZ:1:0.0396:0.0396 PASS_ACTION:6:0.2373:0.0396 FOUL:4:0.1582:0.0396 REPOSITION:8:0.3165:0.0396 END_TURN:1:0.0396:0.0396
ROOT g=87 t=9 ctx=def n=10 BLITZ:2:0.3333:0.1667 FOUL:2:0.1667:0.0833 REPOSITION:5:0.4167:0.0833 END_TURN:1:0.0833:0.0833
ROOT g=87 t=10 ctx=off n=22 ADVANCE:1:0.1044:0.1044 CAGE:1:0.1044:0.1044 BLITZ:1:0.0396:0.0396 PASS_ACTION:6:0.2373:0.0396 FOUL:4:0.1582:0.0396 REPOSITION:8:0.3165:0.0396 END_TURN:1:0.0396:0.0396
ROOT g=87 t=11 ctx=def n=9 BLITZ:2:0.3429:0.1714 FOUL:2:0.1905:0.0952 REPOSITION:4:0.3810:0.0952 END_TURN:1:0.0857:0.0857
ROOT g=87 t=12 ctx=off n=22 ADVANCE:1:0.1044:0.1044 CAGE:1:0.1044:0.1044 BLITZ:1:0.0396:0.0396 PASS_ACTION:6:0.2373:0.0396 FOUL:4:0.1582:0.0396 REPOSITION:8:0.3165:0.0396 END_TURN:1:0.0396:0.0396
ROOT g=87 t=13 ctx=def n=6 BLITZ:2:0.4000:0.2000 FOUL:1:0.1667:0.1667 REPOSITION:2:0.3333:0.1667 END_TURN:1:0.1000:0.1000
ROOT g=87 t=14 ctx=def n=13 BLITZ:2:0.3210:0.1605 FOUL:2:0.1235:0.0617 REPOSITION:8:0.4938:0.0617 END_TURN:1:0.0617:0.0617
ROOT g=87 t=15 ctx=loose n=6 BLITZ:1:0.1493:0.1493 PICKUP:1:0.3134:0.3134 FOUL:1:0.1493:0.1493 REPOSITION:2:0.2985:0.1493 END_TURN:1:0.0896:0.0896
ROOT g=87 t=16 ctx=loose n=13 BLITZ:1:0.0614:0.0614 BLOCK:3:0.2875:0.0958 PICKUP:1:0.1597:0.1597 REPOSITION:7:0.4300:0.0614 END_TURN:1:0.0614:0.0614
ROOT g=87 t=17 ctx=loose n=11 BLITZ:1:0.0909:0.0909 REPOSITION:9:0.8182:0.0909 END_TURN:1:0.0909:0.0909
ROOT g=87 t=18 ctx=loose n=14 BLITZ:1:0.0503:0.0503 BLOCK:6:0.5070:0.0845 PICKUP:1:0.1408:0.1408 REPOSITION:5:0.2515:0.0503 END_TURN:1:0.0503:0.0503
ROOT g=87 t=19 ctx=loose n=13 BLITZ:1:0.0685:0.0685 PICKUP:1:0.1781:0.1781 FOUL:1:0.0685:0.0685 REPOSITION:9:0.6164:0.0685 END_TURN:1:0.0685:0.0685
ROOT g=87 t=20 ctx=loose n=12 BLITZ:1:0.0660:0.0660 BLOCK:4:0.3799:0.0950 PICKUP:1:0.1583:0.1583 REPOSITION:5:0.3298:0.0660 END_TURN:1:0.0660:0.0660
ROOT g=87 t=21 ctx=loose n=14 BLITZ:1:0.0633:0.0633 PICKUP:1:0.1772:0.1772 FOUL:2:0.1266:0.0633 REPOSITION:9:0.5696:0.0633 END_TURN:1:0.0633:0.0633
ROOT g=87 t=22 ctx=loose n=12 BLITZ:1:0.0660:0.0660 BLOCK:4:0.3799:0.0950 PICKUP:1:0.1583:0.1583 REPOSITION:5:0.3298:0.0660 END_TURN:1:0.0660:0.0660
ROOT g=87 t=23 ctx=loose n=13 BLITZ:1:0.0685:0.0685 PICKUP:1:0.1781:0.1781 FOUL:1:0.0685:0.0685 REPOSITION:9:0.6164:0.0685 END_TURN:1:0.0685:0.0685
ROOT g=87 t=24 ctx=loose n=13 BLITZ:1:0.0557:0.0557 BLOCK:6:0.5212:0.0869 PICKUP:1:0.1448:0.1448 REPOSITION:4:0.2227:0.0557 END_TURN:1:0.0557:0.0557
ROOT g=87 t=25 ctx=loose n=13 BLITZ:1:0.0685:0.0685 PICKUP:1:0.1781:0.1781 FOUL:1:0.0685:0.0685 REPOSITION:9:0.6164:0.0685 END_TURN:1:0.0685:0.0685
ROOT g=87 t=26 ctx=loose n=12 BLITZ:1:0.0605:0.0605 BLOCK:3:0.2615:0.0872 PICKUP:1:0.2542:0.2542 REPOSITION:6:0.3632:0.0605 END_TURN:1:0.0605:0.0605
ROOT g=87 t=27 ctx=loose n=13 BLITZ:1:0.0604:0.0604 PICKUP:1:0.2749:0.2749 FOUL:1:0.0604:0.0604 REPOSITION:9:0.5438:0.0604 END_TURN:1:0.0604:0.0604
ROOT g=87 t=28 ctx=loose n=14 BLITZ:1:0.0559:0.0559 PICKUP:1:0.2737:0.2737 FOUL:2:0.1117:0.0559 REPOSITION:9:0.5028:0.0559 END_TURN:1:0.0559:0.0559
ROOT g=87 t=29 ctx=loose n=12 BLITZ:1:0.0658:0.0658 PICKUP:1:0.2763:0.2763 REPOSITION:9:0.5921:0.0658 END_TURN:1:0.0658:0.0658
ROOT g=87 t=30 ctx=loose n=14 BLITZ:1:0.0559:0.0559 PICKUP:1:0.2737:0.2737 FOUL:2:0.1117:0.0559 REPOSITION:9:0.5028:0.0559 END_TURN:1:0.0559:0.0559
ROOT g=87 t=31 ctx=loose n=12 BLITZ:1:0.0658:0.0658 PICKUP:1:0.2763:0.2763 REPOSITION:9:0.5921:0.0658 END_TURN:1:0.0658:0.0658
ROOT g=88 t=0 ctx=loose n=13 BLITZ:1:0.0614:0.0614 BLOCK:3:0.2875:0.0958 PICKUP:1:0.1597:0.1597 REPOSITION:7:0.4300:0.0614 END_TURN:1:0.0614:0.0614
ROOT g=88 t=1 ctx=loose n=11 BLITZ:1:0.0909:0.0909 REPOSITION:9:0.8182:0.0909 END_TURN:1:0.0909:0.0909
ROOT g=88 t=2 ctx=loose n=12 BLITZ:1:0.0683:0.0683 BLOCK:6:0.5902:0.0984 REPOSITION:4:0.2732:0.0683 END_TURN:1:0.0683:0.0683
ROOT g=88 t=3 ctx=loose n=11 BLITZ:1:0.0799:0.0799 BLOCK:1:0.1054:0.1054 PICKUP:1:0.1757:0.1757 REPOSITION:7:0.5591:0.0799 END_TURN:1:0.0799:0.0799
ROOT g=88 t=4 ctx=loose n=11 BLITZ:1:0.0799:0.0799 BLOCK:1:0.1054:0.1054 PICKUP:1:0.1757:0.1757 REPOSITION:7:0.5591:0.0799 END_TURN:1:0.0799:0.0799
ROOT g=88 t=5 ctx=loose n=14 BLITZ:1:0.0607:0.0607 BLOCK:1:0.1019:0.1019 PICKUP:1:0.1699:0.1699 FOUL:3:0.1820:0.0607 REPOSITION:7:0.4248:0.0607 END_TURN:1:0.0607:0.0607
ROOT g=88 t=6 ctx=loose n=12 BLITZ:1:0.0746:0.0746 PICKUP:1:0.1791:0.1791 FOUL:1:0.0746:0.0746 REPOSITION:8:0.5970:0.0746 END_TURN:1:0.0746:0.0746
ROOT g=88 t=7 ctx=loose n=11 BLITZ:1:0.0820:0.0820 PICKUP:1:0.1803:0.1803 FOUL:2:0.1639:0.0820 REPOSITION:6:0.4918:0.0820 END_TURN:1:0.0820:0.0820
ROOT g=88 t=8 ctx=loose n=10 BLITZ:1:0.0909:0.0909 PICKUP:1:0.1818:0.1818 REPOSITION:7:0.6364:0.0909 END_TURN:1:0.0909:0.0909
ROOT g=88 t=9 ctx=loose n=12 BLITZ:1:0.0746:0.0746 PICKUP:1:0.1791:0.1791 FOUL:2:0.1493:0.0746 REPOSITION:7:0.5224:0.0746 END_TURN:1:0.0746:0.0746
ROOT g=88 t=10 ctx=loose n=9 BLITZ:1:0.0898:0.0898 BLOCK:1:0.0970:0.0970 PICKUP:1:0.2830:0.2830 REPOSITION:5:0.4492:0.0898 END_TURN:1:0.0809:0.0809
ROOT g=88 t=11 ctx=loose n=12 BLITZ:1:0.0658:0.0658 PICKUP:1:0.2763:0.2763 FOUL:3:0.1974:0.0658 REPOSITION:6:0.3947:0.0658 END_TURN:1:0.0658:0.0658
ROOT g=88 t=12 ctx=loose n=9 BLITZ:1:0.0880:0.0880 BLOCK:4:0.3799:0.0950 PICKUP:1:0.2770:0.2770 REPOSITION:2:0.1759:0.0880 END_TURN:1:0.0792:0.0792
ROOT g=88 t=13 ctx=loose n=13 BLITZ:1:0.0604:0.0604 PICKUP:1:0.2749:0.2749 FOUL:4:0.2417:0.0604 REPOSITION:6:0.3625:0.0604 END_TURN:1:0.0604:0.0604
ROOT g=88 t=14 ctx=loose n=7 BLITZ:1:0.1227:0.1227 PICKUP:1:0.3006:0.3006 REPOSITION:4:0.4908:0.1227 END_TURN:1:0.0859:0.0859
ROOT g=88 t=15 ctx=loose n=13 BLITZ:1:0.0584:0.0584 BLOCK:1:0.0912:0.0912 PICKUP:1:0.2659:0.2659 FOUL:4:0.2338:0.0584 REPOSITION:5:0.2922:0.0584 END_TURN:1:0.0584:0.0584
ROOT g=88 t=16 ctx=loose n=13 BLITZ:1:0.0614:0.0614 BLOCK:3:0.2875:0.0958 PICKUP:1:0.1597:0.1597 REPOSITION:7:0.4300:0.0614 END_TURN:1:0.0614:0.0614
ROOT g=88 t=17 ctx=loose n=12 BLITZ:1:0.0746:0.0746 PICKUP:1:0.1791:0.1791 REPOSITION:9:0.6716:0.0746 END_TURN:1:0.0746:0.0746
ROOT g=88 t=18 ctx=loose n=13 BLITZ:1:0.0685:0.0685 PICKUP:1:0.1781:0.1781 REPOSITION:10:0.6849:0.0685 END_TURN:1:0.0685:0.0685
ROOT g=88 t=19 ctx=loose n=13 BLITZ:1:0.0685:0.0685 PICKUP:1:0.1781:0.1781 REPOSITION:10:0.6849:0.0685 END_TURN:1:0.0685:0.0685
ROOT g=88 t=20 ctx=loose n=15 BLITZ:1:0.0459:0.0459 BLOCK:6:0.4954:0.0826 PICKUP:1:0.1376:0.1376 FOUL:1:0.0459:0.0459 REPOSITION:5:0.2294:0.0459 END_TURN:1:0.0459:0.0459
ROOT g=88 t=21 ctx=loose n=12 BLITZ:1:0.0746:0.0746 PICKUP:1:0.1791:0.1791 REPOSITION:9:0.6716:0.0746 END_TURN:1:0.0746:0.0746
ROOT g=88 t=22 ctx=loose n=9 BLITZ:1:0.1031:0.1031 PICKUP:1:0.1856:0.1856 REPOSITION:6:0.6186:0.1031 END_TURN:1:0.0928:0.0928
ROOT g=88 t=23 ctx=loose n=16 BLITZ:1:0.0422:0.0422 BLOCK:6:0.4857:0.0809 PICKUP:1:0.1349:0.1349 REPOSITION:7:0.2951:0.0422 END_TURN:1:0.0422:0.0422
ROOT g=88 t=24 ctx=loose n=9 BLITZ:1:0.1031:0.1031 PICKUP:1:0.1856:0.1856 REPOSITION:6:0.6186:0.1031 END_TURN:1:0.0928:0.0928
ROOT g=88 t=25 ctx=loose n=11 BLITZ:1:0.0820:0.0820 PICKUP:1:0.1803:0.1803 FOUL:1:0.0820:0.0820 REPOSITION:7:0.5738:0.0820 END_TURN:1:0.0820:0.0820
ROOT g=88 t=26 ctx=loose n=11 BLITZ:1:0.0722:0.0722 PICKUP:1:0.2780:0.2780 REPOSITION:8:0.5776:0.0722 END_TURN:1:0.0722:0.0722
ROOT g=88 t=27 ctx=def n=10 BLITZ:2:0.3333:0.1667 REPOSITION:7:0.5833:0.0833 END_TURN:1:0.0833:0.0833
ROOT g=88 t=28 ctx=off n=17 ADVANCE:1:0.0849:0.0849 CAGE:1:0.0849:0.0849 BLITZ:1:0.0416:0.0416 PASS_ACTION:1:0.0416:0.0416 FOUL:4:0.1665:0.0416 REPOSITION:7:0.2913:0.0416 END_TURN:1:0.0416:0.0416 BLITZ_AND_SCORE:1:0.2476:0.2476
ROOT g=88 t=29 ctx=def n=7 BLITZ:2:0.3733:0.1867 REPOSITION:4:0.5333:0.1333 END_TURN:1:0.0933:0.0933
ROOT g=88 t=30 ctx=off n=17 ADVANCE:1:0.0580:0.0580 CAGE:1:0.0580:0.0580 BLITZ:1:0.0284:0.0284 BLOCK:5:0.2899:0.0580 PASS_ACTION:1:0.0284:0.0284 FOUL:4:0.1137:0.0284 REPOSITION:2:0.0569:0.0284 END_TURN:1:0.0284:0.0284 BLITZ_AND_SCORE:1:0.3383:0.3383
ROOT g=88 t=31 ctx=def n=10 BLITZ:2:0.3333:0.1667 FOUL:3:0.2500:0.0833 REPOSITION:4:0.3333:0.0833 END_TURN:1:0.0833:0.0833
ROOT g=89 t=0 ctx=loose n=13 BLITZ:1:0.0614:0.0614 BLOCK:3:0.2875:0.0958 PICKUP:1:0.1597:0.1597 REPOSITION:7:0.4300:0.0614 END_TURN:1:0.0614:0.0614
ROOT g=89 t=1 ctx=def n=11 BLITZ:2:0.3284:0.1642 REPOSITION:8:0.5970:0.0746 END_TURN:1:0.0746:0.0746
ROOT g=89 t=2 ctx=off n=27 ADVANCE:1:0.0961:0.0961 CAGE:1:0.0961:0.0961 BLITZ:1:0.0297:0.0297 BLOCK:1:0.0961:0.0961 PASS_ACTION:10:0.2966:0.0297 FOUL:4:0.1186:0.0297 REPOSITION:8:0.2372:0.0297 END_TURN:1:0.0297:0.0297
ROOT g=89 t=3 ctx=def n=11 BLITZ:2:0.3284:0.1642 REPOSITION:8:0.5970:0.0746 END_TURN:1:0.0746:0.0746
ROOT g=89 t=4 ctx=off n=24 ADVANCE:1:0.0972:0.0972 CAGE:1:0.0972:0.0972 BLITZ:1:0.0337:0.0337 BLOCK:1:0.0972:0.0972 PASS_ACTION:8:0.2699:0.0337 FOUL:4:0.1350:0.0337 REPOSITION:7:0.2362:0.0337 END_TURN:1:0.0337:0.0337
ROOT g=89 t=5 ctx=def n=11 BLITZ:2:0.3284:0.1642 REPOSITION:8:0.5970:0.0746 END_TURN:1:0.0746:0.0746
ROOT g=89 t=6 ctx=off n=20 ADVANCE:1:0.0805:0.0805 CAGE:1:0.0805:0.0805 BLITZ:1:0.0336:0.0336 BLOCK:5:0.4027:0.0805 PASS_ACTION:3:0.1007:0.0336 FOUL:3:0.1007:0.0336 REPOSITION:5:0.1678:0.0336 END_TURN:1:0.0336:0.0336
ROOT g=89 t=7 ctx=def n=11 BLITZ:2:0.3284:0.1642 FOUL:2:0.1493:0.0746 REPOSITION:6:0.4478:0.0746 END_TURN:1:0.0746:0.0746
ROOT g=89 t=8 ctx=off n=21 ADVANCE:1:0.0723:0.0723 CAGE:1:0.0723:0.0723 BLITZ:1:0.0287:0.0287 BLOCK:5:0.3617:0.0723 PASS_ACTION:1:0.0287:0.0287 FOUL:5:0.1435:0.0287 REPOSITION:5:0.1435:0.0287 END_TURN:1:0.0287:0.0287 BLITZ_AND_SCORE:1:0.1206:0.1206
ROOT g=89 t=9 ctx=def n=9 BLITZ:2:0.3403:0.1701 BLOCK:1:0.1021:0.1021 FOUL:2:0.1890:0.0945 REPOSITION:3:0.2836:0.0945 END_TURN:1:0.0851:0.0851
ROOT g=89 t=10 ctx=off n=18 ADVANCE:1:0.0818:0.0818 CAGE:1:0.0818:0.0818 BLITZ:1:0.0379:0.0379 BLOCK:3:0.2455:0.0818 PASS_ACTION:2:0.0758:0.0379 FOUL:4:0.1515:0.0379 REPOSITION:4:0.1515:0.0379 END_TURN:1:0.0379:0.0379 BLITZ_AND_SCORE:1:0.1364:0.1364
ROOT g=89 t=11 ctx=def n=12 BLITZ:2:0.3243:0.1622 FOUL:4:0.2703:0.0676 REPOSITION:5:0.3378:0.0676 END_TURN:1:0.0676:0.0676
ROOT g=89 t=12 ctx=off n=16 ADVANCE:1:0.0856:0.0856 CAGE:1:0.0856:0.0856 BLITZ:1:0.0446:0.0446 PASS_ACTION:2:0.0891:0.0446 FOUL:3:0.1337:0.0446 REPOSITION:6:0.2674:0.0446 END_TURN:1:0.0446:0.0446 BLITZ_AND_SCORE:1:0.2496:0.2496
ROOT g=89 t=13 ctx=def n=10 BLITZ:2:0.3333:0.1667 FOUL:3:0.2500:0.0833 REPOSITION:4:0.3333:0.0833 END_TURN:1:0.0833:0.0833
ROOT g=89 t=14 ctx=off n=11 SCORE:1:0.3400:0.3400 CAGE:1:0.0453:0.0453 BLITZ:1:0.0343:0.0343 FOUL:1:0.0343:0.0343 REPOSITION:5:0.1717:0.0343 END_TURN:1:0.0343:0.0343 BLITZ_AND_SCORE:1:0.3400:0.3400
ROOT g=89 t=15 ctx=loose n=13 BLITZ:1:0.0549:0.0549 BLOCK:3:0.2567:0.0856 PICKUP:1:0.2496:0.2496 REPOSITION:7:0.3840:0.0549 END_TURN:1:0.0549:0.0549
ROOT g=89 t=16 ctx=loose n=13 BLITZ:1:0.0569:0.0569 BLOCK:3:0.2662:0.0887 PICKUP:1:0.2218:0.2218 REPOSITION:7:0.3982:0.0569 END_TURN:1:0.0569:0.0569
ROOT g=89 t=17 ctx=def n=10 BLITZ:2:0.3333:0.1667 REPOSITION:7:0.5833:0.0833 END_TURN:1:0.0833:0.0833
ROOT g=89 t=18 ctx=off n=23 ADVANCE:1:0.0976:0.0976 CAGE:1:0.0976:0.0976 BLITZ:1:0.0354:0.0354 BLOCK:1:0.0976:0.0976 PASS_ACTION:8:0.2829:0.0354 FOUL:2:0.0707:0.0354 REPOSITION:8:0.2829:0.0354 END_TURN:1:0.0354:0.0354
ROOT g=89 t=19 ctx=def n=11 BLITZ:2:0.3284:0.1642 REPOSITION:8:0.5970:0.0746 END_TURN:1:0.0746:0.0746
ROOT g=89 t=20 ctx=off n=19 ADVANCE:1:0.0998:0.0998 CAGE:1:0.0998:0.0998 BLITZ:1:0.0438:0.0438 BLOCK:1:0.0998:0.0998 PASS_ACTION:3:0.1313:0.0438 FOUL:2:0.0876:0.0438 REPOSITION:9:0.3940:0.0438 END_TURN:1:0.0438:0.0438
ROOT g=89 t=21 ctx=def n=9 BLITZ:2:0.3429:0.1714 REPOSITION:6:0.5714:0.0952 END_TURN:1:0.0857:0.0857
ROOT g=89 t=22 ctx=def n=14 BLITZ:2:0.2851:0.1426 BLOCK:3:0.2566:0.0855 FOUL:1:0.0509:0.0509 REPOSITION:7:0.3564:0.0509 END_TURN:1:0.0509:0.0509
ROOT g=89 t=23 ctx=off n=12 ADVANCE:1:0.1268:0.1268 CAGE:1:0.1268:0.1268 BLITZ:1:0.0880:0.0880 PASS_ACTION:1:0.0880:0.0880 FOUL:1:0.0880:0.0880 REPOSITION:4:0.3521:0.0880 END_TURN:1:0.0880:0.0880 BLITZ_AND_SCORE:1:0.0211:0.0211 PASS_SCORE:1:0.0211:0.0211
ROOT g=89 t=24 ctx=def n=17 BLITZ:2:0.3119:0.1560 FOUL:4:0.1835:0.0459 REPOSITION:10:0.4587:0.0459 END_TURN:1:0.0459:0.0459
ROOT g=89 t=25 ctx=off n=12 SCORE:1:0.0205:0.0205 CAGE:1:0.1233:0.1233 BLITZ:1:0.0856:0.0856 PASS_ACTION:2:0.1712:0.0856 FOUL:2:0.1712:0.0856 REPOSITION:4:0.3425:0.0856 END_TURN:1:0.0856:0.0856
ROOT g=89 t=26 ctx=def n=15 BLITZ:2:0.3158:0.1579 FOUL:3:0.1579:0.0526 REPOSITION:9:0.4737:0.0526 END_TURN:1:0.0526:0.0526
ROOT g=89 t=27 ctx=off n=11 SCORE:1:0.0203:0.0203 CAGE:1:0.1215:0.1215 BLITZ:1:0.0921:0.0921 BLOCK:1:0.1215:0.1215 PASS_ACTION:2:0.1842:0.0921 FOUL:1:0.0921:0.0921 REPOSITION:3:0.2762:0.0921 END_TURN:1:0.0921:0.0921
ROOT g=89 t=28 ctx=def n=13 BLITZ:2:0.3210:0.1605 FOUL:2:0.1235:0.0617 REPOSITION:8:0.4938:0.0617 END_TURN:1:0.0617:0.0617
ROOT g=89 t=29 ctx=def n=8 BLITZ:2:0.3556:0.1778 FOUL:2:0.2222:0.1111 REPOSITION:3:0.3333:0.1111 END_TURN:1:0.0889:0.0889
ROOT g=89 t=30 ctx=off n=13 ADVANCE:1:0.1105:0.1105 CAGE:1:0.1105:0.1105 BLITZ:1:0.0708:0.0708 PASS_ACTION:1:0.0708:0.0708 FOUL:3:0.2125:0.0708 REPOSITION:5:0.3541:0.0708 END_TURN:1:0.0708:0.0708
ROOT g=89 t=31 ctx=loose n=7 BLITZ:1:0.1227:0.1227 PICKUP:1:0.3006:0.3006 FOUL:2:0.2454:0.1227 REPOSITION:2:0.2454:0.1227 END_TURN:1:0.0859:0.0859
ROOT g=90 t=0 ctx=loose n=13 BLITZ:1:0.0614:0.0614 BLOCK:3:0.2875:0.0958 PICKUP:1:0.1597:0.1597 REPOSITION:7:0.4300:0.0614 END_TURN:1:0.0614:0.0614
ROOT g=90 t=1 ctx=def n=12 BLITZ:2:0.3243:0.1622 REPOSITION:9:0.6081:0.0676 END_TURN:1:0.0676:0.0676
ROOT g=90 t=2 ctx=off n=16 ADVANCE:1:0.0932:0.0932 CAGE:1:0.0932:0.0932 BLITZ:1:0.0485:0.0485 BLOCK:3:0.2796:0.0932 PASS_ACTION:3:0.1456:0.0485 REPOSITION:6:0.2913:0.0485 END_TURN:1:0.0485:0.0485
ROOT g=90 t=3 ctx=def n=11 BLITZ:2:0.3284:0.1642 REPOSITION:8:0.5970:0.0746 END_TURN:1:0.0746:0.0746
ROOT g=90 t=4 ctx=off n=23 ADVANCE:1:0.0976:0.0976 CAGE:1:0.0976:0.0976 BLITZ:1:0.0354:0.0354 BLOCK:1:0.0976:0.0976 PASS_ACTION:9:0.3182:0.0354 FOUL:1:0.0354:0.0354 REPOSITION:8:0.2829:0.0354 END_TURN:1:0.0354:0.0354
ROOT g=90 t=5 ctx=def n=11 BLITZ:2:0.3284:0.1642 REPOSITION:8:0.5970:0.0746 END_TURN:1:0.0746:0.0746
ROOT g=90 t=6 ctx=off n=19 ADVANCE:1:0.0998:0.0998 CAGE:1:0.0998:0.0998 BLITZ:1:0.0438:0.0438 BLOCK:1:0.0998:0.0998 PASS_ACTION:7:0.3065:0.0438 FOUL:1:0.0438:0.0438 REPOSITION:6:0.2627:0.0438 END_TURN:1:0.0438:0.0438
ROOT g=90 t=7 ctx=def n=10 BLITZ:2:0.3279:0.1639 BLOCK:1:0.0984:0.0984 REPOSITION:6:0.4918:0.0820 END_TURN:1:0.0820:0.0820
ROOT g=90 t=8 ctx=off n=16 ADVANCE:1:0.1023:0.1023 CAGE:1:0.1023:0.1023 BLITZ:1:0.0533:0.0533 BLOCK:1:0.1023:0.1023 PASS_ACTION:5:0.2665:0.0533 FOUL:1:0.0533:0.0533 REPOSITION:5:0.2665:0.0533 END_TURN:1:0.0533:0.0533
ROOT g=90 t=9 ctx=def n=11 BLITZ:2:0.3207:0.1603 BLOCK:1:0.0962:0.0962 FOUL:1:0.0729:0.0729 REPOSITION:6:0.4373:0.0729 END_TURN:1:0.0729:0.0729
ROOT g=90 t=10 ctx=off n=17 ADVANCE:1:0.1014:0.1014 CAGE:1:0.1014:0.1014 BLITZ:1:0.0497:0.0497 BLOCK:1:0.1014:0.1014 PASS_ACTION:5:0.2485:0.0497 FOUL:2:0.0994:0.0497 REPOSITION:5:0.2485:0.0497 END_TURN:1:0.0497:0.0497
ROOT g=90 t=11 ctx=def n=10 BLITZ:2:0.3279:0.1639 BLOCK:1:0.0984:0.0984 FOUL:1:0.0820:0.0820 REPOSITION:5:0.4098:0.0820 END_TURN:1:0.0820:0.0820
ROOT g=90 t=12 ctx=off n=14 ADVANCE:1:0.1047:0.1047 CAGE:1:0.1047:0.1047 BLITZ:1:0.0623:0.0623 BLOCK:1:0.1047:0.1047 PASS_ACTION:4:0.2494:0.0623 FOUL:3:0.1870:0.0623 REPOSITION:2:0.1247:0.0623 END_TURN:1:0.0623:0.0623
ROOT g=90 t=13 ctx=def n=8 BLITZ:2:0.3556:0.1778 BLOCK:2:0.2222:0.1111 FOUL:1:0.1111:0.1111 REPOSITION:2:0.2222:0.1111 END_TURN:1:0.0889:0.0889
ROOT g=90 t=14 ctx=off n=12 ADVANCE:1:0.1118:0.1118 CAGE:1:0.1118:0.1118 BLITZ:1:0.0776:0.0776 PASS_ACTION:2:0.1553:0.0776 FOUL:4:0.3106:0.0776 REPOSITION:2:0.1553:0.0776 END_TURN:1:0.0776:0.0776
ROOT g=90 t=15 ctx=def n=10 BLITZ:2:0.3333:0.1667 FOUL:1:0.0833:0.0833 REPOSITION:6:0.5000:0.0833 END_TURN:1:0.0833:0.0833
ROOT g=90 t=16 ctx=loose n=13 BLITZ:1:0.0614:0.0614 BLOCK:3:0.2875:0.0958 PICKUP:1:0.1597:0.1597 REPOSITION:7:0.4300:0.0614 END_TURN:1:0.0614:0.0614
ROOT g=90 t=17 ctx=def n=12 BLITZ:2:0.3243:0.1622 REPOSITION:9:0.6081:0.0676 END_TURN:1:0.0676:0.0676
ROOT g=90 t=18 ctx=off n=23 ADVANCE:1:0.0976:0.0976 CAGE:1:0.0976:0.0976 BLITZ:1:0.0354:0.0354 BLOCK:1:0.0976:0.0976 PASS_ACTION:8:0.2829:0.0354 FOUL:1:0.0354:0.0354 REPOSITION:9:0.3182:0.0354 END_TURN:1:0.0354:0.0354
ROOT g=90 t=19 ctx=def n=12 BLITZ:2:0.3243:0.1622 REPOSITION:9:0.6081:0.0676 END_TURN:1:0.0676:0.0676
ROOT g=90 t=20 ctx=off n=25 ADVANCE:1:0.0968:0.0968 CAGE:1:0.0968:0.0968 BLITZ:1:0.0323:0.0323 BLOCK:1:0.0968:0.0968 PASS_ACTION:8:0.2581:0.0323 FOUL:3:0.0968:0.0323 REPOSITION:9:0.2903:0.0323 END_TURN:1:0.0323:0.0323
ROOT g=90 t=21 ctx=def n=11 BLITZ:2:0.3284:0.1642 REPOSITION:8:0.5970:0.0746 END_TURN:1:0.0746:0.0746
ROOT g=90 t=22 ctx=off n=25 ADVANCE:1:0.0968:0.0968 CAGE:1:0.0968:0.0968 BLITZ:1:0.0323:0.0323 BLOCK:1:0.0968:0.0968 PASS_ACTION:8:0.2581:0.0323 FOUL:3:0.0968:0.0323 REPOSITION:9:0.2903:0.0323 END_TURN:1:0.0323:0.0323
ROOT g=90 t=23 ctx=def n=10 BLITZ:2:0.3333:0.1667 REPOSITION:7:0.5833:0.0833 END_TURN:1:0.0833:0.0833
ROOT g=90 t=24 ctx=off n=27 ADVANCE:1:0.0961:0.0961 CAGE:1:0.0961:0.0961 BLITZ:1:0.0297:0.0297 BLOCK:1:0.0961:0.0961 PASS_ACTION:8:0.2372:0.0297 FOUL:5:0.1483:0.0297 REPOSITION:9:0.2669:0.0297 END_TURN:1:0.0297:0.0297
ROOT g=90 t=25 ctx=def n=9 BLITZ:2:0.3429:0.1714 REPOSITION:6:0.5714:0.0952 END_TURN:1:0.0857:0.0857
ROOT g=90 t=26 ctx=off n=27 ADVANCE:1:0.0961:0.0961 CAGE:1:0.0961:0.0961 BLITZ:1:0.0297:0.0297 BLOCK:1:0.0961:0.0961 PASS_ACTION:8:0.2372:0.0297 FOUL:5:0.1483:0.0297 REPOSITION:9:0.2669:0.0297 END_TURN:1:0.0297:0.0297
ROOT g=90 t=27 ctx=def n=9 BLITZ:2:0.3429:0.1714 REPOSITION:6:0.5714:0.0952 END_TURN:1:0.0857:0.0857
ROOT g=90 t=28 ctx=off n=27 ADVANCE:1:0.0961:0.0961 CAGE:1:0.0961:0.0961 BLITZ:1:0.0297:0.0297 BLOCK:1:0.0961:0.0961 PASS_ACTION:8:0.2372:0.0297 FOUL:5:0.1483:0.0297 REPOSITION:9:0.2669:0.0297 END_TURN:1:0.0297:0.0297
ROOT g=90 t=29 ctx=def n=6 BLITZ:2:0.4000:0.2000 BLOCK:1:0.1667:0.1667 REPOSITION:2:0.3333:0.1667 END_TURN:1:0.1000:0.1000
ROOT g=90 t=30 ctx=off n=19 ADVANCE:1:0.0998:0.0998 CAGE:1:0.0998:0.0998 BLITZ:1:0.0438:0.0438 BLOCK:1:0.0998:0.0998 PASS_ACTION:1:0.0438:0.0438 FOUL:5:0.2189:0.0438 REPOSITION:8:0.3503:0.0438 END_TURN:1:0.0438:0.0438
ROOT g=90 t=31 ctx=def n=5 BLITZ:2:0.4444:0.2222 REPOSITION:2:0.4444:0.2222 END_TURN:1:0.1111:0.1111
ROOT g=91 t=0 ctx=loose n=13 BLITZ:1:0.0614:0.0614 BLOCK:3:0.2875:0.0958 PICKUP:1:0.1597:0.1597 REPOSITION:7:0.4300:0.0614 END_TURN:1:0.0614:0.0614
ROOT g=91 t=1 ctx=def n=10 BLITZ:2:0.3333:0.1667 REPOSITION:7:0.5833:0.0833 END_TURN:1:0.0833:0.0833
ROOT g=91 t=2 ctx=off n=24 ADVANCE:1:0.0862:0.0862 CAGE:1:0.0862:0.0862 BLITZ:1:0.0299:0.0299 BLOCK:3:0.2587:0.0862 PASS_ACTION:10:0.2994:0.0299 FOUL:2:0.0599:0.0299 REPOSITION:5:0.1497:0.0299 END_TURN:1:0.0299:0.0299
ROOT g=91 t=3 ctx=def n=9 BLITZ:2:0.3429:0.1714 REPOSITION:6:0.5714:0.0952 END_TURN:1:0.0857:0.0857
ROOT g=91 t=4 ctx=off n=21 ADVANCE:1:0.1048:0.1048 CAGE:1:0.1048:0.1048 BLITZ:1:0.0416:0.0416 PASS_ACTION:7:0.2912:0.0416 FOUL:3:0.1248:0.0416 REPOSITION:7:0.2912:0.0416 END_TURN:1:0.0416:0.0416
ROOT g=91 t=5 ctx=def n=8 BLITZ:2:0.3556:0.1778 REPOSITION:5:0.5556:0.1111 END_TURN:1:0.0889:0.0889
ROOT g=91 t=6 ctx=off n=21 ADVANCE:1:0.1048:0.1048 CAGE:1:0.1048:0.1048 BLITZ:1:0.0416:0.0416 PASS_ACTION:7:0.2912:0.0416 FOUL:3:0.1248:0.0416 REPOSITION:7:0.2912:0.0416 END_TURN:1:0.0416:0.0416
ROOT g=91 t=7 ctx=def n=7 BLITZ:2:0.3733:0.1867 REPOSITION:4:0.5333:0.1333 END_TURN:1:0.0933:0.0933
ROOT g=91 t=8 ctx=off n=19 ADVANCE:1:0.1058:0.1058 CAGE:1:0.1058:0.1058 BLITZ:1:0.0464:0.0464 PASS_ACTION:6:0.2783:0.0464 FOUL:2:0.0928:0.0464 REPOSITION:7:0.3247:0.0464 END_TURN:1:0.0464:0.0464
ROOT g=91 t=9 ctx=def n=6 BLITZ:2:0.4000:0.2000 REPOSITION:3:0.5000:0.1667 END_TURN:1:0.1000:0.1000
ROOT g=91 t=10 ctx=off n=16 ADVANCE:1:0.1076:0.1076 CAGE:1:0.1076:0.1076 BLITZ:1:0.0561:0.0561 PASS_ACTION:3:0.1682:0.0561 FOUL:2:0.1121:0.0561 REPOSITION:7:0.3924:0.0561 END_TURN:1:0.0561:0.0561
ROOT g=91 t=11 ctx=def n=6 BLITZ:2:0.4000:0.2000 REPOSITION:3:0.5000:0.1667 END_TURN:1:0.1000:0.1000
ROOT g=91 t=12 ctx=off n=16 ADVANCE:1:0.1076:0.1076 CAGE:1:0.1076:0.1076 BLITZ:1:0.0561:0.0561 PASS_ACTION:1:0.0561:0.0561 FOUL:3:0.1682:0.0561 REPOSITION:8:0.4484:0.0561 END_TURN:1:0.0561:0.0561
ROOT g=91 t=13 ctx=def n=5 BLITZ:2:0.4444:0.2222 REPOSITION:2:0.4444:0.2222 END_TURN:1:0.1111:0.1111
ROOT g=91 t=14 ctx=off n=13 SCORE:1:0.4823:0.4823 CAGE:1:0.0643:0.0643 BLITZ:1:0.0412:0.0412 FOUL:1:0.0412:0.0412 REPOSITION:8:0.3298:0.0412 END_TURN:1:0.0412:0.0412
ROOT g=91 t=15 ctx=off n=21 ADVANCE:1:0.0881:0.0881 CAGE:1:0.0881:0.0881 BLITZ:1:0.0350:0.0350 BLOCK:3:0.2643:0.0881 PASS_ACTION:8:0.2797:0.0350 REPOSITION:6:0.2098:0.0350 END_TURN:1:0.0350:0.0350
ROOT g=91 t=16 ctx=loose n=13 BLITZ:1:0.0569:0.0569 BLOCK:3:0.2662:0.0887 PICKUP:1:0.2218:0.2218 REPOSITION:7:0.3982:0.0569 END_TURN:1:0.0569:0.0569
ROOT g=91 t=17 ctx=loose n=11 BLITZ:1:0.0909:0.0909 REPOSITION:9:0.8182:0.0909 END_TURN:1:0.0909:0.0909
ROOT g=91 t=18 ctx=loose n=12 BLITZ:1:0.0611:0.0611 BLOCK:4:0.3521:0.0880 PICKUP:1:0.2200:0.2200 REPOSITION:5:0.3056:0.0611 END_TURN:1:0.0611:0.0611
ROOT g=91 t=19 ctx=def n=14 BLITZ:2:0.3182:0.1591 FOUL:2:0.1136:0.0568 REPOSITION:9:0.5114:0.0568 END_TURN:1:0.0568:0.0568
ROOT g=91 t=20 ctx=off n=19 ADVANCE:1:0.0945:0.0945 CAGE:1:0.0945:0.0945 BLITZ:1:0.0415:0.0415 BLOCK:2:0.1891:0.0945 PASS_ACTION:8:0.3317:0.0415 REPOSITION:5:0.2073:0.0415 END_TURN:1:0.0415:0.0415
ROOT g=91 t=21 ctx=def n=14 BLITZ:2:0.3182:0.1591 FOUL:2:0.1136:0.0568 REPOSITION:9:0.5114:0.0568 END_TURN:1:0.0568:0.0568
ROOT g=91 t=22 ctx=off n=18 ADVANCE:1:0.0808:0.0808 CAGE:1:0.0808:0.0808 BLITZ:1:0.0374:0.0374 BLOCK:4:0.3234:0.0808 PASS_ACTION:3:0.1123:0.0374 REPOSITION:3:0.1123:0.0374 END_TURN:1:0.0374:0.0374 BLITZ_AND_SCORE:1:0.0539:0.0539 HAND_OFF_SCORE:1:0.0539:0.0539 PASS_SCORE:1:0.0539:0.0539 CHAIN_SCORE:1:0.0539:0.0539
ROOT g=91 t=23 ctx=def n=11 BLITZ:2:0.3134:0.1567 BLOCK:2:0.1880:0.0940 REPOSITION:6:0.4274:0.0712 END_TURN:1:0.0712:0.0712
ROOT g=91 t=24 ctx=def n=11 BLITZ:2:0.3207:0.1603 BLOCK:1:0.0962:0.0962 FOUL:1:0.0729:0.0729 REPOSITION:6:0.4373:0.0729 END_TURN:1:0.0729:0.0729
ROOT g=91 t=25 ctx=off n=15 ADVANCE:1:0.1084:0.1084 CAGE:1:0.1084:0.1084 BLITZ:1:0.0602:0.0602 PASS_ACTION:5:0.3012:0.0602 REPOSITION:6:0.3614:0.0602 END_TURN:1:0.0602:0.0602
ROOT g=91 t=26 ctx=def n=12 BLITZ:2:0.3243:0.1622 FOUL:2:0.1351:0.0676 REPOSITION:7:0.4730:0.0676 END_TURN:1:0.0676:0.0676
ROOT g=91 t=27 ctx=off n=16 ADVANCE:1:0.1076:0.1076 CAGE:1:0.1076:0.1076 BLITZ:1:0.0561:0.0561 PASS_ACTION:3:0.1682:0.0561 FOUL:2:0.1121:0.0561 REPOSITION:7:0.3924:0.0561 END_TURN:1:0.0561:0.0561
ROOT g=91 t=28 ctx=def n=10 BLITZ:2:0.3333:0.1667 FOUL:2:0.1667:0.0833 REPOSITION:5:0.4167:0.0833 END_TURN:1:0.0833:0.0833
ROOT g=91 t=29 ctx=off n=19 ADVANCE:1:0.0998:0.0998 CAGE:1:0.0998:0.0998 BLITZ:1:0.0438:0.0438 BLOCK:1:0.0998:0.0998 PASS_ACTION:2:0.0876:0.0438 FOUL:5:0.2189:0.0438 REPOSITION:7:0.3065:0.0438 END_TURN:1:0.0438:0.0438
ROOT g=91 t=30 ctx=def n=8 BLITZ:2:0.3556:0.1778 FOUL:1:0.1111:0.1111 REPOSITION:4:0.4444:0.1111 END_TURN:1:0.0889:0.0889
ROOT g=91 t=31 ctx=off n=18 ADVANCE:1:0.1063:0.1063 CAGE:1:0.1063:0.1063 BLITZ:1:0.0492:0.0492 PASS_ACTION:2:0.0984:0.0492 FOUL:5:0.2461:0.0492 REPOSITION:7:0.3445:0.0492 END_TURN:1:0.0492:0.0492
ROOT g=92 t=0 ctx=loose n=13 BLITZ:1:0.0614:0.0614 BLOCK:3:0.2875:0.0958 PICKUP:1:0.1597:0.1597 REPOSITION:7:0.4300:0.0614 END_TURN:1:0.0614:0.0614
ROOT g=92 t=1 ctx=def n=11 BLITZ:2:0.3134:0.1567 BLOCK:2:0.1880:0.0940 REPOSITION:6:0.4274:0.0712 END_TURN:1:0.0712:0.0712
ROOT g=92 t=2 ctx=off n=23 ADVANCE:1:0.1041:0.1041 CAGE:1:0.1041:0.1041 BLITZ:1:0.0377:0.0377 PASS_ACTION:7:0.2640:0.0377 FOUL:4:0.1508:0.0377 REPOSITION:8:0.3017:0.0377 END_TURN:1:0.0377:0.0377
ROOT g=92 t=3 ctx=def n=10 BLITZ:2:0.3226:0.1613 BLOCK:2:0.1935:0.0968 REPOSITION:5:0.4032:0.0806 END_TURN:1:0.0806:0.0806
ROOT g=92 t=4 ctx=off n=23 ADVANCE:1:0.1041:0.1041 CAGE:1:0.1041:0.1041 BLITZ:1:0.0377:0.0377 PASS_ACTION:7:0.2640:0.0377 FOUL:4:0.1508:0.0377 REPOSITION:8:0.3017:0.0377 END_TURN:1:0.0377:0.0377
ROOT g=92 t=5 ctx=def n=8 BLITZ:2:0.3556:0.1778 REPOSITION:5:0.5556:0.1111 END_TURN:1:0.0889:0.0889
ROOT g=92 t=6 ctx=off n=21 ADVANCE:1:0.1048:0.1048 CAGE:1:0.1048:0.1048 BLITZ:1:0.0416:0.0416 PASS_ACTION:4:0.1664:0.0416 FOUL:5:0.2080:0.0416 REPOSITION:8:0.3328:0.0416 END_TURN:1:0.0416:0.0416
ROOT g=92 t=7 ctx=def n=7 BLITZ:2:0.3733:0.1867 REPOSITION:4:0.5333:0.1333 END_TURN:1:0.0933:0.0933
ROOT g=92 t=8 ctx=off n=21 ADVANCE:1:0.1048:0.1048 CAGE:1:0.1048:0.1048 BLITZ:1:0.0416:0.0416 PASS_ACTION:4:0.1664:0.0416 FOUL:5:0.2080:0.0416 REPOSITION:8:0.3328:0.0416 END_TURN:1:0.0416:0.0416
ROOT g=92 t=9 ctx=def n=6 BLITZ:2:0.4000:0.2000 REPOSITION:3:0.5000:0.1667 END_TURN:1:0.1000:0.1000
ROOT g=92 t=10 ctx=off n=22 ADVANCE:1:0.1044:0.1044 CAGE:1:0.1044:0.1044 BLITZ:1:0.0396:0.0396 PASS_ACTION:4:0.1582:0.0396 FOUL:5:0.1978:0.0396 REPOSITION:9:0.3560:0.0396 END_TURN:1:0.0396:0.0396
ROOT g=92 t=11 ctx=def n=6 BLITZ:2:0.4000:0.2000 REPOSITION:3:0.5000:0.1667 END_TURN:1:0.1000:0.1000
ROOT g=92 t=12 ctx=off n=23 ADVANCE:1:0.1041:0.1041 CAGE:1:0.1041:0.1041 BLITZ:1:0.0377:0.0377 PASS_ACTION:4:0.1508:0.0377 FOUL:5:0.1885:0.0377 REPOSITION:10:0.3771:0.0377 END_TURN:1:0.0377:0.0377
ROOT g=92 t=13 ctx=def n=6 BLITZ:2:0.4000:0.2000 REPOSITION:3:0.5000:0.1667 END_TURN:1:0.1000:0.1000
ROOT g=92 t=14 ctx=loose n=19 BLITZ:1:0.0406:0.0406 PICKUP:1:0.2698:0.2698 FOUL:7:0.2840:0.0406 REPOSITION:9:0.3651:0.0406 END_TURN:1:0.0406:0.0406
ROOT g=92 t=15 ctx=loose n=8 BLITZ:1:0.1042:0.1042 PICKUP:1:0.2917:0.2917 FOUL:2:0.2083:0.1042 REPOSITION:3:0.3125:0.1042 END_TURN:1:0.0833:0.0833
ROOT g=92 t=16 ctx=loose n=13 BLITZ:1:0.0614:0.0614 BLOCK:3:0.2875:0.0958 PICKUP:1:0.1597:0.1597 REPOSITION:7:0.4300:0.0614 END_TURN:1:0.0614:0.0614
ROOT g=92 t=17 ctx=def n=12 BLITZ:2:0.3061:0.1531 BLOCK:2:0.1837:0.0918 REPOSITION:7:0.4464:0.0638 END_TURN:1:0.0638:0.0638
ROOT g=92 t=18 ctx=off n=19 ADVANCE:1:0.0945:0.0945 CAGE:1:0.0945:0.0945 BLITZ:1:0.0415:0.0415 BLOCK:2:0.1891:0.0945 PASS_ACTION:8:0.3317:0.0415 REPOSITION:5:0.2073:0.0415 END_TURN:1:0.0415:0.0415
ROOT g=92 t=19 ctx=def n=15 BLITZ:2:0.2913:0.1456 BLOCK:2:0.1748:0.0874 FOUL:3:0.1456:0.0485 REPOSITION:7:0.3398:0.0485 END_TURN:1:0.0485:0.0485
ROOT g=92 t=20 ctx=off n=19 ADVANCE:1:0.0945:0.0945 CAGE:1:0.0945:0.0945 BLITZ:1:0.0415:0.0415 BLOCK:2:0.1891:0.0945 PASS_ACTION:6:0.2488:0.0415 FOUL:2:0.0829:0.0415 REPOSITION:5:0.2073:0.0415 END_TURN:1:0.0415:0.0415
ROOT g=92 t=21 ctx=def n=14 BLITZ:2:0.2954:0.1477 BLOCK:2:0.1772:0.0886 FOUL:3:0.1582:0.0527 REPOSITION:6:0.3165:0.0527 END_TURN:1:0.0527:0.0527
ROOT g=92 t=22 ctx=off n=19 ADVANCE:1:0.0945:0.0945 CAGE:1:0.0945:0.0945 BLITZ:1:0.0415:0.0415 BLOCK:2:0.1891:0.0945 PASS_ACTION:6:0.2488:0.0415 FOUL:2:0.0829:0.0415 REPOSITION:5:0.2073:0.0415 END_TURN:1:0.0415:0.0415
ROOT g=92 t=23 ctx=def n=11 BLITZ:2:0.3134:0.1567 BLOCK:2:0.1880:0.0940 FOUL:2:0.1425:0.0712 REPOSITION:4:0.2849:0.0712 END_TURN:1:0.0712:0.0712
ROOT g=92 t=24 ctx=off n=19 ADVANCE:1:0.1058:0.1058 CAGE:1:0.1058:0.1058 BLITZ:1:0.0464:0.0464 PASS_ACTION:6:0.2783:0.0464 FOUL:2:0.0928:0.0464 REPOSITION:7:0.3247:0.0464 END_TURN:1:0.0464:0.0464
ROOT g=92 t=25 ctx=def n=9 BLITZ:2:0.3429:0.1714 FOUL:1:0.0952:0.0952 REPOSITION:5:0.4762:0.0952 END_TURN:1:0.0857:0.0857
ROOT g=92 t=26 ctx=off n=18 ADVANCE:1:0.1063:0.1063 CAGE:1:0.1063:0.1063 BLITZ:1:0.0492:0.0492 PASS_ACTION:5:0.2461:0.0492 FOUL:2:0.0984:0.0492 REPOSITION:7:0.3445:0.0492 END_TURN:1:0.0492:0.0492
ROOT g=92 t=27 ctx=def n=9 BLITZ:2:0.3352:0.1676 BLOCK:3:0.3017:0.1006 FOUL:1:0.0931:0.0931 REPOSITION:2:0.1862:0.0931 END_TURN:1:0.0838:0.0838
ROOT g=92 t=28 ctx=off n=12 ADVANCE:1:0.1118:0.1118 CAGE:1:0.1118:0.1118 BLITZ:1:0.0776:0.0776 PASS_ACTION:1:0.0776:0.0776 FOUL:1:0.0776:0.0776 REPOSITION:6:0.4658:0.0776 END_TURN:1:0.0776:0.0776
ROOT g=92 t=29 ctx=def n=10 BLITZ:2:0.3333:0.1667 FOUL:3:0.2500:0.0833 REPOSITION:4:0.3333:0.0833 END_TURN:1:0.0833:0.0833
ROOT g=92 t=30 ctx=loose n=8 BLITZ:1:0.1042:0.1042 PICKUP:1:0.2917:0.2917 FOUL:1:0.1042:0.1042 REPOSITION:4:0.4167:0.1042 END_TURN:1:0.0833:0.0833
ROOT g=92 t=31 ctx=def n=10 BLITZ:2:0.3333:0.1667 FOUL:3:0.2500:0.0833 REPOSITION:4:0.3333:0.0833 END_TURN:1:0.0833:0.0833
ROOT g=93 t=0 ctx=loose n=13 BLITZ:1:0.0614:0.0614 BLOCK:3:0.2875:0.0958 PICKUP:1:0.1597:0.1597 REPOSITION:7:0.4300:0.0614 END_TURN:1:0.0614:0.0614
ROOT g=93 t=1 ctx=def n=10 BLITZ:2:0.3333:0.1667 REPOSITION:7:0.5833:0.0833 END_TURN:1:0.0833:0.0833
ROOT g=93 t=2 ctx=off n=27 ADVANCE:1:0.1029:0.1029 CAGE:1:0.1029:0.1029 BLITZ:1:0.0318:0.0318 PASS_ACTION:10:0.3177:0.0318 FOUL:5:0.1588:0.0318 REPOSITION:8:0.2541:0.0318 END_TURN:1:0.0318:0.0318
ROOT g=93 t=3 ctx=def n=9 BLITZ:2:0.3429:0.1714 REPOSITION:6:0.5714:0.0952 END_TURN:1:0.0857:0.0857
ROOT g=93 t=4 ctx=off n=24 ADVANCE:1:0.1037:0.1037 CAGE:1:0.1037:0.1037 BLITZ:1:0.0360:0.0360 PASS_ACTION:8:0.2882:0.0360 FOUL:4:0.1441:0.0360 REPOSITION:8:0.2882:0.0360 END_TURN:1:0.0360:0.0360
ROOT g=93 t=5 ctx=def n=9 BLITZ:2:0.3429:0.1714 REPOSITION:6:0.5714:0.0952 END_TURN:1:0.0857:0.0857
ROOT g=93 t=6 ctx=off n=24 ADVANCE:1:0.1037:0.1037 CAGE:1:0.1037:0.1037 BLITZ:1:0.0360:0.0360 PASS_ACTION:8:0.2882:0.0360 FOUL:4:0.1441:0.0360 REPOSITION:8:0.2882:0.0360 END_TURN:1:0.0360:0.0360
ROOT g=93 t=7 ctx=def n=8 BLITZ:2:0.3556:0.1778 REPOSITION:5:0.5556:0.1111 END_TURN:1:0.0889:0.0889
ROOT g=93 t=8 ctx=off n=24 ADVANCE:1:0.1037:0.1037 CAGE:1:0.1037:0.1037 BLITZ:1:0.0360:0.0360 PASS_ACTION:8:0.2882:0.0360 FOUL:4:0.1441:0.0360 REPOSITION:8:0.2882:0.0360 END_TURN:1:0.0360:0.0360
ROOT g=93 t=9 ctx=def n=7 BLITZ:2:0.3733:0.1867 REPOSITION:4:0.5333:0.1333 END_TURN:1:0.0933:0.0933
ROOT g=93 t=10 ctx=off n=21 ADVANCE:1:0.1048:0.1048 CAGE:1:0.1048:0.1048 BLITZ:1:0.0416:0.0416 PASS_ACTION:7:0.2912:0.0416 FOUL:4:0.1664:0.0416 REPOSITION:6:0.2496:0.0416 END_TURN:1:0.0416:0.0416
ROOT g=93 t=11 ctx=def n=7 BLITZ:2:0.3733:0.1867 FOUL:1:0.1333:0.1333 REPOSITION:3:0.4000:0.1333 END_TURN:1:0.0933:0.0933
ROOT g=93 t=12 ctx=off n=19 ADVANCE:1:0.1058:0.1058 CAGE:1:0.1058:0.1058 BLITZ:1:0.0464:0.0464 PASS_ACTION:6:0.2783:0.0464 FOUL:3:0.1391:0.0464 REPOSITION:6:0.2783:0.0464 END_TURN:1:0.0464:0.0464
ROOT g=93 t=13 ctx=def n=10 BLITZ:2:0.3333:0.1667 FOUL:3:0.2500:0.0833 REPOSITION:4:0.3333:0.0833 END_TURN:1:0.0833:0.0833
ROOT g=93 t=14 ctx=off n=19 ADVANCE:1:0.1058:0.1058 CAGE:1:0.1058:0.1058 BLITZ:1:0.0464:0.0464 PASS_ACTION:6:0.2783:0.0464 FOUL:3:0.1391:0.0464 REPOSITION:6:0.2783:0.0464 END_TURN:1:0.0464:0.0464
ROOT g=93 t=15 ctx=def n=9 BLITZ:2:0.3429:0.1714 FOUL:2:0.1905:0.0952 REPOSITION:4:0.3810:0.0952 END_TURN:1:0.0857:0.0857
ROOT g=93 t=16 ctx=loose n=13 BLITZ:1:0.0614:0.0614 BLOCK:3:0.2875:0.0958 PICKUP:1:0.1597:0.1597 REPOSITION:7:0.4300:0.0614 END_TURN:1:0.0614:0.0614
ROOT g=93 t=17 ctx=def n=11 BLITZ:2:0.3284:0.1642 REPOSITION:8:0.5970:0.0746 END_TURN:1:0.0746:0.0746
ROOT g=93 t=18 ctx=off n=22 ADVANCE:1:0.1044:0.1044 CAGE:1:0.1044:0.1044 BLITZ:1:0.0396:0.0396 PASS_ACTION:10:0.3956:0.0396 FOUL:1:0.0396:0.0396 REPOSITION:7:0.2769:0.0396 END_TURN:1:0.0396:0.0396
ROOT g=93 t=19 ctx=def n=14 BLITZ:2:0.3063:0.1532 BLOCK:1:0.0919:0.0919 FOUL:1:0.0547:0.0547 REPOSITION:9:0.4923:0.0547 END_TURN:1:0.0547:0.0547
ROOT g=93 t=20 ctx=off n=17 ADVANCE:1:0.0919:0.0919 CAGE:1:0.0919:0.0919 BLITZ:1:0.0450:0.0450 BLOCK:3:0.2757:0.0919 PASS_ACTION:4:0.1802:0.0450 REPOSITION:6:0.2703:0.0450 END_TURN:1:0.0450:0.0450
ROOT g=93 t=21 ctx=def n=13 BLITZ:2:0.3103:0.1551 BLOCK:1:0.0931:0.0931 FOUL:2:0.1193:0.0597 REPOSITION:7:0.4177:0.0597 END_TURN:1:0.0597:0.0597
ROOT g=93 t=22 ctx=loose n=8 BLITZ:1:0.1190:0.1190 BLOCK:1:0.1190:0.1190 PICKUP:1:0.1905:0.1905 REPOSITION:4:0.4762:0.1190 END_TURN:1:0.0952:0.0952
ROOT g=93 t=23 ctx=loose n=7 BLITZ:1:0.1493:0.1493 BLOCK:1:0.1493:0.1493 FOUL:1:0.1493:0.1493 REPOSITION:3:0.4478:0.1493 END_TURN:1:0.1045:0.1045
ROOT g=93 t=24 ctx=loose n=11 BLITZ:1:0.0779:0.0779 BLOCK:2:0.2056:0.1028 PICKUP:1:0.1713:0.1713 FOUL:2:0.1558:0.0779 REPOSITION:4:0.3115:0.0779 END_TURN:1:0.0779:0.0779
ROOT g=93 t=25 ctx=loose n=9 BLITZ:1:0.1031:0.1031 PICKUP:1:0.1856:0.1856 FOUL:2:0.2062:0.1031 REPOSITION:4:0.4124:0.1031 END_TURN:1:0.0928:0.0928
ROOT g=93 t=26 ctx=loose n=10 BLITZ:1:0.0775:0.0775 BLOCK:2:0.1860:0.0930 PICKUP:1:0.2713:0.2713 FOUL:2:0.1550:0.0775 REPOSITION:3:0.2326:0.0775 END_TURN:1:0.0775:0.0775
ROOT g=93 t=27 ctx=loose n=11 BLITZ:1:0.0722:0.0722 PICKUP:1:0.2780:0.2780 FOUL:2:0.1444:0.0722 REPOSITION:6:0.4332:0.0722 END_TURN:1:0.0722:0.0722
ROOT g=93 t=28 ctx=loose n=9 BLITZ:1:0.0905:0.0905 PICKUP:1:0.2851:0.2851 FOUL:3:0.2715:0.0905 REPOSITION:3:0.2715:0.0905 END_TURN:1:0.0814:0.0814
ROOT g=93 t=29 ctx=loose n=11 BLITZ:1:0.0722:0.0722 PICKUP:1:0.2780:0.2780 FOUL:2:0.1444:0.0722 REPOSITION:6:0.4332:0.0722 END_TURN:1:0.0722:0.0722
ROOT g=93 t=30 ctx=loose n=7 BLITZ:1:0.1227:0.1227 PICKUP:1:0.3006:0.3006 FOUL:2:0.2454:0.1227 REPOSITION:2:0.2454:0.1227 END_TURN:1:0.0859:0.0859
ROOT g=93 t=31 ctx=loose n=8 BLITZ:1:0.1042:0.1042 PICKUP:1:0.2917:0.2917 REPOSITION:5:0.5208:0.1042 END_TURN:1:0.0833:0.0833
ROOT g=94 t=0 ctx=loose n=13 BLITZ:1:0.0614:0.0614 BLOCK:3:0.2875:0.0958 PICKUP:1:0.1597:0.1597 REPOSITION:7:0.4300:0.0614 END_TURN:1:0.0614:0.0614
ROOT g=94 t=1 ctx=def n=12 BLITZ:2:0.3243:0.1622 REPOSITION:9:0.6081:0.0676 END_TURN:1:0.0676:0.0676
ROOT g=94 t=2 ctx=off n=27 ADVANCE:1:0.0961:0.0961 CAGE:1:0.0961:0.0961 BLITZ:1:0.0297:0.0297 BLOCK:1:0.0961:0.0961 PASS_ACTION:9:0.2669:0.0297 FOUL:4:0.1186:0.0297 REPOSITION:9:0.2669:0.0297 END_TURN:1:0.0297:0.0297
ROOT g=94 t=3 ctx=def n=11 BLITZ:2:0.3284:0.1642 REPOSITION:8:0.5970:0.0746 END_TURN:1:0.0746:0.0746
ROOT g=94 t=4 ctx=off n=23 ADVANCE:1:0.0976:0.0976 CAGE:1:0.0976:0.0976 BLITZ:1:0.0354:0.0354 BLOCK:1:0.0976:0.0976 PASS_ACTION:7:0.2475:0.0354 FOUL:3:0.1061:0.0354 REPOSITION:8:0.2829:0.0354 END_TURN:1:0.0354:0.0354
ROOT g=94 t=5 ctx=def n=12 BLITZ:2:0.3243:0.1622 FOUL:1:0.0676:0.0676 REPOSITION:8:0.5405:0.0676 END_TURN:1:0.0676:0.0676
ROOT g=94 t=6 ctx=off n=21 ADVANCE:1:0.0986:0.0986 CAGE:1:0.0986:0.0986 BLITZ:1:0.0391:0.0391 BLOCK:1:0.0986:0.0986 PASS_ACTION:7:0.2739:0.0391 FOUL:4:0.1565:0.0391 REPOSITION:5:0.1956:0.0391 END_TURN:1:0.0391:0.0391
ROOT g=94 t=7 ctx=def n=12 BLITZ:2:0.3150:0.1575 BLOCK:1:0.0945:0.0945 FOUL:1:0.0656:0.0656 REPOSITION:7:0.4593:0.0656 END_TURN:1:0.0656:0.0656
ROOT g=94 t=8 ctx=off n=22 ADVANCE:1:0.1044:0.1044 CAGE:1:0.1044:0.1044 BLITZ:1:0.0396:0.0396 PASS_ACTION:7:0.2769:0.0396 FOUL:5:0.1978:0.0396 REPOSITION:6:0.2373:0.0396 END_TURN:1:0.0396:0.0396
ROOT g=94 t=9 ctx=def n=11 BLITZ:2:0.3207:0.1603 BLOCK:1:0.0962:0.0962 FOUL:1:0.0729:0.0729 REPOSITION:6:0.4373:0.0729 END_TURN:1:0.0729:0.0729
ROOT g=94 t=10 ctx=off n=22 ADVANCE:1:0.1044:0.1044 CAGE:1:0.1044:0.1044 BLITZ:1:0.0396:0.0396 PASS_ACTION:7:0.2769:0.0396 FOUL:5:0.1978:0.0396 REPOSITION:6:0.2373:0.0396 END_TURN:1:0.0396:0.0396
ROOT g=94 t=11 ctx=def n=10 BLITZ:2:0.3279:0.1639 BLOCK:1:0.0984:0.0984 FOUL:1:0.0820:0.0820 REPOSITION:5:0.4098:0.0820 END_TURN:1:0.0820:0.0820
ROOT g=94 t=12 ctx=off n=24 ADVANCE:1:0.1037:0.1037 CAGE:1:0.1037:0.1037 BLITZ:1:0.0360:0.0360 PASS_ACTION:7:0.2522:0.0360 FOUL:7:0.2522:0.0360 REPOSITION:6:0.2161:0.0360 END_TURN:1:0.0360:0.0360
ROOT g=94 t=13 ctx=def n=8 BLITZ:2:0.3556:0.1778 FOUL:1:0.1111:0.1111 REPOSITION:4:0.4444:0.1111 END_TURN:1:0.0889:0.0889
ROOT g=94 t=14 ctx=off n=21 ADVANCE:1:0.0881:0.0881 CAGE:1:0.0881:0.0881 BLITZ:1:0.0350:0.0350 BLOCK:3:0.2643:0.0881 PASS_ACTION:3:0.1049:0.0350 FOUL:6:0.2098:0.0350 REPOSITION:5:0.1748:0.0350 END_TURN:1:0.0350:0.0350
ROOT g=94 t=15 ctx=def n=7 BLITZ:2:0.3733:0.1867 BLOCK:1:0.1333:0.1333 REPOSITION:3:0.4000:0.1333 END_TURN:1:0.0933:0.0933
ROOT g=94 t=16 ctx=loose n=13 BLITZ:1:0.0614:0.0614 BLOCK:3:0.2875:0.0958 PICKUP:1:0.1597:0.1597 REPOSITION:7:0.4300:0.0614 END_TURN:1:0.0614:0.0614
ROOT g=94 t=17 ctx=def n=11 BLITZ:2:0.3284:0.1642 REPOSITION:8:0.5970:0.0746 END_TURN:1:0.0746:0.0746
ROOT g=94 t=18 ctx=off n=23 ADVANCE:1:0.0976:0.0976 CAGE:1:0.0976:0.0976 BLITZ:1:0.0354:0.0354 BLOCK:1:0.0976:0.0976 PASS_ACTION:10:0.3536:0.0354 FOUL:1:0.0354:0.0354 REPOSITION:7:0.2475:0.0354 END_TURN:1:0.0354:0.0354
ROOT g=94 t=19 ctx=def n=12 BLITZ:2:0.3243:0.1622 REPOSITION:9:0.6081:0.0676 END_TURN:1:0.0676:0.0676
ROOT g=94 t=20 ctx=off n=27 ADVANCE:1:0.0961:0.0961 CAGE:1:0.0961:0.0961 BLITZ:1:0.0297:0.0297 BLOCK:1:0.0961:0.0961 PASS_ACTION:9:0.2669:0.0297 FOUL:4:0.1186:0.0297 REPOSITION:9:0.2669:0.0297 END_TURN:1:0.0297:0.0297
ROOT g=94 t=21 ctx=def n=10 BLITZ:2:0.3333:0.1667 REPOSITION:7:0.5833:0.0833 END_TURN:1:0.0833:0.0833
ROOT g=94 t=22 ctx=off n=25 ADVANCE:1:0.0909:0.0909 CAGE:1:0.0909:0.0909 BLITZ:1:0.0303:0.0303 BLOCK:2:0.1818:0.0909 PASS_ACTION:7:0.2121:0.0303 FOUL:3:0.0909:0.0303 REPOSITION:9:0.2727:0.0303 END_TURN:1:0.0303:0.0303
ROOT g=94 t=23 ctx=def n=10 BLITZ:2:0.3333:0.1667 REPOSITION:7:0.5833:0.0833 END_TURN:1:0.0833:0.0833
ROOT g=94 t=24 ctx=off n=25 ADVANCE:1:0.0909:0.0909 CAGE:1:0.0909:0.0909 BLITZ:1:0.0303:0.0303 BLOCK:2:0.1818:0.0909 PASS_ACTION:7:0.2121:0.0303 FOUL:3:0.0909:0.0303 REPOSITION:9:0.2727:0.0303 END_TURN:1:0.0303:0.0303
ROOT g=94 t=25 ctx=def n=9 BLITZ:2:0.3429:0.1714 REPOSITION:6:0.5714:0.0952 END_TURN:1:0.0857:0.0857
ROOT g=94 t=26 ctx=off n=21 ADVANCE:1:0.0986:0.0986 CAGE:1:0.0986:0.0986 BLITZ:1:0.0391:0.0391 BLOCK:1:0.0986:0.0986 PASS_ACTION:4:0.1565:0.0391 FOUL:3:0.1174:0.0391 REPOSITION:9:0.3521:0.0391 END_TURN:1:0.0391:0.0391
ROOT g=94 t=27 ctx=def n=8 BLITZ:2:0.3556:0.1778 BLOCK:2:0.2222:0.1111 REPOSITION:3:0.3333:0.1111 END_TURN:1:0.0889:0.0889
ROOT g=94 t=28 ctx=loose n=13 BLITZ:1:0.0549:0.0549 BLOCK:3:0.2567:0.0856 PICKUP:1:0.2496:0.2496 REPOSITION:7:0.3840:0.0549 END_TURN:1:0.0549:0.0549
ROOT g=94 t=29 ctx=def n=11 BLITZ:2:0.3284:0.1642 REPOSITION:8:0.5970:0.0746 END_TURN:1:0.0746:0.0746
ROOT g=94 t=30 ctx=off n=15 ADVANCE:1:0.1034:0.1034 CAGE:1:0.1034:0.1034 BLITZ:1:0.0575:0.0575 BLOCK:1:0.1034:0.1034 PASS_ACTION:4:0.2299:0.0575 FOUL:1:0.0575:0.0575 REPOSITION:5:0.2874:0.0575 END_TURN:1:0.0575:0.0575
ROOT g=94 t=31 ctx=def n=11 BLITZ:2:0.3284:0.1642 REPOSITION:8:0.5970:0.0746 END_TURN:1:0.0746:0.0746
ROOT g=95 t=0 ctx=loose n=13 BLITZ:1:0.0614:0.0614 BLOCK:3:0.2875:0.0958 PICKUP:1:0.1597:0.1597 REPOSITION:7:0.4300:0.0614 END_TURN:1:0.0614:0.0614
ROOT g=95 t=1 ctx=def n=13 BLITZ:2:0.3210:0.1605 REPOSITION:10:0.6173:0.0617 END_TURN:1:0.0617:0.0617
ROOT g=95 t=2 ctx=off n=22 ADVANCE:1:0.0874:0.0874 CAGE:1:0.0874:0.0874 BLITZ:1:0.0331:0.0331 BLOCK:3:0.2623:0.0874 PASS_ACTION:9:0.2980:0.0331 REPOSITION:6:0.1987:0.0331 END_TURN:1:0.0331:0.0331
ROOT g=95 t=3 ctx=def n=12 BLITZ:2:0.3243:0.1622 REPOSITION:9:0.6081:0.0676 END_TURN:1:0.0676:0.0676
ROOT g=95 t=4 ctx=off n=16 ADVANCE:1:0.1023:0.1023 CAGE:1:0.1023:0.1023 BLITZ:1:0.0533:0.0533 BLOCK:1:0.1023:0.1023 PASS_ACTION:3:0.1599:0.0533 REPOSITION:8:0.4264:0.0533 END_TURN:1:0.0533:0.0533
ROOT g=95 t=5 ctx=def n=13 BLITZ:2:0.3210:0.1605 FOUL:1:0.0617:0.0617 REPOSITION:9:0.5556:0.0617 END_TURN:1:0.0617:0.0617
ROOT g=95 t=6 ctx=off n=16 ADVANCE:1:0.1076:0.1076 CAGE:1:0.1076:0.1076 BLITZ:1:0.0561:0.0561 PASS_ACTION:3:0.1682:0.0561 REPOSITION:9:0.5045:0.0561 END_TURN:1:0.0561:0.0561
ROOT g=95 t=7 ctx=def n=12 BLITZ:2:0.3243:0.1622 FOUL:1:0.0676:0.0676 REPOSITION:8:0.5405:0.0676 END_TURN:1:0.0676:0.0676
ROOT g=95 t=8 ctx=off n=18 ADVANCE:1:0.1063:0.1063 CAGE:1:0.1063:0.1063 BLITZ:1:0.0492:0.0492 PASS_ACTION:3:0.1476:0.0492 FOUL:3:0.1476:0.0492 REPOSITION:8:0.3937:0.0492 END_TURN:1:0.0492:0.0492
ROOT g=95 t=9 ctx=def n=11 BLITZ:2:0.3284:0.1642 FOUL:1:0.0746:0.0746 REPOSITION:7:0.5224:0.0746 END_TURN:1:0.0746:0.0746
ROOT g=95 t=10 ctx=off n=19 ADVANCE:1:0.0898:0.0898 CAGE:1:0.0898:0.0898 BLITZ:1:0.0394:0.0394 BLOCK:3:0.2693:0.0898 PASS_ACTION:3:0.1181:0.0394 FOUL:3:0.1181:0.0394 REPOSITION:6:0.2362:0.0394 END_TURN:1:0.0394:0.0394
ROOT g=95 t=11 ctx=def n=10 BLITZ:2:0.3333:0.1667 FOUL:1:0.0833:0.0833 REPOSITION:6:0.5000:0.0833 END_TURN:1:0.0833:0.0833
ROOT g=95 t=12 ctx=off n=15 ADVANCE:1:0.0989:0.0989 CAGE:1:0.0989:0.0989 BLITZ:1:0.0549:0.0549 BLOCK:2:0.1978:0.0989 PASS_ACTION:3:0.1648:0.0549 FOUL:2:0.1099:0.0549 REPOSITION:4:0.2198:0.0549 END_TURN:1:0.0549:0.0549
ROOT g=95 t=13 ctx=def n=10 BLITZ:2:0.3333:0.1667 FOUL:2:0.1667:0.0833 REPOSITION:5:0.4167:0.0833 END_TURN:1:0.0833:0.0833
ROOT g=95 t=14 ctx=off n=20 ADVANCE:1:0.0805:0.0805 CAGE:1:0.0805:0.0805 BLITZ:1:0.0336:0.0336 BLOCK:5:0.4027:0.0805 PASS_ACTION:4:0.1342:0.0336 FOUL:4:0.1342:0.0336 REPOSITION:3:0.1007:0.0336 END_TURN:1:0.0336:0.0336
ROOT g=95 t=15 ctx=def n=6 BLITZ:2:0.4000:0.2000 FOUL:1:0.1667:0.1667 REPOSITION:2:0.3333:0.1667 END_TURN:1:0.1000:0.1000
ROOT g=95 t=16 ctx=loose n=13 BLITZ:1:0.0614:0.0614 BLOCK:3:0.2875:0.0958 PICKUP:1:0.1597:0.1597 REPOSITION:7:0.4300:0.0614 END_TURN:1:0.0614:0.0614
ROOT g=95 t=17 ctx=def n=13 BLITZ:2:0.3103:0.1551 BLOCK:1:0.0931:0.0931 REPOSITION:9:0.5370:0.0597 END_TURN:1:0.0597:0.0597
ROOT g=95 t=18 ctx=off n=22 ADVANCE:1:0.1044:0.1044 CAGE:1:0.1044:0.1044 BLITZ:1:0.0396:0.0396 PASS_ACTION:9:0.3560:0.0396 FOUL:1:0.0396:0.0396 REPOSITION:8:0.3165:0.0396 END_TURN:1:0.0396:0.0396
ROOT g=95 t=19 ctx=def n=13 BLITZ:2:0.3210:0.1605 REPOSITION:10:0.6173:0.0617 END_TURN:1:0.0617:0.0617
ROOT g=95 t=20 ctx=loose n=11 BLITZ:1:0.0779:0.0779 BLOCK:2:0.2056:0.1028 PICKUP:1:0.1713:0.1713 FOUL:1:0.0779:0.0779 REPOSITION:5:0.3894:0.0779 END_TURN:1:0.0779:0.0779
ROOT g=95 t=21 ctx=loose n=13 BLITZ:1:0.0685:0.0685 PICKUP:1:0.1781:0.1781 FOUL:2:0.1370:0.0685 REPOSITION:8:0.5479:0.0685 END_TURN:1:0.0685:0.0685
ROOT g=95 t=22 ctx=loose n=12 BLITZ:1:0.0746:0.0746 PICKUP:1:0.1791:0.1791 FOUL:2:0.1493:0.0746 REPOSITION:7:0.5224:0.0746 END_TURN:1:0.0746:0.0746
ROOT g=95 t=23 ctx=loose n=12 BLITZ:1:0.0746:0.0746 PICKUP:1:0.1791:0.1791 FOUL:2:0.1493:0.0746 REPOSITION:7:0.5224:0.0746 END_TURN:1:0.0746:0.0746
ROOT g=95 t=24 ctx=loose n=12 BLITZ:1:0.0746:0.0746 PICKUP:1:0.1791:0.1791 FOUL:3:0.2239:0.0746 REPOSITION:6:0.4478:0.0746 END_TURN:1:0.0746:0.0746
ROOT g=95 t=25 ctx=loose n=13 BLITZ:1:0.0685:0.0685 PICKUP:1:0.1781:0.1781 FOUL:3:0.2055:0.0685 REPOSITION:7:0.4795:0.0685 END_TURN:1:0.0685:0.0685
ROOT g=95 t=26 ctx=loose n=10 BLITZ:1:0.0800:0.0800 PICKUP:1:0.2800:0.2800 FOUL:2:0.1600:0.0800 REPOSITION:5:0.4000:0.0800 END_TURN:1:0.0800:0.0800
ROOT g=95 t=27 ctx=loose n=13 BLITZ:1:0.0604:0.0604 PICKUP:1:0.2749:0.2749 FOUL:3:0.1813:0.0604 REPOSITION:7:0.4230:0.0604 END_TURN:1:0.0604:0.0604
ROOT g=95 t=28 ctx=loose n=12 BLITZ:1:0.0658:0.0658 PICKUP:1:0.2763:0.2763 FOUL:4:0.2632:0.0658 REPOSITION:5:0.3289:0.0658 END_TURN:1:0.0658:0.0658
ROOT g=95 t=29 ctx=loose n=11 BLITZ:1:0.0722:0.0722 PICKUP:1:0.2780:0.2780 FOUL:2:0.1444:0.0722 REPOSITION:6:0.4332:0.0722 END_TURN:1:0.0722:0.0722
ROOT g=95 t=30 ctx=loose n=11 BLITZ:1:0.0722:0.0722 PICKUP:1:0.2780:0.2780 FOUL:3:0.2166:0.0722 REPOSITION:5:0.3610:0.0722 END_TURN:1:0.0722:0.0722
ROOT g=95 t=31 ctx=loose n=13 BLITZ:1:0.0604:0.0604 PICKUP:1:0.2749:0.2749 FOUL:3:0.1813:0.0604 REPOSITION:7:0.4230:0.0604 END_TURN:1:0.0604:0.0604
ROOT g=96 t=0 ctx=loose n=13 BLITZ:1:0.0614:0.0614 BLOCK:3:0.2875:0.0958 PICKUP:1:0.1597:0.1597 REPOSITION:7:0.4300:0.0614 END_TURN:1:0.0614:0.0614
ROOT g=96 t=1 ctx=def n=10 BLITZ:2:0.3333:0.1667 REPOSITION:7:0.5833:0.0833 END_TURN:1:0.0833:0.0833
ROOT g=96 t=2 ctx=off n=23 ADVANCE:1:0.0976:0.0976 CAGE:1:0.0976:0.0976 BLITZ:1:0.0354:0.0354 BLOCK:1:0.0976:0.0976 PASS_ACTION:8:0.2829:0.0354 FOUL:2:0.0707:0.0354 REPOSITION:8:0.2829:0.0354 END_TURN:1:0.0354:0.0354
ROOT g=96 t=3 ctx=def n=9 BLITZ:2:0.3429:0.1714 REPOSITION:6:0.5714:0.0952 END_TURN:1:0.0857:0.0857
ROOT g=96 t=4 ctx=off n=22 ADVANCE:1:0.0829:0.0829 CAGE:1:0.0829:0.0829 BLITZ:1:0.0314:0.0314 BLOCK:4:0.3317:0.0829 PASS_ACTION:7:0.2198:0.0314 FOUL:2:0.0628:0.0314 REPOSITION:5:0.1570:0.0314 END_TURN:1:0.0314:0.0314
ROOT g=96 t=5 ctx=def n=8 BLITZ:2:0.3556:0.1778 REPOSITION:5:0.5556:0.1111 END_TURN:1:0.0889:0.0889
ROOT g=96 t=6 ctx=off n=27 ADVANCE:1:0.0961:0.0961 CAGE:1:0.0961:0.0961 BLITZ:1:0.0297:0.0297 BLOCK:1:0.0961:0.0961 PASS_ACTION:7:0.2076:0.0297 FOUL:7:0.2076:0.0297 REPOSITION:8:0.2372:0.0297 END_TURN:1:0.0297:0.0297
ROOT g=96 t=7 ctx=def n=7 BLITZ:2:0.3733:0.1867 REPOSITION:4:0.5333:0.1333 END_TURN:1:0.0933:0.0933
ROOT g=96 t=8 ctx=off n=27 ADVANCE:1:0.0961:0.0961 CAGE:1:0.0961:0.0961 BLITZ:1:0.0297:0.0297 BLOCK:1:0.0961:0.0961 PASS_ACTION:7:0.2076:0.0297 FOUL:7:0.2076:0.0297 REPOSITION:8:0.2372:0.0297 END_TURN:1:0.0297:0.0297
ROOT g=96 t=9 ctx=def n=6 BLITZ:2:0.4000:0.2000 REPOSITION:3:0.5000:0.1667 END_TURN:1:0.1000:0.1000
ROOT g=96 t=10 ctx=off n=27 ADVANCE:1:0.0961:0.0961 CAGE:1:0.0961:0.0961 BLITZ:1:0.0297:0.0297 BLOCK:1:0.0961:0.0961 PASS_ACTION:7:0.2076:0.0297 FOUL:7:0.2076:0.0297 REPOSITION:8:0.2372:0.0297 END_TURN:1:0.0297:0.0297
ROOT g=96 t=11 ctx=def n=6 BLITZ:2:0.4000:0.2000 REPOSITION:3:0.5000:0.1667 END_TURN:1:0.1000:0.1000
ROOT g=96 t=12 ctx=off n=28 ADVANCE:1:0.0717:0.0717 CAGE:1:0.0717:0.0717 BLITZ:1:0.0213:0.0213 BLOCK:6:0.4300:0.0717 PASS_ACTION:7:0.1493:0.0213 FOUL:7:0.1493:0.0213 REPOSITION:4:0.0853:0.0213 END_TURN:1:0.0213:0.0213
ROOT g=96 t=13 ctx=def n=5 BLITZ:2:0.4444:0.2222 REPOSITION:2:0.4444:0.2222 END_TURN:1:0.1111:0.1111
ROOT g=96 t=14 ctx=off n=26 ADVANCE:1:0.0964:0.0964 CAGE:1:0.0964:0.0964 BLITZ:1:0.0309:0.0309 BLOCK:1:0.0964:0.0964 PASS_ACTION:6:0.1854:0.0309 FOUL:7:0.2163:0.0309 REPOSITION:8:0.2472:0.0309 END_TURN:1:0.0309:0.0309
ROOT g=96 t=15 ctx=def n=7 BLITZ:2:0.3733:0.1867 FOUL:1:0.1333:0.1333 REPOSITION:3:0.4000:0.1333 END_TURN:1:0.0933:0.0933
ROOT g=96 t=16 ctx=loose n=13 BLITZ:1:0.0614:0.0614 BLOCK:3:0.2875:0.0958 PICKUP:1:0.1597:0.1597 REPOSITION:7:0.4300:0.0614 END_TURN:1:0.0614:0.0614
ROOT g=96 t=17 ctx=def n=13 BLITZ:2:0.3210:0.1605 REPOSITION:10:0.6173:0.0617 END_TURN:1:0.0617:0.0617
ROOT g=96 t=18 ctx=off n=21 ADVANCE:1:0.0881:0.0881 CAGE:1:0.0881:0.0881 BLITZ:1:0.0350:0.0350 BLOCK:3:0.2643:0.0881 PASS_ACTION:8:0.2797:0.0350 REPOSITION:6:0.2098:0.0350 END_TURN:1:0.0350:0.0350
ROOT g=96 t=19 ctx=def n=13 BLITZ:2:0.3103:0.1551 BLOCK:1:0.0931:0.0931 REPOSITION:9:0.5370:0.0597 END_TURN:1:0.0597:0.0597
ROOT g=96 t=20 ctx=off n=21 ADVANCE:1:0.0881:0.0881 CAGE:1:0.0881:0.0881 BLITZ:1:0.0350:0.0350 BLOCK:3:0.2643:0.0881 PASS_ACTION:8:0.2797:0.0350 REPOSITION:6:0.2098:0.0350 END_TURN:1:0.0350:0.0350
ROOT g=96 t=21 ctx=def n=13 BLITZ:2:0.3103:0.1551 BLOCK:1:0.0931:0.0931 REPOSITION:9:0.5370:0.0597 END_TURN:1:0.0597:0.0597
ROOT g=96 t=22 ctx=off n=24 ADVANCE:1:0.1037:0.1037 CAGE:1:0.1037:0.1037 BLITZ:1:0.0360:0.0360 PASS_ACTION:8:0.2882:0.0360 FOUL:3:0.1081:0.0360 REPOSITION:9:0.3242:0.0360 END_TURN:1:0.0360:0.0360
ROOT g=96 t=23 ctx=def n=12 BLITZ:2:0.3150:0.1575 BLOCK:1:0.0945:0.0945 REPOSITION:8:0.5249:0.0656 END_TURN:1:0.0656:0.0656
ROOT g=96 t=24 ctx=off n=21 ADVANCE:1:0.1048:0.1048 CAGE:1:0.1048:0.1048 BLITZ:1:0.0416:0.0416 PASS_ACTION:7:0.2912:0.0416 FOUL:3:0.1248:0.0416 REPOSITION:7:0.2912:0.0416 END_TURN:1:0.0416:0.0416
ROOT g=96 t=25 ctx=def n=11 BLITZ:2:0.3207:0.1603 BLOCK:1:0.0962:0.0962 REPOSITION:7:0.5102:0.0729 END_TURN:1:0.0729:0.0729
ROOT g=96 t=26 ctx=off n=21 ADVANCE:1:0.1048:0.1048 CAGE:1:0.1048:0.1048 BLITZ:1:0.0416:0.0416 PASS_ACTION:7:0.2912:0.0416 FOUL:3:0.1248:0.0416 REPOSITION:7:0.2912:0.0416 END_TURN:1:0.0416:0.0416
ROOT g=96 t=27 ctx=def n=10 BLITZ:2:0.3279:0.1639 BLOCK:1:0.0984:0.0984 REPOSITION:6:0.4918:0.0820 END_TURN:1:0.0820:0.0820
ROOT g=96 t=28 ctx=def n=13 BLITZ:2:0.2820:0.1410 BLOCK:4:0.3384:0.0846 FOUL:2:0.1085:0.0542 REPOSITION:4:0.2169:0.0542 END_TURN:1:0.0542:0.0542
ROOT g=96 t=29 ctx=loose n=8 BLITZ:1:0.1042:0.1042 BLOCK:1:0.1042:0.1042 PICKUP:1:0.2917:0.2917 REPOSITION:4:0.4167:0.1042 END_TURN:1:0.0833:0.0833
ROOT g=96 t=30 ctx=loose n=15 BLITZ:1:0.0519:0.0519 PICKUP:1:0.2727:0.2727 FOUL:4:0.2078:0.0519 REPOSITION:8:0.4156:0.0519 END_TURN:1:0.0519:0.0519
ROOT g=96 t=31 ctx=loose n=8 BLITZ:1:0.1042:0.1042 BLOCK:1:0.1042:0.1042 PICKUP:1:0.2917:0.2917 REPOSITION:4:0.4167:0.1042 END_TURN:1:0.0833:0.0833
ROOT g=97 t=0 ctx=loose n=13 BLITZ:1:0.0614:0.0614 BLOCK:3:0.2875:0.0958 PICKUP:1:0.1597:0.1597 REPOSITION:7:0.4300:0.0614 END_TURN:1:0.0614:0.0614
ROOT g=97 t=1 ctx=def n=11 BLITZ:2:0.3134:0.1567 BLOCK:2:0.1880:0.0940 REPOSITION:6:0.4274:0.0712 END_TURN:1:0.0712:0.0712
ROOT g=97 t=2 ctx=off n=21 ADVANCE:1:0.0931:0.0931 CAGE:1:0.0931:0.0931 BLITZ:1:0.0369:0.0369 BLOCK:2:0.1861:0.0931 PASS_ACTION:9:0.3323:0.0369 FOUL:1:0.0369:0.0369 REPOSITION:5:0.1846:0.0369 END_TURN:1:0.0369:0.0369
ROOT g=97 t=3 ctx=def n=12 BLITZ:2:0.2899:0.1449 BLOCK:4:0.3478:0.0870 REPOSITION:5:0.3019:0.0604 END_TURN:1:0.0604:0.0604
ROOT g=97 t=4 ctx=off n=16 ADVANCE:1:0.1076:0.1076 CAGE:1:0.1076:0.1076 BLITZ:1:0.0561:0.0561 PASS_ACTION:6:0.3363:0.0561 FOUL:1:0.0561:0.0561 REPOSITION:5:0.2803:0.0561 END_TURN:1:0.0561:0.0561
ROOT g=97 t=5 ctx=def n=13 BLITZ:2:0.3210:0.1605 FOUL:3:0.1852:0.0617 REPOSITION:7:0.4321:0.0617 END_TURN:1:0.0617:0.0617
ROOT g=97 t=6 ctx=off n=18 ADVANCE:1:0.1063:0.1063 CAGE:1:0.1063:0.1063 BLITZ:1:0.0492:0.0492 PASS_ACTION:4:0.1969:0.0492 FOUL:4:0.1969:0.0492 REPOSITION:6:0.2953:0.0492 END_TURN:1:0.0492:0.0492
ROOT g=97 t=7 ctx=def n=10 BLITZ:2:0.3279:0.1639 BLOCK:1:0.0984:0.0984 FOUL:1:0.0820:0.0820 REPOSITION:5:0.4098:0.0820 END_TURN:1:0.0820:0.0820
ROOT g=97 t=8 ctx=loose n=9 BLITZ:1:0.1006:0.1006 BLOCK:3:0.3260:0.1087 PICKUP:1:0.1811:0.1811 FOUL:1:0.1006:0.1006 REPOSITION:2:0.2012:0.1006 END_TURN:1:0.0905:0.0905
ROOT g=97 t=9 ctx=def n=7 BLITZ:2:0.3733:0.1867 BLOCK:2:0.2667:0.1333 FOUL:1:0.1333:0.1333 REPOSITION:1:0.1333:0.1333 END_TURN:1:0.0933:0.0933
ROOT g=97 t=10 ctx=off n=8 SCORE:1:0.1905:0.1905 CAGE:1:0.1190:0.1190 BLITZ:1:0.1190:0.1190 FOUL:2:0.2381:0.1190 REPOSITION:2:0.2381:0.1190 END_TURN:1:0.0952:0.0952
ROOT g=97 t=11 ctx=def n=6 BLITZ:2:0.4000:0.2000 FOUL:2:0.3333:0.1667 REPOSITION:1:0.1667:0.1667 END_TURN:1:0.1000:0.1000
ROOT g=97 t=12 ctx=loose n=5 BLITZ:1:0.1905:0.1905 PICKUP:1:0.3333:0.3333 FOUL:1:0.1905:0.1905 REPOSITION:1:0.1905:0.1905 END_TURN:1:0.0952:0.0952
ROOT g=97 t=13 ctx=def n=4 BLITZ:2:0.5882:0.2941 FOUL:1:0.2941:0.2941 END_TURN:1:0.1176:0.1176
ROOT g=97 t=14 ctx=off n=7 SCORE:1:0.5250:0.5250 CAGE:1:0.0833:0.0833 FOUL:2:0.1667:0.0833 REPOSITION:2:0.1667:0.0833 END_TURN:1:0.0583:0.0583
ROOT g=97 t=15 ctx=loose n=13 BLITZ:1:0.0549:0.0549 BLOCK:3:0.2567:0.0856 PICKUP:1:0.2496:0.2496 REPOSITION:7:0.3840:0.0549 END_TURN:1:0.0549:0.0549
ROOT g=97 t=16 ctx=loose n=13 BLITZ:1:0.0569:0.0569 BLOCK:3:0.2662:0.0887 PICKUP:1:0.2218:0.2218 REPOSITION:7:0.3982:0.0569 END_TURN:1:0.0569:0.0569
ROOT g=97 t=17 ctx=def n=10 BLITZ:2:0.3333:0.1667 REPOSITION:7:0.5833:0.0833 END_TURN:1:0.0833:0.0833
ROOT g=97 t=18 ctx=off n=22 ADVANCE:1:0.1044:0.1044 CAGE:1:0.1044:0.1044 BLITZ:1:0.0396:0.0396 PASS_ACTION:9:0.3560:0.0396 FOUL:2:0.0791:0.0396 REPOSITION:7:0.2769:0.0396 END_TURN:1:0.0396:0.0396
ROOT g=97 t=19 ctx=def n=11 BLITZ:2:0.3284:0.1642 FOUL:1:0.0746:0.0746 REPOSITION:7:0.5224:0.0746 END_TURN:1:0.0746:0.0746
ROOT g=97 t=20 ctx=off n=20 ADVANCE:1:0.1053:0.1053 CAGE:1:0.1053:0.1053 BLITZ:1:0.0439:0.0439 PASS_ACTION:7:0.3070:0.0439 FOUL:2:0.0877:0.0439 REPOSITION:7:0.3070:0.0439 END_TURN:1:0.0439:0.0439
ROOT g=97 t=21 ctx=def n=11 BLITZ:2:0.3284:0.1642 FOUL:1:0.0746:0.0746 REPOSITION:7:0.5224:0.0746 END_TURN:1:0.0746:0.0746
ROOT g=97 t=22 ctx=off n=18 ADVANCE:1:0.1063:0.1063 CAGE:1:0.1063:0.1063 BLITZ:1:0.0492:0.0492 PASS_ACTION:6:0.2953:0.0492 FOUL:1:0.0492:0.0492 REPOSITION:7:0.3445:0.0492 END_TURN:1:0.0492:0.0492
ROOT g=97 t=23 ctx=def n=13 BLITZ:2:0.3210:0.1605 FOUL:2:0.1235:0.0617 REPOSITION:8:0.4938:0.0617 END_TURN:1:0.0617:0.0617
ROOT g=97 t=24 ctx=off n=19 ADVANCE:1:0.1058:0.1058 CAGE:1:0.1058:0.1058 BLITZ:1:0.0464:0.0464 PASS_ACTION:6:0.2783:0.0464 FOUL:2:0.0928:0.0464 REPOSITION:7:0.3247:0.0464 END_TURN:1:0.0464:0.0464
ROOT g=97 t=25 ctx=def n=12 BLITZ:2:0.3243:0.1622 FOUL:2:0.1351:0.0676 REPOSITION:7:0.4730:0.0676 END_TURN:1:0.0676:0.0676
ROOT g=97 t=26 ctx=off n=15 ADVANCE:1:0.1084:0.1084 CAGE:1:0.1084:0.1084 BLITZ:1:0.0602:0.0602 PASS_ACTION:5:0.3012:0.0602 FOUL:1:0.0602:0.0602 REPOSITION:5:0.3012:0.0602 END_TURN:1:0.0602:0.0602
ROOT g=97 t=27 ctx=def n=13 BLITZ:2:0.3210:0.1605 FOUL:3:0.1852:0.0617 REPOSITION:7:0.4321:0.0617 END_TURN:1:0.0617:0.0617
ROOT g=97 t=28 ctx=def n=11 BLITZ:2:0.3284:0.1642 FOUL:2:0.1493:0.0746 REPOSITION:6:0.4478:0.0746 END_TURN:1:0.0746:0.0746
ROOT g=97 t=29 ctx=loose n=10 BLITZ:1:0.0800:0.0800 PICKUP:1:0.2800:0.2800 FOUL:2:0.1600:0.0800 REPOSITION:5:0.4000:0.0800 END_TURN:1:0.0800:0.0800
ROOT g=97 t=30 ctx=loose n=13 BLITZ:1:0.0604:0.0604 PICKUP:1:0.2749:0.2749 FOUL:4:0.2417:0.0604 REPOSITION:6:0.3625:0.0604 END_TURN:1:0.0604:0.0604
ROOT g=97 t=31 ctx=loose n=12 BLITZ:1:0.0658:0.0658 PICKUP:1:0.2763:0.2763 FOUL:3:0.1974:0.0658 REPOSITION:6:0.3947:0.0658 END_TURN:1:0.0658:0.0658
ROOT g=97 t=32 ctx=loose n=13 BLITZ:1:0.0549:0.0549 BLOCK:3:0.2567:0.0856 PICKUP:1:0.2496:0.2496 REPOSITION:7:0.3840:0.0549 END_TURN:1:0.0549:0.0549
ROOT g=98 t=0 ctx=loose n=12 BLITZ:1:0.0751:0.0751 BLOCK:3:0.3243:0.1081 REPOSITION:7:0.5255:0.0751 END_TURN:1:0.0751:0.0751
ROOT g=98 t=1 ctx=loose n=9 BLITZ:1:0.1124:0.1124 REPOSITION:7:0.7865:0.1124 END_TURN:1:0.1011:0.1011
ROOT g=98 t=2 ctx=loose n=13 BLITZ:1:0.0685:0.0685 PICKUP:1:0.1781:0.1781 FOUL:2:0.1370:0.0685 REPOSITION:8:0.5479:0.0685 END_TURN:1:0.0685:0.0685
ROOT g=98 t=3 ctx=def n=8 BLITZ:2:0.3556:0.1778 REPOSITION:5:0.5556:0.1111 END_TURN:1:0.0889:0.0889
ROOT g=98 t=4 ctx=off n=20 ADVANCE:1:0.1053:0.1053 CAGE:1:0.1053:0.1053 BLITZ:1:0.0439:0.0439 PASS_ACTION:7:0.3070:0.0439 FOUL:2:0.0877:0.0439 REPOSITION:7:0.3070:0.0439 END_TURN:1:0.0439:0.0439
ROOT g=98 t=5 ctx=def n=10 BLITZ:2:0.3333:0.1667 FOUL:1:0.0833:0.0833 REPOSITION:6:0.5000:0.0833 END_TURN:1:0.0833:0.0833
ROOT g=98 t=6 ctx=off n=19 ADVANCE:1:0.1058:0.1058 CAGE:1:0.1058:0.1058 BLITZ:1:0.0464:0.0464 PASS_ACTION:7:0.3247:0.0464 FOUL:1:0.0464:0.0464 REPOSITION:7:0.3247:0.0464 END_TURN:1:0.0464:0.0464
ROOT g=98 t=7 ctx=def n=11 BLITZ:2:0.3284:0.1642 FOUL:1:0.0746:0.0746 REPOSITION:7:0.5224:0.0746 END_TURN:1:0.0746:0.0746
ROOT g=98 t=8 ctx=off n=21 ADVANCE:1:0.1048:0.1048 CAGE:1:0.1048:0.1048 BLITZ:1:0.0416:0.0416 PASS_ACTION:7:0.2912:0.0416 FOUL:3:0.1248:0.0416 REPOSITION:7:0.2912:0.0416 END_TURN:1:0.0416:0.0416
ROOT g=98 t=9 ctx=def n=10 BLITZ:2:0.3333:0.1667 FOUL:1:0.0833:0.0833 REPOSITION:6:0.5000:0.0833 END_TURN:1:0.0833:0.0833
ROOT g=98 t=10 ctx=off n=22 ADVANCE:1:0.1044:0.1044 CAGE:1:0.1044:0.1044 BLITZ:1:0.0396:0.0396 PASS_ACTION:7:0.2769:0.0396 FOUL:4:0.1582:0.0396 REPOSITION:7:0.2769:0.0396 END_TURN:1:0.0396:0.0396
ROOT g=98 t=11 ctx=def n=8 BLITZ:2:0.3556:0.1778 REPOSITION:5:0.5556:0.1111 END_TURN:1:0.0889:0.0889
ROOT g=98 t=12 ctx=loose n=15 BLITZ:1:0.0480:0.0480 BLOCK:2:0.1727:0.0863 PICKUP:1:0.2518:0.2518 FOUL:5:0.2398:0.0480 REPOSITION:5:0.2398:0.0480 END_TURN:1:0.0480:0.0480
ROOT g=98 t=13 ctx=loose n=11 BLITZ:1:0.0722:0.0722 PICKUP:1:0.2780:0.2780 FOUL:3:0.2166:0.0722 REPOSITION:5:0.3610:0.0722 END_TURN:1:0.0722:0.0722
ROOT g=98 t=14 ctx=loose n=12 BLITZ:1:0.0658:0.0658 PICKUP:1:0.2763:0.2763 FOUL:4:0.2632:0.0658 REPOSITION:5:0.3289:0.0658 END_TURN:1:0.0658:0.0658
ROOT g=98 t=15 ctx=loose n=12 BLITZ:1:0.0658:0.0658 PICKUP:1:0.2763:0.2763 FOUL:3:0.1974:0.0658 REPOSITION:6:0.3947:0.0658 END_TURN:1:0.0658:0.0658
ROOT g=98 t=16 ctx=loose n=13 BLITZ:1:0.0614:0.0614 BLOCK:3:0.2875:0.0958 PICKUP:1:0.1597:0.1597 REPOSITION:7:0.4300:0.0614 END_TURN:1:0.0614:0.0614
ROOT g=98 t=17 ctx=def n=10 BLITZ:2:0.3333:0.1667 REPOSITION:7:0.5833:0.0833 END_TURN:1:0.0833:0.0833
ROOT g=98 t=18 ctx=off n=24 ADVANCE:1:0.0862:0.0862 CAGE:1:0.0862:0.0862 BLITZ:1:0.0299:0.0299 BLOCK:3:0.2587:0.0862 PASS_ACTION:10:0.2994:0.0299 FOUL:1:0.0299:0.0299 REPOSITION:6:0.1796:0.0299 END_TURN:1:0.0299:0.0299
ROOT g=98 t=19 ctx=def n=8 BLITZ:2:0.3556:0.1778 REPOSITION:5:0.5556:0.1111 END_TURN:1:0.0889:0.0889
ROOT g=98 t=20 ctx=off n=18 ADVANCE:1:0.0850:0.0850 CAGE:1:0.0850:0.0850 BLITZ:1:0.0394:0.0394 BLOCK:4:0.3402:0.0850 PASS_ACTION:1:0.0394:0.0394 FOUL:2:0.0787:0.0394 REPOSITION:6:0.2362:0.0394 END_TURN:1:0.0394:0.0394 BLITZ_AND_SCORE:1:0.0567:0.0567
ROOT g=98 t=21 ctx=def n=9 BLITZ:2:0.3429:0.1714 FOUL:1:0.0952:0.0952 REPOSITION:5:0.4762:0.0952 END_TURN:1:0.0857:0.0857
ROOT g=98 t=22 ctx=loose n=11 BLITZ:1:0.0820:0.0820 PICKUP:1:0.1803:0.1803 FOUL:2:0.1639:0.0820 REPOSITION:6:0.4918:0.0820 END_TURN:1:0.0820:0.0820
ROOT g=98 t=23 ctx=loose n=11 BLITZ:1:0.0820:0.0820 PICKUP:1:0.1803:0.1803 FOUL:1:0.0820:0.0820 REPOSITION:7:0.5738:0.0820 END_TURN:1:0.0820:0.0820
ROOT g=98 t=24 ctx=loose n=11 BLITZ:1:0.0820:0.0820 PICKUP:1:0.1803:0.1803 FOUL:1:0.0820:0.0820 REPOSITION:7:0.5738:0.0820 END_TURN:1:0.0820:0.0820
ROOT g=98 t=25 ctx=loose n=13 BLITZ:1:0.0569:0.0569 BLOCK:3:0.2662:0.0887 PICKUP:1:0.2218:0.2218 REPOSITION:7:0.3982:0.0569 END_TURN:1:0.0569:0.0569
ROOT g=98 t=26 ctx=def n=12 BLITZ:2:0.3061:0.1531 BLOCK:2:0.1837:0.0918 REPOSITION:7:0.4464:0.0638 END_TURN:1:0.0638:0.0638
ROOT g=98 t=27 ctx=off n=23 ADVANCE:1:0.1041:0.1041 CAGE:1:0.1041:0.1041 BLITZ:1:0.0377:0.0377 PASS_ACTION:10:0.3771:0.0377 FOUL:1:0.0377:0.0377 REPOSITION:8:0.3017:0.0377 END_TURN:1:0.0377:0.0377
ROOT g=98 t=28 ctx=def n=10 BLITZ:2:0.3333:0.1667 REPOSITION:7:0.5833:0.0833 END_TURN:1:0.0833:0.0833
ROOT g=98 t=29 ctx=off n=20 ADVANCE:1:0.1053:0.1053 CAGE:1:0.1053:0.1053 BLITZ:1:0.0439:0.0439 PASS_ACTION:7:0.3070:0.0439 FOUL:2:0.0877:0.0439 REPOSITION:7:0.3070:0.0439 END_TURN:1:0.0439:0.0439
ROOT g=98 t=30 ctx=def n=9 BLITZ:2:0.3429:0.1714 REPOSITION:6:0.5714:0.0952 END_TURN:1:0.0857:0.0857
ROOT g=98 t=31 ctx=off n=18 ADVANCE:1:0.1063:0.1063 CAGE:1:0.1063:0.1063 BLITZ:1:0.0492:0.0492 PASS_ACTION:6:0.2953:0.0492 FOUL:1:0.0492:0.0492 REPOSITION:7:0.3445:0.0492 END_TURN:1:0.0492:0.0492
ROOT g=99 t=0 ctx=loose n=13 BLITZ:1:0.0614:0.0614 BLOCK:3:0.2875:0.0958 PICKUP:1:0.1597:0.1597 REPOSITION:7:0.4300:0.0614 END_TURN:1:0.0614:0.0614
ROOT g=99 t=1 ctx=def n=13 BLITZ:2:0.3210:0.1605 FOUL:1:0.0617:0.0617 REPOSITION:9:0.5556:0.0617 END_TURN:1:0.0617:0.0617
ROOT g=99 t=2 ctx=off n=23 ADVANCE:1:0.1041:0.1041 CAGE:1:0.1041:0.1041 BLITZ:1:0.0377:0.0377 PASS_ACTION:9:0.3394:0.0377 FOUL:2:0.0754:0.0377 REPOSITION:8:0.3017:0.0377 END_TURN:1:0.0377:0.0377
ROOT g=99 t=3 ctx=def n=12 BLITZ:2:0.3243:0.1622 FOUL:1:0.0676:0.0676 REPOSITION:8:0.5405:0.0676 END_TURN:1:0.0676:0.0676
ROOT g=99 t=4 ctx=off n=20 ADVANCE:1:0.1053:0.1053 CAGE:1:0.1053:0.1053 BLITZ:1:0.0439:0.0439 PASS_ACTION:6:0.2632:0.0439 FOUL:2:0.0877:0.0439 REPOSITION:8:0.3509:0.0439 END_TURN:1:0.0439:0.0439
ROOT g=99 t=5 ctx=def n=11 BLITZ:2:0.3284:0.1642 FOUL:3:0.2239:0.0746 REPOSITION:5:0.3731:0.0746 END_TURN:1:0.0746:0.0746
ROOT g=99 t=6 ctx=off n=20 ADVANCE:1:0.0938:0.0938 CAGE:1:0.0938:0.0938 BLITZ:1:0.0391:0.0391 BLOCK:2:0.1875:0.0938 PASS_ACTION:2:0.0781:0.0391 FOUL:5:0.1953:0.0391 REPOSITION:7:0.2734:0.0391 END_TURN:1:0.0391:0.0391
ROOT g=99 t=7 ctx=def n=9 BLITZ:2:0.3429:0.1714 FOUL:2:0.1905:0.0952 REPOSITION:4:0.3810:0.0952 END_TURN:1:0.0857:0.0857
ROOT g=99 t=8 ctx=off n=20 ADVANCE:1:0.0938:0.0938 CAGE:1:0.0938:0.0938 BLITZ:1:0.0391:0.0391 BLOCK:2:0.1875:0.0938 PASS_ACTION:2:0.0781:0.0391 FOUL:5:0.1953:0.0391 REPOSITION:7:0.2734:0.0391 END_TURN:1:0.0391:0.0391
ROOT g=99 t=9 ctx=def n=9 BLITZ:2:0.3429:0.1714 FOUL:2:0.1905:0.0952 REPOSITION:4:0.3810:0.0952 END_TURN:1:0.0857:0.0857
ROOT g=99 t=10 ctx=off n=18 ADVANCE:1:0.1006:0.1006 CAGE:1:0.1006:0.1006 BLITZ:1:0.0466:0.0466 BLOCK:1:0.1006:0.1006 PASS_ACTION:2:0.0931:0.0466 FOUL:4:0.1862:0.0466 REPOSITION:7:0.3259:0.0466 END_TURN:1:0.0466:0.0466
ROOT g=99 t=11 ctx=def n=7 BLITZ:2:0.3733:0.1867 FOUL:1:0.1333:0.1333 REPOSITION:3:0.4000:0.1333 END_TURN:1:0.0933:0.0933
ROOT g=99 t=12 ctx=off n=19 ADVANCE:1:0.0998:0.0998 CAGE:1:0.0998:0.0998 BLITZ:1:0.0438:0.0438 BLOCK:1:0.0998:0.0998 PASS_ACTION:2:0.0876:0.0438 FOUL:5:0.2189:0.0438 REPOSITION:7:0.3065:0.0438 END_TURN:1:0.0438:0.0438
ROOT g=99 t=13 ctx=def n=4 BLITZ:2:0.5882:0.2941 REPOSITION:1:0.2941:0.2941 END_TURN:1:0.1176:0.1176
ROOT g=99 t=14 ctx=off n=16 SCORE:1:0.4749:0.4749 CAGE:1:0.0633:0.0633 BLITZ:1:0.0330:0.0330 FOUL:5:0.1649:0.0330 REPOSITION:7:0.2309:0.0330 END_TURN:1:0.0330:0.0330
ROOT g=99 t=15 ctx=loose n=13 BLITZ:1:0.0549:0.0549 BLOCK:3:0.2567:0.0856 PICKUP:1:0.2496:0.2496 REPOSITION:7:0.3840:0.0549 END_TURN:1:0.0549:0.0549
ROOT g=99 t=16 ctx=loose n=13 BLITZ:1:0.0569:0.0569 BLOCK:3:0.2662:0.0887 PICKUP:1:0.2218:0.2218 REPOSITION:7:0.3982:0.0569 END_TURN:1:0.0569:0.0569
ROOT g=99 t=17 ctx=def n=11 BLITZ:2:0.3284:0.1642 REPOSITION:8:0.5970:0.0746 END_TURN:1:0.0746:0.0746
ROOT g=99 t=18 ctx=off n=23 ADVANCE:1:0.0976:0.0976 CAGE:1:0.0976:0.0976 BLITZ:1:0.0354:0.0354 BLOCK:1:0.0976:0.0976 PASS_ACTION:10:0.3536:0.0354 FOUL:1:0.0354:0.0354 REPOSITION:7:0.2475:0.0354 END_TURN:1:0.0354:0.0354
ROOT g=99 t=19 ctx=def n=11 BLITZ:2:0.3134:0.1567 BLOCK:2:0.1880:0.0940 REPOSITION:6:0.4274:0.0712 END_TURN:1:0.0712:0.0712
ROOT g=99 t=20 ctx=off n=22 ADVANCE:1:0.0981:0.0981 CAGE:1:0.0981:0.0981 BLITZ:1:0.0371:0.0371 BLOCK:1:0.0981:0.0981 PASS_ACTION:9:0.3343:0.0371 FOUL:1:0.0371:0.0371 REPOSITION:7:0.2600:0.0371 END_TURN:1:0.0371:0.0371
ROOT g=99 t=21 ctx=def n=10 BLITZ:2:0.3279:0.1639 BLOCK:1:0.0984:0.0984 REPOSITION:6:0.4918:0.0820 END_TURN:1:0.0820:0.0820
ROOT g=99 t=22 ctx=off n=24 ADVANCE:1:0.1037:0.1037 CAGE:1:0.1037:0.1037 BLITZ:1:0.0360:0.0360 PASS_ACTION:8:0.2882:0.0360 FOUL:2:0.0720:0.0360 REPOSITION:10:0.3602:0.0360 END_TURN:1:0.0360:0.0360
ROOT g=99 t=23 ctx=def n=9 BLITZ:2:0.3429:0.1714 REPOSITION:6:0.5714:0.0952 END_TURN:1:0.0857:0.0857
ROOT g=99 t=24 ctx=off n=27 ADVANCE:1:0.1029:0.1029 CAGE:1:0.1029:0.1029 BLITZ:1:0.0318:0.0318 PASS_ACTION:8:0.2541:0.0318 FOUL:5:0.1588:0.0318 REPOSITION:10:0.3177:0.0318 END_TURN:1:0.0318:0.0318
ROOT g=99 t=25 ctx=def n=8 BLITZ:2:0.3556:0.1778 REPOSITION:5:0.5556:0.1111 END_TURN:1:0.0889:0.0889
ROOT g=99 t=26 ctx=off n=27 ADVANCE:1:0.1029:0.1029 CAGE:1:0.1029:0.1029 BLITZ:1:0.0318:0.0318 PASS_ACTION:8:0.2541:0.0318 FOUL:5:0.1588:0.0318 REPOSITION:10:0.3177:0.0318 END_TURN:1:0.0318:0.0318
ROOT g=99 t=27 ctx=def n=7 BLITZ:2:0.3733:0.1867 REPOSITION:4:0.5333:0.1333 END_TURN:1:0.0933:0.0933
ROOT g=99 t=28 ctx=off n=28 ADVANCE:1:0.0897:0.0897 CAGE:1:0.0897:0.0897 BLITZ:1:0.0267:0.0267 BLOCK:2:0.1795:0.0897 PASS_ACTION:8:0.2137:0.0267 FOUL:5:0.1335:0.0267 REPOSITION:9:0.2404:0.0267 END_TURN:1:0.0267:0.0267
ROOT g=99 t=29 ctx=def n=6 BLITZ:2:0.4000:0.2000 REPOSITION:3:0.5000:0.1667 END_TURN:1:0.1000:0.1000
ROOT g=99 t=30 ctx=off n=27 ADVANCE:1:0.1029:0.1029 CAGE:1:0.1029:0.1029 BLITZ:1:0.0318:0.0318 PASS_ACTION:8:0.2541:0.0318 FOUL:6:0.1906:0.0318 REPOSITION:9:0.2859:0.0318 END_TURN:1:0.0318:0.0318
ROOT g=99 t=31 ctx=def n=4 BLITZ:2:0.5882:0.2941 REPOSITION:1:0.2941:0.2941 END_TURN:1:0.1176:0.1176
ROOT g=100 t=0 ctx=loose n=13 BLITZ:1:0.0614:0.0614 BLOCK:3:0.2875:0.0958 PICKUP:1:0.1597:0.1597 REPOSITION:7:0.4300:0.0614 END_TURN:1:0.0614:0.0614
ROOT g=100 t=1 ctx=loose n=11 BLITZ:1:0.0909:0.0909 REPOSITION:9:0.8182:0.0909 END_TURN:1:0.0909:0.0909
ROOT g=100 t=2 ctx=loose n=12 BLITZ:1:0.0660:0.0660 BLOCK:4:0.3799:0.0950 PICKUP:1:0.1583:0.1583 REPOSITION:5:0.3298:0.0660 END_TURN:1:0.0660:0.0660
ROOT g=100 t=3 ctx=loose n=15 BLITZ:1:0.0562:0.0562 BLOCK:1:0.1011:0.1011 PICKUP:1:0.1685:0.1685 FOUL:2:0.1124:0.0562 REPOSITION:9:0.5056:0.0562 END_TURN:1:0.0562:0.0562
ROOT g=100 t=4 ctx=loose n=12 BLITZ:1:0.0660:0.0660 BLOCK:4:0.3799:0.0950 PICKUP:1:0.1583:0.1583 REPOSITION:5:0.3298:0.0660 END_TURN:1:0.0660:0.0660
ROOT g=100 t=5 ctx=loose n=14 BLITZ:1:0.0607:0.0607 BLOCK:1:0.1019:0.1019 PICKUP:1:0.1699:0.1699 FOUL:2:0.1214:0.0607 REPOSITION:8:0.4854:0.0607 END_TURN:1:0.0607:0.0607
ROOT g=100 t=6 ctx=loose n=10 BLITZ:1:0.0862:0.0862 BLOCK:3:0.3103:0.1034 PICKUP:1:0.1724:0.1724 REPOSITION:4:0.3448:0.0862 END_TURN:1:0.0862:0.0862
ROOT g=100 t=7 ctx=loose n=13 BLITZ:1:0.0685:0.0685 PICKUP:1:0.1781:0.1781 FOUL:2:0.1370:0.0685 REPOSITION:8:0.5479:0.0685 END_TURN:1:0.0685:0.0685
ROOT g=100 t=8 ctx=loose n=11 BLITZ:1:0.0760:0.0760 BLOCK:3:0.3009:0.1003 PICKUP:1:0.1672:0.1672 FOUL:1:0.0760:0.0760 REPOSITION:4:0.3040:0.0760 END_TURN:1:0.0760:0.0760
ROOT g=100 t=9 ctx=loose n=12 BLITZ:1:0.0746:0.0746 PICKUP:1:0.1791:0.1791 FOUL:1:0.0746:0.0746 REPOSITION:8:0.5970:0.0746 END_TURN:1:0.0746:0.0746
ROOT g=100 t=10 ctx=loose n=9 BLITZ:1:0.0898:0.0898 BLOCK:1:0.0970:0.0970 PICKUP:1:0.2830:0.2830 FOUL:1:0.0898:0.0898 REPOSITION:4:0.3594:0.0898 END_TURN:1:0.0809:0.0809
ROOT g=100 t=11 ctx=loose n=12 BLITZ:1:0.0658:0.0658 PICKUP:1:0.2763:0.2763 FOUL:2:0.1316:0.0658 REPOSITION:7:0.4605:0.0658 END_TURN:1:0.0658:0.0658
ROOT g=100 t=12 ctx=loose n=11 BLITZ:1:0.0690:0.0690 BLOCK:2:0.1822:0.0911 PICKUP:1:0.2657:0.2657 FOUL:2:0.1380:0.0690 REPOSITION:4:0.2761:0.0690 END_TURN:1:0.0690:0.0690
ROOT g=100 t=13 ctx=loose n=11 BLITZ:1:0.0722:0.0722 PICKUP:1:0.2780:0.2780 REPOSITION:8:0.5776:0.0722 END_TURN:1:0.0722:0.0722
ROOT g=100 t=14 ctx=loose n=10 BLITZ:1:0.0775:0.0775 BLOCK:2:0.1860:0.0930 PICKUP:1:0.2713:0.2713 FOUL:1:0.0775:0.0775 REPOSITION:4:0.3101:0.0775 END_TURN:1:0.0775:0.0775
ROOT g=100 t=15 ctx=loose n=12 BLITZ:1:0.0658:0.0658 PICKUP:1:0.2763:0.2763 FOUL:1:0.0658:0.0658 REPOSITION:8:0.5263:0.0658 END_TURN:1:0.0658:0.0658
ROOT g=100 t=16 ctx=loose n=13 BLITZ:1:0.0614:0.0614 BLOCK:3:0.2875:0.0958 PICKUP:1:0.1597:0.1597 REPOSITION:7:0.4300:0.0614 END_TURN:1:0.0614:0.0614
ROOT g=100 t=17 ctx=def n=10 BLITZ:2:0.3333:0.1667 REPOSITION:7:0.5833:0.0833 END_TURN:1:0.0833:0.0833
ROOT g=100 t=18 ctx=off n=21 ADVANCE:1:0.0986:0.0986 CAGE:1:0.0986:0.0986 BLITZ:1:0.0391:0.0391 BLOCK:1:0.0986:0.0986 PASS_ACTION:10:0.3912:0.0391 REPOSITION:6:0.2347:0.0391 END_TURN:1:0.0391:0.0391
ROOT g=100 t=19 ctx=def n=12 BLITZ:2:0.3061:0.1531 BLOCK:2:0.1837:0.0918 FOUL:1:0.0638:0.0638 REPOSITION:6:0.3827:0.0638 END_TURN:1:0.0638:0.0638
ROOT g=100 t=20 ctx=off n=18 ADVANCE:1:0.1063:0.1063 CAGE:1:0.1063:0.1063 BLITZ:1:0.0492:0.0492 PASS_ACTION:3:0.1476:0.0492 FOUL:4:0.1969:0.0492 REPOSITION:7:0.3445:0.0492 END_TURN:1:0.0492:0.0492
ROOT g=100 t=21 ctx=def n=15 BLITZ:2:0.3158:0.1579 FOUL:4:0.2105:0.0526 REPOSITION:8:0.4211:0.0526 END_TURN:1:0.0526:0.0526
ROOT g=100 t=22 ctx=off n=17 ADVANCE:1:0.1069:0.1069 CAGE:1:0.1069:0.1069 BLITZ:1:0.0524:0.0524 PASS_ACTION:2:0.1048:0.0524 FOUL:4:0.2096:0.0524 REPOSITION:7:0.3669:0.0524 END_TURN:1:0.0524:0.0524
ROOT g=100 t=23 ctx=def n=12 BLITZ:2:0.3243:0.1622 FOUL:1:0.0676:0.0676 REPOSITION:8:0.5405:0.0676 END_TURN:1:0.0676:0.0676
ROOT g=100 t=24 ctx=off n=19 ADVANCE:1:0.1058:0.1058 CAGE:1:0.1058:0.1058 BLITZ:1:0.0464:0.0464 PASS_ACTION:2:0.0928:0.0464 FOUL:6:0.2783:0.0464 REPOSITION:7:0.3247:0.0464 END_TURN:1:0.0464:0.0464
ROOT g=100 t=25 ctx=def n=11 BLITZ:2:0.3284:0.1642 FOUL:1:0.0746:0.0746 REPOSITION:7:0.5224:0.0746 END_TURN:1:0.0746:0.0746
ROOT g=100 t=26 ctx=off n=19 ADVANCE:1:0.0945:0.0945 CAGE:1:0.0945:0.0945 BLITZ:1:0.0415:0.0415 BLOCK:2:0.1891:0.0945 PASS_ACTION:2:0.0829:0.0415 FOUL:6:0.2488:0.0415 REPOSITION:5:0.2073:0.0415 END_TURN:1:0.0415:0.0415
ROOT g=100 t=27 ctx=def n=7 BLITZ:2:0.3733:0.1867 FOUL:1:0.1333:0.1333 REPOSITION:3:0.4000:0.1333 END_TURN:1:0.0933:0.0933
ROOT g=100 t=28 ctx=loose n=9 BLITZ:1:0.0898:0.0898 BLOCK:1:0.0970:0.0970 PICKUP:1:0.2830:0.2830 FOUL:1:0.0898:0.0898 REPOSITION:4:0.3594:0.0898 END_TURN:1:0.0809:0.0809
ROOT g=100 t=29 ctx=loose n=11 BLITZ:1:0.0722:0.0722 PICKUP:1:0.2780:0.2780 FOUL:4:0.2888:0.0722 REPOSITION:4:0.2888:0.0722 END_TURN:1:0.0722:0.0722
ROOT g=100 t=30 ctx=loose n=9 BLITZ:1:0.0905:0.0905 PICKUP:1:0.2851:0.2851 REPOSITION:6:0.5430:0.0905 END_TURN:1:0.0814:0.0814
ROOT g=100 t=31 ctx=loose n=11 BLITZ:1:0.0722:0.0722 PICKUP:1:0.2780:0.2780 FOUL:3:0.2166:0.0722 REPOSITION:5:0.3610:0.0722 END_TURN:1:0.0722:0.0722
ROOT g=101 t=0 ctx=loose n=13 BLITZ:1:0.0614:0.0614 BLOCK:3:0.2875:0.0958 PICKUP:1:0.1597:0.1597 REPOSITION:7:0.4300:0.0614 END_TURN:1:0.0614:0.0614
ROOT g=101 t=1 ctx=def n=10 BLITZ:2:0.3333:0.1667 REPOSITION:7:0.5833:0.0833 END_TURN:1:0.0833:0.0833
ROOT g=101 t=2 ctx=off n=22 ADVANCE:1:0.1044:0.1044 CAGE:1:0.1044:0.1044 BLITZ:1:0.0396:0.0396 PASS_ACTION:8:0.3165:0.0396 FOUL:2:0.0791:0.0396 REPOSITION:8:0.3165:0.0396 END_TURN:1:0.0396:0.0396
ROOT g=101 t=3 ctx=def n=10 BLITZ:2:0.3333:0.1667 REPOSITION:7:0.5833:0.0833 END_TURN:1:0.0833:0.0833
ROOT g=101 t=4 ctx=off n=22 ADVANCE:1:0.1044:0.1044 CAGE:1:0.1044:0.1044 BLITZ:1:0.0396:0.0396 PASS_ACTION:8:0.3165:0.0396 FOUL:2:0.0791:0.0396 REPOSITION:8:0.3165:0.0396 END_TURN:1:0.0396:0.0396
ROOT g=101 t=5 ctx=def n=10 BLITZ:2:0.3333:0.1667 REPOSITION:7:0.5833:0.0833 END_TURN:1:0.0833:0.0833
ROOT g=101 t=6 ctx=off n=20 ADVANCE:1:0.1053:0.1053 CAGE:1:0.1053:0.1053 BLITZ:1:0.0439:0.0439 PASS_ACTION:6:0.2632:0.0439 FOUL:2:0.0877:0.0439 REPOSITION:8:0.3509:0.0439 END_TURN:1:0.0439:0.0439
ROOT g=101 t=7 ctx=def n=10 BLITZ:2:0.3333:0.1667 REPOSITION:7:0.5833:0.0833 END_TURN:1:0.0833:0.0833
ROOT g=101 t=8 ctx=off n=20 ADVANCE:1:0.1053:0.1053 CAGE:1:0.1053:0.1053 BLITZ:1:0.0439:0.0439 PASS_ACTION:6:0.2632:0.0439 FOUL:2:0.0877:0.0439 REPOSITION:8:0.3509:0.0439 END_TURN:1:0.0439:0.0439
ROOT g=101 t=9 ctx=def n=10 BLITZ:2:0.3333:0.1667 REPOSITION:7:0.5833:0.0833 END_TURN:1:0.0833:0.0833
ROOT g=101 t=10 ctx=off n=20 ADVANCE:1:0.1053:0.1053 CAGE:1:0.1053:0.1053 BLITZ:1:0.0439:0.0439 PASS_ACTION:6:0.2632:0.0439 FOUL:2:0.0877:0.0439 REPOSITION:8:0.3509:0.0439 END_TURN:1:0.0439:0.0439
ROOT g=101 t=11 ctx=def n=10 BLITZ:2:0.3333:0.1667 REPOSITION:7:0.5833:0.0833 END_TURN:1:0.0833:0.0833
ROOT g=101 t=12 ctx=off n=20 ADVANCE:1:0.1053:0.1053 CAGE:1:0.1053:0.1053 BLITZ:1:0.0439:0.0439 PASS_ACTION:6:0.2632:0.0439 FOUL:2:0.0877:0.0439 REPOSITION:8:0.3509:0.0439 END_TURN:1:0.0439:0.0439
ROOT g=101 t=13 ctx=def n=13 BLITZ:2:0.3210:0.1605 FOUL:1:0.0617:0.0617 REPOSITION:9:0.5556:0.0617 END_TURN:1:0.0617:0.0617
ROOT g=101 t=14 ctx=off n=17 ADVANCE:1:0.0840:0.0840 CAGE:1:0.0840:0.0840 BLITZ:1:0.0412:0.0412 BLOCK:5:0.4201:0.0840 PASS_ACTION:3:0.1236:0.0412 REPOSITION:5:0.2059:0.0412 END_TURN:1:0.0412:0.0412
ROOT g=101 t=15 ctx=def n=11 BLITZ:2:0.2997:0.1499 BLOCK:4:0.3597:0.0899 REPOSITION:4:0.2725:0.0681 END_TURN:1:0.0681:0.0681
ROOT g=101 t=16 ctx=loose n=13 BLITZ:1:0.0614:0.0614 BLOCK:3:0.2875:0.0958 PICKUP:1:0.1597:0.1597 REPOSITION:7:0.4300:0.0614 END_TURN:1:0.0614:0.0614
ROOT g=101 t=17 ctx=def n=14 BLITZ:2:0.2851:0.1426 BLOCK:3:0.2566:0.0855 REPOSITION:8:0.4073:0.0509 END_TURN:1:0.0509:0.0509
ROOT g=101 t=18 ctx=off n=20 ADVANCE:1:0.1026:0.1026 CAGE:1:0.1026:0.1026 BLITZ:1:0.0427:0.0427 PASS_ACTION:3:0.1282:0.0427 FOUL:3:0.1282:0.0427 REPOSITION:9:0.3846:0.0427 END_TURN:1:0.0427:0.0427 BLITZ_AND_SCORE:1:0.0684:0.0684
ROOT g=101 t=19 ctx=def n=13 BLITZ:2:0.2908:0.1454 BLOCK:3:0.2617:0.0872 REPOSITION:7:0.3915:0.0559 END_TURN:1:0.0559:0.0559
ROOT g=101 t=20 ctx=off n=14 ADVANCE:1:0.1040:0.1040 CAGE:1:0.1040:0.1040 BLITZ:1:0.0619:0.0619 BLOCK:1:0.1040:0.1040 PASS_ACTION:1:0.0619:0.0619 FOUL:3:0.1856:0.0619 REPOSITION:4:0.2475:0.0619 END_TURN:1:0.0619:0.0619 BLITZ_AND_SCORE:1:0.0693:0.0693
ROOT g=101 t=21 ctx=loose n=14 BLITZ:1:0.0521:0.0521 BLOCK:5:0.4375:0.0875 PICKUP:1:0.1458:0.1458 FOUL:1:0.0521:0.0521 REPOSITION:5:0.2604:0.0521 END_TURN:1:0.0521:0.0521
ROOT g=101 t=22 ctx=def n=9 BLITZ:2:0.3377:0.1689 BLOCK:2:0.2026:0.1013 FOUL:2:0.1876:0.0938 REPOSITION:2:0.1876:0.0938 END_TURN:1:0.0844:0.0844
ROOT g=101 t=23 ctx=loose n=13 BLITZ:1:0.0636:0.0636 BLOCK:2:0.1985:0.0992 PICKUP:1:0.1654:0.1654 FOUL:3:0.1908:0.0636 REPOSITION:5:0.3181:0.0636 END_TURN:1:0.0636:0.0636
ROOT g=101 t=24 ctx=loose n=6 BLITZ:1:0.1724:0.1724 BLOCK:2:0.3448:0.1724 PICKUP:1:0.2069:0.2069 FOUL:1:0.1724:0.1724 END_TURN:1:0.1034:0.1034
ROOT g=101 t=25 ctx=loose n=10 BLITZ:1:0.0862:0.0862 BLOCK:3:0.3103:0.1034 PICKUP:1:0.1724:0.1724 FOUL:1:0.0862:0.0862 REPOSITION:3:0.2586:0.0862 END_TURN:1:0.0862:0.0862
ROOT g=101 t=26 ctx=loose n=6 BLITZ:1:0.1493:0.1493 PICKUP:1:0.3134:0.3134 FOUL:1:0.1493:0.1493 REPOSITION:2:0.2985:0.1493 END_TURN:1:0.0896:0.0896
ROOT g=101 t=27 ctx=loose n=11 BLITZ:1:0.0722:0.0722 PICKUP:1:0.2780:0.2780 FOUL:2:0.1444:0.0722 REPOSITION:6:0.4332:0.0722 END_TURN:1:0.0722:0.0722
ROOT g=101 t=28 ctx=loose n=4 BLITZ:1:0.2941:0.2941 FOUL:1:0.2941:0.2941 REPOSITION:1:0.2941:0.2941 END_TURN:1:0.1176:0.1176
ROOT g=101 t=29 ctx=loose n=10 BLITZ:1:0.0800:0.0800 PICKUP:1:0.2800:0.2800 FOUL:2:0.1600:0.0800 REPOSITION:5:0.4000:0.0800 END_TURN:1:0.0800:0.0800
ROOT g=101 t=30 ctx=loose n=4 BLITZ:1:0.2632:0.2632 PICKUP:1:0.3684:0.3684 REPOSITION:1:0.2632:0.2632 END_TURN:1:0.1053:0.1053
ROOT g=101 t=31 ctx=loose n=9 BLITZ:1:0.0905:0.0905 PICKUP:1:0.2851:0.2851 FOUL:1:0.0905:0.0905 REPOSITION:5:0.4525:0.0905 END_TURN:1:0.0814:0.0814
ROOT g=102 t=0 ctx=loose n=13 BLITZ:1:0.0614:0.0614 BLOCK:3:0.2875:0.0958 PICKUP:1:0.1597:0.1597 REPOSITION:7:0.4300:0.0614 END_TURN:1:0.0614:0.0614
ROOT g=102 t=1 ctx=def n=13 BLITZ:2:0.2908:0.1454 BLOCK:3:0.2617:0.0872 REPOSITION:7:0.3915:0.0559 END_TURN:1:0.0559:0.0559
ROOT g=102 t=2 ctx=off n=17 ADVANCE:1:0.1069:0.1069 CAGE:1:0.1069:0.1069 BLITZ:1:0.0524:0.0524 PASS_ACTION:6:0.3145:0.0524 REPOSITION:7:0.3669:0.0524 END_TURN:1:0.0524:0.0524
ROOT g=102 t=3 ctx=def n=13 BLITZ:2:0.2820:0.1410 BLOCK:4:0.3384:0.0846 REPOSITION:6:0.3254:0.0542 END_TURN:1:0.0542:0.0542
ROOT g=102 t=4 ctx=off n=15 ADVANCE:1:0.0947:0.0947 CAGE:1:0.0947:0.0947 BLITZ:1:0.0526:0.0526 BLOCK:3:0.2842:0.0947 PASS_ACTION:5:0.2632:0.0526 REPOSITION:3:0.1579:0.0526 END_TURN:1:0.0526:0.0526
ROOT g=102 t=5 ctx=def n=12 BLITZ:2:0.3150:0.1575 BLOCK:1:0.0945:0.0945 FOUL:1:0.0656:0.0656 REPOSITION:7:0.4593:0.0656 END_TURN:1:0.0656:0.0656
ROOT g=102 t=6 ctx=off n=17 ADVANCE:1:0.1069:0.1069 CAGE:1:0.1069:0.1069 BLITZ:1:0.0524:0.0524 PASS_ACTION:4:0.2096:0.0524 FOUL:3:0.1572:0.0524 REPOSITION:6:0.3145:0.0524 END_TURN:1:0.0524:0.0524
ROOT g=102 t=7 ctx=def n=13 BLITZ:2:0.3103:0.1551 BLOCK:1:0.0931:0.0931 FOUL:1:0.0597:0.0597 REPOSITION:8:0.4773:0.0597 END_TURN:1:0.0597:0.0597
ROOT g=102 t=8 ctx=off n=18 ADVANCE:1:0.1063:0.1063 CAGE:1:0.1063:0.1063 BLITZ:1:0.0492:0.0492 PASS_ACTION:4:0.1969:0.0492 FOUL:3:0.1476:0.0492 REPOSITION:7:0.3445:0.0492 END_TURN:1:0.0492:0.0492
ROOT g=102 t=9 ctx=def n=14 BLITZ:2:0.3182:0.1591 FOUL:2:0.1136:0.0568 REPOSITION:9:0.5114:0.0568 END_TURN:1:0.0568:0.0568
ROOT g=102 t=10 ctx=off n=19 ADVANCE:1:0.0815:0.0815 CAGE:1:0.0815:0.0815 BLITZ:1:0.0358:0.0358 BLOCK:5:0.4077:0.0815 PASS_ACTION:4:0.1431:0.0358 FOUL:3:0.1073:0.0358 REPOSITION:3:0.1073:0.0358 END_TURN:1:0.0358:0.0358
ROOT g=102 t=11 ctx=def n=11 BLITZ:2:0.3284:0.1642 FOUL:2:0.1493:0.0746 REPOSITION:6:0.4478:0.0746 END_TURN:1:0.0746:0.0746
ROOT g=102 t=12 ctx=def n=8 BLITZ:2:0.3556:0.1778 BLOCK:2:0.2222:0.1111 REPOSITION:3:0.3333:0.1111 END_TURN:1:0.0889:0.0889
ROOT g=102 t=13 ctx=off n=16 ADVANCE:1:0.0791:0.0791 CAGE:1:0.0791:0.0791 BLITZ:1:0.0412:0.0412 BLOCK:2:0.1582:0.0791 PASS_ACTION:3:0.1236:0.0412 FOUL:3:0.1236:0.0412 REPOSITION:3:0.1236:0.0412 END_TURN:1:0.0412:0.0412 BLITZ_AND_SCORE:1:0.2306:0.2306
ROOT g=102 t=14 ctx=def n=6 BLITZ:2:0.4000:0.2000 REPOSITION:3:0.5000:0.1667 END_TURN:1:0.1000:0.1000
ROOT g=102 t=15 ctx=loose n=9 BLITZ:1:0.0905:0.0905 PICKUP:1:0.2851:0.2851 FOUL:1:0.0905:0.0905 REPOSITION:5:0.4525:0.0905 END_TURN:1:0.0814:0.0814
ROOT g=102 t=16 ctx=loose n=13 BLITZ:1:0.0614:0.0614 BLOCK:3:0.2875:0.0958 PICKUP:1:0.1597:0.1597 REPOSITION:7:0.4300:0.0614 END_TURN:1:0.0614:0.0614
ROOT g=102 t=17 ctx=def n=10 BLITZ:2:0.3333:0.1667 REPOSITION:7:0.5833:0.0833 END_TURN:1:0.0833:0.0833
ROOT g=102 t=18 ctx=off n=26 ADVANCE:1:0.1032:0.1032 CAGE:1:0.1032:0.1032 BLITZ:1:0.0331:0.0331 PASS_ACTION:8:0.2646:0.0331 FOUL:6:0.1984:0.0331 REPOSITION:8:0.2646:0.0331 END_TURN:1:0.0331:0.0331
ROOT g=102 t=19 ctx=def n=9 BLITZ:2:0.3429:0.1714 REPOSITION:6:0.5714:0.0952 END_TURN:1:0.0857:0.0857
ROOT g=102 t=20 ctx=off n=27 ADVANCE:1:0.1029:0.1029 CAGE:1:0.1029:0.1029 BLITZ:1:0.0318:0.0318 PASS_ACTION:8:0.2541:0.0318 FOUL:7:0.2224:0.0318 REPOSITION:8:0.2541:0.0318 END_TURN:1:0.0318:0.0318
ROOT g=102 t=21 ctx=def n=8 BLITZ:2:0.3556:0.1778 REPOSITION:5:0.5556:0.1111 END_TURN:1:0.0889:0.0889
ROOT g=102 t=22 ctx=off n=28 ADVANCE:1:0.1027:0.1027 CAGE:1:0.1027:0.1027 BLITZ:1:0.0306:0.0306 PASS_ACTION:8:0.2445:0.0306 FOUL:7:0.2139:0.0306 REPOSITION:9:0.2751:0.0306 END_TURN:1:0.0306:0.0306
ROOT g=102 t=23 ctx=def n=8 BLITZ:2:0.3556:0.1778 REPOSITION:5:0.5556:0.1111 END_TURN:1:0.0889:0.0889
ROOT g=102 t=24 ctx=off n=29 ADVANCE:1:0.1025:0.1025 CAGE:1:0.1025:0.1025 BLITZ:1:0.0294:0.0294 PASS_ACTION:8:0.2356:0.0294 FOUL:7:0.2061:0.0294 REPOSITION:10:0.2945:0.0294 END_TURN:1:0.0294:0.0294
ROOT g=102 t=25 ctx=def n=8 BLITZ:2:0.3556:0.1778 REPOSITION:5:0.5556:0.1111 END_TURN:1:0.0889:0.0889
ROOT g=102 t=26 ctx=off n=29 ADVANCE:1:0.1025:0.1025 CAGE:1:0.1025:0.1025 BLITZ:1:0.0294:0.0294 PASS_ACTION:8:0.2356:0.0294 FOUL:7:0.2061:0.0294 REPOSITION:10:0.2945:0.0294 END_TURN:1:0.0294:0.0294
ROOT g=102 t=27 ctx=def n=7 BLITZ:2:0.3733:0.1867 REPOSITION:4:0.5333:0.1333 END_TURN:1:0.0933:0.0933
ROOT g=102 t=28 ctx=off n=28 ADVANCE:1:0.1027:0.1027 CAGE:1:0.1027:0.1027 BLITZ:1:0.0306:0.0306 PASS_ACTION:8:0.2445:0.0306 FOUL:7:0.2139:0.0306 REPOSITION:9:0.2751:0.0306 END_TURN:1:0.0306:0.0306
ROOT g=102 t=29 ctx=def n=6 BLITZ:2:0.4000:0.2000 REPOSITION:3:0.5000:0.1667 END_TURN:1:0.1000:0.1000
ROOT g=102 t=30 ctx=off n=29 ADVANCE:1:0.1025:0.1025 CAGE:1:0.1025:0.1025 BLITZ:1:0.0294:0.0294 PASS_ACTION:8:0.2356:0.0294 FOUL:7:0.2061:0.0294 REPOSITION:10:0.2945:0.0294 END_TURN:1:0.0294:0.0294
ROOT g=102 t=31 ctx=def n=6 BLITZ:2:0.4000:0.2000 REPOSITION:3:0.5000:0.1667 END_TURN:1:0.1000:0.1000
ROOT g=103 t=0 ctx=loose n=13 BLITZ:1:0.0614:0.0614 BLOCK:3:0.2875:0.0958 PICKUP:1:0.1597:0.1597 REPOSITION:7:0.4300:0.0614 END_TURN:1:0.0614:0.0614
ROOT g=103 t=1 ctx=def n=10 BLITZ:2:0.3333:0.1667 REPOSITION:7:0.5833:0.0833 END_TURN:1:0.0833:0.0833
ROOT g=103 t=2 ctx=off n=22 ADVANCE:1:0.0874:0.0874 CAGE:1:0.0874:0.0874 BLITZ:1:0.0331:0.0331 BLOCK:3:0.2623:0.0874 PASS_ACTION:8:0.2649:0.0331 FOUL:2:0.0662:0.0331 REPOSITION:5:0.1656:0.0331 END_TURN:1:0.0331:0.0331
ROOT g=103 t=3 ctx=def n=10 BLITZ:2:0.3333:0.1667 REPOSITION:7:0.5833:0.0833 END_TURN:1:0.0833:0.0833
ROOT g=103 t=4 ctx=off n=22 ADVANCE:1:0.1044:0.1044 CAGE:1:0.1044:0.1044 BLITZ:1:0.0396:0.0396 PASS_ACTION:2:0.0791:0.0396 FOUL:6:0.2373:0.0396 REPOSITION:10:0.3956:0.0396 END_TURN:1:0.0396:0.0396
ROOT g=103 t=5 ctx=def n=9 BLITZ:2:0.3429:0.1714 REPOSITION:6:0.5714:0.0952 END_TURN:1:0.0857:0.0857
ROOT g=103 t=6 ctx=off n=14 ADVANCE:1:0.1094:0.1094 CAGE:1:0.1094:0.1094 BLITZ:1:0.0651:0.0651 FOUL:3:0.1953:0.0651 REPOSITION:7:0.4557:0.0651 END_TURN:1:0.0651:0.0651
ROOT g=103 t=7 ctx=def n=13 BLITZ:2:0.2908:0.1454 BLOCK:3:0.2617:0.0872 FOUL:3:0.1678:0.0559 REPOSITION:4:0.2237:0.0559 END_TURN:1:0.0559:0.0559
ROOT g=103 t=8 ctx=def n=13 BLITZ:2:0.3210:0.1605 FOUL:5:0.3086:0.0617 REPOSITION:5:0.3086:0.0617 END_TURN:1:0.0617:0.0617
ROOT g=103 t=9 ctx=off n=18 ADVANCE:1:0.0784:0.0784 CAGE:1:0.0784:0.0784 BLITZ:1:0.0363:0.0363 BLOCK:4:0.3135:0.0784 PASS_ACTION:2:0.0726:0.0363 FOUL:4:0.1451:0.0363 REPOSITION:3:0.1089:0.0363 END_TURN:1:0.0363:0.0363 BLITZ_AND_SCORE:1:0.1306:0.1306
ROOT g=103 t=10 ctx=def n=8 BLITZ:2:0.3556:0.1778 BLOCK:2:0.2222:0.1111 FOUL:2:0.2222:0.1111 REPOSITION:1:0.1111:0.1111 END_TURN:1:0.0889:0.0889
ROOT g=103 t=11 ctx=off n=16 ADVANCE:1:0.0916:0.0916 CAGE:1:0.0916:0.0916 BLITZ:1:0.0477:0.0477 BLOCK:1:0.0916:0.0916 PASS_ACTION:2:0.0954:0.0477 FOUL:6:0.2863:0.0477 REPOSITION:2:0.0954:0.0477 END_TURN:1:0.0477:0.0477 BLITZ_AND_SCORE:1:0.1527:0.1527
ROOT g=103 t=12 ctx=def n=5 BLITZ:2:0.4444:0.2222 FOUL:1:0.2222:0.2222 REPOSITION:1:0.2222:0.2222 END_TURN:1:0.1111:0.1111
ROOT g=103 t=13 ctx=loose n=12 BLITZ:1:0.0658:0.0658 PICKUP:1:0.2763:0.2763 FOUL:5:0.3289:0.0658 REPOSITION:4:0.2632:0.0658 END_TURN:1:0.0658:0.0658
ROOT g=103 t=14 ctx=def n=7 BLITZ:2:0.3733:0.1867 FOUL:2:0.2667:0.1333 REPOSITION:2:0.2667:0.1333 END_TURN:1:0.0933:0.0933
ROOT g=103 t=15 ctx=off n=11 SCORE:1:0.4896:0.4896 CAGE:1:0.0653:0.0653 BLITZ:1:0.0495:0.0495 FOUL:4:0.1978:0.0495 REPOSITION:3:0.1484:0.0495 END_TURN:1:0.0495:0.0495
ROOT g=103 t=16 ctx=loose n=13 BLITZ:1:0.0549:0.0549 BLOCK:3:0.2567:0.0856 PICKUP:1:0.2496:0.2496 REPOSITION:7:0.3840:0.0549 END_TURN:1:0.0549:0.0549
ROOT g=103 t=17 ctx=loose n=13 BLITZ:1:0.0614:0.0614 BLOCK:3:0.2875:0.0958 PICKUP:1:0.1597:0.1597 REPOSITION:7:0.4300:0.0614 END_TURN:1:0.0614:0.0614
ROOT g=103 t=18 ctx=def n=14 BLITZ:2:0.2756:0.1378 BLOCK:4:0.3307:0.0827 REPOSITION:7:0.3445:0.0492 END_TURN:1:0.0492:0.0492
ROOT g=103 t=19 ctx=off n=15 ADVANCE:1:0.1084:0.1084 CAGE:1:0.1084:0.1084 BLITZ:1:0.0602:0.0602 PASS_ACTION:5:0.3012:0.0602 REPOSITION:6:0.3614:0.0602 END_TURN:1:0.0602:0.0602
ROOT g=103 t=20 ctx=def n=16 BLITZ:2:0.3002:0.1501 BLOCK:1:0.0901:0.0901 FOUL:3:0.1407:0.0469 REPOSITION:9:0.4221:0.0469 END_TURN:1:0.0469:0.0469
ROOT g=103 t=21 ctx=def n=9 BLITZ:2:0.3327:0.1664 BLOCK:4:0.3993:0.0998 REPOSITION:2:0.1848:0.0924 END_TURN:1:0.0832:0.0832
ROOT g=103 t=22 ctx=off n=17 ADVANCE:1:0.1014:0.1014 CAGE:1:0.1014:0.1014 BLITZ:1:0.0497:0.0497 BLOCK:1:0.1014:0.1014 PASS_ACTION:2:0.0994:0.0497 FOUL:3:0.1491:0.0497 REPOSITION:7:0.3479:0.0497 END_TURN:1:0.0497:0.0497
ROOT g=103 t=23 ctx=def n=9 BLITZ:2:0.3327:0.1664 BLOCK:4:0.3993:0.0998 REPOSITION:2:0.1848:0.0924 END_TURN:1:0.0832:0.0832
ROOT g=103 t=24 ctx=off n=17 ADVANCE:1:0.1014:0.1014 CAGE:1:0.1014:0.1014 BLITZ:1:0.0497:0.0497 BLOCK:1:0.1014:0.1014 PASS_ACTION:2:0.0994:0.0497 FOUL:3:0.1491:0.0497 REPOSITION:7:0.3479:0.0497 END_TURN:1:0.0497:0.0497
ROOT g=103 t=25 ctx=def n=9 BLITZ:2:0.3327:0.1664 BLOCK:4:0.3993:0.0998 REPOSITION:2:0.1848:0.0924 END_TURN:1:0.0832:0.0832
ROOT g=103 t=26 ctx=off n=17 ADVANCE:1:0.1014:0.1014 CAGE:1:0.1014:0.1014 BLITZ:1:0.0497:0.0497 BLOCK:1:0.1014:0.1014 PASS_ACTION:2:0.0994:0.0497 FOUL:3:0.1491:0.0497 REPOSITION:7:0.3479:0.0497 END_TURN:1:0.0497:0.0497
ROOT g=103 t=27 ctx=def n=9 BLITZ:2:0.3327:0.1664 BLOCK:4:0.3993:0.0998 REPOSITION:2:0.1848:0.0924 END_TURN:1:0.0832:0.0832
ROOT g=103 t=28 ctx=off n=17 ADVANCE:1:0.1014:0.1014 CAGE:1:0.1014:0.1014 BLITZ:1:0.0497:0.0497 BLOCK:1:0.1014:0.1014 PASS_ACTION:2:0.0994:0.0497 FOUL:3:0.1491:0.0497 REPOSITION:7:0.3479:0.0497 END_TURN:1:0.0497:0.0497
ROOT g=103 t=29 ctx=def n=9 BLITZ:2:0.3327:0.1664 BLOCK:4:0.3993:0.0998 REPOSITION:2:0.1848:0.0924 END_TURN:1:0.0832:0.0832
ROOT g=103 t=30 ctx=off n=17 ADVANCE:1:0.1069:0.1069 CAGE:1:0.1069:0.1069 BLITZ:1:0.0524:0.0524 PASS_ACTION:3:0.1572:0.0524 FOUL:3:0.1572:0.0524 REPOSITION:7:0.3669:0.0524 END_TURN:1:0.0524:0.0524
ROOT g=103 t=31 ctx=def n=10 BLITZ:2:0.3279:0.1639 BLOCK:1:0.0984:0.0984 FOUL:1:0.0820:0.0820 REPOSITION:5:0.4098:0.0820 END_TURN:1:0.0820:0.0820
ROOT g=103 t=32 ctx=off n=17 ADVANCE:1:0.1069:0.1069 CAGE:1:0.1069:0.1069 BLITZ:1:0.0524:0.0524 PASS_ACTION:3:0.1572:0.0524 FOUL:3:0.1572:0.0524 REPOSITION:7:0.3669:0.0524 END_TURN:1:0.0524:0.0524
ROOT g=104 t=0 ctx=loose n=13 BLITZ:1:0.0614:0.0614 BLOCK:3:0.2875:0.0958 PICKUP:1:0.1597:0.1597 REPOSITION:7:0.4300:0.0614 END_TURN:1:0.0614:0.0614
ROOT g=104 t=1 ctx=def n=12 BLITZ:2:0.2978:0.1489 BLOCK:3:0.2680:0.0893 REPOSITION:6:0.3722:0.0620 END_TURN:1:0.0620:0.0620
ROOT g=104 t=2 ctx=off n=19 ADVANCE:1:0.0998:0.0998 CAGE:1:0.0998:0.0998 BLITZ:1:0.0438:0.0438 BLOCK:1:0.0998:0.0998 PASS_ACTION:8:0.3503:0.0438 FOUL:1:0.0438:0.0438 REPOSITION:5:0.2189:0.0438 END_TURN:1:0.0438:0.0438
ROOT g=104 t=3 ctx=def n=14 BLITZ:2:0.2851:0.1426 BLOCK:3:0.2566:0.0855 FOUL:2:0.1018:0.0509 REPOSITION:6:0.3055:0.0509 END_TURN:1:0.0509:0.0509
ROOT g=104 t=4 ctx=off n=17 ADVANCE:1:0.1069:0.1069 CAGE:1:0.1069:0.1069 BLITZ:1:0.0524:0.0524 PASS_ACTION:4:0.2096:0.0524 FOUL:2:0.1048:0.0524 REPOSITION:7:0.3669:0.0524 END_TURN:1:0.0524:0.0524
ROOT g=104 t=5 ctx=def n=13 BLITZ:2:0.3103:0.1551 BLOCK:1:0.0931:0.0931 FOUL:2:0.1193:0.0597 REPOSITION:7:0.4177:0.0597 END_TURN:1:0.0597:0.0597
ROOT g=104 t=6 ctx=off n=15 ADVANCE:1:0.1084:0.1084 CAGE:1:0.1084:0.1084 BLITZ:1:0.0602:0.0602 PASS_ACTION:4:0.2410:0.0602 REPOSITION:7:0.4217:0.0602 END_TURN:1:0.0602:0.0602
ROOT g=104 t=7 ctx=def n=12 BLITZ:2:0.3243:0.1622 REPOSITION:9:0.6081:0.0676 END_TURN:1:0.0676:0.0676
ROOT g=104 t=8 ctx=off n=12 ADVANCE:1:0.1118:0.1118 CAGE:1:0.1118:0.1118 BLITZ:1:0.0776:0.0776 PASS_ACTION:1:0.0776:0.0776 FOUL:1:0.0776:0.0776 REPOSITION:6:0.4658:0.0776 END_TURN:1:0.0776:0.0776
ROOT g=104 t=9 ctx=def n=12 BLITZ:2:0.2899:0.1449 BLOCK:4:0.3478:0.0870 REPOSITION:5:0.3019:0.0604 END_TURN:1:0.0604:0.0604
ROOT g=104 t=10 ctx=off n=12 ADVANCE:1:0.1118:0.1118 CAGE:1:0.1118:0.1118 BLITZ:1:0.0776:0.0776 PASS_ACTION:1:0.0776:0.0776 FOUL:1:0.0776:0.0776 REPOSITION:6:0.4658:0.0776 END_TURN:1:0.0776:0.0776
ROOT g=104 t=11 ctx=def n=11 BLITZ:2:0.3064:0.1532 BLOCK:3:0.2758:0.0919 REPOSITION:5:0.3482:0.0696 END_TURN:1:0.0696:0.0696
ROOT g=104 t=12 ctx=loose n=12 BLITZ:1:0.0605:0.0605 BLOCK:3:0.2615:0.0872 PICKUP:1:0.2542:0.2542 FOUL:1:0.0605:0.0605 REPOSITION:5:0.3027:0.0605 END_TURN:1:0.0605:0.0605
ROOT g=104 t=13 ctx=loose n=9 BLITZ:1:0.0905:0.0905 PICKUP:1:0.2851:0.2851 REPOSITION:6:0.5430:0.0905 END_TURN:1:0.0814:0.0814
ROOT g=104 t=14 ctx=loose n=11 BLITZ:1:0.0722:0.0722 PICKUP:1:0.2780:0.2780 FOUL:1:0.0722:0.0722 REPOSITION:7:0.5054:0.0722 END_TURN:1:0.0722:0.0722
ROOT g=104 t=15 ctx=loose n=6 BLITZ:1:0.1493:0.1493 PICKUP:1:0.3134:0.3134 REPOSITION:3:0.4478:0.1493 END_TURN:1:0.0896:0.0896
ROOT g=104 t=16 ctx=loose n=13 BLITZ:1:0.0614:0.0614 BLOCK:3:0.2875:0.0958 PICKUP:1:0.1597:0.1597 REPOSITION:7:0.4300:0.0614 END_TURN:1:0.0614:0.0614
ROOT g=104 t=17 ctx=def n=14 BLITZ:2:0.2954:0.1477 BLOCK:2:0.1772:0.0886 REPOSITION:9:0.4747:0.0527 END_TURN:1:0.0527:0.0527
ROOT g=104 t=18 ctx=off n=22 ADVANCE:1:0.1044:0.1044 CAGE:1:0.1044:0.1044 BLITZ:1:0.0396:0.0396 PASS_ACTION:9:0.3560:0.0396 REPOSITION:9:0.3560:0.0396 END_TURN:1:0.0396:0.0396
ROOT g=104 t=19 ctx=def n=13 BLITZ:2:0.3210:0.1605 REPOSITION:10:0.6173:0.0617 END_TURN:1:0.0617:0.0617
ROOT g=104 t=20 ctx=loose n=17 BLITZ:1:0.0489:0.0489 BLOCK:1:0.0998:0.0998 PICKUP:1:0.1663:0.1663 FOUL:4:0.1957:0.0489 REPOSITION:9:0.4403:0.0489 END_TURN:1:0.0489:0.0489
ROOT g=104 t=21 ctx=def n=12 BLITZ:2:0.3243:0.1622 REPOSITION:9:0.6081:0.0676 END_TURN:1:0.0676:0.0676
ROOT g=104 t=22 ctx=off n=18 ADVANCE:1:0.1063:0.1063 CAGE:1:0.1063:0.1063 BLITZ:1:0.0492:0.0492 PASS_ACTION:1:0.0492:0.0492 FOUL:4:0.1969:0.0492 REPOSITION:9:0.4429:0.0492 END_TURN:1:0.0492:0.0492
ROOT g=104 t=23 ctx=def n=11 BLITZ:2:0.3284:0.1642 REPOSITION:8:0.5970:0.0746 END_TURN:1:0.0746:0.0746
ROOT g=104 t=24 ctx=off n=20 ADVANCE:1:0.1053:0.1053 CAGE:1:0.1053:0.1053 BLITZ:1:0.0439:0.0439 PASS_ACTION:2:0.0877:0.0439 FOUL:5:0.2193:0.0439 REPOSITION:9:0.3947:0.0439 END_TURN:1:0.0439:0.0439
ROOT g=104 t=25 ctx=def n=10 BLITZ:2:0.3333:0.1667 REPOSITION:7:0.5833:0.0833 END_TURN:1:0.0833:0.0833
ROOT g=104 t=26 ctx=off n=20 ADVANCE:1:0.1053:0.1053 CAGE:1:0.1053:0.1053 BLITZ:1:0.0439:0.0439 PASS_ACTION:2:0.0877:0.0439 FOUL:5:0.2193:0.0439 REPOSITION:9:0.3947:0.0439 END_TURN:1:0.0439:0.0439
ROOT g=104 t=27 ctx=def n=9 BLITZ:2:0.3429:0.1714 REPOSITION:6:0.5714:0.0952 END_TURN:1:0.0857:0.0857
ROOT g=104 t=28 ctx=off n=20 ADVANCE:1:0.1053:0.1053 CAGE:1:0.1053:0.1053 BLITZ:1:0.0439:0.0439 PASS_ACTION:2:0.0877:0.0439 FOUL:5:0.2193:0.0439 REPOSITION:9:0.3947:0.0439 END_TURN:1:0.0439:0.0439
ROOT g=104 t=29 ctx=def n=8 BLITZ:2:0.3556:0.1778 REPOSITION:5:0.5556:0.1111 END_TURN:1:0.0889:0.0889
ROOT g=104 t=30 ctx=loose n=16 BLITZ:1:0.0485:0.0485 PICKUP:1:0.2718:0.2718 FOUL:4:0.1942:0.0485 REPOSITION:9:0.4369:0.0485 END_TURN:1:0.0485:0.0485
ROOT g=104 t=31 ctx=loose n=10 BLITZ:1:0.0800:0.0800 PICKUP:1:0.2800:0.2800 FOUL:2:0.1600:0.0800 REPOSITION:5:0.4000:0.0800 END_TURN:1:0.0800:0.0800
ROOT g=105 t=0 ctx=loose n=13 BLITZ:1:0.0614:0.0614 BLOCK:3:0.2875:0.0958 PICKUP:1:0.1597:0.1597 REPOSITION:7:0.4300:0.0614 END_TURN:1:0.0614:0.0614
ROOT g=105 t=1 ctx=def n=12 BLITZ:2:0.3243:0.1622 REPOSITION:9:0.6081:0.0676 END_TURN:1:0.0676:0.0676
ROOT g=105 t=2 ctx=off n=23 ADVANCE:1:0.0868:0.0868 CAGE:1:0.0868:0.0868 BLITZ:1:0.0314:0.0314 BLOCK:3:0.2604:0.0868 PASS_ACTION:10:0.3145:0.0314 REPOSITION:6:0.1887:0.0314 END_TURN:1:0.0314:0.0314
ROOT g=105 t=3 ctx=def n=12 BLITZ:2:0.3243:0.1622 REPOSITION:9:0.6081:0.0676 END_TURN:1:0.0676:0.0676
ROOT g=105 t=4 ctx=off n=18 ADVANCE:1:0.0865:0.0865 CAGE:1:0.0865:0.0865 BLITZ:1:0.0401:0.0401 BLOCK:4:0.3462:0.0865 PASS_ACTION:5:0.2003:0.0401 REPOSITION:5:0.2003:0.0401 END_TURN:1:0.0401:0.0401
ROOT g=105 t=5 ctx=def n=13 BLITZ:2:0.3103:0.1551 BLOCK:1:0.0931:0.0931 REPOSITION:9:0.5370:0.0597 END_TURN:1:0.0597:0.0597
ROOT g=105 t=6 ctx=off n=23 ADVANCE:1:0.0781:0.0781 CAGE:1:0.0781:0.0781 BLITZ:1:0.0283:0.0283 BLOCK:5:0.3907:0.0781 PASS_ACTION:8:0.2265:0.0283 FOUL:1:0.0283:0.0283 REPOSITION:5:0.1416:0.0283 END_TURN:1:0.0283:0.0283
ROOT g=105 t=7 ctx=def n=11 BLITZ:2:0.3284:0.1642 REPOSITION:8:0.5970:0.0746 END_TURN:1:0.0746:0.0746
ROOT g=105 t=8 ctx=off n=20 ADVANCE:1:0.1053:0.1053 CAGE:1:0.1053:0.1053 BLITZ:1:0.0439:0.0439 PASS_ACTION:3:0.1316:0.0439 FOUL:4:0.1754:0.0439 REPOSITION:9:0.3947:0.0439 END_TURN:1:0.0439:0.0439
ROOT g=105 t=9 ctx=def n=11 BLITZ:2:0.3284:0.1642 REPOSITION:8:0.5970:0.0746 END_TURN:1:0.0746:0.0746
ROOT g=105 t=10 ctx=off n=19 ADVANCE:1:0.1058:0.1058 CAGE:1:0.1058:0.1058 BLITZ:1:0.0464:0.0464 PASS_ACTION:1:0.0464:0.0464 FOUL:5:0.2319:0.0464 REPOSITION:9:0.4174:0.0464 END_TURN:1:0.0464:0.0464
ROOT g=105 t=11 ctx=def n=10 BLITZ:2:0.3333:0.1667 REPOSITION:7:0.5833:0.0833 END_TURN:1:0.0833:0.0833
ROOT g=105 t=12 ctx=off n=15 SCORE:1:0.2425:0.2425 CAGE:1:0.0831:0.0831 BLITZ:1:0.0462:0.0462 BLOCK:2:0.1663:0.0831 FOUL:1:0.0462:0.0462 REPOSITION:8:0.3695:0.0462 END_TURN:1:0.0462:0.0462
ROOT g=105 t=13 ctx=loose n=13 BLITZ:1:0.0549:0.0549 BLOCK:3:0.2567:0.0856 PICKUP:1:0.2496:0.2496 REPOSITION:7:0.3840:0.0549 END_TURN:1:0.0549:0.0549
ROOT g=105 t=14 ctx=def n=16 BLITZ:2:0.3002:0.1501 BLOCK:1:0.0901:0.0901 FOUL:4:0.1876:0.0469 REPOSITION:8:0.3752:0.0469 END_TURN:1:0.0469:0.0469
ROOT g=105 t=15 ctx=off n=18 ADVANCE:1:0.1063:0.1063 CAGE:1:0.1063:0.1063 BLITZ:1:0.0492:0.0492 PASS_ACTION:7:0.3445:0.0492 REPOSITION:7:0.3445:0.0492 END_TURN:1:0.0492:0.0492
ROOT g=105 t=16 ctx=loose n=13 BLITZ:1:0.0569:0.0569 BLOCK:3:0.2662:0.0887 PICKUP:1:0.2218:0.2218 REPOSITION:7:0.3982:0.0569 END_TURN:1:0.0569:0.0569
ROOT g=105 t=17 ctx=loose n=12 BLITZ:1:0.0746:0.0746 PICKUP:1:0.1791:0.1791 REPOSITION:9:0.6716:0.0746 END_TURN:1:0.0746:0.0746
ROOT g=105 t=18 ctx=loose n=12 BLITZ:1:0.0685:0.0685 PICKUP:1:0.2466:0.2466 REPOSITION:9:0.6164:0.0685 END_TURN:1:0.0685:0.0685
ROOT g=105 t=19 ctx=loose n=15 BLITZ:1:0.0562:0.0562 BLOCK:1:0.1011:0.1011 PICKUP:1:0.1685:0.1685 FOUL:1:0.0562:0.0562 REPOSITION:10:0.5618:0.0562 END_TURN:1:0.0562:0.0562
ROOT g=105 t=20 ctx=loose n=13 BLITZ:1:0.0629:0.0629 PICKUP:1:0.2453:0.2453 REPOSITION:10:0.6289:0.0629 END_TURN:1:0.0629:0.0629
ROOT g=105 t=21 ctx=loose n=13 BLITZ:1:0.0685:0.0685 PICKUP:1:0.1781:0.1781 REPOSITION:10:0.6849:0.0685 END_TURN:1:0.0685:0.0685
ROOT g=105 t=22 ctx=loose n=13 BLITZ:1:0.0629:0.0629 PICKUP:1:0.2453:0.2453 REPOSITION:10:0.6289:0.0629 END_TURN:1:0.0629:0.0629
ROOT g=105 t=23 ctx=loose n=13 BLITZ:1:0.0685:0.0685 PICKUP:1:0.1781:0.1781 REPOSITION:10:0.6849:0.0685 END_TURN:1:0.0685:0.0685
ROOT g=105 t=24 ctx=loose n=13 BLITZ:1:0.0629:0.0629 PICKUP:1:0.2453:0.2453 REPOSITION:10:0.6289:0.0629 END_TURN:1:0.0629:0.0629
ROOT g=105 t=25 ctx=loose n=13 BLITZ:1:0.0685:0.0685 PICKUP:1:0.1781:0.1781 REPOSITION:10:0.6849:0.0685 END_TURN:1:0.0685:0.0685
ROOT g=105 t=26 ctx=loose n=12 BLITZ:1:0.0658:0.0658 PICKUP:1:0.2763:0.2763 REPOSITION:9:0.5921:0.0658 END_TURN:1:0.0658:0.0658
ROOT g=105 t=27 ctx=loose n=16 BLITZ:1:0.0485:0.0485 PICKUP:1:0.2718:0.2718 FOUL:3:0.1456:0.0485 REPOSITION:10:0.4854:0.0485 END_TURN:1:0.0485:0.0485
ROOT g=105 t=28 ctx=loose n=11 BLITZ:1:0.0722:0.0722 PICKUP:1:0.2780:0.2780 REPOSITION:8:0.5776:0.0722 END_TURN:1:0.0722:0.0722
ROOT g=105 t=29 ctx=loose n=14 BLITZ:1:0.0559:0.0559 PICKUP:1:0.2737:0.2737 FOUL:2:0.1117:0.0559 REPOSITION:9:0.5028:0.0559 END_TURN:1:0.0559:0.0559
ROOT g=105 t=30 ctx=loose n=13 BLITZ:1:0.0584:0.0584 BLOCK:1:0.0912:0.0912 PICKUP:1:0.2659:0.2659 FOUL:2:0.1169:0.0584 REPOSITION:7:0.4091:0.0584 END_TURN:1:0.0584:0.0584
ROOT g=105 t=31 ctx=loose n=16 BLITZ:1:0.0485:0.0485 PICKUP:1:0.2718:0.2718 FOUL:3:0.1456:0.0485 REPOSITION:10:0.4854:0.0485 END_TURN:1:0.0485:0.0485
ROOT g=106 t=0 ctx=loose n=13 BLITZ:1:0.0614:0.0614 BLOCK:3:0.2875:0.0958 PICKUP:1:0.1597:0.1597 REPOSITION:7:0.4300:0.0614 END_TURN:1:0.0614:0.0614
ROOT g=106 t=1 ctx=def n=10 BLITZ:2:0.3333:0.1667 REPOSITION:7:0.5833:0.0833 END_TURN:1:0.0833:0.0833
ROOT g=106 t=2 ctx=off n=27 ADVANCE:1:0.1029:0.1029 CAGE:1:0.1029:0.1029 BLITZ:1:0.0318:0.0318 PASS_ACTION:10:0.3177:0.0318 FOUL:5:0.1588:0.0318 REPOSITION:8:0.2541:0.0318 END_TURN:1:0.0318:0.0318
ROOT g=106 t=3 ctx=def n=9 BLITZ:2:0.3429:0.1714 REPOSITION:6:0.5714:0.0952 END_TURN:1:0.0857:0.0857
ROOT g=106 t=4 ctx=off n=23 ADVANCE:1:0.1041:0.1041 CAGE:1:0.1041:0.1041 BLITZ:1:0.0377:0.0377 PASS_ACTION:7:0.2640:0.0377 FOUL:5:0.1885:0.0377 REPOSITION:7:0.2640:0.0377 END_TURN:1:0.0377:0.0377
ROOT g=106 t=5 ctx=def n=10 BLITZ:2:0.3333:0.1667 FOUL:1:0.0833:0.0833 REPOSITION:6:0.5000:0.0833 END_TURN:1:0.0833:0.0833
ROOT g=106 t=6 ctx=off n=21 ADVANCE:1:0.1048:0.1048 CAGE:1:0.1048:0.1048 BLITZ:1:0.0416:0.0416 PASS_ACTION:6:0.2496:0.0416 FOUL:4:0.1664:0.0416 REPOSITION:7:0.2912:0.0416 END_TURN:1:0.0416:0.0416
ROOT g=106 t=7 ctx=def n=12 BLITZ:2:0.3243:0.1622 FOUL:2:0.1351:0.0676 REPOSITION:7:0.4730:0.0676 END_TURN:1:0.0676:0.0676
ROOT g=106 t=8 ctx=off n=20 ADVANCE:1:0.1053:0.1053 CAGE:1:0.1053:0.1053 BLITZ:1:0.0439:0.0439 PASS_ACTION:6:0.2632:0.0439 FOUL:4:0.1754:0.0439 REPOSITION:6:0.2632:0.0439 END_TURN:1:0.0439:0.0439
ROOT g=106 t=9 ctx=def n=11 BLITZ:2:0.3284:0.1642 FOUL:2:0.1493:0.0746 REPOSITION:6:0.4478:0.0746 END_TURN:1:0.0746:0.0746
ROOT g=106 t=10 ctx=off n=17 ADVANCE:1:0.1069:0.1069 CAGE:1:0.1069:0.1069 BLITZ:1:0.0524:0.0524 PASS_ACTION:3:0.1572:0.0524 FOUL:4:0.2096:0.0524 REPOSITION:6:0.3145:0.0524 END_TURN:1:0.0524:0.0524
ROOT g=106 t=11 ctx=def n=14 BLITZ:2:0.3182:0.1591 FOUL:4:0.2273:0.0568 REPOSITION:7:0.3977:0.0568 END_TURN:1:0.0568:0.0568
ROOT g=106 t=12 ctx=off n=18 ADVANCE:1:0.1063:0.1063 CAGE:1:0.1063:0.1063 BLITZ:1:0.0492:0.0492 PASS_ACTION:3:0.1476:0.0492 FOUL:5:0.2461:0.0492 REPOSITION:6:0.2953:0.0492 END_TURN:1:0.0492:0.0492
ROOT g=106 t=13 ctx=loose n=12 BLITZ:1:0.0658:0.0658 PICKUP:1:0.2763:0.2763 FOUL:3:0.1974:0.0658 REPOSITION:6:0.3947:0.0658 END_TURN:1:0.0658:0.0658
ROOT g=106 t=14 ctx=def n=15 BLITZ:2:0.3158:0.1579 FOUL:6:0.3158:0.0526 REPOSITION:6:0.3158:0.0526 END_TURN:1:0.0526:0.0526
ROOT g=106 t=15 ctx=loose n=7 BLITZ:1:0.1227:0.1227 PICKUP:1:0.3006:0.3006 FOUL:1:0.1227:0.1227 REPOSITION:3:0.3681:0.1227 END_TURN:1:0.0859:0.0859
ROOT g=106 t=16 ctx=loose n=13 BLITZ:1:0.0614:0.0614 BLOCK:3:0.2875:0.0958 PICKUP:1:0.1597:0.1597 REPOSITION:7:0.4300:0.0614 END_TURN:1:0.0614:0.0614
ROOT g=106 t=17 ctx=def n=13 BLITZ:2:0.3210:0.1605 REPOSITION:10:0.6173:0.0617 END_TURN:1:0.0617:0.0617
ROOT g=106 t=18 ctx=off n=20 ADVANCE:1:0.0889:0.0889 CAGE:1:0.0889:0.0889 BLITZ:1:0.0370:0.0370 BLOCK:3:0.2667:0.0889 PASS_ACTION:7:0.2593:0.0370 REPOSITION:6:0.2222:0.0370 END_TURN:1:0.0370:0.0370
ROOT g=106 t=19 ctx=def n=14 BLITZ:2:0.3182:0.1591 FOUL:1:0.0568:0.0568 REPOSITION:10:0.5682:0.0568 END_TURN:1:0.0568:0.0568
ROOT g=106 t=20 ctx=off n=17 ADVANCE:1:0.1069:0.1069 CAGE:1:0.1069:0.1069 BLITZ:1:0.0524:0.0524 PASS_ACTION:6:0.3145:0.0524 REPOSITION:7:0.3669:0.0524 END_TURN:1:0.0524:0.0524
ROOT g=106 t=21 ctx=def n=14 BLITZ:2:0.3063:0.1532 BLOCK:1:0.0919:0.0919 FOUL:1:0.0547:0.0547 REPOSITION:9:0.4923:0.0547 END_TURN:1:0.0547:0.0547
ROOT g=106 t=22 ctx=off n=18 ADVANCE:1:0.0865:0.0865 CAGE:1:0.0865:0.0865 BLITZ:1:0.0401:0.0401 BLOCK:4:0.3462:0.0865 PASS_ACTION:6:0.2404:0.0401 REPOSITION:4:0.1603:0.0401 END_TURN:1:0.0401:0.0401
ROOT g=106 t=23 ctx=def n=13 BLITZ:2:0.3210:0.1605 FOUL:1:0.0617:0.0617 REPOSITION:9:0.5556:0.0617 END_TURN:1:0.0617:0.0617
ROOT g=106 t=24 ctx=off n=22 ADVANCE:1:0.1044:0.1044 CAGE:1:0.1044:0.1044 BLITZ:1:0.0396:0.0396 PASS_ACTION:6:0.2373:0.0396 FOUL:5:0.1978:0.0396 REPOSITION:7:0.2769:0.0396 END_TURN:1:0.0396:0.0396
ROOT g=106 t=25 ctx=def n=13 BLITZ:2:0.3210:0.1605 FOUL:1:0.0617:0.0617 REPOSITION:9:0.5556:0.0617 END_TURN:1:0.0617:0.0617
ROOT g=106 t=26 ctx=off n=22 ADVANCE:1:0.0561:0.0561 CAGE:1:0.0561:0.0561 BLITZ:1:0.0212:0.0212 BLOCK:5:0.2804:0.0561 PASS_ACTION:4:0.0850:0.0212 FOUL:1:0.0212:0.0212 REPOSITION:4:0.0850:0.0212 END_TURN:1:0.0212:0.0212 BLITZ_AND_SCORE:1:0.0935:0.0935 HAND_OFF_SCORE:1:0.0935:0.0935 PASS_SCORE:1:0.0935:0.0935 CHAIN_SCORE:1:0.0935:0.0935
ROOT g=106 t=27 ctx=def n=8 BLITZ:2:0.3556:0.1778 BLOCK:1:0.1111:0.1111 REPOSITION:4:0.4444:0.1111 END_TURN:1:0.0889:0.0889
ROOT g=106 t=28 ctx=off n=8 SCORE:1:0.2917:0.2917 CAGE:1:0.1042:0.1042 BLITZ:1:0.1042:0.1042 REPOSITION:4:0.4167:0.1042 END_TURN:1:0.0833:0.0833
ROOT g=106 t=29 ctx=loose n=13 BLITZ:1:0.0549:0.0549 BLOCK:3:0.2567:0.0856 PICKUP:1:0.2496:0.2496 REPOSITION:7:0.3840:0.0549 END_TURN:1:0.0549:0.0549
ROOT g=106 t=30 ctx=def n=12 BLITZ:2:0.3061:0.1531 BLOCK:2:0.1837:0.0918 REPOSITION:7:0.4464:0.0638 END_TURN:1:0.0638:0.0638
ROOT g=106 t=31 ctx=off n=23 ADVANCE:1:0.1041:0.1041 CAGE:1:0.1041:0.1041 BLITZ:1:0.0377:0.0377 PASS_ACTION:10:0.3771:0.0377 FOUL:1:0.0377:0.0377 REPOSITION:8:0.3017:0.0377 END_TURN:1:0.0377:0.0377
ROOT g=107 t=0 ctx=loose n=13 BLITZ:1:0.0614:0.0614 BLOCK:3:0.2875:0.0958 PICKUP:1:0.1597:0.1597 REPOSITION:7:0.4300:0.0614 END_TURN:1:0.0614:0.0614
ROOT g=107 t=1 ctx=def n=14 BLITZ:2:0.2954:0.1477 BLOCK:2:0.1772:0.0886 FOUL:1:0.0527:0.0527 REPOSITION:8:0.4219:0.0527 END_TURN:1:0.0527:0.0527
ROOT g=107 t=2 ctx=off n=21 ADVANCE:1:0.1048:0.1048 CAGE:1:0.1048:0.1048 BLITZ:1:0.0416:0.0416 PASS_ACTION:5:0.2080:0.0416 FOUL:4:0.1664:0.0416 REPOSITION:8:0.3328:0.0416 END_TURN:1:0.0416:0.0416
ROOT g=107 t=3 ctx=def n=12 BLITZ:2:0.3243:0.1622 REPOSITION:9:0.6081:0.0676 END_TURN:1:0.0676:0.0676
ROOT g=107 t=4 ctx=loose n=17 BLITZ:1:0.0466:0.0466 BLOCK:2:0.1899:0.0950 PICKUP:1:0.1583:0.1583 FOUL:5:0.2328:0.0466 REPOSITION:7:0.3259:0.0466 END_TURN:1:0.0466:0.0466
ROOT g=107 t=5 ctx=loose n=12 BLITZ:1:0.0746:0.0746 PICKUP:1:0.1791:0.1791 FOUL:2:0.1493:0.0746 REPOSITION:7:0.5224:0.0746 END_TURN:1:0.0746:0.0746
ROOT g=107 t=6 ctx=loose n=15 BLITZ:1:0.0588:0.0588 PICKUP:1:0.1765:0.1765 FOUL:4:0.2353:0.0588 REPOSITION:8:0.4706:0.0588 END_TURN:1:0.0588:0.0588
ROOT g=107 t=7 ctx=loose n=10 BLITZ:1:0.0909:0.0909 PICKUP:1:0.1818:0.1818 FOUL:1:0.0909:0.0909 REPOSITION:6:0.5455:0.0909 END_TURN:1:0.0909:0.0909
ROOT g=107 t=8 ctx=loose n=18 BLITZ:1:0.0485:0.0485 PICKUP:1:0.1748:0.1748 FOUL:7:0.3398:0.0485 REPOSITION:8:0.3883:0.0485 END_TURN:1:0.0485:0.0485
ROOT g=107 t=9 ctx=loose n=9 BLITZ:1:0.1014:0.1014 BLOCK:2:0.2191:0.1095 PICKUP:1:0.1826:0.1826 FOUL:1:0.1014:0.1014 REPOSITION:3:0.3043:0.1014 END_TURN:1:0.0913:0.0913
ROOT g=107 t=10 ctx=loose n=17 BLITZ:1:0.0399:0.0399 BLOCK:3:0.2441:0.0814 PICKUP:1:0.2373:0.2373 FOUL:6:0.2393:0.0399 REPOSITION:5:0.1994:0.0399 END_TURN:1:0.0399:0.0399
ROOT g=107 t=11 ctx=loose n=9 BLITZ:1:0.0898:0.0898 BLOCK:1:0.0970:0.0970 PICKUP:1:0.2830:0.2830 FOUL:1:0.0898:0.0898 REPOSITION:4:0.3594:0.0898 END_TURN:1:0.0809:0.0809
ROOT g=107 t=12 ctx=loose n=17 BLITZ:1:0.0456:0.0456 PICKUP:1:0.2711:0.2711 FOUL:6:0.2733:0.0456 REPOSITION:8:0.3645:0.0456 END_TURN:1:0.0456:0.0456
ROOT g=107 t=13 ctx=loose n=9 BLITZ:1:0.0905:0.0905 PICKUP:1:0.2851:0.2851 FOUL:2:0.1810:0.0905 REPOSITION:4:0.3620:0.0905 END_TURN:1:0.0814:0.0814
ROOT g=107 t=14 ctx=loose n=17 BLITZ:1:0.0456:0.0456 PICKUP:1:0.2711:0.2711 FOUL:6:0.2733:0.0456 REPOSITION:8:0.3645:0.0456 END_TURN:1:0.0456:0.0456
ROOT g=107 t=15 ctx=loose n=8 BLITZ:1:0.1042:0.1042 PICKUP:1:0.2917:0.2917 FOUL:1:0.1042:0.1042 REPOSITION:4:0.4167:0.1042 END_TURN:1:0.0833:0.0833
ROOT g=107 t=16 ctx=loose n=13 BLITZ:1:0.0614:0.0614 BLOCK:3:0.2875:0.0958 PICKUP:1:0.1597:0.1597 REPOSITION:7:0.4300:0.0614 END_TURN:1:0.0614:0.0614
ROOT g=107 t=17 ctx=loose n=12 BLITZ:1:0.0746:0.0746 PICKUP:1:0.1791:0.1791 REPOSITION:9:0.6716:0.0746 END_TURN:1:0.0746:0.0746
ROOT g=107 t=18 ctx=loose n=14 BLITZ:1:0.0633:0.0633 PICKUP:1:0.1772:0.1772 REPOSITION:11:0.6962:0.0633 END_TURN:1:0.0633:0.0633
ROOT g=107 t=19 ctx=loose n=13 BLITZ:1:0.0685:0.0685 PICKUP:1:0.1781:0.1781 REPOSITION:10:0.6849:0.0685 END_TURN:1:0.0685:0.0685
ROOT g=107 t=20 ctx=loose n=12 BLITZ:1:0.0746:0.0746 PICKUP:1:0.1791:0.1791 REPOSITION:9:0.6716:0.0746 END_TURN:1:0.0746:0.0746
ROOT g=107 t=21 ctx=loose n=13 BLITZ:1:0.0685:0.0685 PICKUP:1:0.1781:0.1781 FOUL:1:0.0685:0.0685 REPOSITION:9:0.6164:0.0685 END_TURN:1:0.0685:0.0685
ROOT g=107 t=22 ctx=loose n=11 BLITZ:1:0.0820:0.0820 PICKUP:1:0.1803:0.1803 REPOSITION:8:0.6557:0.0820 END_TURN:1:0.0820:0.0820
ROOT g=107 t=23 ctx=loose n=13 BLITZ:1:0.0685:0.0685 PICKUP:1:0.1781:0.1781 FOUL:1:0.0685:0.0685 REPOSITION:9:0.6164:0.0685 END_TURN:1:0.0685:0.0685
ROOT g=107 t=24 ctx=loose n=10 BLITZ:1:0.0909:0.0909 PICKUP:1:0.1818:0.1818 REPOSITION:7:0.6364:0.0909 END_TURN:1:0.0909:0.0909
ROOT g=107 t=25 ctx=loose n=12 BLITZ:1:0.0746:0.0746 PICKUP:1:0.1791:0.1791 FOUL:1:0.0746:0.0746 REPOSITION:8:0.5970:0.0746 END_TURN:1:0.0746:0.0746
ROOT g=107 t=26 ctx=loose n=11 BLITZ:1:0.0690:0.0690 BLOCK:2:0.1822:0.0911 PICKUP:1:0.2657:0.2657 REPOSITION:6:0.4141:0.0690 END_TURN:1:0.0690:0.0690
ROOT g=107 t=27 ctx=def n=11 BLITZ:2:0.3284:0.1642 FOUL:1:0.0746:0.0746 REPOSITION:7:0.5224:0.0746 END_TURN:1:0.0746:0.0746
ROOT g=107 t=28 ctx=off n=16 ADVANCE:1:0.1076:0.1076 CAGE:1:0.1076:0.1076 BLITZ:1:0.0561:0.0561 PASS_ACTION:5:0.2803:0.0561 FOUL:1:0.0561:0.0561 REPOSITION:6:0.3363:0.0561 END_TURN:1:0.0561:0.0561
ROOT g=107 t=29 ctx=def n=11 BLITZ:2:0.3284:0.1642 FOUL:1:0.0746:0.0746 REPOSITION:7:0.5224:0.0746 END_TURN:1:0.0746:0.0746
ROOT g=107 t=30 ctx=off n=15 ADVANCE:1:0.1084:0.1084 CAGE:1:0.1084:0.1084 BLITZ:1:0.0602:0.0602 PASS_ACTION:5:0.3012:0.0602 FOUL:1:0.0602:0.0602 REPOSITION:5:0.3012:0.0602 END_TURN:1:0.0602:0.0602
ROOT g=107 t=31 ctx=def n=8 BLITZ:2:0.3556:0.1778 REPOSITION:5:0.5556:0.1111 END_TURN:1:0.0889:0.0889
ROOT g=108 t=0 ctx=loose n=13 BLITZ:1:0.0614:0.0614 BLOCK:3:0.2875:0.0958 PICKUP:1:0.1597:0.1597 REPOSITION:7:0.4300:0.0614 END_TURN:1:0.0614:0.0614
ROOT g=108 t=1 ctx=def n=10 BLITZ:2:0.3279:0.1639 BLOCK:1:0.0984:0.0984 REPOSITION:6:0.4918:0.0820 END_TURN:1:0.0820:0.0820
ROOT g=108 t=2 ctx=off n=22 ADVANCE:1:0.1044:0.1044 CAGE:1:0.1044:0.1044 BLITZ:1:0.0396:0.0396 PASS_ACTION:8:0.3165:0.0396 FOUL:2:0.0791:0.0396 REPOSITION:8:0.3165:0.0396 END_TURN:1:0.0396:0.0396
ROOT g=108 t=3 ctx=def n=10 BLITZ:2:0.3279:0.1639 BLOCK:1:0.0984:0.0984 REPOSITION:6:0.4918:0.0820 END_TURN:1:0.0820:0.0820
ROOT g=108 t=4 ctx=off n=21 ADVANCE:1:0.1048:0.1048 CAGE:1:0.1048:0.1048 BLITZ:1:0.0416:0.0416 PASS_ACTION:7:0.2912:0.0416 FOUL:2:0.0832:0.0416 REPOSITION:8:0.3328:0.0416 END_TURN:1:0.0416:0.0416
ROOT g=108 t=5 ctx=def n=9 BLITZ:2:0.3403:0.1701 BLOCK:1:0.1021:0.1021 REPOSITION:5:0.4726:0.0945 END_TURN:1:0.0851:0.0851
ROOT g=108 t=6 ctx=off n=20 ADVANCE:1:0.1053:0.1053 CAGE:1:0.1053:0.1053 BLITZ:1:0.0439:0.0439 PASS_ACTION:6:0.2632:0.0439 FOUL:2:0.0877:0.0439 REPOSITION:8:0.3509:0.0439 END_TURN:1:0.0439:0.0439
ROOT g=108 t=7 ctx=def n=8 BLITZ:2:0.3556:0.1778 BLOCK:1:0.1111:0.1111 REPOSITION:4:0.4444:0.1111 END_TURN:1:0.0889:0.0889
ROOT g=108 t=8 ctx=off n=18 ADVANCE:1:0.1063:0.1063 CAGE:1:0.1063:0.1063 BLITZ:1:0.0492:0.0492 PASS_ACTION:6:0.2953:0.0492 FOUL:1:0.0492:0.0492 REPOSITION:7:0.3445:0.0492 END_TURN:1:0.0492:0.0492
ROOT g=108 t=9 ctx=def n=11 BLITZ:2:0.3284:0.1642 FOUL:2:0.1493:0.0746 REPOSITION:6:0.4478:0.0746 END_TURN:1:0.0746:0.0746
ROOT g=108 t=10 ctx=off n=16 ADVANCE:1:0.1023:0.1023 CAGE:1:0.1023:0.1023 BLITZ:1:0.0533:0.0533 BLOCK:1:0.1023:0.1023 PASS_ACTION:3:0.1599:0.0533 FOUL:1:0.0533:0.0533 REPOSITION:7:0.3731:0.0533 END_TURN:1:0.0533:0.0533
ROOT g=108 t=11 ctx=def n=9 BLITZ:2:0.3429:0.1714 FOUL:2:0.1905:0.0952 REPOSITION:4:0.3810:0.0952 END_TURN:1:0.0857:0.0857
ROOT g=108 t=12 ctx=off n=17 ADVANCE:1:0.1069:0.1069 CAGE:1:0.1069:0.1069 BLITZ:1:0.0524:0.0524 PASS_ACTION:2:0.1048:0.0524 FOUL:4:0.2096:0.0524 REPOSITION:7:0.3669:0.0524 END_TURN:1:0.0524:0.0524
ROOT g=108 t=13 ctx=def n=8 BLITZ:2:0.3556:0.1778 FOUL:2:0.2222:0.1111 REPOSITION:3:0.3333:0.1111 END_TURN:1:0.0889:0.0889
ROOT g=108 t=14 ctx=off n=17 ADVANCE:1:0.1069:0.1069 CAGE:1:0.1069:0.1069 BLITZ:1:0.0524:0.0524 PASS_ACTION:2:0.1048:0.0524 FOUL:4:0.2096:0.0524 REPOSITION:7:0.3669:0.0524 END_TURN:1:0.0524:0.0524
ROOT g=108 t=15 ctx=def n=6 BLITZ:2:0.4000:0.2000 FOUL:1:0.1667:0.1667 REPOSITION:2:0.3333:0.1667 END_TURN:1:0.1000:0.1000
ROOT g=108 t=16 ctx=loose n=13 BLITZ:1:0.0614:0.0614 BLOCK:3:0.2875:0.0958 PICKUP:1:0.1597:0.1597 REPOSITION:7:0.4300:0.0614 END_TURN:1:0.0614:0.0614
ROOT g=108 t=17 ctx=def n=12 BLITZ:2:0.3243:0.1622 REPOSITION:9:0.6081:0.0676 END_TURN:1:0.0676:0.0676
ROOT g=108 t=18 ctx=off n=20 ADVANCE:1:0.0889:0.0889 CAGE:1:0.0889:0.0889 BLITZ:1:0.0370:0.0370 BLOCK:3:0.2667:0.0889 PASS_ACTION:9:0.3333:0.0370 REPOSITION:4:0.1481:0.0370 END_TURN:1:0.0370:0.0370
ROOT g=108 t=19 ctx=def n=14 BLITZ:2:0.2851:0.1426 BLOCK:3:0.2566:0.0855 FOUL:2:0.1018:0.0509 REPOSITION:6:0.3055:0.0509 END_TURN:1:0.0509:0.0509
ROOT g=108 t=20 ctx=off n=17 ADVANCE:1:0.1069:0.1069 CAGE:1:0.1069:0.1069 BLITZ:1:0.0524:0.0524 PASS_ACTION:6:0.3145:0.0524 FOUL:2:0.1048:0.0524 REPOSITION:5:0.2621:0.0524 END_TURN:1:0.0524:0.0524
ROOT g=108 t=21 ctx=def n=12 BLITZ:2:0.3150:0.1575 BLOCK:1:0.0945:0.0945 FOUL:1:0.0656:0.0656 REPOSITION:7:0.4593:0.0656 END_TURN:1:0.0656:0.0656
ROOT g=108 t=22 ctx=off n=16 ADVANCE:1:0.1043:0.1043 CAGE:1:0.1043:0.1043 BLITZ:1:0.0543:0.0543 PASS_ACTION:1:0.0543:0.0543 FOUL:2:0.1087:0.0543 REPOSITION:7:0.3804:0.0543 END_TURN:1:0.0543:0.0543 BLITZ_AND_SCORE:1:0.0696:0.0696 PASS_SCORE:1:0.0696:0.0696
ROOT g=108 t=23 ctx=loose n=13 BLITZ:1:0.0569:0.0569 BLOCK:3:0.2662:0.0887 PICKUP:1:0.2218:0.2218 REPOSITION:7:0.3982:0.0569 END_TURN:1:0.0569:0.0569
ROOT g=108 t=24 ctx=def n=12 BLITZ:2:0.3061:0.1531 BLOCK:2:0.1837:0.0918 REPOSITION:7:0.4464:0.0638 END_TURN:1:0.0638:0.0638
ROOT g=108 t=25 ctx=off n=21 ADVANCE:1:0.1048:0.1048 CAGE:1:0.1048:0.1048 BLITZ:1:0.0416:0.0416 PASS_ACTION:8:0.3328:0.0416 FOUL:1:0.0416:0.0416 REPOSITION:8:0.3328:0.0416 END_TURN:1:0.0416:0.0416
ROOT g=108 t=26 ctx=def n=12 BLITZ:2:0.3061:0.1531 BLOCK:2:0.1837:0.0918 REPOSITION:7:0.4464:0.0638 END_TURN:1:0.0638:0.0638
ROOT g=108 t=27 ctx=off n=21 ADVANCE:1:0.1048:0.1048 CAGE:1:0.1048:0.1048 BLITZ:1:0.0416:0.0416 PASS_ACTION:8:0.3328:0.0416 FOUL:1:0.0416:0.0416 REPOSITION:8:0.3328:0.0416 END_TURN:1:0.0416:0.0416
ROOT g=108 t=28 ctx=def n=12 BLITZ:2:0.3061:0.1531 BLOCK:2:0.1837:0.0918 REPOSITION:7:0.4464:0.0638 END_TURN:1:0.0638:0.0638
ROOT g=108 t=29 ctx=off n=19 ADVANCE:1:0.1058:0.1058 CAGE:1:0.1058:0.1058 BLITZ:1:0.0464:0.0464 PASS_ACTION:6:0.2783:0.0464 FOUL:1:0.0464:0.0464 REPOSITION:8:0.3711:0.0464 END_TURN:1:0.0464:0.0464
ROOT g=108 t=30 ctx=def n=12 BLITZ:2:0.3061:0.1531 BLOCK:2:0.1837:0.0918 REPOSITION:7:0.4464:0.0638 END_TURN:1:0.0638:0.0638
ROOT g=108 t=31 ctx=off n=19 ADVANCE:1:0.1058:0.1058 CAGE:1:0.1058:0.1058 BLITZ:1:0.0464:0.0464 PASS_ACTION:6:0.2783:0.0464 FOUL:1:0.0464:0.0464 REPOSITION:8:0.3711:0.0464 END_TURN:1:0.0464:0.0464
ROOT g=109 t=0 ctx=loose n=13 BLITZ:1:0.0614:0.0614 BLOCK:3:0.2875:0.0958 PICKUP:1:0.1597:0.1597 REPOSITION:7:0.4300:0.0614 END_TURN:1:0.0614:0.0614
ROOT g=109 t=1 ctx=loose n=12 BLITZ:1:0.0746:0.0746 PICKUP:1:0.1791:0.1791 REPOSITION:9:0.6716:0.0746 END_TURN:1:0.0746:0.0746
ROOT g=109 t=2 ctx=def n=13 BLITZ:2:0.2908:0.1454 BLOCK:3:0.2617:0.0872 REPOSITION:7:0.3915:0.0559 END_TURN:1:0.0559:0.0559
ROOT g=109 t=3 ctx=off n=19 ADVANCE:1:0.1058:0.1058 CAGE:1:0.1058:0.1058 BLITZ:1:0.0464:0.0464 PASS_ACTION:7:0.3247:0.0464 REPOSITION:8:0.3711:0.0464 END_TURN:1:0.0464:0.0464
ROOT g=109 t=4 ctx=def n=12 BLITZ:2:0.3061:0.1531 BLOCK:2:0.1837:0.0918 REPOSITION:7:0.4464:0.0638 END_TURN:1:0.0638:0.0638
ROOT g=109 t=5 ctx=off n=20 ADVANCE:1:0.1053:0.1053 CAGE:1:0.1053:0.1053 BLITZ:1:0.0439:0.0439 PASS_ACTION:7:0.3070:0.0439 FOUL:1:0.0439:0.0439 REPOSITION:8:0.3509:0.0439 END_TURN:1:0.0439:0.0439
ROOT g=109 t=6 ctx=def n=10 BLITZ:2:0.3333:0.1667 REPOSITION:7:0.5833:0.0833 END_TURN:1:0.0833:0.0833
ROOT g=109 t=7 ctx=off n=22 ADVANCE:1:0.1044:0.1044 CAGE:1:0.1044:0.1044 BLITZ:1:0.0396:0.0396 PASS_ACTION:7:0.2769:0.0396 FOUL:3:0.1187:0.0396 REPOSITION:8:0.3165:0.0396 END_TURN:1:0.0396:0.0396
ROOT g=109 t=8 ctx=def n=11 BLITZ:2:0.3284:0.1642 REPOSITION:8:0.5970:0.0746 END_TURN:1:0.0746:0.0746
ROOT g=109 t=9 ctx=off n=13 ADVANCE:1:0.1105:0.1105 CAGE:1:0.1105:0.1105 BLITZ:1:0.0708:0.0708 PASS_ACTION:2:0.1416:0.0708 FOUL:1:0.0708:0.0708 REPOSITION:6:0.4249:0.0708 END_TURN:1:0.0708:0.0708
ROOT g=109 t=10 ctx=def n=12 BLITZ:2:0.3150:0.1575 BLOCK:1:0.0945:0.0945 FOUL:1:0.0656:0.0656 REPOSITION:7:0.4593:0.0656 END_TURN:1:0.0656:0.0656
ROOT g=109 t=11 ctx=off n=15 ADVANCE:1:0.1084:0.1084 CAGE:1:0.1084:0.1084 BLITZ:1:0.0602:0.0602 FOUL:3:0.1807:0.0602 REPOSITION:8:0.4819:0.0602 END_TURN:1:0.0602:0.0602
ROOT g=109 t=12 ctx=def n=11 BLITZ:2:0.3284:0.1642 FOUL:1:0.0746:0.0746 REPOSITION:7:0.5224:0.0746 END_TURN:1:0.0746:0.0746
ROOT g=109 t=13 ctx=def n=13 BLITZ:2:0.2908:0.1454 BLOCK:3:0.2617:0.0872 FOUL:2:0.1119:0.0559 REPOSITION:5:0.2796:0.0559 END_TURN:1:0.0559:0.0559
ROOT g=109 t=14 ctx=off n=11 ADVANCE:1:0.1134:0.1134 CAGE:1:0.1134:0.1134 BLITZ:1:0.0859:0.0859 PASS_ACTION:4:0.3436:0.0859 FOUL:1:0.0859:0.0859 REPOSITION:2:0.1718:0.0859 END_TURN:1:0.0859:0.0859
ROOT g=109 t=15 ctx=def n=12 BLITZ:2:0.3150:0.1575 BLOCK:1:0.0945:0.0945 FOUL:1:0.0656:0.0656 REPOSITION:7:0.4593:0.0656 END_TURN:1:0.0656:0.0656
ROOT g=109 t=16 ctx=loose n=13 BLITZ:1:0.0614:0.0614 BLOCK:3:0.2875:0.0958 PICKUP:1:0.1597:0.1597 REPOSITION:7:0.4300:0.0614 END_TURN:1:0.0614:0.0614
ROOT g=109 t=17 ctx=def n=11 BLITZ:2:0.3284:0.1642 REPOSITION:8:0.5970:0.0746 END_TURN:1:0.0746:0.0746
ROOT g=109 t=18 ctx=off n=22 ADVANCE:1:0.1044:0.1044 CAGE:1:0.1044:0.1044 BLITZ:1:0.0396:0.0396 PASS_ACTION:10:0.3956:0.0396 FOUL:1:0.0396:0.0396 REPOSITION:7:0.2769:0.0396 END_TURN:1:0.0396:0.0396
ROOT g=109 t=19 ctx=def n=11 BLITZ:2:0.3284:0.1642 REPOSITION:8:0.5970:0.0746 END_TURN:1:0.0746:0.0746
ROOT g=109 t=20 ctx=off n=24 ADVANCE:1:0.1037:0.1037 CAGE:1:0.1037:0.1037 BLITZ:1:0.0360:0.0360 PASS_ACTION:8:0.2882:0.0360 FOUL:4:0.1441:0.0360 REPOSITION:8:0.2882:0.0360 END_TURN:1:0.0360:0.0360
ROOT g=109 t=21 ctx=def n=10 BLITZ:2:0.3333:0.1667 REPOSITION:7:0.5833:0.0833 END_TURN:1:0.0833:0.0833
ROOT g=109 t=22 ctx=off n=26 ADVANCE:1:0.1032:0.1032 CAGE:1:0.1032:0.1032 BLITZ:1:0.0331:0.0331 PASS_ACTION:8:0.2646:0.0331 FOUL:6:0.1984:0.0331 REPOSITION:8:0.2646:0.0331 END_TURN:1:0.0331:0.0331
ROOT g=109 t=23 ctx=def n=9 BLITZ:2:0.3429:0.1714 REPOSITION:6:0.5714:0.0952 END_TURN:1:0.0857:0.0857
ROOT g=109 t=24 ctx=off n=26 ADVANCE:1:0.1032:0.1032 CAGE:1:0.1032:0.1032 BLITZ:1:0.0331:0.0331 PASS_ACTION:8:0.2646:0.0331 FOUL:6:0.1984:0.0331 REPOSITION:8:0.2646:0.0331 END_TURN:1:0.0331:0.0331
ROOT g=109 t=25 ctx=def n=9 BLITZ:2:0.3429:0.1714 REPOSITION:6:0.5714:0.0952 END_TURN:1:0.0857:0.0857
ROOT g=109 t=26 ctx=off n=20 ADVANCE:1:0.0992:0.0992 CAGE:1:0.0992:0.0992 BLITZ:1:0.0413:0.0413 BLOCK:1:0.0992:0.0992 PASS_ACTION:3:0.1240:0.0413 FOUL:5:0.2066:0.0413 REPOSITION:7:0.2893:0.0413 END_TURN:1:0.0413:0.0413
ROOT g=109 t=27 ctx=def n=7 BLITZ:2:0.3733:0.1867 REPOSITION:4:0.5333:0.1333 END_TURN:1:0.0933:0.0933
ROOT g=109 t=28 ctx=off n=22 ADVANCE:1:0.1044:0.1044 CAGE:1:0.1044:0.1044 BLITZ:1:0.0396:0.0396 PASS_ACTION:4:0.1582:0.0396 FOUL:5:0.1978:0.0396 REPOSITION:9:0.3560:0.0396 END_TURN:1:0.0396:0.0396
ROOT g=109 t=29 ctx=def n=4 BLITZ:2:0.5882:0.2941 REPOSITION:1:0.2941:0.2941 END_TURN:1:0.1176:0.1176
ROOT g=109 t=30 ctx=off n=15 SCORE:1:0.3245:0.3245 CAGE:1:0.0433:0.0433 BLITZ:1:0.0240:0.0240 BLOCK:1:0.0433:0.0433 FOUL:1:0.0240:0.0240 REPOSITION:8:0.1923:0.0240 END_TURN:1:0.0240:0.0240 BLITZ_AND_SCORE:1:0.3245:0.3245
ROOT g=109 t=31 ctx=loose n=13 BLITZ:1:0.0549:0.0549 BLOCK:3:0.2567:0.0856 PICKUP:1:0.2496:0.2496 REPOSITION:7:0.3840:0.0549 END_TURN:1:0.0549:0.0549
ROOT g=110 t=0 ctx=loose n=13 BLITZ:1:0.0614:0.0614 BLOCK:3:0.2875:0.0958 PICKUP:1:0.1597:0.1597 REPOSITION:7:0.4300:0.0614 END_TURN:1:0.0614:0.0614
ROOT g=110 t=1 ctx=def n=11 BLITZ:2:0.3207:0.1603 BLOCK:1:0.0962:0.0962 REPOSITION:7:0.5102:0.0729 END_TURN:1:0.0729:0.0729
ROOT g=110 t=2 ctx=off n=24 ADVANCE:1:0.0972:0.0972 CAGE:1:0.0972:0.0972 BLITZ:1:0.0337:0.0337 BLOCK:1:0.0972:0.0972 PASS_ACTION:10:0.3374:0.0337 FOUL:1:0.0337:0.0337 REPOSITION:8:0.2699:0.0337 END_TURN:1:0.0337:0.0337
ROOT g=110 t=3 ctx=def n=10 BLITZ:2:0.3279:0.1639 BLOCK:1:0.0984:0.0984 REPOSITION:6:0.4918:0.0820 END_TURN:1:0.0820:0.0820
ROOT g=110 t=4 ctx=off n=23 ADVANCE:1:0.0976:0.0976 CAGE:1:0.0976:0.0976 BLITZ:1:0.0354:0.0354 BLOCK:1:0.0976:0.0976 PASS_ACTION:8:0.2829:0.0354 FOUL:2:0.0707:0.0354 REPOSITION:8:0.2829:0.0354 END_TURN:1:0.0354:0.0354
ROOT g=110 t=5 ctx=def n=10 BLITZ:2:0.3279:0.1639 BLOCK:1:0.0984:0.0984 REPOSITION:6:0.4918:0.0820 END_TURN:1:0.0820:0.0820
ROOT g=110 t=6 ctx=off n=23 ADVANCE:1:0.0976:0.0976 CAGE:1:0.0976:0.0976 BLITZ:1:0.0354:0.0354 BLOCK:1:0.0976:0.0976 PASS_ACTION:8:0.2829:0.0354 FOUL:2:0.0707:0.0354 REPOSITION:8:0.2829:0.0354 END_TURN:1:0.0354:0.0354
ROOT g=110 t=7 ctx=def n=10 BLITZ:2:0.3279:0.1639 BLOCK:1:0.0984:0.0984 REPOSITION:6:0.4918:0.0820 END_TURN:1:0.0820:0.0820
ROOT g=110 t=8 ctx=off n=23 ADVANCE:1:0.0976:0.0976 CAGE:1:0.0976:0.0976 BLITZ:1:0.0354:0.0354 BLOCK:1:0.0976:0.0976 PASS_ACTION:8:0.2829:0.0354 FOUL:2:0.0707:0.0354 REPOSITION:8:0.2829:0.0354 END_TURN:1:0.0354:0.0354
ROOT g=110 t=9 ctx=def n=10 BLITZ:2:0.3279:0.1639 BLOCK:1:0.0984:0.0984 REPOSITION:6:0.4918:0.0820 END_TURN:1:0.0820:0.0820
ROOT g=110 t=10 ctx=off n=23 ADVANCE:1:0.0976:0.0976 CAGE:1:0.0976:0.0976 BLITZ:1:0.0354:0.0354 BLOCK:1:0.0976:0.0976 PASS_ACTION:8:0.2829:0.0354 FOUL:2:0.0707:0.0354 REPOSITION:8:0.2829:0.0354 END_TURN:1:0.0354:0.0354
ROOT g=110 t=11 ctx=def n=10 BLITZ:2:0.3279:0.1639 BLOCK:1:0.0984:0.0984 REPOSITION:6:0.4918:0.0820 END_TURN:1:0.0820:0.0820
ROOT g=110 t=12 ctx=off n=23 ADVANCE:1:0.0976:0.0976 CAGE:1:0.0976:0.0976 BLITZ:1:0.0354:0.0354 BLOCK:1:0.0976:0.0976 PASS_ACTION:8:0.2829:0.0354 FOUL:2:0.0707:0.0354 REPOSITION:8:0.2829:0.0354 END_TURN:1:0.0354:0.0354
ROOT g=110 t=13 ctx=def n=10 BLITZ:2:0.3279:0.1639 BLOCK:1:0.0984:0.0984 REPOSITION:6:0.4918:0.0820 END_TURN:1:0.0820:0.0820
ROOT g=110 t=14 ctx=off n=23 ADVANCE:1:0.0976:0.0976 CAGE:1:0.0976:0.0976 BLITZ:1:0.0354:0.0354 BLOCK:1:0.0976:0.0976 PASS_ACTION:8:0.2829:0.0354 FOUL:2:0.0707:0.0354 REPOSITION:8:0.2829:0.0354 END_TURN:1:0.0354:0.0354
ROOT g=110 t=15 ctx=def n=10 BLITZ:2:0.3279:0.1639 BLOCK:1:0.0984:0.0984 REPOSITION:6:0.4918:0.0820 END_TURN:1:0.0820:0.0820
ROOT g=110 t=16 ctx=loose n=13 BLITZ:1:0.0614:0.0614 BLOCK:3:0.2875:0.0958 PICKUP:1:0.1597:0.1597 REPOSITION:7:0.4300:0.0614 END_TURN:1:0.0614:0.0614
ROOT g=110 t=17 ctx=def n=10 BLITZ:2:0.3333:0.1667 REPOSITION:7:0.5833:0.0833 END_TURN:1:0.0833:0.0833
ROOT g=110 t=18 ctx=off n=22 ADVANCE:1:0.0981:0.0981 CAGE:1:0.0981:0.0981 BLITZ:1:0.0371:0.0371 BLOCK:1:0.0981:0.0981 PASS_ACTION:7:0.2600:0.0371 FOUL:2:0.0743:0.0371 REPOSITION:8:0.2972:0.0371 END_TURN:1:0.0371:0.0371
ROOT g=110 t=19 ctx=def n=10 BLITZ:2:0.3333:0.1667 REPOSITION:7:0.5833:0.0833 END_TURN:1:0.0833:0.0833
ROOT g=110 t=20 ctx=off n=20 ADVANCE:1:0.0992:0.0992 CAGE:1:0.0992:0.0992 BLITZ:1:0.0413:0.0413 BLOCK:1:0.0992:0.0992 PASS_ACTION:6:0.2479:0.0413 FOUL:2:0.0826:0.0413 REPOSITION:7:0.2893:0.0413 END_TURN:1:0.0413:0.0413
ROOT g=110 t=21 ctx=def n=10 BLITZ:2:0.3333:0.1667 REPOSITION:7:0.5833:0.0833 END_TURN:1:0.0833:0.0833
ROOT g=110 t=22 ctx=off n=23 ADVANCE:1:0.1041:0.1041 CAGE:1:0.1041:0.1041 BLITZ:1:0.0377:0.0377 PASS_ACTION:6:0.2262:0.0377 FOUL:5:0.1885:0.0377 REPOSITION:8:0.3017:0.0377 END_TURN:1:0.0377:0.0377
ROOT g=110 t=23 ctx=def n=9 BLITZ:2:0.3429:0.1714 REPOSITION:6:0.5714:0.0952 END_TURN:1:0.0857:0.0857
ROOT g=110 t=24 ctx=off n=25 ADVANCE:1:0.1034:0.1034 CAGE:1:0.1034:0.1034 BLITZ:1:0.0345:0.0345 PASS_ACTION:6:0.2069:0.0345 FOUL:7:0.2414:0.0345 REPOSITION:8:0.2759:0.0345 END_TURN:1:0.0345:0.0345
ROOT g=110 t=25 ctx=def n=8 BLITZ:2:0.3556:0.1778 REPOSITION:5:0.5556:0.1111 END_TURN:1:0.0889:0.0889
ROOT g=110 t=26 ctx=off n=25 ADVANCE:1:0.1034:0.1034 CAGE:1:0.1034:0.1034 BLITZ:1:0.0345:0.0345 PASS_ACTION:6:0.2069:0.0345 FOUL:7:0.2414:0.0345 REPOSITION:8:0.2759:0.0345 END_TURN:1:0.0345:0.0345
ROOT g=110 t=27 ctx=def n=7 BLITZ:2:0.3733:0.1867 REPOSITION:4:0.5333:0.1333 END_TURN:1:0.0933:0.0933
ROOT g=110 t=28 ctx=off n=25 ADVANCE:1:0.0909:0.0909 CAGE:1:0.0909:0.0909 BLITZ:1:0.0303:0.0303 BLOCK:2:0.1818:0.0909 PASS_ACTION:6:0.1818:0.0303 FOUL:7:0.2121:0.0303 REPOSITION:6:0.1818:0.0303 END_TURN:1:0.0303:0.0303
ROOT g=110 t=29 ctx=def n=6 BLITZ:2:0.4000:0.2000 REPOSITION:3:0.5000:0.1667 END_TURN:1:0.1000:0.1000
ROOT g=110 t=30 ctx=off n=24 ADVANCE:1:0.1037:0.1037 CAGE:1:0.1037:0.1037 BLITZ:1:0.0360:0.0360 PASS_ACTION:5:0.1801:0.0360 FOUL:7:0.2522:0.0360 REPOSITION:8:0.2882:0.0360 END_TURN:1:0.0360:0.0360
ROOT g=110 t=31 ctx=def n=5 BLITZ:2:0.4444:0.2222 REPOSITION:2:0.4444:0.2222 END_TURN:1:0.1111:0.1111
ROOT g=111 t=0 ctx=loose n=13 BLITZ:1:0.0614:0.0614 BLOCK:3:0.2875:0.0958 PICKUP:1:0.1597:0.1597 REPOSITION:7:0.4300:0.0614 END_TURN:1:0.0614:0.0614
ROOT g=111 t=1 ctx=def n=12 BLITZ:2:0.3061:0.1531 BLOCK:2:0.1837:0.0918 REPOSITION:7:0.4464:0.0638 END_TURN:1:0.0638:0.0638
ROOT g=111 t=2 ctx=off n=23 ADVANCE:1:0.1041:0.1041 CAGE:1:0.1041:0.1041 BLITZ:1:0.0377:0.0377 PASS_ACTION:10:0.3771:0.0377 FOUL:1:0.0377:0.0377 REPOSITION:8:0.3017:0.0377 END_TURN:1:0.0377:0.0377
ROOT g=111 t=3 ctx=def n=11 BLITZ:2:0.3284:0.1642 REPOSITION:8:0.5970:0.0746 END_TURN:1:0.0746:0.0746
ROOT g=111 t=4 ctx=off n=21 ADVANCE:1:0.1048:0.1048 CAGE:1:0.1048:0.1048 BLITZ:1:0.0416:0.0416 PASS_ACTION:8:0.3328:0.0416 FOUL:1:0.0416:0.0416 REPOSITION:8:0.3328:0.0416 END_TURN:1:0.0416:0.0416
ROOT g=111 t=5 ctx=def n=11 BLITZ:2:0.3284:0.1642 REPOSITION:8:0.5970:0.0746 END_TURN:1:0.0746:0.0746
ROOT g=111 t=6 ctx=off n=22 ADVANCE:1:0.1044:0.1044 CAGE:1:0.1044:0.1044 BLITZ:1:0.0396:0.0396 PASS_ACTION:8:0.3165:0.0396 FOUL:2:0.0791:0.0396 REPOSITION:8:0.3165:0.0396 END_TURN:1:0.0396:0.0396
ROOT g=111 t=7 ctx=def n=10 BLITZ:2:0.3333:0.1667 REPOSITION:7:0.5833:0.0833 END_TURN:1:0.0833:0.0833
ROOT g=111 t=8 ctx=off n=25 ADVANCE:1:0.1034:0.1034 CAGE:1:0.1034:0.1034 BLITZ:1:0.0345:0.0345 PASS_ACTION:8:0.2759:0.0345 FOUL:5:0.1724:0.0345 REPOSITION:8:0.2759:0.0345 END_TURN:1:0.0345:0.0345
ROOT g=111 t=9 ctx=def n=9 BLITZ:2:0.3429:0.1714 REPOSITION:6:0.5714:0.0952 END_TURN:1:0.0857:0.0857
ROOT g=111 t=10 ctx=off n=25 ADVANCE:1:0.1034:0.1034 CAGE:1:0.1034:0.1034 BLITZ:1:0.0345:0.0345 PASS_ACTION:8:0.2759:0.0345 FOUL:5:0.1724:0.0345 REPOSITION:8:0.2759:0.0345 END_TURN:1:0.0345:0.0345
ROOT g=111 t=11 ctx=def n=9 BLITZ:2:0.3429:0.1714 REPOSITION:6:0.5714:0.0952 END_TURN:1:0.0857:0.0857
ROOT g=111 t=12 ctx=off n=25 ADVANCE:1:0.1034:0.1034 CAGE:1:0.1034:0.1034 BLITZ:1:0.0345:0.0345 PASS_ACTION:8:0.2759:0.0345 FOUL:5:0.1724:0.0345 REPOSITION:8:0.2759:0.0345 END_TURN:1:0.0345:0.0345
ROOT g=111 t=13 ctx=def n=8 BLITZ:2:0.3556:0.1778 REPOSITION:5:0.5556:0.1111 END_TURN:1:0.0889:0.0889
ROOT g=111 t=14 ctx=off n=19 ADVANCE:1:0.0898:0.0898 CAGE:1:0.0898:0.0898 BLITZ:1:0.0394:0.0394 BLOCK:3:0.2693:0.0898 PASS_ACTION:4:0.1575:0.0394 FOUL:3:0.1181:0.0394 REPOSITION:5:0.1969:0.0394 END_TURN:1:0.0394:0.0394
ROOT g=111 t=15 ctx=def n=7 BLITZ:2:0.3733:0.1867 BLOCK:3:0.4000:0.1333 REPOSITION:1:0.1333:0.1333 END_TURN:1:0.0933:0.0933
ROOT g=111 t=16 ctx=loose n=13 BLITZ:1:0.0614:0.0614 BLOCK:3:0.2875:0.0958 PICKUP:1:0.1597:0.1597 REPOSITION:7:0.4300:0.0614 END_TURN:1:0.0614:0.0614
ROOT g=111 t=17 ctx=def n=14 BLITZ:2:0.2851:0.1426 BLOCK:3:0.2566:0.0855 REPOSITION:8:0.4073:0.0509 END_TURN:1:0.0509:0.0509
ROOT g=111 t=18 ctx=off n=17 ADVANCE:1:0.1069:0.1069 CAGE:1:0.1069:0.1069 BLITZ:1:0.0524:0.0524 PASS_ACTION:7:0.3669:0.0524 REPOSITION:6:0.3145:0.0524 END_TURN:1:0.0524:0.0524
ROOT g=111 t=19 ctx=def n=13 BLITZ:2:0.3103:0.1551 BLOCK:1:0.0931:0.0931 REPOSITION:9:0.5370:0.0597 END_TURN:1:0.0597:0.0597
ROOT g=111 t=20 ctx=off n=17 ADVANCE:1:0.1069:0.1069 CAGE:1:0.1069:0.1069 BLITZ:1:0.0524:0.0524 PASS_ACTION:7:0.3669:0.0524 REPOSITION:6:0.3145:0.0524 END_TURN:1:0.0524:0.0524
ROOT g=111 t=21 ctx=def n=12 BLITZ:2:0.3150:0.1575 BLOCK:1:0.0945:0.0945 REPOSITION:8:0.5249:0.0656 END_TURN:1:0.0656:0.0656
ROOT g=111 t=22 ctx=off n=16 ADVANCE:1:0.1076:0.1076 CAGE:1:0.1076:0.1076 BLITZ:1:0.0561:0.0561 PASS_ACTION:6:0.3363:0.0561 REPOSITION:6:0.3363:0.0561 END_TURN:1:0.0561:0.0561
ROOT g=111 t=23 ctx=def n=14 BLITZ:2:0.3063:0.1532 BLOCK:1:0.0919:0.0919 FOUL:1:0.0547:0.0547 REPOSITION:9:0.4923:0.0547 END_TURN:1:0.0547:0.0547
ROOT g=111 t=24 ctx=off n=10 ADVANCE:1:0.1017:0.1017 CAGE:1:0.1017:0.1017 BLITZ:1:0.0847:0.0847 BLOCK:2:0.2034:0.1017 REPOSITION:3:0.2542:0.0847 END_TURN:1:0.0847:0.0847 BLITZ_AND_SCORE:1:0.1695:0.1695
ROOT g=111 t=25 ctx=def n=13 BLITZ:2:0.3210:0.1605 FOUL:2:0.1235:0.0617 REPOSITION:8:0.4938:0.0617 END_TURN:1:0.0617:0.0617
ROOT g=111 t=26 ctx=off n=15 ADVANCE:1:0.1084:0.1084 CAGE:1:0.1084:0.1084 BLITZ:1:0.0602:0.0602 PASS_ACTION:1:0.0602:0.0602 FOUL:5:0.3012:0.0602 REPOSITION:5:0.3012:0.0602 END_TURN:1:0.0602:0.0602
ROOT g=111 t=27 ctx=def n=12 BLITZ:2:0.3150:0.1575 BLOCK:1:0.0945:0.0945 FOUL:1:0.0656:0.0656 REPOSITION:7:0.4593:0.0656 END_TURN:1:0.0656:0.0656
ROOT g=111 t=28 ctx=off n=13 SCORE:1:0.1987:0.1987 CAGE:1:0.0681:0.0681 BLITZ:1:0.0437:0.0437 BLOCK:4:0.2725:0.0681 FOUL:1:0.0437:0.0437 REPOSITION:3:0.1310:0.0437 END_TURN:1:0.0437:0.0437 BLITZ_AND_SCORE:1:0.1987:0.1987
ROOT g=111 t=29 ctx=loose n=13 BLITZ:1:0.0549:0.0549 BLOCK:3:0.2567:0.0856 PICKUP:1:0.2496:0.2496 REPOSITION:7:0.3840:0.0549 END_TURN:1:0.0549:0.0549
ROOT g=111 t=30 ctx=def n=12 BLITZ:2:0.3061:0.1531 BLOCK:2:0.1837:0.0918 REPOSITION:7:0.4464:0.0638 END_TURN:1:0.0638:0.0638
ROOT g=111 t=31 ctx=off n=21 ADVANCE:1:0.1048:0.1048 CAGE:1:0.1048:0.1048 BLITZ:1:0.0416:0.0416 PASS_ACTION:8:0.3328:0.0416 FOUL:1:0.0416:0.0416 REPOSITION:8:0.3328:0.0416 END_TURN:1:0.0416:0.0416
ROOT g=112 t=0 ctx=loose n=13 BLITZ:1:0.0614:0.0614 BLOCK:3:0.2875:0.0958 PICKUP:1:0.1597:0.1597 REPOSITION:7:0.4300:0.0614 END_TURN:1:0.0614:0.0614
ROOT g=112 t=1 ctx=def n=9 BLITZ:2:0.3429:0.1714 REPOSITION:6:0.5714:0.0952 END_TURN:1:0.0857:0.0857
ROOT g=112 t=2 ctx=off n=21 ADVANCE:1:0.0796:0.0796 CAGE:1:0.0796:0.0796 BLITZ:1:0.0316:0.0316 BLOCK:5:0.3982:0.0796 PASS_ACTION:6:0.1896:0.0316 FOUL:2:0.0632:0.0316 REPOSITION:4:0.1264:0.0316 END_TURN:1:0.0316:0.0316
ROOT g=112 t=3 ctx=def n=10 BLITZ:2:0.3333:0.1667 REPOSITION:7:0.5833:0.0833 END_TURN:1:0.0833:0.0833
ROOT g=112 t=4 ctx=off n=18 ADVANCE:1:0.1006:0.1006 CAGE:1:0.1006:0.1006 BLITZ:1:0.0466:0.0466 BLOCK:1:0.1006:0.1006 PASS_ACTION:5:0.2328:0.0466 FOUL:2:0.0931:0.0466 REPOSITION:6:0.2793:0.0466 END_TURN:1:0.0466:0.0466
ROOT g=112 t=5 ctx=def n=11 BLITZ:2:0.3284:0.1642 FOUL:2:0.1493:0.0746 REPOSITION:6:0.4478:0.0746 END_TURN:1:0.0746:0.0746
ROOT g=112 t=6 ctx=off n=11 ADVANCE:1:0.1104:0.1104 CAGE:1:0.1104:0.1104 BLITZ:1:0.0836:0.0836 BLOCK:1:0.1104:0.1104 PASS_ACTION:1:0.0836:0.0836 REPOSITION:4:0.3344:0.0836 END_TURN:1:0.0836:0.0836 BLITZ_AND_SCORE:1:0.0836:0.0836
ROOT g=112 t=7 ctx=def n=10 BLITZ:2:0.3333:0.1667 FOUL:1:0.0833:0.0833 REPOSITION:6:0.5000:0.0833 END_TURN:1:0.0833:0.0833
ROOT g=112 t=8 ctx=def n=11 BLITZ:2:0.3207:0.1603 BLOCK:1:0.0962:0.0962 FOUL:3:0.2187:0.0729 REPOSITION:4:0.2915:0.0729 END_TURN:1:0.0729:0.0729
ROOT g=112 t=9 ctx=off n=15 ADVANCE:1:0.1084:0.1084 CAGE:1:0.1084:0.1084 BLITZ:1:0.0602:0.0602 PASS_ACTION:3:0.1807:0.0602 FOUL:4:0.2410:0.0602 REPOSITION:4:0.2410:0.0602 END_TURN:1:0.0602:0.0602
ROOT g=112 t=10 ctx=def n=9 BLITZ:2:0.3429:0.1714 FOUL:2:0.1905:0.0952 REPOSITION:4:0.3810:0.0952 END_TURN:1:0.0857:0.0857
ROOT g=112 t=11 ctx=loose n=7 BLITZ:1:0.1227:0.1227 BLOCK:1:0.1227:0.1227 PICKUP:1:0.3006:0.3006 REPOSITION:3:0.3681:0.1227 END_TURN:1:0.0859:0.0859
ROOT g=112 t=12 ctx=def n=9 BLITZ:2:0.3429:0.1714 FOUL:3:0.2857:0.0952 REPOSITION:3:0.2857:0.0952 END_TURN:1:0.0857:0.0857
ROOT g=112 t=13 ctx=loose n=8 BLITZ:1:0.1042:0.1042 PICKUP:1:0.2917:0.2917 FOUL:2:0.2083:0.1042 REPOSITION:3:0.3125:0.1042 END_TURN:1:0.0833:0.0833
ROOT g=112 t=14 ctx=loose n=7 BLITZ:1:0.1227:0.1227 PICKUP:1:0.3006:0.3006 FOUL:2:0.2454:0.1227 REPOSITION:2:0.2454:0.1227 END_TURN:1:0.0859:0.0859
ROOT g=112 t=15 ctx=def n=4 BLITZ:1:0.2941:0.2941 FOUL:1:0.2941:0.2941 REPOSITION:1:0.2941:0.2941 END_TURN:1:0.1176:0.1176
ROOT g=112 t=16 ctx=loose n=13 BLITZ:1:0.0614:0.0614 BLOCK:3:0.2875:0.0958 PICKUP:1:0.1597:0.1597 REPOSITION:7:0.4300:0.0614 END_TURN:1:0.0614:0.0614
ROOT g=112 t=17 ctx=loose n=11 BLITZ:1:0.0909:0.0909 REPOSITION:9:0.8182:0.0909 END_TURN:1:0.0909:0.0909
ROOT g=112 t=18 ctx=loose n=12 BLITZ:1:0.0679:0.0679 BLOCK:3:0.2935:0.0978 PICKUP:1:0.1630:0.1630 REPOSITION:6:0.4076:0.0679 END_TURN:1:0.0679:0.0679
ROOT g=112 t=19 ctx=loose n=11 BLITZ:1:0.0799:0.0799 BLOCK:1:0.1054:0.1054 PICKUP:1:0.1757:0.1757 REPOSITION:7:0.5591:0.0799 END_TURN:1:0.0799:0.0799
ROOT g=112 t=20 ctx=loose n=12 BLITZ:1:0.0700:0.0700 BLOCK:2:0.2017:0.1008 PICKUP:1:0.1681:0.1681 REPOSITION:7:0.4902:0.0700 END_TURN:1:0.0700:0.0700
ROOT g=112 t=21 ctx=def n=10 BLITZ:2:0.3333:0.1667 REPOSITION:7:0.5833:0.0833 END_TURN:1:0.0833:0.0833
ROOT g=112 t=22 ctx=off n=25 ADVANCE:1:0.1034:0.1034 CAGE:1:0.1034:0.1034 BLITZ:1:0.0345:0.0345 PASS_ACTION:9:0.3103:0.0345 FOUL:3:0.1034:0.0345 REPOSITION:9:0.3103:0.0345 END_TURN:1:0.0345:0.0345
ROOT g=112 t=23 ctx=def n=10 BLITZ:2:0.3333:0.1667 REPOSITION:7:0.5833:0.0833 END_TURN:1:0.0833:0.0833
ROOT g=112 t=24 ctx=off n=25 ADVANCE:1:0.0811:0.0811 CAGE:1:0.0811:0.0811 BLITZ:1:0.0270:0.0270 BLOCK:4:0.3243:0.0811 PASS_ACTION:7:0.1892:0.0270 FOUL:3:0.0811:0.0270 REPOSITION:7:0.1892:0.0270 END_TURN:1:0.0270:0.0270
ROOT g=112 t=25 ctx=def n=8 BLITZ:2:0.3556:0.1778 REPOSITION:5:0.5556:0.1111 END_TURN:1:0.0889:0.0889
ROOT g=112 t=26 ctx=off n=24 ADVANCE:1:0.0816:0.0816 CAGE:1:0.0816:0.0816 BLITZ:1:0.0283:0.0283 BLOCK:4:0.3265:0.0816 PASS_ACTION:6:0.1701:0.0283 FOUL:3:0.0850:0.0283 REPOSITION:7:0.1984:0.0283 END_TURN:1:0.0283:0.0283
ROOT g=112 t=27 ctx=def n=9 BLITZ:2:0.3429:0.1714 FOUL:1:0.0952:0.0952 REPOSITION:5:0.4762:0.0952 END_TURN:1:0.0857:0.0857
ROOT g=112 t=28 ctx=off n=25 ADVANCE:1:0.0732:0.0732 CAGE:1:0.0732:0.0732 BLITZ:1:0.0244:0.0244 BLOCK:6:0.4390:0.0732 PASS_ACTION:6:0.1463:0.0244 FOUL:3:0.0732:0.0244 REPOSITION:6:0.1463:0.0244 END_TURN:1:0.0244:0.0244
ROOT g=112 t=29 ctx=def n=5 BLITZ:2:0.4444:0.2222 REPOSITION:2:0.4444:0.2222 END_TURN:1:0.1111:0.1111
ROOT g=112 t=30 ctx=loose n=18 BLITZ:1:0.0358:0.0358 BLOCK:4:0.3092:0.0773 PICKUP:1:0.2255:0.2255 FOUL:5:0.1790:0.0358 REPOSITION:6:0.2147:0.0358 END_TURN:1:0.0358:0.0358
ROOT g=112 t=31 ctx=loose n=7 BLITZ:1:0.1227:0.1227 PICKUP:1:0.3006:0.3006 FOUL:1:0.1227:0.1227 REPOSITION:3:0.3681:0.1227 END_TURN:1:0.0859:0.0859
ROOT g=113 t=0 ctx=loose n=12 BLITZ:1:0.0751:0.0751 BLOCK:3:0.3243:0.1081 REPOSITION:7:0.5255:0.0751 END_TURN:1:0.0751:0.0751
ROOT g=113 t=1 ctx=loose n=10 BLITZ:1:0.0962:0.0962 BLOCK:2:0.2308:0.1154 REPOSITION:6:0.5769:0.0962 END_TURN:1:0.0962:0.0962
ROOT g=113 t=2 ctx=loose n=12 BLITZ:1:0.0746:0.0746 PICKUP:1:0.1791:0.1791 REPOSITION:9:0.6716:0.0746 END_TURN:1:0.0746:0.0746
ROOT g=113 t=3 ctx=def n=14 BLITZ:2:0.3182:0.1591 FOUL:3:0.1705:0.0568 REPOSITION:8:0.4545:0.0568 END_TURN:1:0.0568:0.0568
ROOT g=113 t=4 ctx=off n=17 ADVANCE:1:0.1069:0.1069 CAGE:1:0.1069:0.1069 BLITZ:1:0.0524:0.0524 PASS_ACTION:6:0.3145:0.0524 REPOSITION:7:0.3669:0.0524 END_TURN:1:0.0524:0.0524
ROOT g=113 t=5 ctx=def n=14 BLITZ:2:0.3182:0.1591 FOUL:3:0.1705:0.0568 REPOSITION:8:0.4545:0.0568 END_TURN:1:0.0568:0.0568
ROOT g=113 t=6 ctx=off n=20 ADVANCE:1:0.1053:0.1053 CAGE:1:0.1053:0.1053 BLITZ:1:0.0439:0.0439 PASS_ACTION:6:0.2632:0.0439 FOUL:3:0.1316:0.0439 REPOSITION:7:0.3070:0.0439 END_TURN:1:0.0439:0.0439
ROOT g=113 t=7 ctx=def n=11 BLITZ:2:0.3284:0.1642 FOUL:2:0.1493:0.0746 REPOSITION:6:0.4478:0.0746 END_TURN:1:0.0746:0.0746
ROOT g=113 t=8 ctx=off n=13 ADVANCE:1:0.1105:0.1105 CAGE:1:0.1105:0.1105 BLITZ:1:0.0708:0.0708 PASS_ACTION:3:0.2125:0.0708 REPOSITION:6:0.4249:0.0708 END_TURN:1:0.0708:0.0708
ROOT g=113 t=9 ctx=def n=13 BLITZ:2:0.3210:0.1605 FOUL:4:0.2469:0.0617 REPOSITION:6:0.3704:0.0617 END_TURN:1:0.0617:0.0617
ROOT g=113 t=10 ctx=off n=12 ADVANCE:1:0.1047:0.1047 CAGE:1:0.1047:0.1047 BLITZ:1:0.0727:0.0727 BLOCK:2:0.2093:0.1047 PASS_ACTION:1:0.0727:0.0727 REPOSITION:5:0.3634:0.0727 END_TURN:1:0.0727:0.0727
ROOT g=113 t=11 ctx=def n=9 BLITZ:2:0.3429:0.1714 FOUL:1:0.0952:0.0952 REPOSITION:5:0.4762:0.0952 END_TURN:1:0.0857:0.0857
ROOT g=113 t=12 ctx=off n=19 ADVANCE:1:0.0694:0.0694 CAGE:1:0.0694:0.0694 BLITZ:1:0.0304:0.0304 PASS_ACTION:1:0.0304:0.0304 FOUL:5:0.1522:0.0304 REPOSITION:7:0.2130:0.0304 END_TURN:1:0.0304:0.0304 HAND_OFF_SCORE:1:0.2024:0.2024 PASS_SCORE:1:0.2024:0.2024
ROOT g=113 t=13 ctx=loose n=13 BLITZ:1:0.0549:0.0549 BLOCK:3:0.2567:0.0856 PICKUP:1:0.2496:0.2496 REPOSITION:7:0.3840:0.0549 END_TURN:1:0.0549:0.0549
ROOT g=113 t=14 ctx=def n=10 BLITZ:2:0.3333:0.1667 REPOSITION:7:0.5833:0.0833 END_TURN:1:0.0833:0.0833
ROOT g=113 t=15 ctx=off n=24 ADVANCE:1:0.0972:0.0972 CAGE:1:0.0972:0.0972 BLITZ:1:0.0337:0.0337 BLOCK:1:0.0972:0.0972 PASS_ACTION:9:0.3036:0.0337 FOUL:2:0.0675:0.0337 REPOSITION:8:0.2699:0.0337 END_TURN:1:0.0337:0.0337
ROOT g=113 t=16 ctx=loose n=13 BLITZ:1:0.0569:0.0569 BLOCK:3:0.2662:0.0887 PICKUP:1:0.2218:0.2218 REPOSITION:7:0.3982:0.0569 END_TURN:1:0.0569:0.0569
ROOT g=113 t=17 ctx=def n=10 BLITZ:2:0.3333:0.1667 REPOSITION:7:0.5833:0.0833 END_TURN:1:0.0833:0.0833
ROOT g=113 t=18 ctx=off n=24 ADVANCE:1:0.0914:0.0914 CAGE:1:0.0914:0.0914 BLITZ:1:0.0317:0.0317 BLOCK:2:0.1827:0.0914 PASS_ACTION:10:0.3173:0.0317 FOUL:1:0.0317:0.0317 REPOSITION:7:0.2221:0.0317 END_TURN:1:0.0317:0.0317
ROOT g=113 t=19 ctx=def n=11 BLITZ:2:0.3207:0.1603 BLOCK:1:0.0962:0.0962 REPOSITION:7:0.5102:0.0729 END_TURN:1:0.0729:0.0729
ROOT g=113 t=20 ctx=off n=25 ADVANCE:1:0.0909:0.0909 CAGE:1:0.0909:0.0909 BLITZ:1:0.0303:0.0303 BLOCK:2:0.1818:0.0909 PASS_ACTION:8:0.2424:0.0303 FOUL:3:0.0909:0.0303 REPOSITION:8:0.2424:0.0303 END_TURN:1:0.0303:0.0303
ROOT g=113 t=21 ctx=def n=10 BLITZ:2:0.3279:0.1639 BLOCK:1:0.0984:0.0984 REPOSITION:6:0.4918:0.0820 END_TURN:1:0.0820:0.0820
ROOT g=113 t=22 ctx=off n=26 ADVANCE:1:0.0905:0.0905 CAGE:1:0.0905:0.0905 BLITZ:1:0.0290:0.0290 BLOCK:2:0.1810:0.0905 PASS_ACTION:8:0.2320:0.0290 FOUL:3:0.0870:0.0290 REPOSITION:9:0.2610:0.0290 END_TURN:1:0.0290:0.0290
ROOT g=113 t=23 ctx=def n=9 BLITZ:2:0.3429:0.1714 REPOSITION:6:0.5714:0.0952 END_TURN:1:0.0857:0.0857
ROOT g=113 t=24 ctx=off n=25 ADVANCE:1:0.0968:0.0968 CAGE:1:0.0968:0.0968 BLITZ:1:0.0323:0.0323 BLOCK:1:0.0968:0.0968 PASS_ACTION:8:0.2581:0.0323 FOUL:3:0.0968:0.0323 REPOSITION:9:0.2903:0.0323 END_TURN:1:0.0323:0.0323
ROOT g=113 t=25 ctx=def n=9 BLITZ:2:0.3429:0.1714 REPOSITION:6:0.5714:0.0952 END_TURN:1:0.0857:0.0857
ROOT g=113 t=26 ctx=off n=25 ADVANCE:1:0.0968:0.0968 CAGE:1:0.0968:0.0968 BLITZ:1:0.0323:0.0323 BLOCK:1:0.0968:0.0968 PASS_ACTION:8:0.2581:0.0323 FOUL:3:0.0968:0.0323 REPOSITION:9:0.2903:0.0323 END_TURN:1:0.0323:0.0323
ROOT g=113 t=27 ctx=def n=9 BLITZ:2:0.3429:0.1714 REPOSITION:6:0.5714:0.0952 END_TURN:1:0.0857:0.0857
ROOT g=113 t=28 ctx=off n=25 ADVANCE:1:0.0968:0.0968 CAGE:1:0.0968:0.0968 BLITZ:1:0.0323:0.0323 BLOCK:1:0.0968:0.0968 PASS_ACTION:8:0.2581:0.0323 FOUL:3:0.0968:0.0323 REPOSITION:9:0.2903:0.0323 END_TURN:1:0.0323:0.0323
ROOT g=113 t=29 ctx=def n=9 BLITZ:2:0.3429:0.1714 REPOSITION:6:0.5714:0.0952 END_TURN:1:0.0857:0.0857
ROOT g=113 t=30 ctx=loose n=16 BLITZ:1:0.0485:0.0485 PICKUP:1:0.2718:0.2718 FOUL:3:0.1456:0.0485 REPOSITION:10:0.4854:0.0485 END_TURN:1:0.0485:0.0485
ROOT g=113 t=31 ctx=def n=8 BLITZ:2:0.3556:0.1778 REPOSITION:5:0.5556:0.1111 END_TURN:1:0.0889:0.0889
ROOT g=114 t=0 ctx=loose n=13 BLITZ:1:0.0614:0.0614 BLOCK:3:0.2875:0.0958 PICKUP:1:0.1597:0.1597 REPOSITION:7:0.4300:0.0614 END_TURN:1:0.0614:0.0614
ROOT g=114 t=1 ctx=def n=10 BLITZ:2:0.3333:0.1667 REPOSITION:7:0.5833:0.0833 END_TURN:1:0.0833:0.0833
ROOT g=114 t=2 ctx=loose n=11 BLITZ:1:0.0799:0.0799 BLOCK:1:0.1054:0.1054 PICKUP:1:0.1757:0.1757 FOUL:1:0.0799:0.0799 REPOSITION:6:0.4792:0.0799 END_TURN:1:0.0799:0.0799
ROOT g=114 t=3 ctx=def n=12 BLITZ:2:0.3243:0.1622 FOUL:2:0.1351:0.0676 REPOSITION:7:0.4730:0.0676 END_TURN:1:0.0676:0.0676
ROOT g=114 t=4 ctx=off n=23 ADVANCE:1:0.1009:0.1009 CAGE:1:0.1009:0.1009 BLITZ:1:0.0365:0.0365 PASS_ACTION:2:0.0731:0.0365 FOUL:7:0.2558:0.0365 REPOSITION:9:0.3289:0.0365 END_TURN:1:0.0365:0.0365 BLITZ_AND_SCORE:1:0.0673:0.0673
ROOT g=114 t=5 ctx=def n=11 BLITZ:2:0.3284:0.1642 FOUL:2:0.1493:0.0746 REPOSITION:6:0.4478:0.0746 END_TURN:1:0.0746:0.0746
ROOT g=114 t=6 ctx=off n=23 ADVANCE:1:0.1009:0.1009 CAGE:1:0.1009:0.1009 BLITZ:1:0.0365:0.0365 PASS_ACTION:2:0.0731:0.0365 FOUL:7:0.2558:0.0365 REPOSITION:9:0.3289:0.0365 END_TURN:1:0.0365:0.0365 BLITZ_AND_SCORE:1:0.0673:0.0673
ROOT g=114 t=7 ctx=def n=10 BLITZ:2:0.3333:0.1667 FOUL:2:0.1667:0.0833 REPOSITION:5:0.4167:0.0833 END_TURN:1:0.0833:0.0833
ROOT g=114 t=8 ctx=off n=23 ADVANCE:1:0.0916:0.0916 CAGE:1:0.0916:0.0916 BLITZ:1:0.0332:0.0332 PASS_ACTION:2:0.0664:0.0332 FOUL:7:0.2324:0.0332 REPOSITION:9:0.2988:0.0332 END_TURN:1:0.0332:0.0332 BLITZ_AND_SCORE:1:0.1527:0.1527
ROOT g=114 t=9 ctx=def n=10 BLITZ:2:0.3333:0.1667 FOUL:2:0.1667:0.0833 REPOSITION:5:0.4167:0.0833 END_TURN:1:0.0833:0.0833
ROOT g=114 t=10 ctx=off n=21 ADVANCE:1:0.0925:0.0925 CAGE:1:0.0925:0.0925 BLITZ:1:0.0367:0.0367 FOUL:7:0.2570:0.0367 REPOSITION:9:0.3304:0.0367 END_TURN:1:0.0367:0.0367 BLITZ_AND_SCORE:1:0.1542:0.1542
ROOT g=114 t=11 ctx=def n=7 BLITZ:2:0.3733:0.1867 FOUL:2:0.2667:0.1333 REPOSITION:2:0.2667:0.1333 END_TURN:1:0.0933:0.0933
ROOT g=114 t=12 ctx=off n=20 SCORE:1:0.2011:0.2011 CAGE:1:0.0690:0.0690 BLITZ:1:0.0287:0.0287 BLOCK:1:0.0690:0.0690 PASS_ACTION:1:0.0287:0.0287 FOUL:6:0.1724:0.0287 REPOSITION:7:0.2011:0.0287 END_TURN:1:0.0287:0.0287 BLITZ_AND_SCORE:1:0.2011:0.2011
ROOT g=114 t=13 ctx=loose n=13 BLITZ:1:0.0549:0.0549 BLOCK:3:0.2567:0.0856 PICKUP:1:0.2496:0.2496 REPOSITION:7:0.3840:0.0549 END_TURN:1:0.0549:0.0549
ROOT g=114 t=14 ctx=loose n=11 BLITZ:1:0.0909:0.0909 REPOSITION:9:0.8182:0.0909 END_TURN:1:0.0909:0.0909
ROOT g=114 t=15 ctx=loose n=11 BLITZ:1:0.0675:0.0675 BLOCK:3:0.2674:0.0891 PICKUP:1:0.2600:0.2600 REPOSITION:5:0.3376:0.0675 END_TURN:1:0.0675:0.0675
ROOT g=114 t=16 ctx=loose n=13 BLITZ:1:0.0569:0.0569 BLOCK:3:0.2662:0.0887 PICKUP:1:0.2218:0.2218 REPOSITION:7:0.3982:0.0569 END_TURN:1:0.0569:0.0569
ROOT g=114 t=17 ctx=def n=11 BLITZ:2:0.3284:0.1642 REPOSITION:8:0.5970:0.0746 END_TURN:1:0.0746:0.0746
ROOT g=114 t=18 ctx=off n=22 ADVANCE:1:0.1044:0.1044 CAGE:1:0.1044:0.1044 BLITZ:1:0.0396:0.0396 PASS_ACTION:10:0.3956:0.0396 FOUL:1:0.0396:0.0396 REPOSITION:7:0.2769:0.0396 END_TURN:1:0.0396:0.0396
ROOT g=114 t=19 ctx=def n=13 BLITZ:2:0.3210:0.1605 REPOSITION:10:0.6173:0.0617 END_TURN:1:0.0617:0.0617
ROOT g=114 t=20 ctx=off n=16 ADVANCE:1:0.1076:0.1076 CAGE:1:0.1076:0.1076 BLITZ:1:0.0561:0.0561 PASS_ACTION:3:0.1682:0.0561 REPOSITION:9:0.5045:0.0561 END_TURN:1:0.0561:0.0561
ROOT g=114 t=21 ctx=def n=13 BLITZ:2:0.3210:0.1605 REPOSITION:10:0.6173:0.0617 END_TURN:1:0.0617:0.0617
ROOT g=114 t=22 ctx=off n=16 ADVANCE:1:0.0932:0.0932 CAGE:1:0.0932:0.0932 BLITZ:1:0.0485:0.0485 BLOCK:3:0.2796:0.0932 PASS_ACTION:3:0.1456:0.0485 REPOSITION:6:0.2913:0.0485 END_TURN:1:0.0485:0.0485
ROOT g=114 t=23 ctx=def n=12 BLITZ:2:0.3243:0.1622 REPOSITION:9:0.6081:0.0676 END_TURN:1:0.0676:0.0676
ROOT g=114 t=24 ctx=off n=16 ADVANCE:1:0.1076:0.1076 CAGE:1:0.1076:0.1076 BLITZ:1:0.0561:0.0561 PASS_ACTION:1:0.0561:0.0561 FOUL:3:0.1682:0.0561 REPOSITION:8:0.4484:0.0561 END_TURN:1:0.0561:0.0561
ROOT g=114 t=25 ctx=def n=10 BLITZ:2:0.3333:0.1667 REPOSITION:7:0.5833:0.0833 END_TURN:1:0.0833:0.0833
ROOT g=114 t=26 ctx=off n=18 ADVANCE:1:0.1063:0.1063 CAGE:1:0.1063:0.1063 BLITZ:1:0.0492:0.0492 PASS_ACTION:2:0.0984:0.0492 FOUL:5:0.2461:0.0492 REPOSITION:7:0.3445:0.0492 END_TURN:1:0.0492:0.0492
ROOT g=114 t=27 ctx=def n=9 BLITZ:2:0.3429:0.1714 REPOSITION:6:0.5714:0.0952 END_TURN:1:0.0857:0.0857
ROOT g=114 t=28 ctx=off n=18 ADVANCE:1:0.1063:0.1063 CAGE:1:0.1063:0.1063 BLITZ:1:0.0492:0.0492 PASS_ACTION:2:0.0984:0.0492 FOUL:5:0.2461:0.0492 REPOSITION:7:0.3445:0.0492 END_TURN:1:0.0492:0.0492
ROOT g=114 t=29 ctx=loose n=9 BLITZ:1:0.0905:0.0905 PICKUP:1:0.2851:0.2851 REPOSITION:6:0.5430:0.0905 END_TURN:1:0.0814:0.0814
ROOT g=114 t=30 ctx=loose n=17 BLITZ:1:0.0456:0.0456 PICKUP:1:0.2711:0.2711 FOUL:6:0.2733:0.0456 REPOSITION:8:0.3645:0.0456 END_TURN:1:0.0456:0.0456
ROOT g=114 t=31 ctx=loose n=11 BLITZ:1:0.0722:0.0722 PICKUP:1:0.2780:0.2780 FOUL:3:0.2166:0.0722 REPOSITION:5:0.3610:0.0722 END_TURN:1:0.0722:0.0722
ROOT g=115 t=0 ctx=loose n=13 BLITZ:1:0.0614:0.0614 BLOCK:3:0.2875:0.0958 PICKUP:1:0.1597:0.1597 REPOSITION:7:0.4300:0.0614 END_TURN:1:0.0614:0.0614
ROOT g=115 t=1 ctx=def n=12 BLITZ:2:0.3243:0.1622 REPOSITION:9:0.6081:0.0676 END_TURN:1:0.0676:0.0676
ROOT g=115 t=2 ctx=off n=16 ADVANCE:1:0.0932:0.0932 CAGE:1:0.0932:0.0932 BLITZ:1:0.0485:0.0485 BLOCK:3:0.2796:0.0932 PASS_ACTION:3:0.1456:0.0485 REPOSITION:6:0.2913:0.0485 END_TURN:1:0.0485:0.0485
ROOT g=115 t=3 ctx=def n=11 BLITZ:2:0.3284:0.1642 REPOSITION:8:0.5970:0.0746 END_TURN:1:0.0746:0.0746
ROOT g=115 t=4 ctx=off n=21 ADVANCE:1:0.0986:0.0986 CAGE:1:0.0986:0.0986 BLITZ:1:0.0391:0.0391 BLOCK:1:0.0986:0.0986 PASS_ACTION:8:0.3130:0.0391 REPOSITION:8:0.3130:0.0391 END_TURN:1:0.0391:0.0391
ROOT g=115 t=5 ctx=def n=11 BLITZ:2:0.3207:0.1603 BLOCK:1:0.0962:0.0962 REPOSITION:7:0.5102:0.0729 END_TURN:1:0.0729:0.0729
ROOT g=115 t=6 ctx=off n=15 ADVANCE:1:0.1084:0.1084 CAGE:1:0.1084:0.1084 BLITZ:1:0.0602:0.0602 PASS_ACTION:5:0.3012:0.0602 REPOSITION:6:0.3614:0.0602 END_TURN:1:0.0602:0.0602
ROOT g=115 t=7 ctx=def n=11 BLITZ:2:0.3207:0.1603 BLOCK:1:0.0962:0.0962 REPOSITION:7:0.5102:0.0729 END_TURN:1:0.0729:0.0729
ROOT g=115 t=8 ctx=off n=18 ADVANCE:1:0.1006:0.1006 CAGE:1:0.1006:0.1006 BLITZ:1:0.0466:0.0466 BLOCK:1:0.1006:0.1006 PASS_ACTION:5:0.2328:0.0466 FOUL:2:0.0931:0.0466 REPOSITION:6:0.2793:0.0466 END_TURN:1:0.0466:0.0466
ROOT g=115 t=9 ctx=def n=13 BLITZ:2:0.3210:0.1605 FOUL:1:0.0617:0.0617 REPOSITION:9:0.5556:0.0617 END_TURN:1:0.0617:0.0617
ROOT g=115 t=10 ctx=off n=17 ADVANCE:1:0.0840:0.0840 CAGE:1:0.0840:0.0840 BLITZ:1:0.0412:0.0412 BLOCK:5:0.4201:0.0840 PASS_ACTION:2:0.0824:0.0412 FOUL:2:0.0824:0.0412 REPOSITION:4:0.1647:0.0412 END_TURN:1:0.0412:0.0412
ROOT g=115 t=11 ctx=def n=10 BLITZ:2:0.3333:0.1667 REPOSITION:7:0.5833:0.0833 END_TURN:1:0.0833:0.0833
ROOT g=115 t=12 ctx=off n=17 ADVANCE:1:0.0849:0.0849 CAGE:1:0.0849:0.0849 BLITZ:1:0.0416:0.0416 PASS_ACTION:1:0.0416:0.0416 FOUL:4:0.1665:0.0416 REPOSITION:7:0.2913:0.0416 END_TURN:1:0.0416:0.0416 BLITZ_AND_SCORE:1:0.2476:0.2476
ROOT g=115 t=13 ctx=loose n=11 BLITZ:1:0.0706:0.0706 BLOCK:1:0.0932:0.0932 PICKUP:1:0.2717:0.2717 FOUL:1:0.0706:0.0706 REPOSITION:6:0.4234:0.0706 END_TURN:1:0.0706:0.0706
ROOT g=115 t=14 ctx=def n=14 BLITZ:2:0.3182:0.1591 FOUL:5:0.2841:0.0568 REPOSITION:6:0.3409:0.0568 END_TURN:1:0.0568:0.0568
ROOT g=115 t=15 ctx=off n=10 ADVANCE:1:0.1154:0.1154 CAGE:1:0.1154:0.1154 BLITZ:1:0.0962:0.0962 PASS_ACTION:1:0.0962:0.0962 FOUL:1:0.0962:0.0962 REPOSITION:4:0.3846:0.0962 END_TURN:1:0.0962:0.0962
ROOT g=115 t=16 ctx=loose n=13 BLITZ:1:0.0614:0.0614 BLOCK:3:0.2875:0.0958 PICKUP:1:0.1597:0.1597 REPOSITION:7:0.4300:0.0614 END_TURN:1:0.0614:0.0614
ROOT g=115 t=17 ctx=loose n=11 BLITZ:1:0.0909:0.0909 REPOSITION:9:0.8182:0.0909 END_TURN:1:0.0909:0.0909
ROOT g=115 t=18 ctx=loose n=12 BLITZ:1:0.0679:0.0679 BLOCK:3:0.2935:0.0978 PICKUP:1:0.1630:0.1630 REPOSITION:6:0.4076:0.0679 END_TURN:1:0.0679:0.0679
ROOT g=115 t=19 ctx=def n=13 BLITZ:2:0.3210:0.1605 REPOSITION:10:0.6173:0.0617 END_TURN:1:0.0617:0.0617
ROOT g=115 t=20 ctx=off n=23 ADVANCE:1:0.1041:0.1041 CAGE:1:0.1041:0.1041 BLITZ:1:0.0377:0.0377 PASS_ACTION:9:0.3394:0.0377 FOUL:1:0.0377:0.0377 REPOSITION:9:0.3394:0.0377 END_TURN:1:0.0377:0.0377
ROOT g=115 t=21 ctx=def n=12 BLITZ:2:0.3243:0.1622 REPOSITION:9:0.6081:0.0676 END_TURN:1:0.0676:0.0676
ROOT g=115 t=22 ctx=off n=22 ADVANCE:1:0.0924:0.0924 CAGE:1:0.0924:0.0924 BLITZ:1:0.0350:0.0350 BLOCK:2:0.1849:0.0924 PASS_ACTION:7:0.2451:0.0350 FOUL:1:0.0350:0.0350 REPOSITION:8:0.2801:0.0350 END_TURN:1:0.0350:0.0350
ROOT g=115 t=23 ctx=def n=11 BLITZ:2:0.3284:0.1642 REPOSITION:8:0.5970:0.0746 END_TURN:1:0.0746:0.0746
ROOT g=115 t=24 ctx=off n=21 ADVANCE:1:0.0931:0.0931 CAGE:1:0.0931:0.0931 BLITZ:1:0.0369:0.0369 BLOCK:2:0.1861:0.0931 PASS_ACTION:7:0.2585:0.0369 REPOSITION:8:0.2954:0.0369 END_TURN:1:0.0369:0.0369
ROOT g=115 t=25 ctx=def n=8 BLITZ:2:0.3556:0.1778 REPOSITION:5:0.5556:0.1111 END_TURN:1:0.0889:0.0889
ROOT g=115 t=26 ctx=off n=21 ADVANCE:1:0.0796:0.0796 CAGE:1:0.0796:0.0796 BLITZ:1:0.0316:0.0316 BLOCK:5:0.3982:0.0796 PASS_ACTION:3:0.0948:0.0316 FOUL:3:0.0948:0.0316 REPOSITION:6:0.1896:0.0316 END_TURN:1:0.0316:0.0316
ROOT g=115 t=27 ctx=def n=8 BLITZ:2:0.3556:0.1778 FOUL:1:0.1111:0.1111 REPOSITION:4:0.4444:0.1111 END_TURN:1:0.0889:0.0889
ROOT g=115 t=28 ctx=off n=16 ADVANCE:1:0.1023:0.1023 CAGE:1:0.1023:0.1023 BLITZ:1:0.0533:0.0533 BLOCK:1:0.1023:0.1023 PASS_ACTION:2:0.1066:0.0533 FOUL:2:0.1066:0.0533 REPOSITION:7:0.3731:0.0533 END_TURN:1:0.0533:0.0533
ROOT g=115 t=29 ctx=def n=7 BLITZ:2:0.3733:0.1867 FOUL:1:0.1333:0.1333 REPOSITION:3:0.4000:0.1333 END_TURN:1:0.0933:0.0933
ROOT g=115 t=30 ctx=off n=16 ADVANCE:1:0.1023:0.1023 CAGE:1:0.1023:0.1023 BLITZ:1:0.0533:0.0533 BLOCK:1:0.1023:0.1023 PASS_ACTION:2:0.1066:0.0533 FOUL:2:0.1066:0.0533 REPOSITION:7:0.3731:0.0533 END_TURN:1:0.0533:0.0533
ROOT g=115 t=31 ctx=def n=7 BLITZ:2:0.3733:0.1867 FOUL:1:0.1333:0.1333 REPOSITION:3:0.4000:0.1333 END_TURN:1:0.0933:0.0933
ROOT g=116 t=0 ctx=loose n=13 BLITZ:1:0.0614:0.0614 BLOCK:3:0.2875:0.0958 PICKUP:1:0.1597:0.1597 REPOSITION:7:0.4300:0.0614 END_TURN:1:0.0614:0.0614
ROOT g=116 t=1 ctx=def n=12 BLITZ:2:0.3061:0.1531 BLOCK:2:0.1837:0.0918 REPOSITION:7:0.4464:0.0638 END_TURN:1:0.0638:0.0638
ROOT g=116 t=2 ctx=off n=23 ADVANCE:1:0.1041:0.1041 CAGE:1:0.1041:0.1041 BLITZ:1:0.0377:0.0377 PASS_ACTION:10:0.3771:0.0377 FOUL:1:0.0377:0.0377 REPOSITION:8:0.3017:0.0377 END_TURN:1:0.0377:0.0377
ROOT g=116 t=3 ctx=def n=10 BLITZ:2:0.3333:0.1667 REPOSITION:7:0.5833:0.0833 END_TURN:1:0.0833:0.0833
ROOT g=116 t=4 ctx=off n=23 ADVANCE:1:0.1041:0.1041 CAGE:1:0.1041:0.1041 BLITZ:1:0.0377:0.0377 PASS_ACTION:8:0.3017:0.0377 FOUL:3:0.1131:0.0377 REPOSITION:8:0.3017:0.0377 END_TURN:1:0.0377:0.0377
ROOT g=116 t=5 ctx=def n=9 BLITZ:2:0.3429:0.1714 REPOSITION:6:0.5714:0.0952 END_TURN:1:0.0857:0.0857
ROOT g=116 t=6 ctx=off n=24 ADVANCE:1:0.1037:0.1037 CAGE:1:0.1037:0.1037 BLITZ:1:0.0360:0.0360 PASS_ACTION:8:0.2882:0.0360 FOUL:4:0.1441:0.0360 REPOSITION:8:0.2882:0.0360 END_TURN:1:0.0360:0.0360
ROOT g=116 t=7 ctx=def n=8 BLITZ:2:0.3556:0.1778 REPOSITION:5:0.5556:0.1111 END_TURN:1:0.0889:0.0889
ROOT g=116 t=8 ctx=off n=24 ADVANCE:1:0.1037:0.1037 CAGE:1:0.1037:0.1037 BLITZ:1:0.0360:0.0360 PASS_ACTION:8:0.2882:0.0360 FOUL:4:0.1441:0.0360 REPOSITION:8:0.2882:0.0360 END_TURN:1:0.0360:0.0360
ROOT g=116 t=9 ctx=def n=7 BLITZ:2:0.3733:0.1867 REPOSITION:4:0.5333:0.1333 END_TURN:1:0.0933:0.0933
ROOT g=116 t=10 ctx=off n=20 ADVANCE:1:0.1053:0.1053 CAGE:1:0.1053:0.1053 BLITZ:1:0.0439:0.0439 PASS_ACTION:3:0.1316:0.0439 FOUL:5:0.2193:0.0439 REPOSITION:8:0.3509:0.0439 END_TURN:1:0.0439:0.0439
ROOT g=116 t=11 ctx=def n=9 BLITZ:2:0.3429:0.1714 FOUL:1:0.0952:0.0952 REPOSITION:5:0.4762:0.0952 END_TURN:1:0.0857:0.0857
ROOT g=116 t=12 ctx=off n=21 ADVANCE:1:0.0829:0.0829 CAGE:1:0.0829:0.0829 BLITZ:1:0.0329:0.0329 PASS_ACTION:1:0.0329:0.0329 FOUL:6:0.1974:0.0329 REPOSITION:9:0.2961:0.0329 END_TURN:1:0.0329:0.0329 BLITZ_AND_SCORE:1:0.2419:0.2419
ROOT g=116 t=13 ctx=def n=8 BLITZ:2:0.3556:0.1778 REPOSITION:5:0.5556:0.1111 END_TURN:1:0.0889:0.0889
ROOT g=116 t=14 ctx=off n=16 SCORE:1:0.3294:0.3294 CAGE:1:0.0439:0.0439 BLITZ:1:0.0229:0.0229 FOUL:2:0.0457:0.0229 REPOSITION:9:0.2059:0.0229 END_TURN:1:0.0229:0.0229 BLITZ_AND_SCORE:1:0.3294:0.3294
ROOT g=116 t=15 ctx=loose n=13 BLITZ:1:0.0549:0.0549 BLOCK:3:0.2567:0.0856 PICKUP:1:0.2496:0.2496 REPOSITION:7:0.3840:0.0549 END_TURN:1:0.0549:0.0549
ROOT g=116 t=16 ctx=loose n=13 BLITZ:1:0.0569:0.0569 BLOCK:3:0.2662:0.0887 PICKUP:1:0.2218:0.2218 REPOSITION:7:0.3982:0.0569 END_TURN:1:0.0569:0.0569
ROOT g=116 t=17 ctx=loose n=12 BLITZ:1:0.0746:0.0746 PICKUP:1:0.1791:0.1791 REPOSITION:9:0.6716:0.0746 END_TURN:1:0.0746:0.0746
ROOT g=116 t=18 ctx=loose n=14 BLITZ:1:0.0581:0.0581 PICKUP:1:0.2442:0.2442 REPOSITION:11:0.6395:0.0581 END_TURN:1:0.0581:0.0581
ROOT g=116 t=19 ctx=def n=14 BLITZ:2:0.3182:0.1591 REPOSITION:11:0.6250:0.0568 END_TURN:1:0.0568:0.0568
ROOT g=116 t=20 ctx=off n=17 ADVANCE:1:0.1069:0.1069 CAGE:1:0.1069:0.1069 BLITZ:1:0.0524:0.0524 PASS_ACTION:4:0.2096:0.0524 REPOSITION:9:0.4717:0.0524 END_TURN:1:0.0524:0.0524
ROOT g=116 t=21 ctx=def n=14 BLITZ:2:0.3182:0.1591 REPOSITION:11:0.6250:0.0568 END_TURN:1:0.0568:0.0568
ROOT g=116 t=22 ctx=off n=14 ADVANCE:1:0.1085:0.1085 CAGE:1:0.1085:0.1085 BLITZ:1:0.0646:0.0646 PASS_ACTION:3:0.1938:0.0646 REPOSITION:6:0.3876:0.0646 END_TURN:1:0.0646:0.0646 BLITZ_AND_SCORE:1:0.0724:0.0724
ROOT g=116 t=23 ctx=def n=17 BLITZ:2:0.3119:0.1560 FOUL:4:0.1835:0.0459 REPOSITION:10:0.4587:0.0459 END_TURN:1:0.0459:0.0459
ROOT g=116 t=24 ctx=off n=10 ADVANCE:1:0.1053:0.1053 CAGE:1:0.1053:0.1053 BLITZ:1:0.0877:0.0877 PASS_ACTION:1:0.0877:0.0877 REPOSITION:4:0.3509:0.0877 END_TURN:1:0.0877:0.0877 BLITZ_AND_SCORE:1:0.1754:0.1754
ROOT g=116 t=25 ctx=def n=15 BLITZ:2:0.3030:0.1515 BLOCK:1:0.0909:0.0909 FOUL:2:0.1010:0.0505 REPOSITION:9:0.4545:0.0505 END_TURN:1:0.0505:0.0505
ROOT g=116 t=26 ctx=off n=9 ADVANCE:1:0.1095:0.1095 CAGE:1:0.1095:0.1095 BLITZ:1:0.1014:0.1014 FOUL:2:0.2028:0.1014 REPOSITION:2:0.2028:0.1014 END_TURN:1:0.0913:0.0913 BLITZ_AND_SCORE:1:0.1826:0.1826
ROOT g=116 t=27 ctx=def n=18 BLITZ:2:0.2699:0.1349 BLOCK:3:0.2429:0.0810 FOUL:4:0.1499:0.0375 REPOSITION:8:0.2999:0.0375 END_TURN:1:0.0375:0.0375
ROOT g=116 t=28 ctx=loose n=6 BLITZ:1:0.1493:0.1493 PICKUP:1:0.3134:0.3134 REPOSITION:3:0.4478:0.1493 END_TURN:1:0.0896:0.0896
ROOT g=116 t=29 ctx=loose n=17 BLITZ:1:0.0456:0.0456 PICKUP:1:0.2711:0.2711 FOUL:4:0.1822:0.0456 REPOSITION:10:0.4556:0.0456 END_TURN:1:0.0456:0.0456
ROOT g=116 t=30 ctx=loose n=6 BLITZ:1:0.1493:0.1493 PICKUP:1:0.3134:0.3134 REPOSITION:3:0.4478:0.1493 END_TURN:1:0.0896:0.0896
ROOT g=116 t=31 ctx=loose n=17 BLITZ:1:0.0456:0.0456 PICKUP:1:0.2711:0.2711 FOUL:4:0.1822:0.0456 REPOSITION:10:0.4556:0.0456 END_TURN:1:0.0456:0.0456
ROOT g=117 t=0 ctx=loose n=13 BLITZ:1:0.0614:0.0614 BLOCK:3:0.2875:0.0958 PICKUP:1:0.1597:0.1597 REPOSITION:7:0.4300:0.0614 END_TURN:1:0.0614:0.0614
ROOT g=117 t=1 ctx=def n=12 BLITZ:2:0.2978:0.1489 BLOCK:3:0.2680:0.0893 REPOSITION:6:0.3722:0.0620 END_TURN:1:0.0620:0.0620
ROOT g=117 t=2 ctx=off n=23 ADVANCE:1:0.1041:0.1041 CAGE:1:0.1041:0.1041 BLITZ:1:0.0377:0.0377 PASS_ACTION:9:0.3394:0.0377 FOUL:2:0.0754:0.0377 REPOSITION:8:0.3017:0.0377 END_TURN:1:0.0377:0.0377
ROOT g=117 t=3 ctx=def n=11 BLITZ:2:0.3134:0.1567 BLOCK:2:0.1880:0.0940 REPOSITION:6:0.4274:0.0712 END_TURN:1:0.0712:0.0712
ROOT g=117 t=4 ctx=off n=22 ADVANCE:1:0.1044:0.1044 CAGE:1:0.1044:0.1044 BLITZ:1:0.0396:0.0396 PASS_ACTION:8:0.3165:0.0396 FOUL:2:0.0791:0.0396 REPOSITION:8:0.3165:0.0396 END_TURN:1:0.0396:0.0396
ROOT g=117 t=5 ctx=def n=9 BLITZ:2:0.3429:0.1714 REPOSITION:6:0.5714:0.0952 END_TURN:1:0.0857:0.0857
ROOT g=117 t=6 ctx=off n=23 ADVANCE:1:0.1041:0.1041 CAGE:1:0.1041:0.1041 BLITZ:1:0.0377:0.0377 PASS_ACTION:8:0.3017:0.0377 FOUL:3:0.1131:0.0377 REPOSITION:8:0.3017:0.0377 END_TURN:1:0.0377:0.0377
ROOT g=117 t=7 ctx=def n=8 BLITZ:2:0.3556:0.1778 REPOSITION:5:0.5556:0.1111 END_TURN:1:0.0889:0.0889
ROOT g=117 t=8 ctx=off n=25 ADVANCE:1:0.1034:0.1034 CAGE:1:0.1034:0.1034 BLITZ:1:0.0345:0.0345 PASS_ACTION:8:0.2759:0.0345 FOUL:4:0.1379:0.0345 REPOSITION:9:0.3103:0.0345 END_TURN:1:0.0345:0.0345
ROOT g=117 t=9 ctx=def n=9 BLITZ:2:0.3429:0.1714 REPOSITION:6:0.5714:0.0952 END_TURN:1:0.0857:0.0857
ROOT g=117 t=10 ctx=off n=20 ADVANCE:1:0.1053:0.1053 CAGE:1:0.1053:0.1053 BLITZ:1:0.0439:0.0439 PASS_ACTION:2:0.0877:0.0439 FOUL:4:0.1754:0.0439 REPOSITION:10:0.4386:0.0439 END_TURN:1:0.0439:0.0439
ROOT g=117 t=11 ctx=def n=8 BLITZ:2:0.3556:0.1778 REPOSITION:5:0.5556:0.1111 END_TURN:1:0.0889:0.0889
ROOT g=117 t=12 ctx=off n=19 ADVANCE:1:0.1058:0.1058 CAGE:1:0.1058:0.1058 BLITZ:1:0.0464:0.0464 PASS_ACTION:2:0.0928:0.0464 FOUL:4:0.1855:0.0464 REPOSITION:9:0.4174:0.0464 END_TURN:1:0.0464:0.0464
ROOT g=117 t=13 ctx=def n=8 BLITZ:2:0.3556:0.1778 FOUL:1:0.1111:0.1111 REPOSITION:4:0.4444:0.1111 END_TURN:1:0.0889:0.0889
ROOT g=117 t=14 ctx=off n=16 SCORE:1:0.4749:0.4749 CAGE:1:0.0633:0.0633 BLITZ:1:0.0330:0.0330 PASS_ACTION:1:0.0330:0.0330 FOUL:3:0.0989:0.0330 REPOSITION:8:0.2639:0.0330 END_TURN:1:0.0330:0.0330
ROOT g=117 t=15 ctx=loose n=13 BLITZ:1:0.0549:0.0549 BLOCK:3:0.2567:0.0856 PICKUP:1:0.2496:0.2496 REPOSITION:7:0.3840:0.0549 END_TURN:1:0.0549:0.0549
ROOT g=117 t=16 ctx=loose n=13 BLITZ:1:0.0569:0.0569 BLOCK:3:0.2662:0.0887 PICKUP:1:0.2218:0.2218 REPOSITION:7:0.3982:0.0569 END_TURN:1:0.0569:0.0569
ROOT g=117 t=17 ctx=def n=10 BLITZ:2:0.3333:0.1667 REPOSITION:7:0.5833:0.0833 END_TURN:1:0.0833:0.0833
ROOT g=117 t=18 ctx=off n=19 ADVANCE:1:0.0945:0.0945 CAGE:1:0.0945:0.0945 BLITZ:1:0.0415:0.0415 BLOCK:2:0.1891:0.0945 PASS_ACTION:7:0.2902:0.0415 FOUL:1:0.0415:0.0415 REPOSITION:5:0.2073:0.0415 END_TURN:1:0.0415:0.0415
ROOT g=117 t=19 ctx=def n=9 BLITZ:2:0.3429:0.1714 REPOSITION:6:0.5714:0.0952 END_TURN:1:0.0857:0.0857
ROOT g=117 t=20 ctx=off n=16 ADVANCE:1:0.1076:0.1076 CAGE:1:0.1076:0.1076 BLITZ:1:0.0561:0.0561 PASS_ACTION:6:0.3363:0.0561 FOUL:1:0.0561:0.0561 REPOSITION:5:0.2803:0.0561 END_TURN:1:0.0561:0.0561
ROOT g=117 t=21 ctx=def n=8 BLITZ:2:0.3556:0.1778 REPOSITION:5:0.5556:0.1111 END_TURN:1:0.0889:0.0889
ROOT g=117 t=22 ctx=off n=15 ADVANCE:1:0.1084:0.1084 CAGE:1:0.1084:0.1084 BLITZ:1:0.0602:0.0602 PASS_ACTION:5:0.3012:0.0602 FOUL:1:0.0602:0.0602 REPOSITION:5:0.3012:0.0602 END_TURN:1:0.0602:0.0602
ROOT g=117 t=23 ctx=def n=10 BLITZ:2:0.3333:0.1667 FOUL:1:0.0833:0.0833 REPOSITION:6:0.5000:0.0833 END_TURN:1:0.0833:0.0833
ROOT g=117 t=24 ctx=off n=10 ADVANCE:1:0.1154:0.1154 CAGE:1:0.1154:0.1154 BLITZ:1:0.0962:0.0962 PASS_ACTION:2:0.1923:0.0962 FOUL:1:0.0962:0.0962 REPOSITION:3:0.2885:0.0962 END_TURN:1:0.0962:0.0962
ROOT g=117 t=25 ctx=def n=10 BLITZ:2:0.3333:0.1667 FOUL:2:0.1667:0.0833 REPOSITION:5:0.4167:0.0833 END_TURN:1:0.0833:0.0833
ROOT g=117 t=26 ctx=off n=11 ADVANCE:1:0.1048:0.1048 CAGE:1:0.1048:0.1048 BLITZ:1:0.0794:0.0794 BLOCK:3:0.3143:0.1048 PASS_ACTION:1:0.0794:0.0794 FOUL:1:0.0794:0.0794 REPOSITION:2:0.1587:0.0794 END_TURN:1:0.0794:0.0794
ROOT g=117 t=27 ctx=def n=9 BLITZ:2:0.3429:0.1714 FOUL:2:0.1905:0.0952 REPOSITION:4:0.3810:0.0952 END_TURN:1:0.0857:0.0857
ROOT g=117 t=28 ctx=off n=14 ADVANCE:1:0.0966:0.0966 CAGE:1:0.0966:0.0966 BLITZ:1:0.0575:0.0575 BLOCK:3:0.2897:0.0966 PASS_ACTION:1:0.0575:0.0575 FOUL:3:0.1724:0.0575 REPOSITION:3:0.1724:0.0575 END_TURN:1:0.0575:0.0575
ROOT g=117 t=29 ctx=def n=6 BLITZ:2:0.4000:0.2000 REPOSITION:3:0.5000:0.1667 END_TURN:1:0.1000:0.1000
ROOT g=117 t=30 ctx=off n=12 ADVANCE:1:0.0410:0.0410 CAGE:1:0.0410:0.0410 BLITZ:1:0.0285:0.0285 FOUL:2:0.0570:0.0285 REPOSITION:3:0.0855:0.0285 END_TURN:1:0.0285:0.0285 BLITZ_AND_SCORE:1:0.2395:0.2395 HAND_OFF_SCORE:1:0.2395:0.2395 CHAIN_SCORE:1:0.2395:0.2395
ROOT g=117 t=31 ctx=def n=5 BLITZ:2:0.4444:0.2222 REPOSITION:2:0.4444:0.2222 END_TURN:1:0.1111:0.1111
ROOT g=118 t=0 ctx=loose n=13 BLITZ:1:0.0614:0.0614 BLOCK:3:0.2875:0.0958 PICKUP:1:0.1597:0.1597 REPOSITION:7:0.4300:0.0614 END_TURN:1:0.0614:0.0614
ROOT g=118 t=1 ctx=def n=10 BLITZ:2:0.3333:0.1667 REPOSITION:7:0.5833:0.0833 END_TURN:1:0.0833:0.0833
ROOT g=118 t=2 ctx=off n=21 ADVANCE:1:0.1048:0.1048 CAGE:1:0.1048:0.1048 BLITZ:1:0.0416:0.0416 PASS_ACTION:8:0.3328:0.0416 FOUL:1:0.0416:0.0416 REPOSITION:8:0.3328:0.0416 END_TURN:1:0.0416:0.0416
ROOT g=118 t=3 ctx=def n=12 BLITZ:2:0.3243:0.1622 FOUL:1:0.0676:0.0676 REPOSITION:8:0.5405:0.0676 END_TURN:1:0.0676:0.0676
ROOT g=118 t=4 ctx=off n=20 ADVANCE:1:0.1053:0.1053 CAGE:1:0.1053:0.1053 BLITZ:1:0.0439:0.0439 PASS_ACTION:7:0.3070:0.0439 FOUL:1:0.0439:0.0439 REPOSITION:8:0.3509:0.0439 END_TURN:1:0.0439:0.0439
ROOT g=118 t=5 ctx=def n=11 BLITZ:2:0.3284:0.1642 FOUL:1:0.0746:0.0746 REPOSITION:7:0.5224:0.0746 END_TURN:1:0.0746:0.0746
ROOT g=118 t=6 ctx=off n=20 ADVANCE:1:0.0938:0.0938 CAGE:1:0.0938:0.0938 BLITZ:1:0.0391:0.0391 BLOCK:2:0.1875:0.0938 PASS_ACTION:7:0.2734:0.0391 FOUL:1:0.0391:0.0391 REPOSITION:6:0.2344:0.0391 END_TURN:1:0.0391:0.0391
ROOT g=118 t=7 ctx=def n=9 BLITZ:2:0.3429:0.1714 REPOSITION:6:0.5714:0.0952 END_TURN:1:0.0857:0.0857
ROOT g=118 t=8 ctx=off n=22 ADVANCE:1:0.0924:0.0924 CAGE:1:0.0924:0.0924 BLITZ:1:0.0350:0.0350 BLOCK:2:0.1849:0.0924 PASS_ACTION:7:0.2451:0.0350 FOUL:3:0.1050:0.0350 REPOSITION:6:0.2101:0.0350 END_TURN:1:0.0350:0.0350
ROOT g=118 t=9 ctx=def n=8 BLITZ:2:0.3556:0.1778 REPOSITION:5:0.5556:0.1111 END_TURN:1:0.0889:0.0889
ROOT g=118 t=10 ctx=off n=22 ADVANCE:1:0.0924:0.0924 CAGE:1:0.0924:0.0924 BLITZ:1:0.0350:0.0350 BLOCK:2:0.1849:0.0924 PASS_ACTION:7:0.2451:0.0350 FOUL:3:0.1050:0.0350 REPOSITION:6:0.2101:0.0350 END_TURN:1:0.0350:0.0350
ROOT g=118 t=11 ctx=def n=7 BLITZ:2:0.3733:0.1867 REPOSITION:4:0.5333:0.1333 END_TURN:1:0.0933:0.0933
ROOT g=118 t=12 ctx=off n=22 ADVANCE:1:0.0924:0.0924 CAGE:1:0.0924:0.0924 BLITZ:1:0.0350:0.0350 BLOCK:2:0.1849:0.0924 PASS_ACTION:7:0.2451:0.0350 FOUL:3:0.1050:0.0350 REPOSITION:6:0.2101:0.0350 END_TURN:1:0.0350:0.0350
ROOT g=118 t=13 ctx=def n=8 BLITZ:2:0.3556:0.1778 REPOSITION:5:0.5556:0.1111 END_TURN:1:0.0889:0.0889
ROOT g=118 t=14 ctx=off n=13 ADVANCE:1:0.1024:0.1024 CAGE:1:0.1024:0.1024 BLITZ:1:0.0656:0.0656 BLOCK:2:0.2047:0.1024 FOUL:2:0.1312:0.0656 REPOSITION:5:0.3281:0.0656 END_TURN:1:0.0656:0.0656
ROOT g=118 t=15 ctx=def n=7 BLITZ:2:0.3733:0.1867 FOUL:1:0.1333:0.1333 REPOSITION:3:0.4000:0.1333 END_TURN:1:0.0933:0.0933
ROOT g=118 t=16 ctx=loose n=13 BLITZ:1:0.0614:0.0614 BLOCK:3:0.2875:0.0958 PICKUP:1:0.1597:0.1597 REPOSITION:7:0.4300:0.0614 END_TURN:1:0.0614:0.0614
ROOT g=118 t=17 ctx=def n=12 BLITZ:2:0.3243:0.1622 REPOSITION:9:0.6081:0.0676 END_TURN:1:0.0676:0.0676
ROOT g=118 t=18 ctx=off n=17 ADVANCE:1:0.0919:0.0919 CAGE:1:0.0919:0.0919 BLITZ:1:0.0450:0.0450 BLOCK:3:0.2757:0.0919 PASS_ACTION:5:0.2252:0.0450 REPOSITION:5:0.2252:0.0450 END_TURN:1:0.0450:0.0450
ROOT g=118 t=19 ctx=def n=10 BLITZ:2:0.3333:0.1667 REPOSITION:7:0.5833:0.0833 END_TURN:1:0.0833:0.0833
ROOT g=118 t=20 ctx=off n=19 ADVANCE:1:0.1058:0.1058 CAGE:1:0.1058:0.1058 BLITZ:1:0.0464:0.0464 PASS_ACTION:5:0.2319:0.0464 FOUL:3:0.1391:0.0464 REPOSITION:7:0.3247:0.0464 END_TURN:1:0.0464:0.0464
ROOT g=118 t=21 ctx=def n=9 BLITZ:2:0.3429:0.1714 REPOSITION:6:0.5714:0.0952 END_TURN:1:0.0857:0.0857
ROOT g=118 t=22 ctx=off n=19 ADVANCE:1:0.1058:0.1058 CAGE:1:0.1058:0.1058 BLITZ:1:0.0464:0.0464 PASS_ACTION:5:0.2319:0.0464 FOUL:3:0.1391:0.0464 REPOSITION:7:0.3247:0.0464 END_TURN:1:0.0464:0.0464
ROOT g=118 t=23 ctx=def n=8 BLITZ:2:0.3556:0.1778 REPOSITION:5:0.5556:0.1111 END_TURN:1:0.0889:0.0889
ROOT g=118 t=24 ctx=off n=19 ADVANCE:1:0.1058:0.1058 CAGE:1:0.1058:0.1058 BLITZ:1:0.0464:0.0464 PASS_ACTION:5:0.2319:0.0464 FOUL:3:0.1391:0.0464 REPOSITION:7:0.3247:0.0464 END_TURN:1:0.0464:0.0464
ROOT g=118 t=25 ctx=def n=8 BLITZ:2:0.3556:0.1778 REPOSITION:5:0.5556:0.1111 END_TURN:1:0.0889:0.0889
ROOT g=118 t=26 ctx=off n=19 ADVANCE:1:0.0945:0.0945 CAGE:1:0.0945:0.0945 BLITZ:1:0.0415:0.0415 BLOCK:2:0.1891:0.0945 PASS_ACTION:5:0.2073:0.0415 FOUL:3:0.1244:0.0415 REPOSITION:5:0.2073:0.0415 END_TURN:1:0.0415:0.0415
ROOT g=118 t=27 ctx=loose n=8 BLITZ:1:0.1042:0.1042 PICKUP:1:0.2917:0.2917 FOUL:1:0.1042:0.1042 REPOSITION:4:0.4167:0.1042 END_TURN:1:0.0833:0.0833
ROOT g=118 t=28 ctx=loose n=12 BLITZ:1:0.0658:0.0658 PICKUP:1:0.2763:0.2763 FOUL:3:0.1974:0.0658 REPOSITION:6:0.3947:0.0658 END_TURN:1:0.0658:0.0658
ROOT g=118 t=29 ctx=def n=7 BLITZ:2:0.3733:0.1867 REPOSITION:4:0.5333:0.1333 END_TURN:1:0.0933:0.0933
ROOT g=118 t=30 ctx=off n=19 ADVANCE:1:0.0945:0.0945 CAGE:1:0.0945:0.0945 BLITZ:1:0.0415:0.0415 BLOCK:2:0.1891:0.0945 PASS_ACTION:3:0.1244:0.0415 FOUL:6:0.2488:0.0415 REPOSITION:4:0.1658:0.0415 END_TURN:1:0.0415:0.0415
ROOT g=118 t=31 ctx=def n=6 BLITZ:2:0.4000:0.2000 REPOSITION:3:0.5000:0.1667 END_TURN:1:0.1000:0.1000
ROOT g=119 t=0 ctx=loose n=13 BLITZ:1:0.0614:0.0614 BLOCK:3:0.2875:0.0958 PICKUP:1:0.1597:0.1597 REPOSITION:7:0.4300:0.0614 END_TURN:1:0.0614:0.0614
ROOT g=119 t=1 ctx=def n=11 BLITZ:2:0.3284:0.1642 REPOSITION:8:0.5970:0.0746 END_TURN:1:0.0746:0.0746
ROOT g=119 t=2 ctx=off n=24 ADVANCE:1:0.0972:0.0972 CAGE:1:0.0972:0.0972 BLITZ:1:0.0337:0.0337 BLOCK:1:0.0972:0.0972 PASS_ACTION:10:0.3374:0.0337 FOUL:1:0.0337:0.0337 REPOSITION:8:0.2699:0.0337 END_TURN:1:0.0337:0.0337
ROOT g=119 t=3 ctx=def n=10 BLITZ:2:0.3226:0.1613 BLOCK:2:0.1935:0.0968 REPOSITION:5:0.4032:0.0806 END_TURN:1:0.0806:0.0806
ROOT g=119 t=4 ctx=off n=24 ADVANCE:1:0.1037:0.1037 CAGE:1:0.1037:0.1037 BLITZ:1:0.0360:0.0360 PASS_ACTION:8:0.2882:0.0360 FOUL:4:0.1441:0.0360 REPOSITION:8:0.2882:0.0360 END_TURN:1:0.0360:0.0360
ROOT g=119 t=5 ctx=def n=9 BLITZ:2:0.3377:0.1689 BLOCK:2:0.2026:0.1013 REPOSITION:4:0.3752:0.0938 END_TURN:1:0.0844:0.0844
ROOT g=119 t=6 ctx=off n=22 ADVANCE:1:0.1044:0.1044 CAGE:1:0.1044:0.1044 BLITZ:1:0.0396:0.0396 PASS_ACTION:7:0.2769:0.0396 FOUL:3:0.1187:0.0396 REPOSITION:8:0.3165:0.0396 END_TURN:1:0.0396:0.0396
ROOT g=119 t=7 ctx=def n=10 BLITZ:2:0.3333:0.1667 REPOSITION:7:0.5833:0.0833 END_TURN:1:0.0833:0.0833
ROOT g=119 t=8 ctx=off n=24 ADVANCE:1:0.1037:0.1037 CAGE:1:0.1037:0.1037 BLITZ:1:0.0360:0.0360 PASS_ACTION:7:0.2522:0.0360 FOUL:5:0.1801:0.0360 REPOSITION:8:0.2882:0.0360 END_TURN:1:0.0360:0.0360
ROOT g=119 t=9 ctx=def n=9 BLITZ:2:0.3429:0.1714 REPOSITION:6:0.5714:0.0952 END_TURN:1:0.0857:0.0857
ROOT g=119 t=10 ctx=off n=24 ADVANCE:1:0.1037:0.1037 CAGE:1:0.1037:0.1037 BLITZ:1:0.0360:0.0360 PASS_ACTION:7:0.2522:0.0360 FOUL:5:0.1801:0.0360 REPOSITION:8:0.2882:0.0360 END_TURN:1:0.0360:0.0360
ROOT g=119 t=11 ctx=def n=8 BLITZ:2:0.3556:0.1778 REPOSITION:5:0.5556:0.1111 END_TURN:1:0.0889:0.0889
ROOT g=119 t=12 ctx=off n=24 ADVANCE:1:0.1037:0.1037 CAGE:1:0.1037:0.1037 BLITZ:1:0.0360:0.0360 PASS_ACTION:7:0.2522:0.0360 FOUL:5:0.1801:0.0360 REPOSITION:8:0.2882:0.0360 END_TURN:1:0.0360:0.0360
ROOT g=119 t=13 ctx=def n=6 BLITZ:2:0.4000:0.2000 REPOSITION:3:0.5000:0.1667 END_TURN:1:0.1000:0.1000
ROOT g=119 t=14 ctx=loose n=12 BLITZ:1:0.0605:0.0605 BLOCK:3:0.2615:0.0872 PICKUP:1:0.2542:0.2542 FOUL:1:0.0605:0.0605 REPOSITION:5:0.3027:0.0605 END_TURN:1:0.0605:0.0605
ROOT g=119 t=15 ctx=loose n=7 BLITZ:1:0.1227:0.1227 PICKUP:1:0.3006:0.3006 REPOSITION:4:0.4908:0.1227 END_TURN:1:0.0859:0.0859
ROOT g=119 t=16 ctx=loose n=13 BLITZ:1:0.0614:0.0614 BLOCK:3:0.2875:0.0958 PICKUP:1:0.1597:0.1597 REPOSITION:7:0.4300:0.0614 END_TURN:1:0.0614:0.0614
ROOT g=119 t=17 ctx=def n=12 BLITZ:2:0.3061:0.1531 BLOCK:2:0.1837:0.0918 REPOSITION:7:0.4464:0.0638 END_TURN:1:0.0638:0.0638
ROOT g=119 t=18 ctx=off n=17 ADVANCE:1:0.1014:0.1014 CAGE:1:0.1014:0.1014 BLITZ:1:0.0497:0.0497 BLOCK:1:0.1014:0.1014 PASS_ACTION:6:0.2982:0.0497 FOUL:1:0.0497:0.0497 REPOSITION:5:0.2485:0.0497 END_TURN:1:0.0497:0.0497
ROOT g=119 t=19 ctx=def n=10 BLITZ:2:0.3333:0.1667 REPOSITION:7:0.5833:0.0833 END_TURN:1:0.0833:0.0833
ROOT g=119 t=20 ctx=off n=24 ADVANCE:1:0.1037:0.1037 CAGE:1:0.1037:0.1037 BLITZ:1:0.0360:0.0360 PASS_ACTION:7:0.2522:0.0360 FOUL:6:0.2161:0.0360 REPOSITION:7:0.2522:0.0360 END_TURN:1:0.0360:0.0360
ROOT g=119 t=21 ctx=def n=8 BLITZ:2:0.3556:0.1778 BLOCK:1:0.1111:0.1111 REPOSITION:4:0.4444:0.1111 END_TURN:1:0.0889:0.0889
ROOT g=119 t=22 ctx=off n=19 ADVANCE:1:0.1058:0.1058 CAGE:1:0.1058:0.1058 BLITZ:1:0.0464:0.0464 PASS_ACTION:6:0.2783:0.0464 FOUL:2:0.0928:0.0464 REPOSITION:7:0.3247:0.0464 END_TURN:1:0.0464:0.0464
ROOT g=119 t=23 ctx=def n=8 BLITZ:2:0.3556:0.1778 BLOCK:1:0.1111:0.1111 REPOSITION:4:0.4444:0.1111 END_TURN:1:0.0889:0.0889
ROOT g=119 t=24 ctx=loose n=8 BLITZ:1:0.1190:0.1190 PICKUP:1:0.1905:0.1905 REPOSITION:5:0.5952:0.1190 END_TURN:1:0.0952:0.0952
ROOT g=119 t=25 ctx=def n=13 BLITZ:2:0.3103:0.1551 BLOCK:1:0.0931:0.0931 FOUL:4:0.2387:0.0597 REPOSITION:5:0.2983:0.0597 END_TURN:1:0.0597:0.0597
ROOT g=119 t=26 ctx=off n=10 ADVANCE:1:0.1154:0.1154 CAGE:1:0.1154:0.1154 BLITZ:1:0.0962:0.0962 FOUL:1:0.0962:0.0962 REPOSITION:5:0.4808:0.0962 END_TURN:1:0.0962:0.0962
ROOT g=119 t=27 ctx=def n=8 BLITZ:2:0.3556:0.1778 FOUL:3:0.3333:0.1111 REPOSITION:2:0.2222:0.1111 END_TURN:1:0.0889:0.0889
ROOT g=119 t=28 ctx=def n=8 BLITZ:2:0.3556:0.1778 REPOSITION:5:0.5556:0.1111 END_TURN:1:0.0889:0.0889
ROOT g=119 t=29 ctx=off n=8 ADVANCE:1:0.1282:0.1282 CAGE:1:0.1282:0.1282 BLITZ:1:0.1282:0.1282 PASS_ACTION:2:0.2564:0.1282 FOUL:1:0.1282:0.1282 REPOSITION:1:0.1282:0.1282 END_TURN:1:0.1026:0.1026
ROOT g=119 t=30 ctx=def n=10 BLITZ:2:0.3279:0.1639 BLOCK:1:0.0984:0.0984 FOUL:2:0.1639:0.0820 REPOSITION:4:0.3279:0.0820 END_TURN:1:0.0820:0.0820
ROOT g=119 t=31 ctx=off n=5 ADVANCE:1:0.2222:0.2222 CAGE:1:0.2222:0.2222 BLITZ:1:0.2222:0.2222 FOUL:1:0.2222:0.2222 END_TURN:1:0.1111:0.1111
ROOT g=120 t=0 ctx=loose n=13 BLITZ:1:0.0614:0.0614 BLOCK:3:0.2875:0.0958 PICKUP:1:0.1597:0.1597 REPOSITION:7:0.4300:0.0614 END_TURN:1:0.0614:0.0614
ROOT g=120 t=1 ctx=def n=11 BLITZ:2:0.3284:0.1642 REPOSITION:8:0.5970:0.0746 END_TURN:1:0.0746:0.0746
ROOT g=120 t=2 ctx=off n=19 ADVANCE:1:0.0998:0.0998 CAGE:1:0.0998:0.0998 BLITZ:1:0.0438:0.0438 BLOCK:1:0.0998:0.0998 PASS_ACTION:6:0.2627:0.0438 FOUL:1:0.0438:0.0438 REPOSITION:7:0.3065:0.0438 END_TURN:1:0.0438:0.0438
ROOT g=120 t=3 ctx=def n=11 BLITZ:2:0.3207:0.1603 BLOCK:1:0.0962:0.0962 REPOSITION:7:0.5102:0.0729 END_TURN:1:0.0729:0.0729
ROOT g=120 t=4 ctx=off n=19 ADVANCE:1:0.0998:0.0998 CAGE:1:0.0998:0.0998 BLITZ:1:0.0438:0.0438 BLOCK:1:0.0998:0.0998 PASS_ACTION:6:0.2627:0.0438 FOUL:1:0.0438:0.0438 REPOSITION:7:0.3065:0.0438 END_TURN:1:0.0438:0.0438
ROOT g=120 t=5 ctx=def n=13 BLITZ:2:0.2737:0.1368 BLOCK:5:0.4105:0.0821 REPOSITION:5:0.2632:0.0526 END_TURN:1:0.0526:0.0526
ROOT g=120 t=6 ctx=off n=21 ADVANCE:1:0.0986:0.0986 CAGE:1:0.0986:0.0986 BLITZ:1:0.0391:0.0391 BLOCK:1:0.0986:0.0986 PASS_ACTION:6:0.2347:0.0391 FOUL:3:0.1174:0.0391 REPOSITION:7:0.2739:0.0391 END_TURN:1:0.0391:0.0391
ROOT g=120 t=7 ctx=def n=12 BLITZ:2:0.2824:0.1412 BLOCK:5:0.4235:0.0847 REPOSITION:4:0.2353:0.0588 END_TURN:1:0.0588:0.0588
ROOT g=120 t=8 ctx=off n=21 ADVANCE:1:0.1048:0.1048 CAGE:1:0.1048:0.1048 BLITZ:1:0.0416:0.0416 PASS_ACTION:6:0.2496:0.0416 FOUL:3:0.1248:0.0416 REPOSITION:8:0.3328:0.0416 END_TURN:1:0.0416:0.0416
ROOT g=120 t=9 ctx=def n=10 BLITZ:2:0.3226:0.1613 BLOCK:2:0.1935:0.0968 REPOSITION:5:0.4032:0.0806 END_TURN:1:0.0806:0.0806
ROOT g=120 t=10 ctx=off n=17 ADVANCE:1:0.0964:0.0964 CAGE:1:0.0964:0.0964 BLITZ:1:0.0473:0.0473 BLOCK:2:0.1928:0.0964 PASS_ACTION:1:0.0473:0.0473 FOUL:3:0.1418:0.0473 REPOSITION:7:0.3308:0.0473 END_TURN:1:0.0473:0.0473
ROOT g=120 t=11 ctx=def n=12 BLITZ:2:0.3243:0.1622 FOUL:3:0.2027:0.0676 REPOSITION:6:0.4054:0.0676 END_TURN:1:0.0676:0.0676
ROOT g=120 t=12 ctx=off n=14 ADVANCE:1:0.1094:0.1094 CAGE:1:0.1094:0.1094 BLITZ:1:0.0651:0.0651 PASS_ACTION:1:0.0651:0.0651 FOUL:3:0.1953:0.0651 REPOSITION:6:0.3906:0.0651 END_TURN:1:0.0651:0.0651
ROOT g=120 t=13 ctx=loose n=11 BLITZ:1:0.0909:0.0909 FOUL:3:0.2727:0.0909 REPOSITION:6:0.5455:0.0909 END_TURN:1:0.0909:0.0909
ROOT g=120 t=14 ctx=loose n=11 BLITZ:1:0.0722:0.0722 PICKUP:1:0.2780:0.2780 FOUL:2:0.1444:0.0722 REPOSITION:6:0.4332:0.0722 END_TURN:1:0.0722:0.0722
ROOT g=120 t=15 ctx=def n=11 BLITZ:2:0.3284:0.1642 FOUL:2:0.1493:0.0746 REPOSITION:6:0.4478:0.0746 END_TURN:1:0.0746:0.0746
ROOT g=120 t=16 ctx=loose n=13 BLITZ:1:0.0614:0.0614 BLOCK:3:0.2875:0.0958 PICKUP:1:0.1597:0.1597 REPOSITION:7:0.4300:0.0614 END_TURN:1:0.0614:0.0614
ROOT g=120 t=17 ctx=def n=11 BLITZ:2:0.3284:0.1642 REPOSITION:8:0.5970:0.0746 END_TURN:1:0.0746:0.0746
ROOT g=120 t=18 ctx=off n=25 ADVANCE:1:0.0857:0.0857 CAGE:1:0.0857:0.0857 BLITZ:1:0.0286:0.0286 BLOCK:3:0.2571:0.0857 PASS_ACTION:10:0.2857:0.0286 FOUL:2:0.0571:0.0286 REPOSITION:6:0.1714:0.0286 END_TURN:1:0.0286:0.0286
ROOT g=120 t=19 ctx=def n=10 BLITZ:2:0.3279:0.1639 BLOCK:1:0.0984:0.0984 REPOSITION:6:0.4918:0.0820 END_TURN:1:0.0820:0.0820
ROOT g=120 t=20 ctx=off n=21 ADVANCE:1:0.0986:0.0986 CAGE:1:0.0986:0.0986 BLITZ:1:0.0391:0.0391 BLOCK:1:0.0986:0.0986 PASS_ACTION:6:0.2347:0.0391 FOUL:4:0.1565:0.0391 REPOSITION:6:0.2347:0.0391 END_TURN:1:0.0391:0.0391
ROOT g=120 t=21 ctx=def n=11 BLITZ:2:0.3207:0.1603 BLOCK:1:0.0962:0.0962 FOUL:2:0.1458:0.0729 REPOSITION:5:0.3644:0.0729 END_TURN:1:0.0729:0.0729
ROOT g=120 t=22 ctx=off n=22 ADVANCE:1:0.0981:0.0981 CAGE:1:0.0981:0.0981 BLITZ:1:0.0371:0.0371 BLOCK:1:0.0981:0.0981 PASS_ACTION:6:0.2229:0.0371 FOUL:5:0.1857:0.0371 REPOSITION:6:0.2229:0.0371 END_TURN:1:0.0371:0.0371
ROOT g=120 t=23 ctx=def n=10 BLITZ:2:0.3279:0.1639 BLOCK:1:0.0984:0.0984 FOUL:2:0.1639:0.0820 REPOSITION:4:0.3279:0.0820 END_TURN:1:0.0820:0.0820
ROOT g=120 t=24 ctx=off n=19 ADVANCE:1:0.0945:0.0945 CAGE:1:0.0945:0.0945 BLITZ:1:0.0415:0.0415 BLOCK:2:0.1891:0.0945 PASS_ACTION:5:0.2073:0.0415 FOUL:5:0.2073:0.0415 REPOSITION:3:0.1244:0.0415 END_TURN:1:0.0415:0.0415
ROOT g=120 t=25 ctx=def n=9 BLITZ:2:0.3403:0.1701 BLOCK:1:0.1021:0.1021 FOUL:2:0.1890:0.0945 REPOSITION:3:0.2836:0.0945 END_TURN:1:0.0851:0.0851
ROOT g=120 t=26 ctx=off n=18 ADVANCE:1:0.0954:0.0954 CAGE:1:0.0954:0.0954 BLITZ:1:0.0442:0.0442 BLOCK:2:0.1908:0.0954 PASS_ACTION:4:0.1767:0.0442 FOUL:5:0.2208:0.0442 REPOSITION:3:0.1325:0.0442 END_TURN:1:0.0442:0.0442
ROOT g=120 t=27 ctx=def n=9 BLITZ:2:0.3403:0.1701 BLOCK:1:0.1021:0.1021 FOUL:2:0.1890:0.0945 REPOSITION:3:0.2836:0.0945 END_TURN:1:0.0851:0.0851
ROOT g=120 t=28 ctx=off n=15 ADVANCE:1:0.0989:0.0989 CAGE:1:0.0989:0.0989 BLITZ:1:0.0549:0.0549 BLOCK:2:0.1978:0.0989 PASS_ACTION:2:0.1099:0.0549 FOUL:4:0.2198:0.0549 REPOSITION:3:0.1648:0.0549 END_TURN:1:0.0549:0.0549
ROOT g=120 t=29 ctx=def n=10 BLITZ:2:0.3333:0.1667 FOUL:3:0.2500:0.0833 REPOSITION:4:0.3333:0.0833 END_TURN:1:0.0833:0.0833
ROOT g=120 t=30 ctx=off n=15 ADVANCE:1:0.0909:0.0909 CAGE:1:0.0909:0.0909 BLITZ:1:0.0505:0.0505 BLOCK:4:0.3636:0.0909 PASS_ACTION:2:0.1010:0.0505 FOUL:4:0.2020:0.0505 REPOSITION:1:0.0505:0.0505 END_TURN:1:0.0505:0.0505
ROOT g=120 t=31 ctx=def n=10 BLITZ:2:0.3279:0.1639 BLOCK:1:0.0984:0.0984 FOUL:2:0.1639:0.0820 REPOSITION:4:0.3279:0.0820 END_TURN:1:0.0820:0.0820
ROOT g=121 t=0 ctx=loose n=13 BLITZ:1:0.0614:0.0614 BLOCK:3:0.2875:0.0958 PICKUP:1:0.1597:0.1597 REPOSITION:7:0.4300:0.0614 END_TURN:1:0.0614:0.0614
ROOT g=121 t=1 ctx=loose n=12 BLITZ:1:0.0746:0.0746 PICKUP:1:0.1791:0.1791 REPOSITION:9:0.6716:0.0746 END_TURN:1:0.0746:0.0746
ROOT g=121 t=2 ctx=loose n=14 BLITZ:1:0.0633:0.0633 PICKUP:1:0.1772:0.1772 REPOSITION:11:0.6962:0.0633 END_TURN:1:0.0633:0.0633
ROOT g=121 t=3 ctx=loose n=13 BLITZ:1:0.0685:0.0685 PICKUP:1:0.1781:0.1781 REPOSITION:10:0.6849:0.0685 END_TURN:1:0.0685:0.0685
ROOT g=121 t=4 ctx=loose n=14 BLITZ:1:0.0633:0.0633 PICKUP:1:0.1772:0.1772 REPOSITION:11:0.6962:0.0633 END_TURN:1:0.0633:0.0633
ROOT g=121 t=5 ctx=loose n=12 BLITZ:1:0.0746:0.0746 PICKUP:1:0.1791:0.1791 REPOSITION:9:0.6716:0.0746 END_TURN:1:0.0746:0.0746
ROOT g=121 t=6 ctx=loose n=14 BLITZ:1:0.0633:0.0633 PICKUP:1:0.1772:0.1772 REPOSITION:11:0.6962:0.0633 END_TURN:1:0.0633:0.0633
ROOT g=121 t=7 ctx=loose n=12 BLITZ:1:0.0746:0.0746 PICKUP:1:0.1791:0.1791 REPOSITION:9:0.6716:0.0746 END_TURN:1:0.0746:0.0746
ROOT g=121 t=8 ctx=loose n=14 BLITZ:1:0.0633:0.0633 PICKUP:1:0.1772:0.1772 REPOSITION:11:0.6962:0.0633 END_TURN:1:0.0633:0.0633
ROOT g=121 t=9 ctx=loose n=12 BLITZ:1:0.0746:0.0746 PICKUP:1:0.1791:0.1791 REPOSITION:9:0.6716:0.0746 END_TURN:1:0.0746:0.0746
ROOT g=121 t=10 ctx=loose n=14 BLITZ:1:0.0559:0.0559 PICKUP:1:0.2737:0.2737 REPOSITION:11:0.6145:0.0559 END_TURN:1:0.0559:0.0559
ROOT g=121 t=11 ctx=loose n=11 BLITZ:1:0.0722:0.0722 PICKUP:1:0.2780:0.2780 REPOSITION:8:0.5776:0.0722 END_TURN:1:0.0722:0.0722
ROOT g=121 t=12 ctx=loose n=15 BLITZ:1:0.0519:0.0519 PICKUP:1:0.2727:0.2727 FOUL:1:0.0519:0.0519 REPOSITION:11:0.5714:0.0519 END_TURN:1:0.0519:0.0519
ROOT g=121 t=13 ctx=loose n=11 BLITZ:1:0.0722:0.0722 PICKUP:1:0.2780:0.2780 REPOSITION:8:0.5776:0.0722 END_TURN:1:0.0722:0.0722
ROOT g=121 t=14 ctx=loose n=15 BLITZ:1:0.0519:0.0519 PICKUP:1:0.2727:0.2727 FOUL:1:0.0519:0.0519 REPOSITION:11:0.5714:0.0519 END_TURN:1:0.0519:0.0519
ROOT g=121 t=15 ctx=loose n=11 BLITZ:1:0.0722:0.0722 PICKUP:1:0.2780:0.2780 REPOSITION:8:0.5776:0.0722 END_TURN:1:0.0722:0.0722
ROOT g=121 t=16 ctx=loose n=13 BLITZ:1:0.0614:0.0614 BLOCK:3:0.2875:0.0958 PICKUP:1:0.1597:0.1597 REPOSITION:7:0.4300:0.0614 END_TURN:1:0.0614:0.0614
ROOT g=121 t=17 ctx=def n=13 BLITZ:2:0.3210:0.1605 REPOSITION:10:0.6173:0.0617 END_TURN:1:0.0617:0.0617
ROOT g=121 t=18 ctx=loose n=11 BLITZ:1:0.0820:0.0820 PICKUP:1:0.1803:0.1803 REPOSITION:8:0.6557:0.0820 END_TURN:1:0.0820:0.0820
ROOT g=121 t=19 ctx=loose n=16 BLITZ:1:0.0477:0.0477 BLOCK:3:0.2748:0.0916 PICKUP:1:0.1527:0.1527 FOUL:4:0.1908:0.0477 REPOSITION:6:0.2863:0.0477 END_TURN:1:0.0477:0.0477
ROOT g=121 t=20 ctx=loose n=13 BLITZ:1:0.0685:0.0685 PICKUP:1:0.1781:0.1781 FOUL:2:0.1370:0.0685 REPOSITION:8:0.5479:0.0685 END_TURN:1:0.0685:0.0685
ROOT g=121 t=21 ctx=loose n=12 BLITZ:1:0.0746:0.0746 PICKUP:1:0.1791:0.1791 FOUL:2:0.1493:0.0746 REPOSITION:7:0.5224:0.0746 END_TURN:1:0.0746:0.0746
ROOT g=121 t=22 ctx=loose n=13 BLITZ:1:0.0685:0.0685 PICKUP:1:0.1781:0.1781 FOUL:2:0.1370:0.0685 REPOSITION:8:0.5479:0.0685 END_TURN:1:0.0685:0.0685
ROOT g=121 t=23 ctx=loose n=12 BLITZ:1:0.0746:0.0746 PICKUP:1:0.1791:0.1791 FOUL:2:0.1493:0.0746 REPOSITION:7:0.5224:0.0746 END_TURN:1:0.0746:0.0746
ROOT g=121 t=24 ctx=loose n=15 BLITZ:1:0.0588:0.0588 PICKUP:1:0.1765:0.1765 FOUL:4:0.2353:0.0588 REPOSITION:8:0.4706:0.0588 END_TURN:1:0.0588:0.0588
ROOT g=121 t=25 ctx=loose n=11 BLITZ:1:0.0779:0.0779 BLOCK:2:0.2056:0.1028 PICKUP:1:0.1713:0.1713 FOUL:1:0.0779:0.0779 REPOSITION:5:0.3894:0.0779 END_TURN:1:0.0779:0.0779
ROOT g=121 t=26 ctx=loose n=13 BLITZ:1:0.0604:0.0604 PICKUP:1:0.2749:0.2749 FOUL:3:0.1813:0.0604 REPOSITION:7:0.4230:0.0604 END_TURN:1:0.0604:0.0604
ROOT g=121 t=27 ctx=loose n=12 BLITZ:1:0.0658:0.0658 PICKUP:1:0.2763:0.2763 FOUL:2:0.1316:0.0658 REPOSITION:7:0.4605:0.0658 END_TURN:1:0.0658:0.0658
ROOT g=121 t=28 ctx=loose n=12 BLITZ:1:0.0658:0.0658 PICKUP:1:0.2763:0.2763 FOUL:2:0.1316:0.0658 REPOSITION:7:0.4605:0.0658 END_TURN:1:0.0658:0.0658
ROOT g=121 t=29 ctx=loose n=12 BLITZ:1:0.0658:0.0658 PICKUP:1:0.2763:0.2763 FOUL:4:0.2632:0.0658 REPOSITION:5:0.3289:0.0658 END_TURN:1:0.0658:0.0658
ROOT g=121 t=30 ctx=loose n=10 BLITZ:1:0.0800:0.0800 PICKUP:1:0.2800:0.2800 FOUL:2:0.1600:0.0800 REPOSITION:5:0.4000:0.0800 END_TURN:1:0.0800:0.0800
ROOT g=121 t=31 ctx=loose n=12 BLITZ:1:0.0639:0.0639 BLOCK:1:0.0921:0.0921 PICKUP:1:0.2685:0.2685 FOUL:4:0.2558:0.0639 REPOSITION:4:0.2558:0.0639 END_TURN:1:0.0639:0.0639
ROOT g=122 t=0 ctx=loose n=13 BLITZ:1:0.0614:0.0614 BLOCK:3:0.2875:0.0958 PICKUP:1:0.1597:0.1597 REPOSITION:7:0.4300:0.0614 END_TURN:1:0.0614:0.0614
ROOT g=122 t=1 ctx=def n=11 BLITZ:2:0.3134:0.1567 BLOCK:2:0.1880:0.0940 REPOSITION:6:0.4274:0.0712 END_TURN:1:0.0712:0.0712
ROOT g=122 t=2 ctx=off n=22 ADVANCE:1:0.0718:0.0718 CAGE:1:0.0718:0.0718 BLITZ:1:0.0272:0.0272 BLOCK:7:0.5027:0.0718 PASS_ACTION:8:0.2176:0.0272 FOUL:1:0.0272:0.0272 REPOSITION:2:0.0544:0.0272 END_TURN:1:0.0272:0.0272
ROOT g=122 t=3 ctx=def n=8 BLITZ:2:0.3556:0.1778 REPOSITION:5:0.5556:0.1111 END_TURN:1:0.0889:0.0889
ROOT g=122 t=4 ctx=off n=23 ADVANCE:1:0.1041:0.1041 CAGE:1:0.1041:0.1041 BLITZ:1:0.0377:0.0377 PASS_ACTION:8:0.3017:0.0377 FOUL:6:0.2262:0.0377 REPOSITION:5:0.1885:0.0377 END_TURN:1:0.0377:0.0377
ROOT g=122 t=5 ctx=def n=11 BLITZ:2:0.3207:0.1603 BLOCK:1:0.0962:0.0962 FOUL:2:0.1458:0.0729 REPOSITION:5:0.3644:0.0729 END_TURN:1:0.0729:0.0729
ROOT g=122 t=6 ctx=off n=21 ADVANCE:1:0.1048:0.1048 CAGE:1:0.1048:0.1048 BLITZ:1:0.0416:0.0416 PASS_ACTION:4:0.1664:0.0416 FOUL:6:0.2496:0.0416 REPOSITION:7:0.2912:0.0416 END_TURN:1:0.0416:0.0416
ROOT g=122 t=7 ctx=def n=10 BLITZ:2:0.3279:0.1639 BLOCK:1:0.0984:0.0984 FOUL:2:0.1639:0.0820 REPOSITION:4:0.3279:0.0820 END_TURN:1:0.0820:0.0820
ROOT g=122 t=8 ctx=off n=19 ADVANCE:1:0.1058:0.1058 CAGE:1:0.1058:0.1058 BLITZ:1:0.0464:0.0464 PASS_ACTION:4:0.1855:0.0464 FOUL:5:0.2319:0.0464 REPOSITION:6:0.2783:0.0464 END_TURN:1:0.0464:0.0464
ROOT g=122 t=9 ctx=def n=8 BLITZ:2:0.3556:0.1778 FOUL:1:0.1111:0.1111 REPOSITION:4:0.4444:0.1111 END_TURN:1:0.0889:0.0889
ROOT g=122 t=10 ctx=off n=17 ADVANCE:1:0.1069:0.1069 CAGE:1:0.1069:0.1069 BLITZ:1:0.0524:0.0524 PASS_ACTION:4:0.2096:0.0524 FOUL:4:0.2096:0.0524 REPOSITION:5:0.2621:0.0524 END_TURN:1:0.0524:0.0524
ROOT g=122 t=11 ctx=def n=8 BLITZ:2:0.3556:0.1778 BLOCK:1:0.1111:0.1111 FOUL:1:0.1111:0.1111 REPOSITION:3:0.3333:0.1111 END_TURN:1:0.0889:0.0889
ROOT g=122 t=12 ctx=loose n=13 BLITZ:1:0.0549:0.0549 BLOCK:3:0.2567:0.0856 PICKUP:1:0.2496:0.2496 FOUL:4:0.2194:0.0549 REPOSITION:3:0.1646:0.0549 END_TURN:1:0.0549:0.0549
ROOT g=122 t=13 ctx=def n=7 BLITZ:2:0.3733:0.1867 FOUL:1:0.1333:0.1333 REPOSITION:3:0.4000:0.1333 END_TURN:1:0.0933:0.0933
ROOT g=122 t=14 ctx=off n=11 SCORE:1:0.4896:0.4896 CAGE:1:0.0653:0.0653 BLITZ:1:0.0495:0.0495 FOUL:3:0.1484:0.0495 REPOSITION:4:0.1978:0.0495 END_TURN:1:0.0495:0.0495
ROOT g=122 t=15 ctx=def n=7 BLITZ:2:0.3733:0.1867 FOUL:2:0.2667:0.1333 REPOSITION:2:0.2667:0.1333 END_TURN:1:0.0933:0.0933
ROOT g=122 t=16 ctx=loose n=13 BLITZ:1:0.0614:0.0614 BLOCK:3:0.2875:0.0958 PICKUP:1:0.1597:0.1597 REPOSITION:7:0.4300:0.0614 END_TURN:1:0.0614:0.0614
ROOT g=122 t=17 ctx=loose n=11 BLITZ:1:0.0909:0.0909 REPOSITION:9:0.8182:0.0909 END_TURN:1:0.0909:0.0909
ROOT g=122 t=18 ctx=loose n=15 BLITZ:1:0.0442:0.0442 BLOCK:7:0.5575:0.0796 PICKUP:1:0.1327:0.1327 REPOSITION:5:0.2212:0.0442 END_TURN:1:0.0442:0.0442
ROOT g=122 t=19 ctx=loose n=12 BLITZ:1:0.0746:0.0746 PICKUP:1:0.1791:0.1791 REPOSITION:9:0.6716:0.0746 END_TURN:1:0.0746:0.0746
ROOT g=122 t=20 ctx=loose n=15 BLITZ:1:0.0442:0.0442 BLOCK:7:0.5575:0.0796 PICKUP:1:0.1327:0.1327 REPOSITION:5:0.2212:0.0442 END_TURN:1:0.0442:0.0442
ROOT g=122 t=21 ctx=loose n=11 BLITZ:1:0.0820:0.0820 PICKUP:1:0.1803:0.1803 REPOSITION:8:0.6557:0.0820 END_TURN:1:0.0820:0.0820
ROOT g=122 t=22 ctx=loose n=9 BLITZ:1:0.1022:0.1022 BLOCK:1:0.1104:0.1104 PICKUP:1:0.1840:0.1840 REPOSITION:5:0.5112:0.1022 END_TURN:1:0.0920:0.0920
ROOT g=122 t=23 ctx=loose n=15 BLITZ:1:0.0562:0.0562 BLOCK:1:0.1011:0.1011 PICKUP:1:0.1685:0.1685 FOUL:3:0.1685:0.0562 REPOSITION:8:0.4494:0.0562 END_TURN:1:0.0562:0.0562
ROOT g=122 t=24 ctx=loose n=8 BLITZ:1:0.1190:0.1190 PICKUP:1:0.1905:0.1905 REPOSITION:5:0.5952:0.1190 END_TURN:1:0.0952:0.0952
ROOT g=122 t=25 ctx=loose n=13 BLITZ:1:0.0685:0.0685 PICKUP:1:0.1781:0.1781 FOUL:2:0.1370:0.0685 REPOSITION:8:0.5479:0.0685 END_TURN:1:0.0685:0.0685
ROOT g=122 t=26 ctx=loose n=8 BLITZ:1:0.1042:0.1042 BLOCK:1:0.1042:0.1042 PICKUP:1:0.2917:0.2917 REPOSITION:4:0.4167:0.1042 END_TURN:1:0.0833:0.0833
ROOT g=122 t=27 ctx=loose n=12 BLITZ:1:0.0658:0.0658 PICKUP:1:0.2763:0.2763 FOUL:1:0.0658:0.0658 REPOSITION:8:0.5263:0.0658 END_TURN:1:0.0658:0.0658
ROOT g=122 t=28 ctx=loose n=7 BLITZ:1:0.1227:0.1227 PICKUP:1:0.3006:0.3006 REPOSITION:4:0.4908:0.1227 END_TURN:1:0.0859:0.0859
ROOT g=122 t=29 ctx=loose n=13 BLITZ:1:0.0604:0.0604 PICKUP:1:0.2749:0.2749 FOUL:1:0.0604:0.0604 REPOSITION:9:0.5438:0.0604 END_TURN:1:0.0604:0.0604
ROOT g=122 t=30 ctx=loose n=8 BLITZ:1:0.1042:0.1042 PICKUP:1:0.2917:0.2917 REPOSITION:5:0.5208:0.1042 END_TURN:1:0.0833:0.0833
ROOT g=122 t=31 ctx=loose n=13 BLITZ:1:0.0604:0.0604 PICKUP:1:0.2749:0.2749 REPOSITION:10:0.6042:0.0604 END_TURN:1:0.0604:0.0604
ROOT g=123 t=0 ctx=loose n=13 BLITZ:1:0.0614:0.0614 BLOCK:3:0.2875:0.0958 PICKUP:1:0.1597:0.1597 REPOSITION:7:0.4300:0.0614 END_TURN:1:0.0614:0.0614
ROOT g=123 t=1 ctx=def n=12 BLITZ:2:0.3061:0.1531 BLOCK:2:0.1837:0.0918 REPOSITION:7:0.4464:0.0638 END_TURN:1:0.0638:0.0638
ROOT g=123 t=2 ctx=off n=21 ADVANCE:1:0.1048:0.1048 CAGE:1:0.1048:0.1048 BLITZ:1:0.0416:0.0416 PASS_ACTION:8:0.3328:0.0416 FOUL:1:0.0416:0.0416 REPOSITION:8:0.3328:0.0416 END_TURN:1:0.0416:0.0416
ROOT g=123 t=3 ctx=def n=13 BLITZ:2:0.2820:0.1410 BLOCK:4:0.3384:0.0846 REPOSITION:6:0.3254:0.0542 END_TURN:1:0.0542:0.0542
ROOT g=123 t=4 ctx=off n=19 ADVANCE:1:0.1058:0.1058 CAGE:1:0.1058:0.1058 BLITZ:1:0.0464:0.0464 PASS_ACTION:6:0.2783:0.0464 FOUL:1:0.0464:0.0464 REPOSITION:8:0.3711:0.0464 END_TURN:1:0.0464:0.0464
ROOT g=123 t=5 ctx=def n=13 BLITZ:2:0.2820:0.1410 BLOCK:4:0.3384:0.0846 REPOSITION:6:0.3254:0.0542 END_TURN:1:0.0542:0.0542
ROOT g=123 t=6 ctx=off n=19 ADVANCE:1:0.1058:0.1058 CAGE:1:0.1058:0.1058 BLITZ:1:0.0464:0.0464 PASS_ACTION:6:0.2783:0.0464 FOUL:1:0.0464:0.0464 REPOSITION:8:0.3711:0.0464 END_TURN:1:0.0464:0.0464
ROOT g=123 t=7 ctx=def n=13 BLITZ:2:0.2820:0.1410 BLOCK:4:0.3384:0.0846 REPOSITION:6:0.3254:0.0542 END_TURN:1:0.0542:0.0542
ROOT g=123 t=8 ctx=off n=19 ADVANCE:1:0.1058:0.1058 CAGE:1:0.1058:0.1058 BLITZ:1:0.0464:0.0464 PASS_ACTION:6:0.2783:0.0464 FOUL:1:0.0464:0.0464 REPOSITION:8:0.3711:0.0464 END_TURN:1:0.0464:0.0464
ROOT g=123 t=9 ctx=def n=13 BLITZ:2:0.3002:0.1501 BLOCK:2:0.1801:0.0901 REPOSITION:8:0.4619:0.0577 END_TURN:1:0.0577:0.0577
ROOT g=123 t=10 ctx=off n=15 ADVANCE:1:0.1084:0.1084 CAGE:1:0.1084:0.1084 BLITZ:1:0.0602:0.0602 PASS_ACTION:2:0.1205:0.0602 REPOSITION:9:0.5422:0.0602 END_TURN:1:0.0602:0.0602
ROOT g=123 t=11 ctx=def n=11 BLITZ:2:0.3284:0.1642 REPOSITION:8:0.5970:0.0746 END_TURN:1:0.0746:0.0746
ROOT g=123 t=12 ctx=off n=17 ADVANCE:1:0.0919:0.0919 CAGE:1:0.0919:0.0919 BLITZ:1:0.0450:0.0450 BLOCK:3:0.2757:0.0919 PASS_ACTION:1:0.0450:0.0450 FOUL:2:0.0901:0.0450 REPOSITION:7:0.3153:0.0450 END_TURN:1:0.0450:0.0450
ROOT g=123 t=13 ctx=def n=10 BLITZ:2:0.3333:0.1667 REPOSITION:7:0.5833:0.0833 END_TURN:1:0.0833:0.0833
ROOT g=123 t=14 ctx=off n=15 ADVANCE:1:0.1084:0.1084 CAGE:1:0.1084:0.1084 BLITZ:1:0.0602:0.0602 PASS_ACTION:1:0.0602:0.0602 FOUL:3:0.1807:0.0602 REPOSITION:7:0.4217:0.0602 END_TURN:1:0.0602:0.0602
ROOT g=123 t=15 ctx=def n=15 BLITZ:2:0.2913:0.1456 BLOCK:2:0.1748:0.0874 FOUL:5:0.2427:0.0485 REPOSITION:5:0.2427:0.0485 END_TURN:1:0.0485:0.0485
ROOT g=123 t=16 ctx=loose n=13 BLITZ:1:0.0614:0.0614 BLOCK:3:0.2875:0.0958 PICKUP:1:0.1597:0.1597 REPOSITION:7:0.4300:0.0614 END_TURN:1:0.0614:0.0614
ROOT g=123 t=17 ctx=def n=12 BLITZ:2:0.3061:0.1531 BLOCK:2:0.1837:0.0918 REPOSITION:7:0.4464:0.0638 END_TURN:1:0.0638:0.0638
ROOT g=123 t=18 ctx=off n=24 ADVANCE:1:0.1037:0.1037 CAGE:1:0.1037:0.1037 BLITZ:1:0.0360:0.0360 PASS_ACTION:8:0.2882:0.0360 FOUL:4:0.1441:0.0360 REPOSITION:8:0.2882:0.0360 END_TURN:1:0.0360:0.0360
ROOT g=123 t=19 ctx=def n=12 BLITZ:2:0.2899:0.1449 BLOCK:4:0.3478:0.0870 REPOSITION:5:0.3019:0.0604 END_TURN:1:0.0604:0.0604
ROOT g=123 t=20 ctx=off n=17 ADVANCE:1:0.1014:0.1014 CAGE:1:0.1014:0.1014 BLITZ:1:0.0497:0.0497 BLOCK:1:0.1014:0.1014 PASS_ACTION:3:0.1491:0.0497 FOUL:2:0.0994:0.0497 REPOSITION:7:0.3479:0.0497 END_TURN:1:0.0497:0.0497
ROOT g=123 t=21 ctx=def n=16 BLITZ:2:0.3137:0.1569 FOUL:5:0.2451:0.0490 REPOSITION:8:0.3922:0.0490 END_TURN:1:0.0490:0.0490
ROOT g=123 t=22 ctx=off n=19 ADVANCE:1:0.0998:0.0998 CAGE:1:0.0998:0.0998 BLITZ:1:0.0438:0.0438 BLOCK:1:0.0998:0.0998 PASS_ACTION:3:0.1313:0.0438 FOUL:4:0.1751:0.0438 REPOSITION:7:0.3065:0.0438 END_TURN:1:0.0438:0.0438
ROOT g=123 t=23 ctx=def n=14 BLITZ:2:0.3182:0.1591 FOUL:4:0.2273:0.0568 REPOSITION:7:0.3977:0.0568 END_TURN:1:0.0568:0.0568
ROOT g=123 t=24 ctx=off n=20 ADVANCE:1:0.0992:0.0992 CAGE:1:0.0992:0.0992 BLITZ:1:0.0413:0.0413 BLOCK:1:0.0992:0.0992 PASS_ACTION:3:0.1240:0.0413 FOUL:5:0.2066:0.0413 REPOSITION:7:0.2893:0.0413 END_TURN:1:0.0413:0.0413
ROOT g=123 t=25 ctx=def n=12 BLITZ:2:0.3243:0.1622 FOUL:3:0.2027:0.0676 REPOSITION:6:0.4054:0.0676 END_TURN:1:0.0676:0.0676
ROOT g=123 t=26 ctx=off n=20 ADVANCE:1:0.0992:0.0992 CAGE:1:0.0992:0.0992 BLITZ:1:0.0413:0.0413 BLOCK:1:0.0992:0.0992 PASS_ACTION:3:0.1240:0.0413 FOUL:5:0.2066:0.0413 REPOSITION:7:0.2893:0.0413 END_TURN:1:0.0413:0.0413
ROOT g=123 t=27 ctx=def n=11 BLITZ:2:0.3284:0.1642 FOUL:3:0.2239:0.0746 REPOSITION:5:0.3731:0.0746 END_TURN:1:0.0746:0.0746
ROOT g=123 t=28 ctx=off n=20 ADVANCE:1:0.1053:0.1053 CAGE:1:0.1053:0.1053 BLITZ:1:0.0439:0.0439 PASS_ACTION:3:0.1316:0.0439 FOUL:5:0.2193:0.0439 REPOSITION:8:0.3509:0.0439 END_TURN:1:0.0439:0.0439
ROOT g=123 t=29 ctx=def n=9 BLITZ:2:0.3429:0.1714 FOUL:2:0.1905:0.0952 REPOSITION:4:0.3810:0.0952 END_TURN:1:0.0857:0.0857
ROOT g=123 t=30 ctx=off n=19 SCORE:1:0.2963:0.2963 CAGE:1:0.0508:0.0508 BLITZ:1:0.0223:0.0223 FOUL:6:0.1337:0.0223 REPOSITION:8:0.1783:0.0223 END_TURN:1:0.0223:0.0223 BLITZ_AND_SCORE:1:0.2963:0.2963
ROOT g=123 t=31 ctx=loose n=4 BLITZ:1:0.2941:0.2941 REPOSITION:2:0.5882:0.2941 END_TURN:1:0.1176:0.1176
ROOT g=124 t=0 ctx=loose n=13 BLITZ:1:0.0614:0.0614 BLOCK:3:0.2875:0.0958 PICKUP:1:0.1597:0.1597 REPOSITION:7:0.4300:0.0614 END_TURN:1:0.0614:0.0614
ROOT g=124 t=1 ctx=def n=13 BLITZ:2:0.3103:0.1551 BLOCK:1:0.0931:0.0931 REPOSITION:9:0.5370:0.0597 END_TURN:1:0.0597:0.0597
ROOT g=124 t=2 ctx=off n=15 ADVANCE:1:0.0874:0.0874 CAGE:1:0.0874:0.0874 BLITZ:1:0.0485:0.0485 BLOCK:5:0.4369:0.0874 PASS_ACTION:1:0.0485:0.0485 REPOSITION:5:0.2427:0.0485 END_TURN:1:0.0485:0.0485
ROOT g=124 t=3 ctx=def n=13 BLITZ:2:0.2737:0.1368 BLOCK:5:0.4105:0.0821 FOUL:1:0.0526:0.0526 REPOSITION:4:0.2105:0.0526 END_TURN:1:0.0526:0.0526
ROOT g=124 t=4 ctx=off n=17 ADVANCE:1:0.0996:0.0996 CAGE:1:0.0996:0.0996 BLITZ:1:0.0488:0.0488 BLOCK:1:0.0996:0.0996 FOUL:4:0.1953:0.0488 REPOSITION:7:0.3418:0.0488 END_TURN:1:0.0488:0.0488 BLITZ_AND_SCORE:1:0.0664:0.0664
ROOT g=124 t=5 ctx=def n=12 BLITZ:2:0.2978:0.1489 BLOCK:3:0.2680:0.0893 FOUL:1:0.0620:0.0620 REPOSITION:5:0.3102:0.0620 END_TURN:1:0.0620:0.0620
ROOT g=124 t=6 ctx=loose n=13 BLITZ:1:0.0685:0.0685 PICKUP:1:0.1781:0.1781 FOUL:4:0.2740:0.0685 REPOSITION:6:0.4110:0.0685 END_TURN:1:0.0685:0.0685
ROOT g=124 t=7 ctx=def n=15 BLITZ:2:0.3158:0.1579 FOUL:3:0.1579:0.0526 REPOSITION:9:0.4737:0.0526 END_TURN:1:0.0526:0.0526
ROOT g=124 t=8 ctx=loose n=9 BLITZ:1:0.1031:0.1031 PICKUP:1:0.1856:0.1856 FOUL:2:0.2062:0.1031 REPOSITION:4:0.4124:0.1031 END_TURN:1:0.0928:0.0928
ROOT g=124 t=9 ctx=loose n=16 BLITZ:1:0.0549:0.0549 PICKUP:1:0.1758:0.1758 FOUL:4:0.2198:0.0549 REPOSITION:9:0.4945:0.0549 END_TURN:1:0.0549:0.0549
ROOT g=124 t=10 ctx=loose n=8 BLITZ:1:0.1042:0.1042 PICKUP:1:0.2917:0.2917 REPOSITION:5:0.5208:0.1042 END_TURN:1:0.0833:0.0833
ROOT g=124 t=11 ctx=loose n=16 BLITZ:1:0.0485:0.0485 PICKUP:1:0.2718:0.2718 FOUL:4:0.1942:0.0485 REPOSITION:9:0.4369:0.0485 END_TURN:1:0.0485:0.0485
ROOT g=124 t=12 ctx=loose n=8 BLITZ:1:0.1042:0.1042 PICKUP:1:0.2917:0.2917 REPOSITION:5:0.5208:0.1042 END_TURN:1:0.0833:0.0833
ROOT g=124 t=13 ctx=loose n=15 BLITZ:1:0.0519:0.0519 PICKUP:1:0.2727:0.2727 FOUL:4:0.2078:0.0519 REPOSITION:8:0.4156:0.0519 END_TURN:1:0.0519:0.0519
ROOT g=124 t=14 ctx=loose n=9 BLITZ:1:0.0905:0.0905 PICKUP:1:0.2851:0.2851 FOUL:1:0.0905:0.0905 REPOSITION:5:0.4525:0.0905 END_TURN:1:0.0814:0.0814
ROOT g=124 t=15 ctx=loose n=14 BLITZ:1:0.0559:0.0559 PICKUP:1:0.2737:0.2737 FOUL:3:0.1676:0.0559 REPOSITION:8:0.4469:0.0559 END_TURN:1:0.0559:0.0559
ROOT g=124 t=16 ctx=loose n=13 BLITZ:1:0.0614:0.0614 BLOCK:3:0.2875:0.0958 PICKUP:1:0.1597:0.1597 REPOSITION:7:0.4300:0.0614 END_TURN:1:0.0614:0.0614
ROOT g=124 t=17 ctx=def n=10 BLITZ:2:0.3333:0.1667 REPOSITION:7:0.5833:0.0833 END_TURN:1:0.0833:0.0833
ROOT g=124 t=18 ctx=off n=21 ADVANCE:1:0.1048:0.1048 CAGE:1:0.1048:0.1048 BLITZ:1:0.0416:0.0416 PASS_ACTION:8:0.3328:0.0416 FOUL:1:0.0416:0.0416 REPOSITION:8:0.3328:0.0416 END_TURN:1:0.0416:0.0416
ROOT g=124 t=19 ctx=def n=10 BLITZ:2:0.3333:0.1667 REPOSITION:7:0.5833:0.0833 END_TURN:1:0.0833:0.0833
ROOT g=124 t=20 ctx=off n=21 ADVANCE:1:0.1048:0.1048 CAGE:1:0.1048:0.1048 BLITZ:1:0.0416:0.0416 PASS_ACTION:6:0.2496:0.0416 FOUL:3:0.1248:0.0416 REPOSITION:8:0.3328:0.0416 END_TURN:1:0.0416:0.0416
ROOT g=124 t=21 ctx=def n=9 BLITZ:2:0.3429:0.1714 REPOSITION:6:0.5714:0.0952 END_TURN:1:0.0857:0.0857
ROOT g=124 t=22 ctx=off n=20 ADVANCE:1:0.0889:0.0889 CAGE:1:0.0889:0.0889 BLITZ:1:0.0370:0.0370 BLOCK:3:0.2667:0.0889 PASS_ACTION:5:0.1852:0.0370 FOUL:3:0.1111:0.0370 REPOSITION:5:0.1852:0.0370 END_TURN:1:0.0370:0.0370
ROOT g=124 t=23 ctx=def n=8 BLITZ:2:0.3556:0.1778 REPOSITION:5:0.5556:0.1111 END_TURN:1:0.0889:0.0889
ROOT g=124 t=24 ctx=off n=20 ADVANCE:1:0.0938:0.0938 CAGE:1:0.0938:0.0938 BLITZ:1:0.0391:0.0391 BLOCK:2:0.1875:0.0938 PASS_ACTION:5:0.1953:0.0391 FOUL:3:0.1172:0.0391 REPOSITION:6:0.2344:0.0391 END_TURN:1:0.0391:0.0391
ROOT g=124 t=25 ctx=def n=8 BLITZ:2:0.3556:0.1778 REPOSITION:5:0.5556:0.1111 END_TURN:1:0.0889:0.0889
ROOT g=124 t=26 ctx=off n=21 ADVANCE:1:0.0931:0.0931 CAGE:1:0.0931:0.0931 BLITZ:1:0.0369:0.0369 BLOCK:2:0.1861:0.0931 PASS_ACTION:5:0.1846:0.0369 FOUL:4:0.1477:0.0369 REPOSITION:6:0.2216:0.0369 END_TURN:1:0.0369:0.0369
ROOT g=124 t=27 ctx=def n=7 BLITZ:2:0.3733:0.1867 REPOSITION:4:0.5333:0.1333 END_TURN:1:0.0933:0.0933
ROOT g=124 t=28 ctx=off n=23 ADVANCE:1:0.0711:0.0711 CAGE:1:0.0711:0.0711 BLITZ:1:0.0257:0.0257 BLOCK:7:0.4974:0.0711 PASS_ACTION:5:0.1287:0.0257 FOUL:4:0.1030:0.0257 REPOSITION:3:0.0772:0.0257 END_TURN:1:0.0257:0.0257
ROOT g=124 t=29 ctx=def n=8 BLITZ:2:0.3556:0.1778 REPOSITION:5:0.5556:0.1111 END_TURN:1:0.0889:0.0889
ROOT g=124 t=30 ctx=off n=16 ADVANCE:1:0.1023:0.1023 CAGE:1:0.1023:0.1023 BLITZ:1:0.0533:0.0533 BLOCK:1:0.1023:0.1023 FOUL:3:0.1599:0.0533 REPOSITION:8:0.4264:0.0533 END_TURN:1:0.0533:0.0533
ROOT g=124 t=31 ctx=def n=9 BLITZ:2:0.3403:0.1701 BLOCK:1:0.1021:0.1021 FOUL:1:0.0945:0.0945 REPOSITION:4:0.3781:0.0945 END_TURN:1:0.0851:0.0851
ROOT g=125 t=0 ctx=loose n=13 BLITZ:1:0.0614:0.0614 BLOCK:3:0.2875:0.0958 PICKUP:1:0.1597:0.1597 REPOSITION:7:0.4300:0.0614 END_TURN:1:0.0614:0.0614
ROOT g=125 t=1 ctx=def n=12 BLITZ:2:0.3243:0.1622 REPOSITION:9:0.6081:0.0676 END_TURN:1:0.0676:0.0676
ROOT g=125 t=2 ctx=off n=21 ADVANCE:1:0.0881:0.0881 CAGE:1:0.0881:0.0881 BLITZ:1:0.0350:0.0350 BLOCK:3:0.2643:0.0881 PASS_ACTION:8:0.2797:0.0350 REPOSITION:6:0.2098:0.0350 END_TURN:1:0.0350:0.0350
ROOT g=125 t=3 ctx=def n=12 BLITZ:2:0.3243:0.1622 REPOSITION:9:0.6081:0.0676 END_TURN:1:0.0676:0.0676
ROOT g=125 t=4 ctx=off n=19 ADVANCE:1:0.0898:0.0898 CAGE:1:0.0898:0.0898 BLITZ:1:0.0394:0.0394 BLOCK:3:0.2693:0.0898 PASS_ACTION:7:0.2756:0.0394 REPOSITION:5:0.1969:0.0394 END_TURN:1:0.0394:0.0394
ROOT g=125 t=5 ctx=def n=13 BLITZ:2:0.3210:0.1605 FOUL:1:0.0617:0.0617 REPOSITION:9:0.5556:0.0617 END_TURN:1:0.0617:0.0617
ROOT g=125 t=6 ctx=off n=18 ADVANCE:1:0.0908:0.0908 CAGE:1:0.0908:0.0908 BLITZ:1:0.0420:0.0420 BLOCK:3:0.2723:0.0908 PASS_ACTION:7:0.2941:0.0420 REPOSITION:4:0.1681:0.0420 END_TURN:1:0.0420:0.0420
ROOT g=125 t=7 ctx=def n=14 BLITZ:2:0.3063:0.1532 BLOCK:1:0.0919:0.0919 FOUL:2:0.1094:0.0547 REPOSITION:8:0.4376:0.0547 END_TURN:1:0.0547:0.0547
ROOT g=125 t=8 ctx=loose n=13 BLITZ:1:0.0569:0.0569 BLOCK:3:0.2662:0.0887 PICKUP:1:0.2218:0.2218 REPOSITION:7:0.3982:0.0569 END_TURN:1:0.0569:0.0569
ROOT g=125 t=9 ctx=def n=13 BLITZ:2:0.3210:0.1605 FOUL:1:0.0617:0.0617 REPOSITION:9:0.5556:0.0617 END_TURN:1:0.0617:0.0617
ROOT g=125 t=10 ctx=off n=19 ADVANCE:1:0.1058:0.1058 CAGE:1:0.1058:0.1058 BLITZ:1:0.0464:0.0464 PASS_ACTION:8:0.3711:0.0464 REPOSITION:7:0.3247:0.0464 END_TURN:1:0.0464:0.0464
ROOT g=125 t=11 ctx=def n=15 BLITZ:2:0.3158:0.1579 FOUL:2:0.1053:0.0526 REPOSITION:10:0.5263:0.0526 END_TURN:1:0.0526:0.0526
ROOT g=125 t=12 ctx=off n=17 ADVANCE:1:0.1069:0.1069 CAGE:1:0.1069:0.1069 BLITZ:1:0.0524:0.0524 PASS_ACTION:6:0.3145:0.0524 REPOSITION:7:0.3669:0.0524 END_TURN:1:0.0524:0.0524
ROOT g=125 t=13 ctx=def n=15 BLITZ:2:0.3158:0.1579 FOUL:2:0.1053:0.0526 REPOSITION:10:0.5263:0.0526 END_TURN:1:0.0526:0.0526
ROOT g=125 t=14 ctx=off n=15 ADVANCE:1:0.1084:0.1084 CAGE:1:0.1084:0.1084 BLITZ:1:0.0602:0.0602 PASS_ACTION:1:0.0602:0.0602 FOUL:3:0.1807:0.0602 REPOSITION:7:0.4217:0.0602 END_TURN:1:0.0602:0.0602
ROOT g=125 t=15 ctx=def n=13 BLITZ:2:0.3210:0.1605 FOUL:1:0.0617:0.0617 REPOSITION:9:0.5556:0.0617 END_TURN:1:0.0617:0.0617
ROOT g=125 t=16 ctx=loose n=13 BLITZ:1:0.0614:0.0614 BLOCK:3:0.2875:0.0958 PICKUP:1:0.1597:0.1597 REPOSITION:7:0.4300:0.0614 END_TURN:1:0.0614:0.0614
ROOT g=125 t=17 ctx=def n=11 BLITZ:2:0.3284:0.1642 REPOSITION:8:0.5970:0.0746 END_TURN:1:0.0746:0.0746
ROOT g=125 t=18 ctx=off n=25 ADVANCE:1:0.0968:0.0968 CAGE:1:0.0968:0.0968 BLITZ:1:0.0323:0.0323 BLOCK:1:0.0968:0.0968 PASS_ACTION:9:0.2903:0.0323 FOUL:2:0.0645:0.0323 REPOSITION:9:0.2903:0.0323 END_TURN:1:0.0323:0.0323
ROOT g=125 t=19 ctx=def n=13 BLITZ:2:0.3210:0.1605 FOUL:2:0.1235:0.0617 REPOSITION:8:0.4938:0.0617 END_TURN:1:0.0617:0.0617
ROOT g=125 t=20 ctx=off n=17 ADVANCE:1:0.0964:0.0964 CAGE:1:0.0964:0.0964 BLITZ:1:0.0473:0.0473 BLOCK:2:0.1928:0.0964 PASS_ACTION:4:0.1890:0.0473 FOUL:1:0.0473:0.0473 REPOSITION:6:0.2836:0.0473 END_TURN:1:0.0473:0.0473
ROOT g=125 t=21 ctx=def n=11 BLITZ:2:0.3207:0.1603 BLOCK:1:0.0962:0.0962 FOUL:1:0.0729:0.0729 REPOSITION:6:0.4373:0.0729 END_TURN:1:0.0729:0.0729
ROOT g=125 t=22 ctx=off n=17 ADVANCE:1:0.0964:0.0964 CAGE:1:0.0964:0.0964 BLITZ:1:0.0473:0.0473 BLOCK:2:0.1928:0.0964 PASS_ACTION:4:0.1890:0.0473 FOUL:1:0.0473:0.0473 REPOSITION:6:0.2836:0.0473 END_TURN:1:0.0473:0.0473
ROOT g=125 t=23 ctx=def n=10 BLITZ:2:0.3333:0.1667 FOUL:2:0.1667:0.0833 REPOSITION:5:0.4167:0.0833 END_TURN:1:0.0833:0.0833
ROOT g=125 t=24 ctx=off n=26 ADVANCE:1:0.1032:0.1032 CAGE:1:0.1032:0.1032 BLITZ:1:0.0331:0.0331 PASS_ACTION:6:0.1984:0.0331 FOUL:8:0.2646:0.0331 REPOSITION:8:0.2646:0.0331 END_TURN:1:0.0331:0.0331
ROOT g=125 t=25 ctx=def n=8 BLITZ:2:0.3556:0.1778 FOUL:1:0.1111:0.1111 REPOSITION:4:0.4444:0.1111 END_TURN:1:0.0889:0.0889
ROOT g=125 t=26 ctx=off n=25 ADVANCE:1:0.1034:0.1034 CAGE:1:0.1034:0.1034 BLITZ:1:0.0345:0.0345 PASS_ACTION:6:0.2069:0.0345 FOUL:7:0.2414:0.0345 REPOSITION:8:0.2759:0.0345 END_TURN:1:0.0345:0.0345
ROOT g=125 t=27 ctx=def n=7 BLITZ:2:0.3733:0.1867 FOUL:1:0.1333:0.1333 REPOSITION:3:0.4000:0.1333 END_TURN:1:0.0933:0.0933
ROOT g=125 t=28 ctx=off n=25 ADVANCE:1:0.1034:0.1034 CAGE:1:0.1034:0.1034 BLITZ:1:0.0345:0.0345 PASS_ACTION:6:0.2069:0.0345 FOUL:7:0.2414:0.0345 REPOSITION:8:0.2759:0.0345 END_TURN:1:0.0345:0.0345
ROOT g=125 t=29 ctx=def n=6 BLITZ:2:0.4000:0.2000 REPOSITION:3:0.5000:0.1667 END_TURN:1:0.1000:0.1000
ROOT g=125 t=30 ctx=off n=25 ADVANCE:1:0.1034:0.1034 CAGE:1:0.1034:0.1034 BLITZ:1:0.0345:0.0345 PASS_ACTION:6:0.2069:0.0345 FOUL:7:0.2414:0.0345 REPOSITION:8:0.2759:0.0345 END_TURN:1:0.0345:0.0345
ROOT g=125 t=31 ctx=def n=6 BLITZ:2:0.4000:0.2000 REPOSITION:3:0.5000:0.1667 END_TURN:1:0.1000:0.1000
ROOT g=126 t=0 ctx=loose n=13 BLITZ:1:0.0614:0.0614 BLOCK:3:0.2875:0.0958 PICKUP:1:0.1597:0.1597 REPOSITION:7:0.4300:0.0614 END_TURN:1:0.0614:0.0614
ROOT g=126 t=1 ctx=def n=10 BLITZ:2:0.3333:0.1667 REPOSITION:7:0.5833:0.0833 END_TURN:1:0.0833:0.0833
ROOT g=126 t=2 ctx=off n=22 ADVANCE:1:0.1044:0.1044 CAGE:1:0.1044:0.1044 BLITZ:1:0.0396:0.0396 PASS_ACTION:9:0.3560:0.0396 FOUL:1:0.0396:0.0396 REPOSITION:8:0.3165:0.0396 END_TURN:1:0.0396:0.0396
ROOT g=126 t=3 ctx=def n=11 BLITZ:2:0.3284:0.1642 FOUL:1:0.0746:0.0746 REPOSITION:7:0.5224:0.0746 END_TURN:1:0.0746:0.0746
ROOT g=126 t=4 ctx=off n=18 ADVANCE:1:0.0792:0.0792 CAGE:1:0.0792:0.0792 BLITZ:1:0.0367:0.0367 BLOCK:6:0.4751:0.0792 PASS_ACTION:4:0.1466:0.0367 REPOSITION:4:0.1466:0.0367 END_TURN:1:0.0367:0.0367
ROOT g=126 t=5 ctx=def n=9 BLITZ:2:0.3429:0.1714 REPOSITION:6:0.5714:0.0952 END_TURN:1:0.0857:0.0857
ROOT g=126 t=6 ctx=off n=22 ADVANCE:1:0.1044:0.1044 CAGE:1:0.1044:0.1044 BLITZ:1:0.0396:0.0396 PASS_ACTION:4:0.1582:0.0396 FOUL:5:0.1978:0.0396 REPOSITION:9:0.3560:0.0396 END_TURN:1:0.0396:0.0396
ROOT g=126 t=7 ctx=def n=8 BLITZ:2:0.3556:0.1778 REPOSITION:5:0.5556:0.1111 END_TURN:1:0.0889:0.0889
ROOT g=126 t=8 ctx=off n=21 ADVANCE:1:0.1048:0.1048 CAGE:1:0.1048:0.1048 BLITZ:1:0.0416:0.0416 PASS_ACTION:4:0.1664:0.0416 FOUL:4:0.1664:0.0416 REPOSITION:9:0.3744:0.0416 END_TURN:1:0.0416:0.0416
ROOT g=126 t=9 ctx=def n=7 BLITZ:2:0.3733:0.1867 REPOSITION:4:0.5333:0.1333 END_TURN:1:0.0933:0.0933
ROOT g=126 t=10 ctx=off n=22 ADVANCE:1:0.0789:0.0789 CAGE:1:0.0789:0.0789 BLITZ:1:0.0299:0.0299 BLOCK:5:0.3943:0.0789 PASS_ACTION:4:0.1195:0.0299 FOUL:4:0.1195:0.0299 REPOSITION:5:0.1493:0.0299 END_TURN:1:0.0299:0.0299
ROOT g=126 t=11 ctx=def n=6 BLITZ:2:0.4000:0.2000 REPOSITION:3:0.5000:0.1667 END_TURN:1:0.1000:0.1000
ROOT g=126 t=12 ctx=off n=21 ADVANCE:1:0.0796:0.0796 CAGE:1:0.0796:0.0796 BLITZ:1:0.0316:0.0316 BLOCK:5:0.3982:0.0796 FOUL:7:0.2212:0.0316 REPOSITION:5:0.1580:0.0316 END_TURN:1:0.0316:0.0316
ROOT g=126 t=13 ctx=def n=5 BLITZ:2:0.4444:0.2222 REPOSITION:2:0.4444:0.2222 END_TURN:1:0.1111:0.1111
ROOT g=126 t=14 ctx=def n=16 BLITZ:2:0.3137:0.1569 FOUL:5:0.2451:0.0490 REPOSITION:8:0.3922:0.0490 END_TURN:1:0.0490:0.0490
ROOT g=126 t=15 ctx=def n=5 BLITZ:2:0.4444:0.2222 FOUL:1:0.2222:0.2222 REPOSITION:1:0.2222:0.2222 END_TURN:1:0.1111:0.1111
ROOT g=126 t=16 ctx=loose n=13 BLITZ:1:0.0614:0.0614 BLOCK:3:0.2875:0.0958 PICKUP:1:0.1597:0.1597 REPOSITION:7:0.4300:0.0614 END_TURN:1:0.0614:0.0614
ROOT g=126 t=17 ctx=def n=13 BLITZ:2:0.3210:0.1605 REPOSITION:10:0.6173:0.0617 END_TURN:1:0.0617:0.0617
ROOT g=126 t=18 ctx=off n=20 ADVANCE:1:0.0736:0.0736 CAGE:1:0.0736:0.0736 BLITZ:1:0.0307:0.0307 BLOCK:7:0.5153:0.0736 PASS_ACTION:6:0.1840:0.0307 REPOSITION:3:0.0920:0.0307 END_TURN:1:0.0307:0.0307
ROOT g=126 t=19 ctx=def n=11 BLITZ:2:0.2997:0.1499 BLOCK:4:0.3597:0.0899 REPOSITION:4:0.2725:0.0681 END_TURN:1:0.0681:0.0681
ROOT g=126 t=20 ctx=off n=15 ADVANCE:1:0.1071:0.1071 CAGE:1:0.1071:0.1071 BLITZ:1:0.0595:0.0595 PASS_ACTION:1:0.0595:0.0595 FOUL:5:0.2976:0.0595 REPOSITION:4:0.2381:0.0595 END_TURN:1:0.0595:0.0595 BLITZ_AND_SCORE:1:0.0714:0.0714
ROOT g=126 t=21 ctx=def n=12 BLITZ:2:0.3061:0.1531 BLOCK:2:0.1837:0.0918 FOUL:2:0.1276:0.0638 REPOSITION:5:0.3189:0.0638 END_TURN:1:0.0638:0.0638
ROOT g=126 t=22 ctx=loose n=12 BLITZ:1:0.0641:0.0641 BLOCK:5:0.4615:0.0923 PICKUP:1:0.1538:0.1538 FOUL:2:0.1282:0.0641 REPOSITION:2:0.1282:0.0641 END_TURN:1:0.0641:0.0641
ROOT g=126 t=23 ctx=loose n=10 BLITZ:1:0.0893:0.0893 BLOCK:1:0.1071:0.1071 PICKUP:1:0.1786:0.1786 FOUL:1:0.0893:0.0893 REPOSITION:5:0.4464:0.0893 END_TURN:1:0.0893:0.0893
ROOT g=126 t=24 ctx=def n=10 BLITZ:2:0.3333:0.1667 FOUL:3:0.2500:0.0833 REPOSITION:4:0.3333:0.0833 END_TURN:1:0.0833:0.0833
ROOT g=126 t=25 ctx=off n=18 ADVANCE:1:0.0908:0.0908 CAGE:1:0.0908:0.0908 BLITZ:1:0.0420:0.0420 BLOCK:3:0.2723:0.0908 PASS_ACTION:3:0.1261:0.0420 FOUL:4:0.1681:0.0420 REPOSITION:4:0.1681:0.0420 END_TURN:1:0.0420:0.0420
ROOT g=126 t=26 ctx=def n=11 BLITZ:2:0.3207:0.1603 BLOCK:1:0.0962:0.0962 FOUL:4:0.2915:0.0729 REPOSITION:3:0.2187:0.0729 END_TURN:1:0.0729:0.0729
ROOT g=126 t=27 ctx=off n=13 ADVANCE:1:0.0987:0.0987 CAGE:1:0.0987:0.0987 BLITZ:1:0.0633:0.0633 BLOCK:3:0.2962:0.0987 PASS_ACTION:3:0.1899:0.0633 FOUL:2:0.1266:0.0633 REPOSITION:1:0.0633:0.0633 END_TURN:1:0.0633:0.0633
ROOT g=126 t=28 ctx=def n=6 BLITZ:2:0.4000:0.2000 FOUL:2:0.3333:0.1667 REPOSITION:1:0.1667:0.1667 END_TURN:1:0.1000:0.1000
ROOT g=126 t=29 ctx=off n=12 ADVANCE:1:0.1081:0.1081 CAGE:1:0.1081:0.1081 BLITZ:1:0.0751:0.0751 BLOCK:1:0.1081:0.1081 PASS_ACTION:1:0.0751:0.0751 FOUL:4:0.3003:0.0751 REPOSITION:2:0.1502:0.0751 END_TURN:1:0.0751:0.0751
ROOT g=126 t=30 ctx=def n=4 BLITZ:2:0.5882:0.2941 FOUL:1:0.2941:0.2941 END_TURN:1:0.1176:0.1176
ROOT g=126 t=31 ctx=off n=13 ADVANCE:1:0.0987:0.0987 CAGE:1:0.0987:0.0987 BLITZ:1:0.0633:0.0633 BLOCK:3:0.2962:0.0987 PASS_ACTION:1:0.0633:0.0633 FOUL:4:0.2532:0.0633 REPOSITION:1:0.0633:0.0633 END_TURN:1:0.0633:0.0633
ROOT g=127 t=0 ctx=loose n=13 BLITZ:1:0.0614:0.0614 BLOCK:3:0.2875:0.0958 PICKUP:1:0.1597:0.1597 REPOSITION:7:0.4300:0.0614 END_TURN:1:0.0614:0.0614
ROOT g=127 t=1 ctx=def n=13 BLITZ:2:0.3002:0.1501 BLOCK:2:0.1801:0.0901 REPOSITION:8:0.4619:0.0577 END_TURN:1:0.0577:0.0577
ROOT g=127 t=2 ctx=def n=10 BLITZ:2:0.3333:0.1667 FOUL:1:0.0833:0.0833 REPOSITION:6:0.5000:0.0833 END_TURN:1:0.0833:0.0833
ROOT g=127 t=3 ctx=loose n=12 BLITZ:1:0.0746:0.0746 PICKUP:1:0.1791:0.1791 FOUL:2:0.1493:0.0746 REPOSITION:7:0.5224:0.0746 END_TURN:1:0.0746:0.0746
ROOT g=127 t=4 ctx=loose n=11 BLITZ:1:0.0820:0.0820 PICKUP:1:0.1803:0.1803 FOUL:3:0.2459:0.0820 REPOSITION:5:0.4098:0.0820 END_TURN:1:0.0820:0.0820
ROOT g=127 t=5 ctx=loose n=13 BLITZ:1:0.0660:0.0660 BLOCK:1:0.1029:0.1029 PICKUP:1:0.1715:0.1715 FOUL:2:0.1319:0.0660 REPOSITION:7:0.4617:0.0660 END_TURN:1:0.0660:0.0660
ROOT g=127 t=6 ctx=def n=8 BLITZ:2:0.3556:0.1778 BLOCK:1:0.1111:0.1111 FOUL:1:0.1111:0.1111 REPOSITION:3:0.3333:0.1111 END_TURN:1:0.0889:0.0889
ROOT g=127 t=7 ctx=off n=18 ADVANCE:1:0.1040:0.1040 CAGE:1:0.1040:0.1040 BLITZ:1:0.0482:0.0482 PASS_ACTION:3:0.1445:0.0482 FOUL:5:0.2408:0.0482 REPOSITION:5:0.2408:0.0482 END_TURN:1:0.0482:0.0482 BLITZ_AND_SCORE:1:0.0694:0.0694
ROOT g=127 t=8 ctx=def n=9 BLITZ:2:0.3429:0.1714 FOUL:2:0.1905:0.0952 REPOSITION:4:0.3810:0.0952 END_TURN:1:0.0857:0.0857
ROOT g=127 t=9 ctx=off n=19 ADVANCE:1:0.0936:0.0936 CAGE:1:0.0936:0.0936 BLITZ:1:0.0411:0.0411 PASS_ACTION:3:0.1232:0.0411 FOUL:5:0.2053:0.0411 REPOSITION:6:0.2463:0.0411 END_TURN:1:0.0411:0.0411 BLITZ_AND_SCORE:1:0.1560:0.1560
ROOT g=127 t=10 ctx=def n=9 BLITZ:2:0.3429:0.1714 FOUL:2:0.1905:0.0952 REPOSITION:4:0.3810:0.0952 END_TURN:1:0.0857:0.0857
ROOT g=127 t=11 ctx=off n=16 ADVANCE:1:0.0958:0.0958 CAGE:1:0.0958:0.0958 BLITZ:1:0.0499:0.0499 PASS_ACTION:2:0.0998:0.0499 FOUL:4:0.1996:0.0499 REPOSITION:5:0.2495:0.0499 END_TURN:1:0.0499:0.0499 BLITZ_AND_SCORE:1:0.1597:0.1597
ROOT g=127 t=12 ctx=def n=10 BLITZ:2:0.3226:0.1613 BLOCK:2:0.1935:0.0968 FOUL:2:0.1613:0.0806 REPOSITION:3:0.2419:0.0806 END_TURN:1:0.0806:0.0806
ROOT g=127 t=13 ctx=off n=13 ADVANCE:1:0.1105:0.1105 CAGE:1:0.1105:0.1105 BLITZ:1:0.0708:0.0708 PASS_ACTION:2:0.1416:0.0708 FOUL:3:0.2125:0.0708 REPOSITION:4:0.2833:0.0708 END_TURN:1:0.0708:0.0708
ROOT g=127 t=14 ctx=loose n=10 BLITZ:1:0.0800:0.0800 PICKUP:1:0.2800:0.2800 FOUL:3:0.2400:0.0800 REPOSITION:4:0.3200:0.0800 END_TURN:1:0.0800:0.0800
ROOT g=127 t=15 ctx=loose n=9 BLITZ:1:0.0905:0.0905 PICKUP:1:0.2851:0.2851 FOUL:2:0.1810:0.0905 REPOSITION:4:0.3620:0.0905 END_TURN:1:0.0814:0.0814
ROOT g=127 t=16 ctx=loose n=13 BLITZ:1:0.0614:0.0614 BLOCK:3:0.2875:0.0958 PICKUP:1:0.1597:0.1597 REPOSITION:7:0.4300:0.0614 END_TURN:1:0.0614:0.0614
ROOT g=127 t=17 ctx=loose n=12 BLITZ:1:0.0746:0.0746 PICKUP:1:0.1791:0.1791 REPOSITION:9:0.6716:0.0746 END_TURN:1:0.0746:0.0746
ROOT g=127 t=18 ctx=loose n=13 BLITZ:1:0.0636:0.0636 BLOCK:2:0.1985:0.0992 PICKUP:1:0.1654:0.1654 REPOSITION:8:0.5089:0.0636 END_TURN:1:0.0636:0.0636
ROOT g=127 t=19 ctx=def n=10 BLITZ:2:0.3175:0.1587 BLOCK:3:0.2857:0.0952 REPOSITION:4:0.3175:0.0794 END_TURN:1:0.0794:0.0794
ROOT g=127 t=20 ctx=off n=23 ADVANCE:1:0.0976:0.0976 CAGE:1:0.0976:0.0976 BLITZ:1:0.0354:0.0354 BLOCK:1:0.0976:0.0976 PASS_ACTION:9:0.3182:0.0354 FOUL:2:0.0707:0.0354 REPOSITION:7:0.2475:0.0354 END_TURN:1:0.0354:0.0354
ROOT g=127 t=21 ctx=def n=9 BLITZ:2:0.3377:0.1689 BLOCK:2:0.2026:0.1013 REPOSITION:4:0.3752:0.0938 END_TURN:1:0.0844:0.0844
ROOT g=127 t=22 ctx=off n=22 ADVANCE:1:0.0981:0.0981 CAGE:1:0.0981:0.0981 BLITZ:1:0.0371:0.0371 BLOCK:1:0.0981:0.0981 PASS_ACTION:7:0.2600:0.0371 FOUL:3:0.1114:0.0371 REPOSITION:7:0.2600:0.0371 END_TURN:1:0.0371:0.0371
ROOT g=127 t=23 ctx=def n=8 BLITZ:2:0.3556:0.1778 BLOCK:2:0.2222:0.1111 REPOSITION:3:0.3333:0.1111 END_TURN:1:0.0889:0.0889
ROOT g=127 t=24 ctx=off n=20 ADVANCE:1:0.0992:0.0992 CAGE:1:0.0992:0.0992 BLITZ:1:0.0413:0.0413 BLOCK:1:0.0992:0.0992 PASS_ACTION:6:0.2479:0.0413 FOUL:3:0.1240:0.0413 REPOSITION:6:0.2479:0.0413 END_TURN:1:0.0413:0.0413
ROOT g=127 t=25 ctx=def n=6 BLITZ:2:0.4000:0.2000 REPOSITION:3:0.5000:0.1667 END_TURN:1:0.1000:0.1000
ROOT g=127 t=26 ctx=off n=19 ADVANCE:1:0.0998:0.0998 CAGE:1:0.0998:0.0998 BLITZ:1:0.0438:0.0438 BLOCK:1:0.0998:0.0998 PASS_ACTION:6:0.2627:0.0438 FOUL:3:0.1313:0.0438 REPOSITION:5:0.2189:0.0438 END_TURN:1:0.0438:0.0438
ROOT g=127 t=27 ctx=def n=5 BLITZ:2:0.4444:0.2222 REPOSITION:2:0.4444:0.2222 END_TURN:1:0.1111:0.1111
ROOT g=127 t=28 ctx=off n=18 ADVANCE:1:0.1063:0.1063 CAGE:1:0.1063:0.1063 BLITZ:1:0.0492:0.0492 PASS_ACTION:4:0.1969:0.0492 FOUL:4:0.1969:0.0492 REPOSITION:6:0.2953:0.0492 END_TURN:1:0.0492:0.0492
ROOT g=127 t=29 ctx=def n=7 BLITZ:2:0.3733:0.1867 FOUL:1:0.1333:0.1333 REPOSITION:3:0.4000:0.1333 END_TURN:1:0.0933:0.0933
ROOT g=127 t=30 ctx=off n=16 ADVANCE:1:0.1076:0.1076 CAGE:1:0.1076:0.1076 BLITZ:1:0.0561:0.0561 PASS_ACTION:3:0.1682:0.0561 FOUL:3:0.1682:0.0561 REPOSITION:6:0.3363:0.0561 END_TURN:1:0.0561:0.0561
ROOT g=127 t=31 ctx=def n=8 BLITZ:2:0.3556:0.1778 FOUL:1:0.1111:0.1111 REPOSITION:4:0.4444:0.1111 END_TURN:1:0.0889:0.0889
ROOT g=128 t=0 ctx=loose n=13 BLITZ:1:0.0614:0.0614 BLOCK:3:0.2875:0.0958 PICKUP:1:0.1597:0.1597 REPOSITION:7:0.4300:0.0614 END_TURN:1:0.0614:0.0614
ROOT g=128 t=1 ctx=def n=12 BLITZ:2:0.2978:0.1489 BLOCK:3:0.2680:0.0893 REPOSITION:6:0.3722:0.0620 END_TURN:1:0.0620:0.0620
ROOT g=128 t=2 ctx=off n=23 ADVANCE:1:0.0868:0.0868 CAGE:1:0.0868:0.0868 BLITZ:1:0.0314:0.0314 BLOCK:3:0.2604:0.0868 PASS_ACTION:10:0.3145:0.0314 FOUL:1:0.0314:0.0314 REPOSITION:5:0.1572:0.0314 END_TURN:1:0.0314:0.0314
ROOT g=128 t=3 ctx=def n=10 BLITZ:2:0.3333:0.1667 REPOSITION:7:0.5833:0.0833 END_TURN:1:0.0833:0.0833
ROOT g=128 t=4 ctx=off n=23 ADVANCE:1:0.1041:0.1041 CAGE:1:0.1041:0.1041 BLITZ:1:0.0377:0.0377 PASS_ACTION:8:0.3017:0.0377 FOUL:2:0.0754:0.0377 REPOSITION:9:0.3394:0.0377 END_TURN:1:0.0377:0.0377
ROOT g=128 t=5 ctx=def n=10 BLITZ:2:0.3333:0.1667 REPOSITION:7:0.5833:0.0833 END_TURN:1:0.0833:0.0833
ROOT g=128 t=6 ctx=off n=24 ADVANCE:1:0.1037:0.1037 CAGE:1:0.1037:0.1037 BLITZ:1:0.0360:0.0360 PASS_ACTION:8:0.2882:0.0360 FOUL:3:0.1081:0.0360 REPOSITION:9:0.3242:0.0360 END_TURN:1:0.0360:0.0360
ROOT g=128 t=7 ctx=def n=9 BLITZ:2:0.3429:0.1714 REPOSITION:6:0.5714:0.0952 END_TURN:1:0.0857:0.0857
ROOT g=128 t=8 ctx=off n=24 ADVANCE:1:0.1037:0.1037 CAGE:1:0.1037:0.1037 BLITZ:1:0.0360:0.0360 PASS_ACTION:8:0.2882:0.0360 FOUL:3:0.1081:0.0360 REPOSITION:9:0.3242:0.0360 END_TURN:1:0.0360:0.0360
ROOT g=128 t=9 ctx=def n=9 BLITZ:2:0.3429:0.1714 REPOSITION:6:0.5714:0.0952 END_TURN:1:0.0857:0.0857
ROOT g=128 t=10 ctx=off n=24 ADVANCE:1:0.1037:0.1037 CAGE:1:0.1037:0.1037 BLITZ:1:0.0360:0.0360 PASS_ACTION:8:0.2882:0.0360 FOUL:3:0.1081:0.0360 REPOSITION:9:0.3242:0.0360 END_TURN:1:0.0360:0.0360
ROOT g=128 t=11 ctx=def n=9 BLITZ:2:0.3429:0.1714 REPOSITION:6:0.5714:0.0952 END_TURN:1:0.0857:0.0857
ROOT g=128 t=12 ctx=off n=24 ADVANCE:1:0.1037:0.1037 CAGE:1:0.1037:0.1037 BLITZ:1:0.0360:0.0360 PASS_ACTION:8:0.2882:0.0360 FOUL:3:0.1081:0.0360 REPOSITION:9:0.3242:0.0360 END_TURN:1:0.0360:0.0360
ROOT g=128 t=13 ctx=def n=9 BLITZ:2:0.3429:0.1714 REPOSITION:6:0.5714:0.0952 END_TURN:1:0.0857:0.0857
ROOT g=128 t=14 ctx=off n=24 ADVANCE:1:0.1037:0.1037 CAGE:1:0.1037:0.1037 BLITZ:1:0.0360:0.0360 PASS_ACTION:8:0.2882:0.0360 FOUL:3:0.1081:0.0360 REPOSITION:9:0.3242:0.0360 END_TURN:1:0.0360:0.0360
ROOT g=128 t=15 ctx=def n=9 BLITZ:2:0.3429:0.1714 REPOSITION:6:0.5714:0.0952 END_TURN:1:0.0857:0.0857
ROOT g=128 t=16 ctx=loose n=13 BLITZ:1:0.0614:0.0614 BLOCK:3:0.2875:0.0958 PICKUP:1:0.1597:0.1597 REPOSITION:7:0.4300:0.0614 END_TURN:1:0.0614:0.0614
ROOT g=128 t=17 ctx=def n=11 BLITZ:2:0.3284:0.1642 REPOSITION:8:0.5970:0.0746 END_TURN:1:0.0746:0.0746
ROOT g=128 t=18 ctx=off n=15 ADVANCE:1:0.1084:0.1084 CAGE:1:0.1084:0.1084 BLITZ:1:0.0602:0.0602 PASS_ACTION:3:0.1807:0.0602 FOUL:1:0.0602:0.0602 REPOSITION:7:0.4217:0.0602 END_TURN:1:0.0602:0.0602
ROOT g=128 t=19 ctx=def n=13 BLITZ:2:0.3210:0.1605 FOUL:1:0.0617:0.0617 REPOSITION:9:0.5556:0.0617 END_TURN:1:0.0617:0.0617
ROOT g=128 t=20 ctx=off n=18 ADVANCE:1:0.1063:0.1063 CAGE:1:0.1063:0.1063 BLITZ:1:0.0492:0.0492 PASS_ACTION:3:0.1476:0.0492 FOUL:2:0.0984:0.0492 REPOSITION:9:0.4429:0.0492 END_TURN:1:0.0492:0.0492
ROOT g=128 t=21 ctx=def n=12 BLITZ:2:0.3243:0.1622 FOUL:1:0.0676:0.0676 REPOSITION:8:0.5405:0.0676 END_TURN:1:0.0676:0.0676
ROOT g=128 t=22 ctx=off n=16 ADVANCE:1:0.1076:0.1076 CAGE:1:0.1076:0.1076 BLITZ:1:0.0561:0.0561 PASS_ACTION:3:0.1682:0.0561 FOUL:1:0.0561:0.0561 REPOSITION:8:0.4484:0.0561 END_TURN:1:0.0561:0.0561
ROOT g=128 t=23 ctx=def n=12 BLITZ:2:0.3243:0.1622 FOUL:1:0.0676:0.0676 REPOSITION:8:0.5405:0.0676 END_TURN:1:0.0676:0.0676
ROOT g=128 t=24 ctx=off n=16 ADVANCE:1:0.0892:0.0892 CAGE:1:0.0892:0.0892 BLITZ:1:0.0465:0.0465 BLOCK:4:0.3569:0.0892 PASS_ACTION:3:0.1394:0.0465 FOUL:1:0.0465:0.0465 REPOSITION:4:0.1859:0.0465 END_TURN:1:0.0465:0.0465
ROOT g=128 t=25 ctx=def n=10 BLITZ:2:0.3333:0.1667 FOUL:1:0.0833:0.0833 REPOSITION:6:0.5000:0.0833 END_TURN:1:0.0833:0.0833
ROOT g=128 t=26 ctx=loose n=13 BLITZ:1:0.0566:0.0566 BLOCK:2:0.1766:0.0883 PICKUP:1:0.2575:0.2575 FOUL:2:0.1132:0.0566 REPOSITION:6:0.3396:0.0566 END_TURN:1:0.0566:0.0566
ROOT g=128 t=27 ctx=loose n=13 BLITZ:1:0.0604:0.0604 PICKUP:1:0.2749:0.2749 FOUL:3:0.1813:0.0604 REPOSITION:7:0.4230:0.0604 END_TURN:1:0.0604:0.0604
ROOT g=128 t=28 ctx=loose n=14 BLITZ:1:0.0559:0.0559 PICKUP:1:0.2737:0.2737 FOUL:4:0.2235:0.0559 REPOSITION:7:0.3911:0.0559 END_TURN:1:0.0559:0.0559
ROOT g=128 t=29 ctx=loose n=13 BLITZ:1:0.0549:0.0549 BLOCK:3:0.2567:0.0856 PICKUP:1:0.2496:0.2496 REPOSITION:7:0.3840:0.0549 END_TURN:1:0.0549:0.0549
ROOT g=128 t=30 ctx=loose n=11 BLITZ:1:0.0909:0.0909 REPOSITION:9:0.8182:0.0909 END_TURN:1:0.0909:0.0909
ROOT g=128 t=31 ctx=loose n=14 BLITZ:1:0.0455:0.0455 BLOCK:6:0.4586:0.0764 PICKUP:1:0.2229:0.2229 REPOSITION:5:0.2275:0.0455 END_TURN:1:0.0455:0.0455
ROOT g=129 t=0 ctx=loose n=13 BLITZ:1:0.0614:0.0614 BLOCK:3:0.2875:0.0958 PICKUP:1:0.1597:0.1597 REPOSITION:7:0.4300:0.0614 END_TURN:1:0.0614:0.0614
ROOT g=129 t=1 ctx=def n=12 BLITZ:2:0.3150:0.1575 BLOCK:1:0.0945:0.0945 REPOSITION:8:0.5249:0.0656 END_TURN:1:0.0656:0.0656
ROOT g=129 t=2 ctx=off n=25 ADVANCE:1:0.1034:0.1034 CAGE:1:0.1034:0.1034 BLITZ:1:0.0345:0.0345 PASS_ACTION:10:0.3448:0.0345 FOUL:3:0.1034:0.0345 REPOSITION:8:0.2759:0.0345 END_TURN:1:0.0345:0.0345
ROOT g=129 t=3 ctx=def n=11 BLITZ:2:0.3207:0.1603 BLOCK:1:0.0962:0.0962 REPOSITION:7:0.5102:0.0729 END_TURN:1:0.0729:0.0729
ROOT g=129 t=4 ctx=off n=24 ADVANCE:1:0.1037:0.1037 CAGE:1:0.1037:0.1037 BLITZ:1:0.0360:0.0360 PASS_ACTION:8:0.2882:0.0360 FOUL:4:0.1441:0.0360 REPOSITION:8:0.2882:0.0360 END_TURN:1:0.0360:0.0360
ROOT g=129 t=5 ctx=def n=10 BLITZ:2:0.3279:0.1639 BLOCK:1:0.0984:0.0984 REPOSITION:6:0.4918:0.0820 END_TURN:1:0.0820:0.0820
ROOT g=129 t=6 ctx=off n=27 ADVANCE:1:0.0961:0.0961 CAGE:1:0.0961:0.0961 BLITZ:1:0.0297:0.0297 BLOCK:1:0.0961:0.0961 PASS_ACTION:8:0.2372:0.0297 FOUL:6:0.1779:0.0297 REPOSITION:8:0.2372:0.0297 END_TURN:1:0.0297:0.0297
ROOT g=129 t=7 ctx=def n=9 BLITZ:2:0.3429:0.1714 REPOSITION:6:0.5714:0.0952 END_TURN:1:0.0857:0.0857
ROOT g=129 t=8 ctx=off n=27 ADVANCE:1:0.0961:0.0961 CAGE:1:0.0961:0.0961 BLITZ:1:0.0297:0.0297 BLOCK:1:0.0961:0.0961 PASS_ACTION:8:0.2372:0.0297 FOUL:6:0.1779:0.0297 REPOSITION:8:0.2372:0.0297 END_TURN:1:0.0297:0.0297
ROOT g=129 t=9 ctx=def n=8 BLITZ:2:0.3556:0.1778 REPOSITION:5:0.5556:0.1111 END_TURN:1:0.0889:0.0889
ROOT g=129 t=10 ctx=off n=27 ADVANCE:1:0.0961:0.0961 CAGE:1:0.0961:0.0961 BLITZ:1:0.0297:0.0297 BLOCK:1:0.0961:0.0961 PASS_ACTION:8:0.2372:0.0297 FOUL:6:0.1779:0.0297 REPOSITION:8:0.2372:0.0297 END_TURN:1:0.0297:0.0297
ROOT g=129 t=11 ctx=def n=7 BLITZ:2:0.3733:0.1867 REPOSITION:4:0.5333:0.1333 END_TURN:1:0.0933:0.0933
ROOT g=129 t=12 ctx=off n=27 ADVANCE:1:0.0961:0.0961 CAGE:1:0.0961:0.0961 BLITZ:1:0.0297:0.0297 BLOCK:1:0.0961:0.0961 PASS_ACTION:8:0.2372:0.0297 FOUL:6:0.1779:0.0297 REPOSITION:8:0.2372:0.0297 END_TURN:1:0.0297:0.0297
ROOT g=129 t=13 ctx=def n=7 BLITZ:2:0.3733:0.1867 REPOSITION:4:0.5333:0.1333 END_TURN:1:0.0933:0.0933
ROOT g=129 t=14 ctx=off n=23 SCORE:1:0.2673:0.2673 CAGE:1:0.0458:0.0458 BLITZ:1:0.0166:0.0166 BLOCK:3:0.1375:0.0458 FOUL:7:0.1162:0.0166 REPOSITION:8:0.1328:0.0166 END_TURN:1:0.0166:0.0166 BLITZ_AND_SCORE:1:0.2673:0.2673
ROOT g=129 t=15 ctx=loose n=6 BLITZ:1:0.1493:0.1493 PICKUP:1:0.3134:0.3134 REPOSITION:3:0.4478:0.1493 END_TURN:1:0.0896:0.0896
ROOT g=129 t=16 ctx=loose n=13 BLITZ:1:0.0614:0.0614 BLOCK:3:0.2875:0.0958 PICKUP:1:0.1597:0.1597 REPOSITION:7:0.4300:0.0614 END_TURN:1:0.0614:0.0614
ROOT g=129 t=17 ctx=def n=13 BLITZ:2:0.3210:0.1605 FOUL:1:0.0617:0.0617 REPOSITION:9:0.5556:0.0617 END_TURN:1:0.0617:0.0617
ROOT g=129 t=18 ctx=off n=17 ADVANCE:1:0.1014:0.1014 CAGE:1:0.1014:0.1014 BLITZ:1:0.0497:0.0497 BLOCK:1:0.1014:0.1014 PASS_ACTION:7:0.3479:0.0497 REPOSITION:5:0.2485:0.0497 END_TURN:1:0.0497:0.0497
ROOT g=129 t=19 ctx=def n=15 BLITZ:2:0.2703:0.1351 BLOCK:4:0.3243:0.0811 FOUL:2:0.0901:0.0450 REPOSITION:6:0.2703:0.0450 END_TURN:1:0.0450:0.0450
ROOT g=129 t=20 ctx=off n=12 ADVANCE:1:0.1118:0.1118 CAGE:1:0.1118:0.1118 BLITZ:1:0.0776:0.0776 PASS_ACTION:2:0.1553:0.0776 FOUL:1:0.0776:0.0776 REPOSITION:5:0.3882:0.0776 END_TURN:1:0.0776:0.0776
ROOT g=129 t=21 ctx=def n=13 BLITZ:2:0.3210:0.1605 FOUL:2:0.1235:0.0617 REPOSITION:8:0.4938:0.0617 END_TURN:1:0.0617:0.0617
ROOT g=129 t=22 ctx=loose n=14 BLITZ:1:0.0561:0.0561 BLOCK:3:0.2825:0.0942 PICKUP:1:0.1570:0.1570 FOUL:4:0.2242:0.0561 REPOSITION:4:0.2242:0.0561 END_TURN:1:0.0561:0.0561
ROOT g=129 t=23 ctx=def n=13 BLITZ:2:0.3210:0.1605 FOUL:3:0.1852:0.0617 REPOSITION:7:0.4321:0.0617 END_TURN:1:0.0617:0.0617
ROOT g=129 t=24 ctx=off n=16 ADVANCE:1:0.1023:0.1023 CAGE:1:0.1023:0.1023 BLITZ:1:0.0533:0.0533 BLOCK:1:0.1023:0.1023 PASS_ACTION:3:0.1599:0.0533 FOUL:3:0.1599:0.0533 REPOSITION:5:0.2665:0.0533 END_TURN:1:0.0533:0.0533
ROOT g=129 t=25 ctx=def n=10 BLITZ:2:0.3333:0.1667 FOUL:1:0.0833:0.0833 REPOSITION:6:0.5000:0.0833 END_TURN:1:0.0833:0.0833
ROOT g=129 t=26 ctx=off n=13 SCORE:1:0.1544:0.1544 CAGE:1:0.0926:0.0926 BLITZ:1:0.0594:0.0594 BLOCK:3:0.2779:0.0926 FOUL:2:0.1188:0.0594 REPOSITION:4:0.2375:0.0594 END_TURN:1:0.0594:0.0594
ROOT g=129 t=27 ctx=loose n=13 BLITZ:1:0.0549:0.0549 BLOCK:3:0.2567:0.0856 PICKUP:1:0.2496:0.2496 REPOSITION:7:0.3840:0.0549 END_TURN:1:0.0549:0.0549
ROOT g=129 t=28 ctx=def n=11 BLITZ:2:0.3284:0.1642 REPOSITION:8:0.5970:0.0746 END_TURN:1:0.0746:0.0746
ROOT g=129 t=29 ctx=off n=21 ADVANCE:1:0.1048:0.1048 CAGE:1:0.1048:0.1048 BLITZ:1:0.0416:0.0416 PASS_ACTION:6:0.2496:0.0416 FOUL:2:0.0832:0.0416 REPOSITION:9:0.3744:0.0416 END_TURN:1:0.0416:0.0416
ROOT g=129 t=30 ctx=def n=12 BLITZ:2:0.3243:0.1622 REPOSITION:9:0.6081:0.0676 END_TURN:1:0.0676:0.0676
ROOT g=129 t=31 ctx=off n=17 ADVANCE:1:0.0919:0.0919 CAGE:1:0.0919:0.0919 BLITZ:1:0.0450:0.0450 BLOCK:3:0.2757:0.0919 PASS_ACTION:2:0.0901:0.0450 REPOSITION:8:0.3604:0.0450 END_TURN:1:0.0450:0.0450
ROOT g=130 t=0 ctx=loose n=13 BLITZ:1:0.0614:0.0614 BLOCK:3:0.2875:0.0958 PICKUP:1:0.1597:0.1597 REPOSITION:7:0.4300:0.0614 END_TURN:1:0.0614:0.0614
ROOT g=130 t=1 ctx=def n=11 BLITZ:2:0.3284:0.1642 REPOSITION:8:0.5970:0.0746 END_TURN:1:0.0746:0.0746
ROOT g=130 t=2 ctx=off n=21 ADVANCE:1:0.0986:0.0986 CAGE:1:0.0986:0.0986 BLITZ:1:0.0391:0.0391 BLOCK:1:0.0986:0.0986 PASS_ACTION:8:0.3130:0.0391 REPOSITION:8:0.3130:0.0391 END_TURN:1:0.0391:0.0391
ROOT g=130 t=3 ctx=def n=10 BLITZ:2:0.3333:0.1667 REPOSITION:7:0.5833:0.0833 END_TURN:1:0.0833:0.0833
ROOT g=130 t=4 ctx=off n=21 ADVANCE:1:0.0986:0.0986 CAGE:1:0.0986:0.0986 BLITZ:1:0.0391:0.0391 BLOCK:1:0.0986:0.0986 PASS_ACTION:7:0.2739:0.0391 FOUL:1:0.0391:0.0391 REPOSITION:8:0.3130:0.0391 END_TURN:1:0.0391:0.0391
ROOT g=130 t=5 ctx=def n=10 BLITZ:2:0.3333:0.1667 REPOSITION:7:0.5833:0.0833 END_TURN:1:0.0833:0.0833
ROOT g=130 t=6 ctx=off n=21 ADVANCE:1:0.0986:0.0986 CAGE:1:0.0986:0.0986 BLITZ:1:0.0391:0.0391 BLOCK:1:0.0986:0.0986 PASS_ACTION:7:0.2739:0.0391 FOUL:1:0.0391:0.0391 REPOSITION:8:0.3130:0.0391 END_TURN:1:0.0391:0.0391
ROOT g=130 t=7 ctx=def n=10 BLITZ:2:0.3333:0.1667 REPOSITION:7:0.5833:0.0833 END_TURN:1:0.0833:0.0833
ROOT g=130 t=8 ctx=off n=21 ADVANCE:1:0.0986:0.0986 CAGE:1:0.0986:0.0986 BLITZ:1:0.0391:0.0391 BLOCK:1:0.0986:0.0986 PASS_ACTION:7:0.2739:0.0391 FOUL:1:0.0391:0.0391 REPOSITION:8:0.3130:0.0391 END_TURN:1:0.0391:0.0391
ROOT g=130 t=9 ctx=def n=10 BLITZ:2:0.3333:0.1667 REPOSITION:7:0.5833:0.0833 END_TURN:1:0.0833:0.0833
ROOT g=130 t=10 ctx=off n=21 ADVANCE:1:0.0796:0.0796 CAGE:1:0.0796:0.0796 BLITZ:1:0.0316:0.0316 BLOCK:5:0.3982:0.0796 PASS_ACTION:7:0.2212:0.0316 FOUL:1:0.0316:0.0316 REPOSITION:4:0.1264:0.0316 END_TURN:1:0.0316:0.0316
ROOT g=130 t=11 ctx=def n=10 BLITZ:2:0.3333:0.1667 REPOSITION:7:0.5833:0.0833 END_TURN:1:0.0833:0.0833
ROOT g=130 t=12 ctx=off n=15 ADVANCE:1:0.1084:0.1084 CAGE:1:0.1084:0.1084 BLITZ:1:0.0602:0.0602 PASS_ACTION:2:0.1205:0.0602 FOUL:1:0.0602:0.0602 REPOSITION:8:0.4819:0.0602 END_TURN:1:0.0602:0.0602
ROOT g=130 t=13 ctx=def n=11 BLITZ:2:0.3284:0.1642 REPOSITION:8:0.5970:0.0746 END_TURN:1:0.0746:0.0746
ROOT g=130 t=14 ctx=off n=16 ADVANCE:1:0.1076:0.1076 CAGE:1:0.1076:0.1076 BLITZ:1:0.0561:0.0561 PASS_ACTION:1:0.0561:0.0561 FOUL:3:0.1682:0.0561 REPOSITION:8:0.4484:0.0561 END_TURN:1:0.0561:0.0561
ROOT g=130 t=15 ctx=def n=11 BLITZ:2:0.3207:0.1603 BLOCK:1:0.0962:0.0962 REPOSITION:7:0.5102:0.0729 END_TURN:1:0.0729:0.0729
ROOT g=130 t=16 ctx=loose n=13 BLITZ:1:0.0614:0.0614 BLOCK:3:0.2875:0.0958 PICKUP:1:0.1597:0.1597 REPOSITION:7:0.4300:0.0614 END_TURN:1:0.0614:0.0614
ROOT g=130 t=17 ctx=def n=11 BLITZ:2:0.3284:0.1642 REPOSITION:8:0.5970:0.0746 END_TURN:1:0.0746:0.0746
ROOT g=130 t=18 ctx=off n=22 ADVANCE:1:0.0981:0.0981 CAGE:1:0.0981:0.0981 BLITZ:1:0.0371:0.0371 BLOCK:1:0.0981:0.0981 PASS_ACTION:8:0.2972:0.0371 FOUL:2:0.0743:0.0371 REPOSITION:7:0.2600:0.0371 END_TURN:1:0.0371:0.0371
ROOT g=130 t=19 ctx=def n=12 BLITZ:2:0.3243:0.1622 FOUL:1:0.0676:0.0676 REPOSITION:8:0.5405:0.0676 END_TURN:1:0.0676:0.0676
ROOT g=130 t=20 ctx=off n=20 ADVANCE:1:0.0805:0.0805 CAGE:1:0.0805:0.0805 BLITZ:1:0.0336:0.0336 BLOCK:5:0.4027:0.0805 PASS_ACTION:5:0.1678:0.0336 FOUL:2:0.0671:0.0336 REPOSITION:4:0.1342:0.0336 END_TURN:1:0.0336:0.0336
ROOT g=130 t=21 ctx=def n=10 BLITZ:2:0.3175:0.1587 BLOCK:3:0.2857:0.0952 REPOSITION:4:0.3175:0.0794 END_TURN:1:0.0794:0.0794
ROOT g=130 t=22 ctx=off n=16 ADVANCE:1:0.1076:0.1076 CAGE:1:0.1076:0.1076 BLITZ:1:0.0561:0.0561 PASS_ACTION:3:0.1682:0.0561 FOUL:3:0.1682:0.0561 REPOSITION:6:0.3363:0.0561 END_TURN:1:0.0561:0.0561
ROOT g=130 t=23 ctx=def n=12 BLITZ:2:0.3243:0.1622 FOUL:2:0.1351:0.0676 REPOSITION:7:0.4730:0.0676 END_TURN:1:0.0676:0.0676
ROOT g=130 t=24 ctx=off n=16 ADVANCE:1:0.0856:0.0856 CAGE:1:0.0856:0.0856 BLITZ:1:0.0446:0.0446 BLOCK:5:0.4278:0.0856 PASS_ACTION:3:0.1337:0.0446 FOUL:1:0.0446:0.0446 REPOSITION:3:0.1337:0.0446 END_TURN:1:0.0446:0.0446
ROOT g=130 t=25 ctx=def n=12 BLITZ:2:0.3243:0.1622 FOUL:2:0.1351:0.0676 REPOSITION:7:0.4730:0.0676 END_TURN:1:0.0676:0.0676
ROOT g=130 t=26 ctx=off n=14 ADVANCE:1:0.0929:0.0929 CAGE:1:0.0929:0.0929 BLITZ:1:0.0553:0.0553 BLOCK:4:0.3717:0.0929 PASS_ACTION:2:0.1106:0.0553 FOUL:1:0.0553:0.0553 REPOSITION:3:0.1659:0.0553 END_TURN:1:0.0553:0.0553
ROOT g=130 t=27 ctx=def n=11 BLITZ:2:0.3284:0.1642 FOUL:2:0.1493:0.0746 REPOSITION:6:0.4478:0.0746 END_TURN:1:0.0746:0.0746
ROOT g=130 t=28 ctx=off n=13 ADVANCE:1:0.0987:0.0987 CAGE:1:0.0987:0.0987 BLITZ:1:0.0633:0.0633 BLOCK:3:0.2962:0.0987 FOUL:3:0.1899:0.0633 REPOSITION:3:0.1899:0.0633 END_TURN:1:0.0633:0.0633
ROOT g=130 t=29 ctx=loose n=9 BLITZ:1:0.0905:0.0905 PICKUP:1:0.2851:0.2851 FOUL:1:0.0905:0.0905 REPOSITION:5:0.4525:0.0905 END_TURN:1:0.0814:0.0814
ROOT g=130 t=30 ctx=loose n=9 BLITZ:1:0.0905:0.0905 PICKUP:1:0.2851:0.2851 FOUL:2:0.1810:0.0905 REPOSITION:4:0.3620:0.0905 END_TURN:1:0.0814:0.0814
ROOT g=130 t=31 ctx=loose n=13 BLITZ:1:0.0604:0.0604 PICKUP:1:0.2749:0.2749 FOUL:4:0.2417:0.0604 REPOSITION:6:0.3625:0.0604 END_TURN:1:0.0604:0.0604
ROOT g=131 t=0 ctx=loose n=13 BLITZ:1:0.0614:0.0614 BLOCK:3:0.2875:0.0958 PICKUP:1:0.1597:0.1597 REPOSITION:7:0.4300:0.0614 END_TURN:1:0.0614:0.0614
ROOT g=131 t=1 ctx=def n=12 BLITZ:2:0.3061:0.1531 BLOCK:2:0.1837:0.0918 REPOSITION:7:0.4464:0.0638 END_TURN:1:0.0638:0.0638
ROOT g=131 t=2 ctx=off n=25 ADVANCE:1:0.0968:0.0968 CAGE:1:0.0968:0.0968 BLITZ:1:0.0323:0.0323 BLOCK:1:0.0968:0.0968 PASS_ACTION:9:0.2903:0.0323 FOUL:3:0.0968:0.0323 REPOSITION:8:0.2581:0.0323 END_TURN:1:0.0323:0.0323
ROOT g=131 t=3 ctx=loose n=10 BLITZ:1:0.0877:0.0877 BLOCK:2:0.2105:0.1053 PICKUP:1:0.1754:0.1754 REPOSITION:5:0.4386:0.0877 END_TURN:1:0.0877:0.0877
ROOT g=131 t=4 ctx=loose n=15 BLITZ:1:0.0562:0.0562 BLOCK:1:0.1011:0.1011 PICKUP:1:0.1685:0.1685 FOUL:2:0.1124:0.0562 REPOSITION:9:0.5056:0.0562 END_TURN:1:0.0562:0.0562
ROOT g=131 t=5 ctx=def n=12 BLITZ:2:0.3243:0.1622 FOUL:1:0.0676:0.0676 REPOSITION:8:0.5405:0.0676 END_TURN:1:0.0676:0.0676
ROOT g=131 t=6 ctx=off n=21 ADVANCE:1:0.0727:0.0727 CAGE:1:0.0727:0.0727 BLITZ:1:0.0288:0.0288 BLOCK:7:0.5087:0.0727 PASS_ACTION:1:0.0288:0.0288 FOUL:5:0.1442:0.0288 REPOSITION:4:0.1153:0.0288 END_TURN:1:0.0288:0.0288
ROOT g=131 t=7 ctx=def n=7 BLITZ:2:0.3733:0.1867 REPOSITION:4:0.5333:0.1333 END_TURN:1:0.0933:0.0933
ROOT g=131 t=8 ctx=def n=17 BLITZ:2:0.2848:0.1424 BLOCK:2:0.1709:0.0854 FOUL:5:0.2094:0.0419 REPOSITION:7:0.2931:0.0419 END_TURN:1:0.0419:0.0419
ROOT g=131 t=9 ctx=loose n=9 BLITZ:1:0.1022:0.1022 BLOCK:1:0.1104:0.1104 PICKUP:1:0.1840:0.1840 FOUL:3:0.3067:0.1022 REPOSITION:2:0.2045:0.1022 END_TURN:1:0.0920:0.0920
ROOT g=131 t=10 ctx=loose n=18 BLITZ:1:0.0373:0.0373 BLOCK:3:0.2420:0.0807 PICKUP:1:0.2353:0.2353 FOUL:6:0.2240:0.0373 REPOSITION:6:0.2240:0.0373 END_TURN:1:0.0373:0.0373
ROOT g=131 t=11 ctx=def n=8 BLITZ:2:0.3556:0.1778 FOUL:2:0.2222:0.1111 REPOSITION:3:0.3333:0.1111 END_TURN:1:0.0889:0.0889
ROOT g=131 t=12 ctx=off n=17 ADVANCE:1:0.1069:0.1069 CAGE:1:0.1069:0.1069 BLITZ:1:0.0524:0.0524 PASS_ACTION:2:0.1048:0.0524 FOUL:4:0.2096:0.0524 REPOSITION:7:0.3669:0.0524 END_TURN:1:0.0524:0.0524
ROOT g=131 t=13 ctx=def n=4 BLITZ:2:0.5882:0.2941 REPOSITION:1:0.2941:0.2941 END_TURN:1:0.1176:0.1176
ROOT g=131 t=14 ctx=off n=18 ADVANCE:1:0.1006:0.1006 CAGE:1:0.1006:0.1006 BLITZ:1:0.0466:0.0466 BLOCK:1:0.1006:0.1006 PASS_ACTION:1:0.0466:0.0466 FOUL:6:0.2793:0.0466 REPOSITION:6:0.2793:0.0466 END_TURN:1:0.0466:0.0466
ROOT g=131 t=15 ctx=def n=3 BLITZ:2:0.8696:0.4348 END_TURN:1:0.1304:0.1304
ROOT g=131 t=16 ctx=loose n=13 BLITZ:1:0.0614:0.0614 BLOCK:3:0.2875:0.0958 PICKUP:1:0.1597:0.1597 REPOSITION:7:0.4300:0.0614 END_TURN:1:0.0614:0.0614
ROOT g=131 t=17 ctx=def n=13 BLITZ:2:0.3210:0.1605 REPOSITION:10:0.6173:0.0617 END_TURN:1:0.0617:0.0617
ROOT g=131 t=18 ctx=off n=18 ADVANCE:1:0.0908:0.0908 CAGE:1:0.0908:0.0908 BLITZ:1:0.0420:0.0420 BLOCK:3:0.2723:0.0908 PASS_ACTION:6:0.2521:0.0420 REPOSITION:5:0.2101:0.0420 END_TURN:1:0.0420:0.0420
ROOT g=131 t=19 ctx=def n=15 BLITZ:2:0.3158:0.1579 FOUL:2:0.1053:0.0526 REPOSITION:10:0.5263:0.0526 END_TURN:1:0.0526:0.0526
ROOT g=131 t=20 ctx=off n=12 SCORE:1:0.0751:0.0751 CAGE:1:0.1081:0.1081 BLITZ:1:0.0751:0.0751 BLOCK:2:0.2162:0.1081 REPOSITION:5:0.3754:0.0751 END_TURN:1:0.0751:0.0751 BLITZ_AND_SCORE:1:0.0751:0.0751
ROOT g=131 t=21 ctx=loose n=13 BLITZ:1:0.0569:0.0569 BLOCK:3:0.2662:0.0887 PICKUP:1:0.2218:0.2218 REPOSITION:7:0.3982:0.0569 END_TURN:1:0.0569:0.0569
ROOT g=131 t=22 ctx=loose n=12 BLITZ:1:0.0746:0.0746 PICKUP:1:0.1791:0.1791 REPOSITION:9:0.6716:0.0746 END_TURN:1:0.0746:0.0746
ROOT g=131 t=23 ctx=loose n=14 BLITZ:1:0.0581:0.0581 PICKUP:1:0.2442:0.2442 REPOSITION:11:0.6395:0.0581 END_TURN:1:0.0581:0.0581
ROOT g=131 t=24 ctx=loose n=13 BLITZ:1:0.0685:0.0685 PICKUP:1:0.1781:0.1781 REPOSITION:10:0.6849:0.0685 END_TURN:1:0.0685:0.0685
ROOT g=131 t=25 ctx=loose n=14 BLITZ:1:0.0581:0.0581 PICKUP:1:0.2442:0.2442 REPOSITION:11:0.6395:0.0581 END_TURN:1:0.0581:0.0581
ROOT g=131 t=26 ctx=loose n=12 BLITZ:1:0.0658:0.0658 PICKUP:1:0.2763:0.2763 REPOSITION:9:0.5921:0.0658 END_TURN:1:0.0658:0.0658
ROOT g=131 t=27 ctx=loose n=14 BLITZ:1:0.0559:0.0559 PICKUP:1:0.2737:0.2737 REPOSITION:11:0.6145:0.0559 END_TURN:1:0.0559:0.0559
ROOT g=131 t=28 ctx=loose n=12 BLITZ:1:0.0658:0.0658 PICKUP:1:0.2763:0.2763 REPOSITION:9:0.5921:0.0658 END_TURN:1:0.0658:0.0658
ROOT g=131 t=29 ctx=loose n=14 BLITZ:1:0.0559:0.0559 PICKUP:1:0.2737:0.2737 REPOSITION:11:0.6145:0.0559 END_TURN:1:0.0559:0.0559
ROOT g=131 t=30 ctx=loose n=12 BLITZ:1:0.0658:0.0658 PICKUP:1:0.2763:0.2763 REPOSITION:9:0.5921:0.0658 END_TURN:1:0.0658:0.0658
ROOT g=131 t=31 ctx=loose n=14 BLITZ:1:0.0559:0.0559 PICKUP:1:0.2737:0.2737 REPOSITION:11:0.6145:0.0559 END_TURN:1:0.0559:0.0559
ROOT g=132 t=0 ctx=loose n=13 BLITZ:1:0.0614:0.0614 BLOCK:3:0.2875:0.0958 PICKUP:1:0.1597:0.1597 REPOSITION:7:0.4300:0.0614 END_TURN:1:0.0614:0.0614
ROOT g=132 t=1 ctx=def n=11 BLITZ:2:0.3134:0.1567 BLOCK:2:0.1880:0.0940 REPOSITION:6:0.4274:0.0712 END_TURN:1:0.0712:0.0712
ROOT g=132 t=2 ctx=off n=23 ADVANCE:1:0.1041:0.1041 CAGE:1:0.1041:0.1041 BLITZ:1:0.0377:0.0377 PASS_ACTION:8:0.3017:0.0377 FOUL:4:0.1508:0.0377 REPOSITION:7:0.2640:0.0377 END_TURN:1:0.0377:0.0377
ROOT g=132 t=3 ctx=def n=9 BLITZ:2:0.3429:0.1714 REPOSITION:6:0.5714:0.0952 END_TURN:1:0.0857:0.0857
ROOT g=132 t=4 ctx=off n=25 ADVANCE:1:0.0909:0.0909 CAGE:1:0.0909:0.0909 BLITZ:1:0.0303:0.0303 BLOCK:2:0.1818:0.0909 PASS_ACTION:8:0.2424:0.0303 FOUL:4:0.1212:0.0303 REPOSITION:7:0.2121:0.0303 END_TURN:1:0.0303:0.0303
ROOT g=132 t=5 ctx=def n=9 BLITZ:2:0.3429:0.1714 REPOSITION:6:0.5714:0.0952 END_TURN:1:0.0857:0.0857
ROOT g=132 t=6 ctx=off n=26 ADVANCE:1:0.0905:0.0905 CAGE:1:0.0905:0.0905 BLITZ:1:0.0290:0.0290 BLOCK:2:0.1810:0.0905 PASS_ACTION:8:0.2320:0.0290 FOUL:5:0.1450:0.0290 REPOSITION:7:0.2030:0.0290 END_TURN:1:0.0290:0.0290
ROOT g=132 t=7 ctx=def n=8 BLITZ:2:0.3556:0.1778 REPOSITION:5:0.5556:0.1111 END_TURN:1:0.0889:0.0889
ROOT g=132 t=8 ctx=off n=26 ADVANCE:1:0.0905:0.0905 CAGE:1:0.0905:0.0905 BLITZ:1:0.0290:0.0290 BLOCK:2:0.1810:0.0905 PASS_ACTION:8:0.2320:0.0290 FOUL:5:0.1450:0.0290 REPOSITION:7:0.2030:0.0290 END_TURN:1:0.0290:0.0290
ROOT g=132 t=9 ctx=def n=7 BLITZ:2:0.3733:0.1867 REPOSITION:4:0.5333:0.1333 END_TURN:1:0.0933:0.0933
ROOT g=132 t=10 ctx=off n=28 ADVANCE:1:0.0897:0.0897 CAGE:1:0.0897:0.0897 BLITZ:1:0.0267:0.0267 BLOCK:2:0.1795:0.0897 PASS_ACTION:8:0.2137:0.0267 FOUL:7:0.1870:0.0267 REPOSITION:7:0.1870:0.0267 END_TURN:1:0.0267:0.0267
ROOT g=132 t=11 ctx=def n=5 BLITZ:2:0.4444:0.2222 REPOSITION:2:0.4444:0.2222 END_TURN:1:0.1111:0.1111
ROOT g=132 t=12 ctx=off n=27 ADVANCE:1:0.1029:0.1029 CAGE:1:0.1029:0.1029 BLITZ:1:0.0318:0.0318 PASS_ACTION:8:0.2541:0.0318 FOUL:7:0.2224:0.0318 REPOSITION:8:0.2541:0.0318 END_TURN:1:0.0318:0.0318
ROOT g=132 t=13 ctx=def n=6 BLITZ:2:0.4000:0.2000 REPOSITION:3:0.5000:0.1667 END_TURN:1:0.1000:0.1000
ROOT g=132 t=14 ctx=def n=18 BLITZ:2:0.3103:0.1552 FOUL:6:0.2586:0.0431 REPOSITION:9:0.3879:0.0431 END_TURN:1:0.0431:0.0431
ROOT g=132 t=15 ctx=off n=11 ADVANCE:1:0.1075:0.1075 CAGE:1:0.1075:0.1075 BLITZ:1:0.0814:0.0814 BLOCK:2:0.2150:0.1075 PASS_ACTION:1:0.0814:0.0814 FOUL:2:0.1629:0.0814 REPOSITION:2:0.1629:0.0814 END_TURN:1:0.0814:0.0814
ROOT g=132 t=16 ctx=loose n=13 BLITZ:1:0.0614:0.0614 BLOCK:3:0.2875:0.0958 PICKUP:1:0.1597:0.1597 REPOSITION:7:0.4300:0.0614 END_TURN:1:0.0614:0.0614
ROOT g=132 t=17 ctx=def n=11 BLITZ:2:0.3284:0.1642 REPOSITION:8:0.5970:0.0746 END_TURN:1:0.0746:0.0746
ROOT g=132 t=18 ctx=off n=22 ADVANCE:1:0.1044:0.1044 CAGE:1:0.1044:0.1044 BLITZ:1:0.0396:0.0396 PASS_ACTION:10:0.3956:0.0396 FOUL:1:0.0396:0.0396 REPOSITION:7:0.2769:0.0396 END_TURN:1:0.0396:0.0396
ROOT g=132 t=19 ctx=def n=12 BLITZ:2:0.3061:0.1531 BLOCK:2:0.1837:0.0918 REPOSITION:7:0.4464:0.0638 END_TURN:1:0.0638:0.0638
ROOT g=132 t=20 ctx=loose n=15 BLITZ:1:0.0588:0.0588 PICKUP:1:0.1765:0.1765 FOUL:3:0.1765:0.0588 REPOSITION:9:0.5294:0.0588 END_TURN:1:0.0588:0.0588
ROOT g=132 t=21 ctx=def n=10 BLITZ:2:0.3333:0.1667 FOUL:1:0.0833:0.0833 REPOSITION:6:0.5000:0.0833 END_TURN:1:0.0833:0.0833
ROOT g=132 t=22 ctx=off n=22 ADVANCE:1:0.0874:0.0874 CAGE:1:0.0874:0.0874 BLITZ:1:0.0331:0.0331 BLOCK:3:0.2623:0.0874 PASS_ACTION:7:0.2318:0.0331 FOUL:4:0.1325:0.0331 REPOSITION:4:0.1325:0.0331 END_TURN:1:0.0331:0.0331
ROOT g=132 t=23 ctx=def n=10 BLITZ:2:0.3279:0.1639 BLOCK:1:0.0984:0.0984 FOUL:1:0.0820:0.0820 REPOSITION:5:0.4098:0.0820 END_TURN:1:0.0820:0.0820
ROOT g=132 t=24 ctx=def n=10 BLITZ:2:0.3125:0.1562 BLOCK:4:0.3750:0.0937 FOUL:1:0.0781:0.0781 REPOSITION:2:0.1562:0.0781 END_TURN:1:0.0781:0.0781
ROOT g=132 t=25 ctx=off n=10 SCORE:1:0.1639:0.1639 CAGE:1:0.0984:0.0984 BLITZ:1:0.0820:0.0820 FOUL:2:0.1639:0.0820 REPOSITION:3:0.2459:0.0820 END_TURN:1:0.0820:0.0820 BLITZ_AND_SCORE:1:0.1639:0.1639
ROOT g=132 t=26 ctx=loose n=10 BLITZ:1:0.0980:0.0980 BLOCK:1:0.1176:0.1176 FOUL:3:0.2941:0.0980 REPOSITION:4:0.3922:0.0980 END_TURN:1:0.0980:0.0980
ROOT g=132 t=27 ctx=loose n=3 BLITZ:1:0.4348:0.4348 REPOSITION:1:0.4348:0.4348 END_TURN:1:0.1304:0.1304
ROOT g=132 t=28 ctx=loose n=11 BLITZ:1:0.0909:0.0909 FOUL:4:0.3636:0.0909 REPOSITION:5:0.4545:0.0909 END_TURN:1:0.0909:0.0909
ROOT g=132 t=29 ctx=loose n=4 BLITZ:1:0.2632:0.2632 PICKUP:1:0.3684:0.3684 REPOSITION:1:0.2632:0.2632 END_TURN:1:0.1053:0.1053
ROOT g=132 t=30 ctx=def n=11 BLITZ:1:0.1803:0.1803 FOUL:4:0.3279:0.0820 REPOSITION:5:0.4098:0.0820 END_TURN:1:0.0820:0.0820
ROOT g=132 t=31 ctx=off n=3 ADVANCE:1:0.4348:0.4348 BLITZ:1:0.4348:0.4348 END_TURN:1:0.1304:0.1304
ROOT g=133 t=0 ctx=loose n=13 BLITZ:1:0.0614:0.0614 BLOCK:3:0.2875:0.0958 PICKUP:1:0.1597:0.1597 REPOSITION:7:0.4300:0.0614 END_TURN:1:0.0614:0.0614
ROOT g=133 t=1 ctx=loose n=11 BLITZ:1:0.0909:0.0909 REPOSITION:9:0.8182:0.0909 END_TURN:1:0.0909:0.0909
ROOT g=133 t=2 ctx=loose n=14 BLITZ:1:0.0503:0.0503 BLOCK:6:0.5070:0.0845 PICKUP:1:0.1408:0.1408 REPOSITION:5:0.2515:0.0503 END_TURN:1:0.0503:0.0503
ROOT g=133 t=3 ctx=loose n=13 BLITZ:1:0.0685:0.0685 PICKUP:1:0.1781:0.1781 FOUL:1:0.0685:0.0685 REPOSITION:9:0.6164:0.0685 END_TURN:1:0.0685:0.0685
ROOT g=133 t=4 ctx=loose n=12 BLITZ:1:0.0679:0.0679 BLOCK:3:0.2935:0.0978 PICKUP:1:0.1630:0.1630 REPOSITION:6:0.4076:0.0679 END_TURN:1:0.0679:0.0679
ROOT g=133 t=5 ctx=loose n=13 BLITZ:1:0.0685:0.0685 PICKUP:1:0.1781:0.1781 FOUL:1:0.0685:0.0685 REPOSITION:9:0.6164:0.0685 END_TURN:1:0.0685:0.0685
ROOT g=133 t=6 ctx=loose n=12 BLITZ:1:0.0679:0.0679 BLOCK:3:0.2935:0.0978 PICKUP:1:0.1630:0.1630 REPOSITION:6:0.4076:0.0679 END_TURN:1:0.0679:0.0679
ROOT g=133 t=7 ctx=loose n=14 BLITZ:1:0.0633:0.0633 PICKUP:1:0.1772:0.1772 FOUL:1:0.0633:0.0633 REPOSITION:10:0.6329:0.0633 END_TURN:1:0.0633:0.0633
ROOT g=133 t=8 ctx=loose n=11 BLITZ:1:0.0760:0.0760 BLOCK:3:0.3009:0.1003 PICKUP:1:0.1672:0.1672 REPOSITION:5:0.3799:0.0760 END_TURN:1:0.0760:0.0760
ROOT g=133 t=9 ctx=loose n=13 BLITZ:1:0.0660:0.0660 BLOCK:1:0.1029:0.1029 PICKUP:1:0.1715:0.1715 REPOSITION:9:0.5937:0.0660 END_TURN:1:0.0660:0.0660
ROOT g=133 t=10 ctx=loose n=10 BLITZ:1:0.0763:0.0763 BLOCK:3:0.2748:0.0916 PICKUP:1:0.2672:0.2672 REPOSITION:4:0.3053:0.0763 END_TURN:1:0.0763:0.0763
ROOT g=133 t=11 ctx=loose n=14 BLITZ:1:0.0519:0.0519 BLOCK:2:0.1745:0.0872 PICKUP:1:0.2544:0.2544 REPOSITION:9:0.4673:0.0519 END_TURN:1:0.0519:0.0519
ROOT g=133 t=12 ctx=loose n=10 BLITZ:1:0.0763:0.0763 BLOCK:3:0.2748:0.0916 PICKUP:1:0.2672:0.2672 REPOSITION:4:0.3053:0.0763 END_TURN:1:0.0763:0.0763
ROOT g=133 t=13 ctx=loose n=14 BLITZ:1:0.0519:0.0519 BLOCK:2:0.1745:0.0872 PICKUP:1:0.2544:0.2544 REPOSITION:9:0.4673:0.0519 END_TURN:1:0.0519:0.0519
ROOT g=133 t=14 ctx=loose n=10 BLITZ:1:0.0763:0.0763 BLOCK:3:0.2748:0.0916 PICKUP:1:0.2672:0.2672 REPOSITION:4:0.3053:0.0763 END_TURN:1:0.0763:0.0763
ROOT g=133 t=15 ctx=loose n=14 BLITZ:1:0.0519:0.0519 BLOCK:2:0.1745:0.0872 PICKUP:1:0.2544:0.2544 REPOSITION:9:0.4673:0.0519 END_TURN:1:0.0519:0.0519
ROOT g=133 t=16 ctx=loose n=13 BLITZ:1:0.0614:0.0614 BLOCK:3:0.2875:0.0958 PICKUP:1:0.1597:0.1597 REPOSITION:7:0.4300:0.0614 END_TURN:1:0.0614:0.0614
ROOT g=133 t=17 ctx=def n=12 BLITZ:2:0.3061:0.1531 BLOCK:2:0.1837:0.0918 REPOSITION:7:0.4464:0.0638 END_TURN:1:0.0638:0.0638
ROOT g=133 t=18 ctx=loose n=14 BLITZ:1:0.0503:0.0503 BLOCK:6:0.5070:0.0845 PICKUP:1:0.1408:0.1408 FOUL:1:0.0503:0.0503 REPOSITION:4:0.2012:0.0503 END_TURN:1:0.0503:0.0503
ROOT g=133 t=19 ctx=def n=10 BLITZ:2:0.3226:0.1613 BLOCK:2:0.1935:0.0968 REPOSITION:5:0.4032:0.0806 END_TURN:1:0.0806:0.0806
ROOT g=133 t=20 ctx=loose n=12 BLITZ:1:0.0679:0.0679 BLOCK:3:0.2935:0.0978 PICKUP:1:0.1630:0.1630 FOUL:1:0.0679:0.0679 REPOSITION:5:0.3397:0.0679 END_TURN:1:0.0679:0.0679
ROOT g=133 t=21 ctx=def n=10 BLITZ:2:0.3333:0.1667 FOUL:1:0.0833:0.0833 REPOSITION:6:0.5000:0.0833 END_TURN:1:0.0833:0.0833
ROOT g=133 t=22 ctx=off n=23 ADVANCE:1:0.0714:0.0714 CAGE:1:0.0714:0.0714 BLITZ:1:0.0259:0.0259 BLOCK:5:0.3568:0.0714 PASS_ACTION:2:0.0517:0.0259 FOUL:5:0.1293:0.0259 REPOSITION:3:0.0776:0.0259 END_TURN:1:0.0259:0.0259 HAND_OFF_SCORE:2:0.0951:0.0476 PASS_SCORE:1:0.0476:0.0476 CHAIN_SCORE:1:0.0476:0.0476
ROOT g=133 t=23 ctx=loose n=13 BLITZ:1:0.0569:0.0569 BLOCK:3:0.2662:0.0887 PICKUP:1:0.2218:0.2218 REPOSITION:7:0.3982:0.0569 END_TURN:1:0.0569:0.0569
ROOT g=133 t=24 ctx=def n=10 BLITZ:2:0.3333:0.1667 REPOSITION:7:0.5833:0.0833 END_TURN:1:0.0833:0.0833
ROOT g=133 t=25 ctx=off n=21 ADVANCE:1:0.1048:0.1048 CAGE:1:0.1048:0.1048 BLITZ:1:0.0416:0.0416 PASS_ACTION:9:0.3744:0.0416 FOUL:1:0.0416:0.0416 REPOSITION:7:0.2912:0.0416 END_TURN:1:0.0416:0.0416
ROOT g=133 t=26 ctx=def n=11 BLITZ:2:0.3284:0.1642 FOUL:1:0.0746:0.0746 REPOSITION:7:0.5224:0.0746 END_TURN:1:0.0746:0.0746
ROOT g=133 t=27 ctx=off n=20 ADVANCE:1:0.1053:0.1053 CAGE:1:0.1053:0.1053 BLITZ:1:0.0439:0.0439 PASS_ACTION:6:0.2632:0.0439 FOUL:3:0.1316:0.0439 REPOSITION:7:0.3070:0.0439 END_TURN:1:0.0439:0.0439
ROOT g=133 t=28 ctx=def n=11 BLITZ:2:0.3284:0.1642 FOUL:1:0.0746:0.0746 REPOSITION:7:0.5224:0.0746 END_TURN:1:0.0746:0.0746
ROOT g=133 t=29 ctx=loose n=16 BLITZ:1:0.0446:0.0446 BLOCK:2:0.1711:0.0856 PICKUP:1:0.2496:0.2496 FOUL:4:0.1783:0.0446 REPOSITION:7:0.3119:0.0446 END_TURN:1:0.0446:0.0446
ROOT g=133 t=30 ctx=def n=11 BLITZ:2:0.3134:0.1567 BLOCK:2:0.1880:0.0940 FOUL:2:0.1425:0.0712 REPOSITION:4:0.2849:0.0712 END_TURN:1:0.0712:0.0712
ROOT g=133 t=31 ctx=off n=17 ADVANCE:1:0.1069:0.1069 CAGE:1:0.1069:0.1069 BLITZ:1:0.0524:0.0524 PASS_ACTION:3:0.1572:0.0524 FOUL:3:0.1572:0.0524 REPOSITION:7:0.3669:0.0524 END_TURN:1:0.0524:0.0524
ROOT g=134 t=0 ctx=loose n=13 BLITZ:1:0.0614:0.0614 BLOCK:3:0.2875:0.0958 PICKUP:1:0.1597:0.1597 REPOSITION:7:0.4300:0.0614 END_TURN:1:0.0614:0.0614
ROOT g=134 t=1 ctx=def n=13 BLITZ:2:0.3103:0.1551 BLOCK:1:0.0931:0.0931 REPOSITION:9:0.5370:0.0597 END_TURN:1:0.0597:0.0597
ROOT g=134 t=2 ctx=off n=24 ADVANCE:1:0.1037:0.1037 CAGE:1:0.1037:0.1037 BLITZ:1:0.0360:0.0360 PASS_ACTION:10:0.3602:0.0360 FOUL:1:0.0360:0.0360 REPOSITION:9:0.3242:0.0360 END_TURN:1:0.0360:0.0360
ROOT g=134 t=3 ctx=def n=12 BLITZ:2:0.3150:0.1575 BLOCK:1:0.0945:0.0945 REPOSITION:8:0.5249:0.0656 END_TURN:1:0.0656:0.0656
ROOT g=134 t=4 ctx=off n=19 ADVANCE:1:0.1058:0.1058 CAGE:1:0.1058:0.1058 BLITZ:1:0.0464:0.0464 PASS_ACTION:4:0.1855:0.0464 FOUL:2:0.0928:0.0464 REPOSITION:9:0.4174:0.0464 END_TURN:1:0.0464:0.0464
ROOT g=134 t=5 ctx=def n=11 BLITZ:2:0.3207:0.1603 BLOCK:1:0.0962:0.0962 REPOSITION:7:0.5102:0.0729 END_TURN:1:0.0729:0.0729
ROOT g=134 t=6 ctx=off n=17 ADVANCE:1:0.1014:0.1014 CAGE:1:0.1014:0.1014 BLITZ:1:0.0497:0.0497 BLOCK:1:0.1014:0.1014 PASS_ACTION:3:0.1491:0.0497 FOUL:1:0.0497:0.0497 REPOSITION:8:0.3976:0.0497 END_TURN:1:0.0497:0.0497
ROOT g=134 t=7 ctx=def n=13 BLITZ:2:0.3210:0.1605 FOUL:2:0.1235:0.0617 REPOSITION:8:0.4938:0.0617 END_TURN:1:0.0617:0.0617
ROOT g=134 t=8 ctx=off n=19 ADVANCE:1:0.0855:0.0855 CAGE:1:0.0855:0.0855 BLITZ:1:0.0375:0.0375 BLOCK:4:0.3418:0.0855 PASS_ACTION:3:0.1124:0.0375 FOUL:2:0.0750:0.0375 REPOSITION:6:0.2249:0.0375 END_TURN:1:0.0375:0.0375
ROOT g=134 t=9 ctx=def n=13 BLITZ:2:0.3210:0.1605 FOUL:4:0.2469:0.0617 REPOSITION:6:0.3704:0.0617 END_TURN:1:0.0617:0.0617
ROOT g=134 t=10 ctx=off n=19 ADVANCE:1:0.0855:0.0855 CAGE:1:0.0855:0.0855 BLITZ:1:0.0375:0.0375 BLOCK:4:0.3418:0.0855 PASS_ACTION:3:0.1124:0.0375 FOUL:2:0.0750:0.0375 REPOSITION:6:0.2249:0.0375 END_TURN:1:0.0375:0.0375
ROOT g=134 t=11 ctx=def n=9 BLITZ:2:0.3352:0.1676 BLOCK:3:0.3017:0.1006 REPOSITION:3:0.2793:0.0931 END_TURN:1:0.0838:0.0838
ROOT g=134 t=12 ctx=off n=20 ADVANCE:1:0.0992:0.0992 CAGE:1:0.0992:0.0992 BLITZ:1:0.0413:0.0413 BLOCK:1:0.0992:0.0992 PASS_ACTION:3:0.1240:0.0413 FOUL:6:0.2479:0.0413 REPOSITION:6:0.2479:0.0413 END_TURN:1:0.0413:0.0413
ROOT g=134 t=13 ctx=def n=9 BLITZ:2:0.3429:0.1714 FOUL:1:0.0952:0.0952 REPOSITION:5:0.4762:0.0952 END_TURN:1:0.0857:0.0857
ROOT g=134 t=14 ctx=off n=20 ADVANCE:1:0.0992:0.0992 CAGE:1:0.0992:0.0992 BLITZ:1:0.0413:0.0413 BLOCK:1:0.0992:0.0992 PASS_ACTION:3:0.1240:0.0413 FOUL:6:0.2479:0.0413 REPOSITION:6:0.2479:0.0413 END_TURN:1:0.0413:0.0413
ROOT g=134 t=15 ctx=def n=8 BLITZ:2:0.3556:0.1778 BLOCK:4:0.4444:0.1111 REPOSITION:1:0.1111:0.1111 END_TURN:1:0.0889:0.0889
ROOT g=134 t=16 ctx=loose n=13 BLITZ:1:0.0614:0.0614 BLOCK:3:0.2875:0.0958 PICKUP:1:0.1597:0.1597 REPOSITION:7:0.4300:0.0614 END_TURN:1:0.0614:0.0614
ROOT g=134 t=17 ctx=def n=13 BLITZ:2:0.3002:0.1501 BLOCK:2:0.1801:0.0901 REPOSITION:8:0.4619:0.0577 END_TURN:1:0.0577:0.0577
ROOT g=134 t=18 ctx=off n=23 ADVANCE:1:0.1041:0.1041 CAGE:1:0.1041:0.1041 BLITZ:1:0.0377:0.0377 PASS_ACTION:9:0.3394:0.0377 FOUL:2:0.0754:0.0377 REPOSITION:8:0.3017:0.0377 END_TURN:1:0.0377:0.0377
ROOT g=134 t=19 ctx=def n=11 BLITZ:2:0.3284:0.1642 REPOSITION:8:0.5970:0.0746 END_TURN:1:0.0746:0.0746
ROOT g=134 t=20 ctx=off n=23 ADVANCE:1:0.1041:0.1041 CAGE:1:0.1041:0.1041 BLITZ:1:0.0377:0.0377 PASS_ACTION:8:0.3017:0.0377 FOUL:3:0.1131:0.0377 REPOSITION:8:0.3017:0.0377 END_TURN:1:0.0377:0.0377
ROOT g=134 t=21 ctx=def n=10 BLITZ:2:0.3333:0.1667 REPOSITION:7:0.5833:0.0833 END_TURN:1:0.0833:0.0833
ROOT g=134 t=22 ctx=off n=20 ADVANCE:1:0.1053:0.1053 CAGE:1:0.1053:0.1053 BLITZ:1:0.0439:0.0439 PASS_ACTION:7:0.3070:0.0439 FOUL:2:0.0877:0.0439 REPOSITION:7:0.3070:0.0439 END_TURN:1:0.0439:0.0439
ROOT g=134 t=23 ctx=def n=9 BLITZ:2:0.3429:0.1714 REPOSITION:6:0.5714:0.0952 END_TURN:1:0.0857:0.0857
ROOT g=134 t=24 ctx=off n=21 ADVANCE:1:0.0837:0.0837 CAGE:1:0.0837:0.0837 BLITZ:1:0.0332:0.0332 BLOCK:4:0.3347:0.0837 PASS_ACTION:7:0.2324:0.0332 FOUL:2:0.0664:0.0332 REPOSITION:4:0.1328:0.0332 END_TURN:1:0.0332:0.0332
ROOT g=134 t=25 ctx=def n=9 BLITZ:2:0.3429:0.1714 REPOSITION:6:0.5714:0.0952 END_TURN:1:0.0857:0.0857
ROOT g=134 t=26 ctx=off n=22 ADVANCE:1:0.0981:0.0981 CAGE:1:0.0981:0.0981 BLITZ:1:0.0371:0.0371 BLOCK:1:0.0981:0.0981 PASS_ACTION:6:0.2229:0.0371 FOUL:3:0.1114:0.0371 REPOSITION:8:0.2972:0.0371 END_TURN:1:0.0371:0.0371
ROOT g=134 t=27 ctx=def n=8 BLITZ:2:0.3556:0.1778 REPOSITION:5:0.5556:0.1111 END_TURN:1:0.0889:0.0889
ROOT g=134 t=28 ctx=off n=19 ADVANCE:1:0.0898:0.0898 CAGE:1:0.0898:0.0898 BLITZ:1:0.0394:0.0394 BLOCK:3:0.2693:0.0898 PASS_ACTION:4:0.1575:0.0394 FOUL:3:0.1181:0.0394 REPOSITION:5:0.1969:0.0394 END_TURN:1:0.0394:0.0394
ROOT g=134 t=29 ctx=def n=6 BLITZ:2:0.4000:0.2000 REPOSITION:3:0.5000:0.1667 END_TURN:1:0.1000:0.1000
ROOT g=134 t=30 ctx=loose n=16 BLITZ:1:0.0485:0.0485 PICKUP:1:0.2718:0.2718 FOUL:5:0.2427:0.0485 REPOSITION:8:0.3883:0.0485 END_TURN:1:0.0485:0.0485
ROOT g=134 t=31 ctx=def n=7 BLITZ:2:0.3733:0.1867 FOUL:1:0.1333:0.1333 REPOSITION:3:0.4000:0.1333 END_TURN:1:0.0933:0.0933
ROOT g=135 t=0 ctx=loose n=13 BLITZ:1:0.0614:0.0614 BLOCK:3:0.2875:0.0958 PICKUP:1:0.1597:0.1597 REPOSITION:7:0.4300:0.0614 END_TURN:1:0.0614:0.0614
ROOT g=135 t=1 ctx=loose n=11 BLITZ:1:0.0909:0.0909 REPOSITION:9:0.8182:0.0909 END_TURN:1:0.0909:0.0909
ROOT g=135 t=2 ctx=loose n=12 BLITZ:1:0.0660:0.0660 BLOCK:4:0.3799:0.0950 PICKUP:1:0.1583:0.1583 REPOSITION:5:0.3298:0.0660 END_TURN:1:0.0660:0.0660
ROOT g=135 t=3 ctx=loose n=12 BLITZ:1:0.0776:0.0776 BLOCK:2:0.2236:0.1118 REPOSITION:8:0.6211:0.0776 END_TURN:1:0.0776:0.0776
ROOT g=135 t=4 ctx=loose n=15 BLITZ:1:0.0476:0.0476 BLOCK:5:0.4286:0.0857 PICKUP:1:0.1429:0.1429 FOUL:2:0.0952:0.0476 REPOSITION:5:0.2381:0.0476 END_TURN:1:0.0476:0.0476
ROOT g=135 t=5 ctx=loose n=11 BLITZ:1:0.0883:0.0883 BLOCK:1:0.1166:0.1166 REPOSITION:8:0.7067:0.0883 END_TURN:1:0.0883:0.0883
ROOT g=135 t=6 ctx=loose n=14 BLITZ:1:0.0540:0.0540 BLOCK:4:0.3629:0.0907 PICKUP:1:0.1512:0.1512 FOUL:2:0.1080:0.0540 REPOSITION:5:0.2700:0.0540 END_TURN:1:0.0540:0.0540
ROOT g=135 t=7 ctx=loose n=12 BLITZ:1:0.0723:0.0723 BLOCK:1:0.1040:0.1040 PICKUP:1:0.1734:0.1734 FOUL:1:0.0723:0.0723 REPOSITION:7:0.5058:0.0723 END_TURN:1:0.0723:0.0723
ROOT g=135 t=8 ctx=loose n=20 BLITZ:1:0.0435:0.0435 PICKUP:1:0.1739:0.1739 FOUL:7:0.3043:0.0435 REPOSITION:10:0.4348:0.0435 END_TURN:1:0.0435:0.0435
ROOT g=135 t=9 ctx=loose n=10 BLITZ:1:0.0909:0.0909 PICKUP:1:0.1818:0.1818 REPOSITION:7:0.6364:0.0909 END_TURN:1:0.0909:0.0909
ROOT g=135 t=10 ctx=loose n=20 BLITZ:1:0.0385:0.0385 PICKUP:1:0.2692:0.2692 FOUL:7:0.2692:0.0385 REPOSITION:10:0.3846:0.0385 END_TURN:1:0.0385:0.0385
ROOT g=135 t=11 ctx=loose n=10 BLITZ:1:0.0800:0.0800 PICKUP:1:0.2800:0.2800 REPOSITION:7:0.5600:0.0800 END_TURN:1:0.0800:0.0800
ROOT g=135 t=12 ctx=loose n=17 BLITZ:1:0.0456:0.0456 PICKUP:1:0.2711:0.2711 FOUL:6:0.2733:0.0456 REPOSITION:8:0.3645:0.0456 END_TURN:1:0.0456:0.0456
ROOT g=135 t=13 ctx=loose n=10 BLITZ:1:0.0800:0.0800 PICKUP:1:0.2800:0.2800 FOUL:1:0.0800:0.0800 REPOSITION:6:0.4800:0.0800 END_TURN:1:0.0800:0.0800
ROOT g=135 t=14 ctx=loose n=17 BLITZ:1:0.0456:0.0456 PICKUP:1:0.2711:0.2711 FOUL:6:0.2733:0.0456 REPOSITION:8:0.3645:0.0456 END_TURN:1:0.0456:0.0456
ROOT g=135 t=15 ctx=loose n=10 BLITZ:1:0.0800:0.0800 PICKUP:1:0.2800:0.2800 FOUL:1:0.0800:0.0800 REPOSITION:6:0.4800:0.0800 END_TURN:1:0.0800:0.0800
ROOT g=135 t=16 ctx=loose n=13 BLITZ:1:0.0614:0.0614 BLOCK:3:0.2875:0.0958 PICKUP:1:0.1597:0.1597 REPOSITION:7:0.4300:0.0614 END_TURN:1:0.0614:0.0614
ROOT g=135 t=17 ctx=def n=10 BLITZ:2:0.3333:0.1667 REPOSITION:7:0.5833:0.0833 END_TURN:1:0.0833:0.0833
ROOT g=135 t=18 ctx=off n=20 ADVANCE:1:0.0992:0.0992 CAGE:1:0.0992:0.0992 BLITZ:1:0.0413:0.0413 BLOCK:1:0.0992:0.0992 PASS_ACTION:9:0.3719:0.0413 REPOSITION:6:0.2479:0.0413 END_TURN:1:0.0413:0.0413
ROOT g=135 t=19 ctx=def n=11 BLITZ:2:0.3284:0.1642 FOUL:1:0.0746:0.0746 REPOSITION:7:0.5224:0.0746 END_TURN:1:0.0746:0.0746
ROOT g=135 t=20 ctx=loose n=8 BLITZ:1:0.1190:0.1190 BLOCK:2:0.2381:0.1190 PICKUP:1:0.1905:0.1905 REPOSITION:3:0.3571:0.1190 END_TURN:1:0.0952:0.0952
ROOT g=135 t=21 ctx=loose n=14 BLITZ:1:0.0633:0.0633 PICKUP:1:0.1772:0.1772 FOUL:4:0.2532:0.0633 REPOSITION:7:0.4430:0.0633 END_TURN:1:0.0633:0.0633
ROOT g=135 t=22 ctx=loose n=9 BLITZ:1:0.1022:0.1022 BLOCK:1:0.1104:0.1104 PICKUP:1:0.1840:0.1840 REPOSITION:5:0.5112:0.1022 END_TURN:1:0.0920:0.0920
ROOT g=135 t=23 ctx=loose n=15 BLITZ:1:0.0588:0.0588 PICKUP:1:0.1765:0.1765 FOUL:4:0.2353:0.0588 REPOSITION:8:0.4706:0.0588 END_TURN:1:0.0588:0.0588
ROOT g=135 t=24 ctx=loose n=10 BLITZ:1:0.0893:0.0893 BLOCK:1:0.1071:0.1071 PICKUP:1:0.1786:0.1786 FOUL:1:0.0893:0.0893 REPOSITION:5:0.4464:0.0893 END_TURN:1:0.0893:0.0893
ROOT g=135 t=25 ctx=loose n=14 BLITZ:1:0.0633:0.0633 PICKUP:1:0.1772:0.1772 FOUL:4:0.2532:0.0633 REPOSITION:7:0.4430:0.0633 END_TURN:1:0.0633:0.0633
ROOT g=135 t=26 ctx=loose n=10 BLITZ:1:0.0787:0.0787 BLOCK:1:0.0945:0.0945 PICKUP:1:0.2756:0.2756 FOUL:1:0.0787:0.0787 REPOSITION:5:0.3937:0.0787 END_TURN:1:0.0787:0.0787
ROOT g=135 t=27 ctx=loose n=16 BLITZ:1:0.0485:0.0485 PICKUP:1:0.2718:0.2718 FOUL:5:0.2427:0.0485 REPOSITION:8:0.3883:0.0485 END_TURN:1:0.0485:0.0485
ROOT g=135 t=28 ctx=loose n=8 BLITZ:1:0.1042:0.1042 PICKUP:1:0.2917:0.2917 REPOSITION:5:0.5208:0.1042 END_TURN:1:0.0833:0.0833
ROOT g=135 t=29 ctx=loose n=16 BLITZ:1:0.0485:0.0485 PICKUP:1:0.2718:0.2718 FOUL:5:0.2427:0.0485 REPOSITION:8:0.3883:0.0485 END_TURN:1:0.0485:0.0485
ROOT g=135 t=30 ctx=loose n=8 BLITZ:1:0.1042:0.1042 PICKUP:1:0.2917:0.2917 REPOSITION:5:0.5208:0.1042 END_TURN:1:0.0833:0.0833
ROOT g=135 t=31 ctx=loose n=16 BLITZ:1:0.0485:0.0485 PICKUP:1:0.2718:0.2718 FOUL:5:0.2427:0.0485 REPOSITION:8:0.3883:0.0485 END_TURN:1:0.0485:0.0485
ROOT g=136 t=0 ctx=loose n=13 BLITZ:1:0.0614:0.0614 BLOCK:3:0.2875:0.0958 PICKUP:1:0.1597:0.1597 REPOSITION:7:0.4300:0.0614 END_TURN:1:0.0614:0.0614
ROOT g=136 t=1 ctx=def n=12 BLITZ:2:0.3061:0.1531 BLOCK:2:0.1837:0.0918 REPOSITION:7:0.4464:0.0638 END_TURN:1:0.0638:0.0638
ROOT g=136 t=2 ctx=off n=15 ADVANCE:1:0.0909:0.0909 CAGE:1:0.0909:0.0909 BLITZ:1:0.0505:0.0505 BLOCK:4:0.3636:0.0909 FOUL:1:0.0505:0.0505 REPOSITION:6:0.3030:0.0505 END_TURN:1:0.0505:0.0505
ROOT g=136 t=3 ctx=def n=12 BLITZ:2:0.3243:0.1622 FOUL:2:0.1351:0.0676 REPOSITION:7:0.4730:0.0676 END_TURN:1:0.0676:0.0676
ROOT g=136 t=4 ctx=off n=21 ADVANCE:1:0.0696:0.0696 CAGE:1:0.0696:0.0696 BLITZ:1:0.0276:0.0276 BLOCK:8:0.5569:0.0696 PASS_ACTION:1:0.0276:0.0276 FOUL:4:0.1105:0.0276 REPOSITION:4:0.1105:0.0276 END_TURN:1:0.0276:0.0276
ROOT g=136 t=5 ctx=def n=11 BLITZ:2:0.3284:0.1642 FOUL:2:0.1493:0.0746 REPOSITION:6:0.4478:0.0746 END_TURN:1:0.0746:0.0746
ROOT g=136 t=6 ctx=loose n=16 BLITZ:1:0.0499:0.0499 BLOCK:2:0.1916:0.0958 PICKUP:1:0.1597:0.1597 FOUL:4:0.1996:0.0499 REPOSITION:7:0.3493:0.0499 END_TURN:1:0.0499:0.0499
ROOT g=136 t=7 ctx=loose n=14 BLITZ:1:0.0633:0.0633 PICKUP:1:0.1772:0.1772 FOUL:4:0.2532:0.0633 REPOSITION:7:0.4430:0.0633 END_TURN:1:0.0633:0.0633
ROOT g=136 t=8 ctx=loose n=18 BLITZ:1:0.0485:0.0485 PICKUP:1:0.1748:0.1748 FOUL:6:0.2913:0.0485 REPOSITION:9:0.4369:0.0485 END_TURN:1:0.0485:0.0485
ROOT g=136 t=9 ctx=loose n=13 BLITZ:1:0.0685:0.0685 PICKUP:1:0.1781:0.1781 FOUL:3:0.2055:0.0685 REPOSITION:7:0.4795:0.0685 END_TURN:1:0.0685:0.0685
ROOT g=136 t=10 ctx=loose n=18 BLITZ:1:0.0429:0.0429 PICKUP:1:0.2704:0.2704 FOUL:6:0.2575:0.0429 REPOSITION:9:0.3863:0.0429 END_TURN:1:0.0429:0.0429
ROOT g=136 t=11 ctx=loose n=13 BLITZ:1:0.0604:0.0604 PICKUP:1:0.2749:0.2749 FOUL:3:0.1813:0.0604 REPOSITION:7:0.4230:0.0604 END_TURN:1:0.0604:0.0604
ROOT g=136 t=12 ctx=loose n=18 BLITZ:1:0.0429:0.0429 PICKUP:1:0.2704:0.2704 FOUL:6:0.2575:0.0429 REPOSITION:9:0.3863:0.0429 END_TURN:1:0.0429:0.0429
ROOT g=136 t=13 ctx=loose n=12 BLITZ:1:0.0658:0.0658 PICKUP:1:0.2763:0.2763 FOUL:2:0.1316:0.0658 REPOSITION:7:0.4605:0.0658 END_TURN:1:0.0658:0.0658
ROOT g=136 t=14 ctx=loose n=18 BLITZ:1:0.0429:0.0429 PICKUP:1:0.2704:0.2704 FOUL:6:0.2575:0.0429 REPOSITION:9:0.3863:0.0429 END_TURN:1:0.0429:0.0429
ROOT g=136 t=15 ctx=loose n=12 BLITZ:1:0.0658:0.0658 PICKUP:1:0.2763:0.2763 FOUL:2:0.1316:0.0658 REPOSITION:7:0.4605:0.0658 END_TURN:1:0.0658:0.0658
ROOT g=136 t=16 ctx=loose n=13 BLITZ:1:0.0614:0.0614 BLOCK:3:0.2875:0.0958 PICKUP:1:0.1597:0.1597 REPOSITION:7:0.4300:0.0614 END_TURN:1:0.0614:0.0614
ROOT g=136 t=17 ctx=def n=13 BLITZ:2:0.3210:0.1605 REPOSITION:10:0.6173:0.0617 END_TURN:1:0.0617:0.0617
ROOT g=136 t=18 ctx=off n=21 ADVANCE:1:0.0881:0.0881 CAGE:1:0.0881:0.0881 BLITZ:1:0.0350:0.0350 BLOCK:3:0.2643:0.0881 PASS_ACTION:8:0.2797:0.0350 REPOSITION:6:0.2098:0.0350 END_TURN:1:0.0350:0.0350
ROOT g=136 t=19 ctx=def n=12 BLITZ:2:0.3243:0.1622 REPOSITION:9:0.6081:0.0676 END_TURN:1:0.0676:0.0676
ROOT g=136 t=20 ctx=off n=23 ADVANCE:1:0.0868:0.0868 CAGE:1:0.0868:0.0868 BLITZ:1:0.0314:0.0314 BLOCK:3:0.2604:0.0868 PASS_ACTION:8:0.2516:0.0314 FOUL:2:0.0629:0.0314 REPOSITION:6:0.1887:0.0314 END_TURN:1:0.0314:0.0314
ROOT g=136 t=21 ctx=def n=12 BLITZ:2:0.2899:0.1449 BLOCK:4:0.3478:0.0870 REPOSITION:5:0.3019:0.0604 END_TURN:1:0.0604:0.0604
ROOT g=136 t=22 ctx=off n=17 SCORE:1:0.0725:0.0725 CAGE:1:0.1087:0.1087 BLITZ:1:0.0533:0.0533 FOUL:5:0.2665:0.0533 REPOSITION:7:0.3731:0.0533 END_TURN:1:0.0533:0.0533 BLITZ_AND_SCORE:1:0.0725:0.0725
ROOT g=136 t=23 ctx=loose n=13 BLITZ:1:0.0569:0.0569 BLOCK:3:0.2662:0.0887 PICKUP:1:0.2218:0.2218 REPOSITION:7:0.3982:0.0569 END_TURN:1:0.0569:0.0569
ROOT g=136 t=24 ctx=def n=13 BLITZ:2:0.3210:0.1605 FOUL:2:0.1235:0.0617 REPOSITION:8:0.4938:0.0617 END_TURN:1:0.0617:0.0617
ROOT g=136 t=25 ctx=off n=24 ADVANCE:1:0.1037:0.1037 CAGE:1:0.1037:0.1037 BLITZ:1:0.0360:0.0360 PASS_ACTION:9:0.3242:0.0360 FOUL:4:0.1441:0.0360 REPOSITION:7:0.2522:0.0360 END_TURN:1:0.0360:0.0360
ROOT g=136 t=26 ctx=def n=12 BLITZ:2:0.3243:0.1622 FOUL:2:0.1351:0.0676 REPOSITION:7:0.4730:0.0676 END_TURN:1:0.0676:0.0676
ROOT g=136 t=27 ctx=off n=14 ADVANCE:1:0.1094:0.1094 CAGE:1:0.1094:0.1094 BLITZ:1:0.0651:0.0651 PASS_ACTION:4:0.2604:0.0651 REPOSITION:6:0.3906:0.0651 END_TURN:1:0.0651:0.0651
ROOT g=136 t=28 ctx=def n=12 BLITZ:2:0.3243:0.1622 FOUL:2:0.1351:0.0676 REPOSITION:7:0.4730:0.0676 END_TURN:1:0.0676:0.0676
ROOT g=136 t=29 ctx=off n=17 ADVANCE:1:0.0919:0.0919 CAGE:1:0.0919:0.0919 BLITZ:1:0.0450:0.0450 BLOCK:3:0.2757:0.0919 PASS_ACTION:5:0.2252:0.0450 REPOSITION:5:0.2252:0.0450 END_TURN:1:0.0450:0.0450
ROOT g=136 t=30 ctx=def n=10 BLITZ:2:0.3333:0.1667 FOUL:2:0.1667:0.0833 REPOSITION:5:0.4167:0.0833 END_TURN:1:0.0833:0.0833
ROOT g=136 t=31 ctx=off n=21 ADVANCE:1:0.1048:0.1048 CAGE:1:0.1048:0.1048 BLITZ:1:0.0416:0.0416 PASS_ACTION:4:0.1664:0.0416 FOUL:6:0.2496:0.0416 REPOSITION:7:0.2912:0.0416 END_TURN:1:0.0416:0.0416
ROOT g=137 t=0 ctx=loose n=13 BLITZ:1:0.0614:0.0614 BLOCK:3:0.2875:0.0958 PICKUP:1:0.1597:0.1597 REPOSITION:7:0.4300:0.0614 END_TURN:1:0.0614:0.0614
ROOT g=137 t=1 ctx=def n=13 BLITZ:2:0.2820:0.1410 BLOCK:4:0.3384:0.0846 REPOSITION:6:0.3254:0.0542 END_TURN:1:0.0542:0.0542
ROOT g=137 t=2 ctx=off n=16 ADVANCE:1:0.1023:0.1023 CAGE:1:0.1023:0.1023 BLITZ:1:0.0533:0.0533 BLOCK:1:0.1023:0.1023 PASS_ACTION:4:0.2132:0.0533 FOUL:1:0.0533:0.0533 REPOSITION:6:0.3198:0.0533 END_TURN:1:0.0533:0.0533
ROOT g=137 t=3 ctx=def n=18 BLITZ:2:0.2956:0.1478 BLOCK:1:0.0887:0.0887 FOUL:6:0.2463:0.0411 REPOSITION:8:0.3284:0.0411 END_TURN:1:0.0411:0.0411
ROOT g=137 t=4 ctx=off n=12 ADVANCE:1:0.0984:0.0984 CAGE:1:0.0984:0.0984 BLITZ:1:0.0683:0.0683 BLOCK:4:0.3934:0.0984 PASS_ACTION:1:0.0683:0.0683 REPOSITION:3:0.2049:0.0683 END_TURN:1:0.0683:0.0683
ROOT g=137 t=5 ctx=def n=17 BLITZ:2:0.2619:0.1310 BLOCK:4:0.3143:0.0786 FOUL:6:0.2311:0.0385 REPOSITION:4:0.1541:0.0385 END_TURN:1:0.0385:0.0385
ROOT g=137 t=6 ctx=loose n=6 BLITZ:1:0.1724:0.1724 PICKUP:1:0.2069:0.2069 REPOSITION:3:0.5172:0.1724 END_TURN:1:0.1034:0.1034
ROOT g=137 t=7 ctx=def n=15 BLITZ:2:0.2703:0.1351 BLOCK:4:0.3243:0.0811 FOUL:5:0.2252:0.0450 REPOSITION:3:0.1351:0.0450 END_TURN:1:0.0450:0.0450
ROOT g=137 t=8 ctx=off n=8 ADVANCE:1:0.1282:0.1282 CAGE:1:0.1282:0.1282 BLITZ:1:0.1282:0.1282 PASS_ACTION:3:0.3846:0.1282 REPOSITION:1:0.1282:0.1282 END_TURN:1:0.1026:0.1026
ROOT g=137 t=9 ctx=def n=16 BLITZ:2:0.2469:0.1235 BLOCK:6:0.4444:0.0741 FOUL:5:0.1929:0.0386 REPOSITION:2:0.0772:0.0386 END_TURN:1:0.0386:0.0386
ROOT g=137 t=10 ctx=off n=5 ADVANCE:1:0.2222:0.2222 CAGE:1:0.2222:0.2222 BLITZ:1:0.2222:0.2222 REPOSITION:1:0.2222:0.2222 END_TURN:1:0.1111:0.1111
ROOT g=137 t=11 ctx=def n=14 BLITZ:2:0.3063:0.1532 BLOCK:1:0.0919:0.0919 FOUL:6:0.3282:0.0547 REPOSITION:4:0.2188:0.0547 END_TURN:1:0.0547:0.0547
ROOT g=137 t=12 ctx=off n=6 ADVANCE:1:0.1786:0.1786 CAGE:1:0.1786:0.1786 BLITZ:1:0.1786:0.1786 PASS_ACTION:1:0.1786:0.1786 REPOSITION:1:0.1786:0.1786 END_TURN:1:0.1071:0.1071
ROOT g=137 t=13 ctx=def n=11 BLITZ:1:0.1803:0.1803 FOUL:4:0.3279:0.0820 REPOSITION:5:0.4098:0.0820 END_TURN:1:0.0820:0.0820
ROOT g=137 t=15 ctx=loose n=13 PICKUP:1:0.2749:0.2749 FOUL:5:0.3021:0.0604 REPOSITION:6:0.3625:0.0604 END_TURN:1:0.0604:0.0604
ROOT g=137 t=16 ctx=loose n=12 BLITZ:1:0.0751:0.0751 BLOCK:3:0.3243:0.1081 REPOSITION:7:0.5255:0.0751 END_TURN:1:0.0751:0.0751
ROOT g=137 t=17 ctx=loose n=12 BLITZ:1:0.0727:0.0727 BLOCK:4:0.4186:0.1047 REPOSITION:6:0.4360:0.0727 END_TURN:1:0.0727:0.0727
ROOT g=137 t=18 ctx=loose n=11 BLITZ:1:0.0820:0.0820 PICKUP:1:0.1803:0.1803 REPOSITION:8:0.6557:0.0820 END_TURN:1:0.0820:0.0820
ROOT g=137 t=19 ctx=def n=11 BLITZ:2:0.3284:0.1642 FOUL:1:0.0746:0.0746 REPOSITION:7:0.5224:0.0746 END_TURN:1:0.0746:0.0746
ROOT g=137 t=20 ctx=off n=16 ADVANCE:1:0.1076:0.1076 CAGE:1:0.1076:0.1076 BLITZ:1:0.0561:0.0561 PASS_ACTION:6:0.3363:0.0561 REPOSITION:6:0.3363:0.0561 END_TURN:1:0.0561:0.0561
ROOT g=137 t=21 ctx=def n=11 BLITZ:2:0.3284:0.1642 FOUL:1:0.0746:0.0746 REPOSITION:7:0.5224:0.0746 END_TURN:1:0.0746:0.0746
ROOT g=137 t=22 ctx=off n=14 ADVANCE:1:0.1094:0.1094 CAGE:1:0.1094:0.1094 BLITZ:1:0.0651:0.0651 PASS_ACTION:5:0.3255:0.0651 REPOSITION:5:0.3255:0.0651 END_TURN:1:0.0651:0.0651
ROOT g=137 t=23 ctx=def n=11 BLITZ:2:0.3284:0.1642 FOUL:1:0.0746:0.0746 REPOSITION:7:0.5224:0.0746 END_TURN:1:0.0746:0.0746
ROOT g=137 t=24 ctx=off n=12 ADVANCE:1:0.1118:0.1118 CAGE:1:0.1118:0.1118 BLITZ:1:0.0776:0.0776 PASS_ACTION:4:0.3106:0.0776 REPOSITION:4:0.3106:0.0776 END_TURN:1:0.0776:0.0776
ROOT g=137 t=25 ctx=def n=13 BLITZ:2:0.3210:0.1605 FOUL:3:0.1852:0.0617 REPOSITION:7:0.4321:0.0617 END_TURN:1:0.0617:0.0617
ROOT g=137 t=26 ctx=off n=13 ADVANCE:1:0.1024:0.1024 CAGE:1:0.1024:0.1024 BLITZ:1:0.0656:0.0656 BLOCK:2:0.2047:0.1024 PASS_ACTION:4:0.2625:0.0656 REPOSITION:3:0.1969:0.0656 END_TURN:1:0.0656:0.0656
ROOT g=137 t=27 ctx=def n=11 BLITZ:2:0.3284:0.1642 FOUL:2:0.1493:0.0746 REPOSITION:6:0.4478:0.0746 END_TURN:1:0.0746:0.0746
ROOT g=137 t=28 ctx=off n=16 ADVANCE:1:0.0976:0.0976 CAGE:1:0.0976:0.0976 BLITZ:1:0.0508:0.0508 BLOCK:2:0.1951:0.0976 PASS_ACTION:4:0.2033:0.0508 FOUL:1:0.0508:0.0508 REPOSITION:5:0.2541:0.0508 END_TURN:1:0.0508:0.0508
ROOT g=137 t=29 ctx=def n=8 BLITZ:2:0.3556:0.1778 FOUL:1:0.1111:0.1111 REPOSITION:4:0.4444:0.1111 END_TURN:1:0.0889:0.0889
ROOT g=137 t=30 ctx=off n=19 ADVANCE:1:0.1058:0.1058 CAGE:1:0.1058:0.1058 BLITZ:1:0.0464:0.0464 PASS_ACTION:4:0.1855:0.0464 FOUL:5:0.2319:0.0464 REPOSITION:6:0.2783:0.0464 END_TURN:1:0.0464:0.0464
ROOT g=137 t=31 ctx=def n=9 BLITZ:2:0.3429:0.1714 FOUL:2:0.1905:0.0952 REPOSITION:4:0.3810:0.0952 END_TURN:1:0.0857:0.0857
ROOT g=138 t=0 ctx=loose n=12 BLITZ:1:0.0751:0.0751 BLOCK:3:0.3243:0.1081 REPOSITION:7:0.5255:0.0751 END_TURN:1:0.0751:0.0751
ROOT g=138 t=1 ctx=loose n=11 BLITZ:1:0.0859:0.0859 BLOCK:2:0.2268:0.1134 REPOSITION:7:0.6014:0.0859 END_TURN:1:0.0859:0.0859
ROOT g=138 t=2 ctx=loose n=12 BLITZ:1:0.0746:0.0746 PICKUP:1:0.1791:0.1791 REPOSITION:9:0.6716:0.0746 END_TURN:1:0.0746:0.0746
ROOT g=138 t=3 ctx=loose n=12 BLITZ:1:0.0833:0.0833 FOUL:1:0.0833:0.0833 REPOSITION:9:0.7500:0.0833 END_TURN:1:0.0833:0.0833
ROOT g=138 t=4 ctx=loose n=11 BLITZ:1:0.0799:0.0799 BLOCK:1:0.1054:0.1054 PICKUP:1:0.1757:0.1757 REPOSITION:7:0.5591:0.0799 END_TURN:1:0.0799:0.0799
ROOT g=138 t=5 ctx=loose n=10 BLITZ:1:0.0909:0.0909 PICKUP:1:0.1818:0.1818 REPOSITION:7:0.6364:0.0909 END_TURN:1:0.0909:0.0909
ROOT g=138 t=6 ctx=loose n=14 BLITZ:1:0.0607:0.0607 BLOCK:1:0.1019:0.1019 PICKUP:1:0.1699:0.1699 FOUL:2:0.1214:0.0607 REPOSITION:8:0.4854:0.0607 END_TURN:1:0.0607:0.0607
ROOT g=138 t=7 ctx=loose n=10 BLITZ:1:0.0909:0.0909 PICKUP:1:0.1818:0.1818 REPOSITION:7:0.6364:0.0909 END_TURN:1:0.0909:0.0909
ROOT g=138 t=8 ctx=loose n=11 BLITZ:1:0.0799:0.0799 BLOCK:1:0.1054:0.1054 PICKUP:1:0.1757:0.1757 FOUL:1:0.0799:0.0799 REPOSITION:6:0.4792:0.0799 END_TURN:1:0.0799:0.0799
ROOT g=138 t=9 ctx=loose n=11 BLITZ:1:0.0820:0.0820 PICKUP:1:0.1803:0.1803 FOUL:2:0.1639:0.0820 REPOSITION:6:0.4918:0.0820 END_TURN:1:0.0820:0.0820
ROOT g=138 t=10 ctx=loose n=12 BLITZ:1:0.0658:0.0658 PICKUP:1:0.2763:0.2763 FOUL:1:0.0658:0.0658 REPOSITION:8:0.5263:0.0658 END_TURN:1:0.0658:0.0658
ROOT g=138 t=11 ctx=loose n=14 BLITZ:1:0.0559:0.0559 PICKUP:1:0.2737:0.2737 FOUL:2:0.1117:0.0559 REPOSITION:9:0.5028:0.0559 END_TURN:1:0.0559:0.0559
ROOT g=138 t=12 ctx=loose n=11 BLITZ:1:0.0722:0.0722 PICKUP:1:0.2780:0.2780 FOUL:1:0.0722:0.0722 REPOSITION:7:0.5054:0.0722 END_TURN:1:0.0722:0.0722
ROOT g=138 t=13 ctx=loose n=9 BLITZ:1:0.0905:0.0905 PICKUP:1:0.2851:0.2851 REPOSITION:6:0.5430:0.0905 END_TURN:1:0.0814:0.0814
ROOT g=138 t=14 ctx=loose n=12 BLITZ:1:0.0658:0.0658 PICKUP:1:0.2763:0.2763 FOUL:1:0.0658:0.0658 REPOSITION:8:0.5263:0.0658 END_TURN:1:0.0658:0.0658
ROOT g=138 t=15 ctx=loose n=9 BLITZ:1:0.0905:0.0905 PICKUP:1:0.2851:0.2851 REPOSITION:6:0.5430:0.0905 END_TURN:1:0.0814:0.0814
ROOT g=138 t=16 ctx=loose n=13 BLITZ:1:0.0614:0.0614 BLOCK:3:0.2875:0.0958 PICKUP:1:0.1597:0.1597 REPOSITION:7:0.4300:0.0614 END_TURN:1:0.0614:0.0614
ROOT g=138 t=17 ctx=def n=14 BLITZ:2:0.2954:0.1477 BLOCK:2:0.1772:0.0886 REPOSITION:9:0.4747:0.0527 END_TURN:1:0.0527:0.0527
ROOT g=138 t=18 ctx=off n=19 ADVANCE:1:0.0815:0.0815 CAGE:1:0.0815:0.0815 BLITZ:1:0.0358:0.0358 BLOCK:5:0.4077:0.0815 PASS_ACTION:6:0.2146:0.0358 REPOSITION:4:0.1431:0.0358 END_TURN:1:0.0358:0.0358
ROOT g=138 t=19 ctx=def n=12 BLITZ:2:0.3243:0.1622 REPOSITION:9:0.6081:0.0676 END_TURN:1:0.0676:0.0676
ROOT g=138 t=20 ctx=off n=16 ADVANCE:1:0.0976:0.0976 CAGE:1:0.0976:0.0976 BLITZ:1:0.0508:0.0508 BLOCK:2:0.1951:0.0976 PASS_ACTION:3:0.1524:0.0508 FOUL:1:0.0508:0.0508 REPOSITION:6:0.3049:0.0508 END_TURN:1:0.0508:0.0508
ROOT g=138 t=21 ctx=def n=13 BLITZ:2:0.3210:0.1605 FOUL:1:0.0617:0.0617 REPOSITION:9:0.5556:0.0617 END_TURN:1:0.0617:0.0617
ROOT g=138 t=22 ctx=off n=18 ADVANCE:1:0.0908:0.0908 CAGE:1:0.0908:0.0908 BLITZ:1:0.0420:0.0420 BLOCK:3:0.2723:0.0908 PASS_ACTION:5:0.2101:0.0420 FOUL:1:0.0420:0.0420 REPOSITION:5:0.2101:0.0420 END_TURN:1:0.0420:0.0420
ROOT g=138 t=23 ctx=def n=11 BLITZ:2:0.3064:0.1532 BLOCK:3:0.2758:0.0919 FOUL:1:0.0696:0.0696 REPOSITION:4:0.2786:0.0696 END_TURN:1:0.0696:0.0696
ROOT g=138 t=24 ctx=off n=15 ADVANCE:1:0.1084:0.1084 CAGE:1:0.1084:0.1084 BLITZ:1:0.0602:0.0602 PASS_ACTION:3:0.1807:0.0602 FOUL:3:0.1807:0.0602 REPOSITION:5:0.3012:0.0602 END_TURN:1:0.0602:0.0602
ROOT g=138 t=25 ctx=def n=12 BLITZ:2:0.3243:0.1622 FOUL:3:0.2027:0.0676 REPOSITION:6:0.4054:0.0676 END_TURN:1:0.0676:0.0676
ROOT g=138 t=26 ctx=off n=14 ADVANCE:1:0.1094:0.1094 CAGE:1:0.1094:0.1094 BLITZ:1:0.0651:0.0651 PASS_ACTION:3:0.1953:0.0651 FOUL:3:0.1953:0.0651 REPOSITION:4:0.2604:0.0651 END_TURN:1:0.0651:0.0651
ROOT g=138 t=27 ctx=def n=10 BLITZ:2:0.3333:0.1667 FOUL:1:0.0833:0.0833 REPOSITION:6:0.5000:0.0833 END_TURN:1:0.0833:0.0833
ROOT g=138 t=28 ctx=off n=15 ADVANCE:1:0.0613:0.0613 CAGE:1:0.0613:0.0613 BLITZ:1:0.0341:0.0341 PASS_ACTION:2:0.0681:0.0341 FOUL:2:0.0681:0.0341 REPOSITION:4:0.1363:0.0341 END_TURN:1:0.0341:0.0341 HAND_OFF_SCORE:2:0.3578:0.1789 CHAIN_SCORE:1:0.1789:0.1789
ROOT g=138 t=29 ctx=def n=10 BLITZ:2:0.3333:0.1667 FOUL:2:0.1667:0.0833 REPOSITION:5:0.4167:0.0833 END_TURN:1:0.0833:0.0833
ROOT g=138 t=30 ctx=def n=5 BLITZ:2:0.4444:0.2222 FOUL:1:0.2222:0.2222 REPOSITION:1:0.2222:0.2222 END_TURN:1:0.1111:0.1111
ROOT g=138 t=31 ctx=off n=10 ADVANCE:1:0.1154:0.1154 CAGE:1:0.1154:0.1154 BLITZ:1:0.0962:0.0962 PASS_ACTION:3:0.2885:0.0962 REPOSITION:3:0.2885:0.0962 END_TURN:1:0.0962:0.0962
ROOT g=139 t=0 ctx=loose n=13 BLITZ:1:0.0614:0.0614 BLOCK:3:0.2875:0.0958 PICKUP:1:0.1597:0.1597 REPOSITION:7:0.4300:0.0614 END_TURN:1:0.0614:0.0614
ROOT g=139 t=1 ctx=def n=11 BLITZ:2:0.3284:0.1642 REPOSITION:8:0.5970:0.0746 END_TURN:1:0.0746:0.0746
ROOT g=139 t=2 ctx=off n=24 ADVANCE:1:0.0972:0.0972 CAGE:1:0.0972:0.0972 BLITZ:1:0.0337:0.0337 BLOCK:1:0.0972:0.0972 PASS_ACTION:10:0.3374:0.0337 FOUL:1:0.0337:0.0337 REPOSITION:8:0.2699:0.0337 END_TURN:1:0.0337:0.0337
ROOT g=139 t=3 ctx=def n=11 BLITZ:2:0.3207:0.1603 BLOCK:1:0.0962:0.0962 REPOSITION:7:0.5102:0.0729 END_TURN:1:0.0729:0.0729
ROOT g=139 t=4 ctx=loose n=15 BLITZ:1:0.0588:0.0588 PICKUP:1:0.1765:0.1765 FOUL:4:0.2353:0.0588 REPOSITION:8:0.4706:0.0588 END_TURN:1:0.0588:0.0588
ROOT g=139 t=5 ctx=def n=10 BLITZ:2:0.3279:0.1639 BLOCK:1:0.0984:0.0984 REPOSITION:6:0.4918:0.0820 END_TURN:1:0.0820:0.0820
ROOT g=139 t=6 ctx=off n=16 ADVANCE:1:0.1076:0.1076 CAGE:1:0.1076:0.1076 BLITZ:1:0.0561:0.0561 PASS_ACTION:1:0.0561:0.0561 FOUL:4:0.2242:0.0561 REPOSITION:7:0.3924:0.0561 END_TURN:1:0.0561:0.0561
ROOT g=139 t=7 ctx=def n=9 BLITZ:2:0.3403:0.1701 BLOCK:1:0.1021:0.1021 REPOSITION:5:0.4726:0.0945 END_TURN:1:0.0851:0.0851
ROOT g=139 t=8 ctx=off n=16 ADVANCE:1:0.1076:0.1076 CAGE:1:0.1076:0.1076 BLITZ:1:0.0561:0.0561 PASS_ACTION:1:0.0561:0.0561 FOUL:4:0.2242:0.0561 REPOSITION:7:0.3924:0.0561 END_TURN:1:0.0561:0.0561
ROOT g=139 t=9 ctx=def n=8 BLITZ:2:0.3556:0.1778 BLOCK:1:0.1111:0.1111 REPOSITION:4:0.4444:0.1111 END_TURN:1:0.0889:0.0889
ROOT g=139 t=10 ctx=off n=17 ADVANCE:1:0.1069:0.1069 CAGE:1:0.1069:0.1069 BLITZ:1:0.0524:0.0524 FOUL:6:0.3145:0.0524 REPOSITION:7:0.3669:0.0524 END_TURN:1:0.0524:0.0524
ROOT g=139 t=11 ctx=def n=6 BLITZ:2:0.4000:0.2000 BLOCK:1:0.1667:0.1667 REPOSITION:2:0.3333:0.1667 END_TURN:1:0.1000:0.1000
ROOT g=139 t=12 ctx=off n=24 ADVANCE:1:0.0445:0.0445 CAGE:1:0.0445:0.0445 BLITZ:1:0.0154:0.0154 PASS_ACTION:2:0.0309:0.0154 FOUL:6:0.0926:0.0154 REPOSITION:7:0.1081:0.0154 END_TURN:1:0.0154:0.0154 HAND_OFF_SCORE:3:0.3891:0.1297 PASS_SCORE:1:0.1297:0.1297 CHAIN_SCORE:1:0.1297:0.1297
ROOT g=139 t=13 ctx=loose n=13 BLITZ:1:0.0549:0.0549 BLOCK:3:0.2567:0.0856 PICKUP:1:0.2496:0.2496 REPOSITION:7:0.3840:0.0549 END_TURN:1:0.0549:0.0549
ROOT g=139 t=14 ctx=def n=10 BLITZ:2:0.3333:0.1667 REPOSITION:7:0.5833:0.0833 END_TURN:1:0.0833:0.0833
ROOT g=139 t=15 ctx=off n=23 ADVANCE:1:0.0976:0.0976 CAGE:1:0.0976:0.0976 BLITZ:1:0.0354:0.0354 BLOCK:1:0.0976:0.0976 PASS_ACTION:9:0.3182:0.0354 FOUL:2:0.0707:0.0354 REPOSITION:7:0.2475:0.0354 END_TURN:1:0.0354:0.0354
ROOT g=139 t=16 ctx=loose n=13 BLITZ:1:0.0569:0.0569 BLOCK:3:0.2662:0.0887 PICKUP:1:0.2218:0.2218 REPOSITION:7:0.3982:0.0569 END_TURN:1:0.0569:0.0569
ROOT g=139 t=17 ctx=def n=13 BLITZ:2:0.3002:0.1501 BLOCK:2:0.1801:0.0901 REPOSITION:8:0.4619:0.0577 END_TURN:1:0.0577:0.0577
ROOT g=139 t=18 ctx=off n=20 ADVANCE:1:0.1053:0.1053 CAGE:1:0.1053:0.1053 BLITZ:1:0.0439:0.0439 PASS_ACTION:9:0.3947:0.0439 REPOSITION:7:0.3070:0.0439 END_TURN:1:0.0439:0.0439
ROOT g=139 t=19 ctx=def n=14 BLITZ:2:0.2954:0.1477 BLOCK:2:0.1772:0.0886 REPOSITION:9:0.4747:0.0527 END_TURN:1:0.0527:0.0527
ROOT g=139 t=20 ctx=loose n=12 BLITZ:1:0.0611:0.0611 BLOCK:4:0.3521:0.0880 PICKUP:1:0.2200:0.2200 REPOSITION:5:0.3056:0.0611 END_TURN:1:0.0611:0.0611
ROOT g=139 t=21 ctx=loose n=10 BLITZ:1:0.0909:0.0909 PICKUP:1:0.1818:0.1818 FOUL:1:0.0909:0.0909 REPOSITION:6:0.5455:0.0909 END_TURN:1:0.0909:0.0909
ROOT g=139 t=22 ctx=loose n=16 BLITZ:1:0.0443:0.0443 BLOCK:3:0.2553:0.0851 PICKUP:1:0.2128:0.2128 FOUL:4:0.1773:0.0443 REPOSITION:6:0.2660:0.0443 END_TURN:1:0.0443:0.0443
ROOT g=139 t=23 ctx=loose n=13 BLITZ:1:0.0636:0.0636 BLOCK:2:0.1985:0.0992 PICKUP:1:0.1654:0.1654 FOUL:2:0.1272:0.0636 REPOSITION:6:0.3817:0.0636 END_TURN:1:0.0636:0.0636
ROOT g=139 t=24 ctx=def n=12 BLITZ:2:0.3150:0.1575 BLOCK:1:0.0945:0.0945 FOUL:3:0.1969:0.0656 REPOSITION:5:0.3281:0.0656 END_TURN:1:0.0656:0.0656
ROOT g=139 t=25 ctx=off n=21 SCORE:1:0.0197:0.0197 CAGE:1:0.1180:0.1180 BLITZ:1:0.0468:0.0468 PASS_ACTION:1:0.0468:0.0468 FOUL:7:0.3277:0.0468 REPOSITION:8:0.3745:0.0468 END_TURN:1:0.0468:0.0468 BLITZ_AND_SCORE:1:0.0197:0.0197
ROOT g=139 t=26 ctx=loose n=9 BLITZ:1:0.1124:0.1124 FOUL:2:0.2247:0.1124 REPOSITION:5:0.5618:0.1124 END_TURN:1:0.1011:0.1011
ROOT g=139 t=27 ctx=loose n=15 BLITZ:1:0.0633:0.0633 BLOCK:1:0.1139:0.1139 FOUL:4:0.2532:0.0633 REPOSITION:8:0.5063:0.0633 END_TURN:1:0.0633:0.0633
ROOT g=139 t=28 ctx=loose n=9 BLITZ:1:0.1124:0.1124 FOUL:2:0.2247:0.1124 REPOSITION:5:0.5618:0.1124 END_TURN:1:0.1011:0.1011
ROOT g=139 t=29 ctx=loose n=15 BLITZ:1:0.0633:0.0633 BLOCK:1:0.1139:0.1139 FOUL:4:0.2532:0.0633 REPOSITION:8:0.5063:0.0633 END_TURN:1:0.0633:0.0633
ROOT g=139 t=30 ctx=loose n=8 BLITZ:1:0.1282:0.1282 FOUL:2:0.2564:0.1282 REPOSITION:4:0.5128:0.1282 END_TURN:1:0.1026:0.1026
ROOT g=139 t=31 ctx=loose n=16 BLITZ:1:0.0625:0.0625 FOUL:5:0.3125:0.0625 REPOSITION:9:0.5625:0.0625 END_TURN:1:0.0625:0.0625
ROOT g=140 t=0 ctx=loose n=13 BLITZ:1:0.0614:0.0614 BLOCK:3:0.2875:0.0958 PICKUP:1:0.1597:0.1597 REPOSITION:7:0.4300:0.0614 END_TURN:1:0.0614:0.0614
ROOT g=140 t=1 ctx=def n=14 BLITZ:2:0.3182:0.1591 REPOSITION:11:0.6250:0.0568 END_TURN:1:0.0568:0.0568
ROOT g=140 t=2 ctx=off n=21 ADVANCE:1:0.0931:0.0931 CAGE:1:0.0931:0.0931 BLITZ:1:0.0369:0.0369 BLOCK:2:0.1861:0.0931 PASS_ACTION:9:0.3323:0.0369 REPOSITION:6:0.2216:0.0369 END_TURN:1:0.0369:0.0369
ROOT g=140 t=3 ctx=def n=12 BLITZ:2:0.3243:0.1622 REPOSITION:9:0.6081:0.0676 END_TURN:1:0.0676:0.0676
ROOT g=140 t=4 ctx=off n=16 ADVANCE:1:0.1076:0.1076 CAGE:1:0.1076:0.1076 BLITZ:1:0.0561:0.0561 PASS_ACTION:6:0.3363:0.0561 REPOSITION:6:0.3363:0.0561 END_TURN:1:0.0561:0.0561
ROOT g=140 t=5 ctx=def n=14 BLITZ:2:0.3182:0.1591 FOUL:2:0.1136:0.0568 REPOSITION:9:0.5114:0.0568 END_TURN:1:0.0568:0.0568
ROOT g=140 t=6 ctx=off n=12 ADVANCE:1:0.1118:0.1118 CAGE:1:0.1118:0.1118 BLITZ:1:0.0776:0.0776 PASS_ACTION:1:0.0776:0.0776 FOUL:1:0.0776:0.0776 REPOSITION:6:0.4658:0.0776 END_TURN:1:0.0776:0.0776
ROOT g=140 t=7 ctx=def n=12 BLITZ:2:0.3243:0.1622 FOUL:1:0.0676:0.0676 REPOSITION:8:0.5405:0.0676 END_TURN:1:0.0676:0.0676
ROOT g=140 t=8 ctx=off n=17 ADVANCE:1:0.1069:0.1069 CAGE:1:0.1069:0.1069 BLITZ:1:0.0524:0.0524 PASS_ACTION:4:0.2096:0.0524 FOUL:2:0.1048:0.0524 REPOSITION:7:0.3669:0.0524 END_TURN:1:0.0524:0.0524
ROOT g=140 t=9 ctx=def n=12 BLITZ:2:0.3061:0.1531 BLOCK:2:0.1837:0.0918 FOUL:2:0.1276:0.0638 REPOSITION:5:0.3189:0.0638 END_TURN:1:0.0638:0.0638
ROOT g=140 t=10 ctx=def n=7 BLITZ:2:0.3733:0.1867 FOUL:1:0.1333:0.1333 REPOSITION:3:0.4000:0.1333 END_TURN:1:0.0933:0.0933
ROOT g=140 t=11 ctx=off n=23 ADVANCE:1:0.0517:0.0517 CAGE:1:0.0517:0.0517 BLITZ:1:0.0187:0.0187 BLOCK:3:0.1551:0.0517 PASS_ACTION:2:0.0375:0.0187 FOUL:5:0.0936:0.0187 REPOSITION:3:0.0562:0.0187 END_TURN:1:0.0187:0.0187 BLITZ_AND_SCORE:1:0.0861:0.0861 HAND_OFF_SCORE:3:0.2584:0.0861 PASS_SCORE:1:0.0861:0.0861 CHAIN_SCORE:1:0.0861:0.0861
ROOT g=140 t=12 ctx=def n=9 BLITZ:2:0.3429:0.1714 FOUL:2:0.1905:0.0952 REPOSITION:4:0.3810:0.0952 END_TURN:1:0.0857:0.0857
ROOT g=140 t=13 ctx=loose n=11 BLITZ:1:0.0690:0.0690 BLOCK:2:0.1822:0.0911 PICKUP:1:0.2657:0.2657 FOUL:3:0.2070:0.0690 REPOSITION:3:0.2070:0.0690 END_TURN:1:0.0690:0.0690
ROOT g=140 t=14 ctx=loose n=10 BLITZ:1:0.0800:0.0800 PICKUP:1:0.2800:0.2800 FOUL:3:0.2400:0.0800 REPOSITION:4:0.3200:0.0800 END_TURN:1:0.0800:0.0800
ROOT g=140 t=15 ctx=loose n=9 BLITZ:1:0.0905:0.0905 PICKUP:1:0.2851:0.2851 FOUL:2:0.1810:0.0905 REPOSITION:4:0.3620:0.0905 END_TURN:1:0.0814:0.0814
ROOT g=140 t=16 ctx=loose n=13 BLITZ:1:0.0614:0.0614 BLOCK:3:0.2875:0.0958 PICKUP:1:0.1597:0.1597 REPOSITION:7:0.4300:0.0614 END_TURN:1:0.0614:0.0614
ROOT g=140 t=17 ctx=loose n=12 BLITZ:1:0.0746:0.0746 PICKUP:1:0.1791:0.1791 REPOSITION:9:0.6716:0.0746 END_TURN:1:0.0746:0.0746
ROOT g=140 t=18 ctx=loose n=14 BLITZ:1:0.0561:0.0561 BLOCK:3:0.2825:0.0942 PICKUP:1:0.1570:0.1570 REPOSITION:8:0.4484:0.0561 END_TURN:1:0.0561:0.0561
ROOT g=140 t=19 ctx=loose n=12 BLITZ:1:0.0746:0.0746 PICKUP:1:0.1791:0.1791 REPOSITION:9:0.6716:0.0746 END_TURN:1:0.0746:0.0746
ROOT g=140 t=20 ctx=loose n=14 BLITZ:1:0.0633:0.0633 PICKUP:1:0.1772:0.1772 REPOSITION:11:0.6962:0.0633 END_TURN:1:0.0633:0.0633
ROOT g=140 t=21 ctx=loose n=13 BLITZ:1:0.0685:0.0685 PICKUP:1:0.1781:0.1781 REPOSITION:10:0.6849:0.0685 END_TURN:1:0.0685:0.0685
ROOT g=140 t=22 ctx=loose n=14 BLITZ:1:0.0633:0.0633 PICKUP:1:0.1772:0.1772 REPOSITION:11:0.6962:0.0633 END_TURN:1:0.0633:0.0633
ROOT g=140 t=23 ctx=loose n=13 BLITZ:1:0.0685:0.0685 PICKUP:1:0.1781:0.1781 REPOSITION:10:0.6849:0.0685 END_TURN:1:0.0685:0.0685
ROOT g=140 t=24 ctx=loose n=12 BLITZ:1:0.0746:0.0746 PICKUP:1:0.1791:0.1791 REPOSITION:9:0.6716:0.0746 END_TURN:1:0.0746:0.0746
ROOT g=140 t=25 ctx=loose n=14 BLITZ:1:0.0607:0.0607 BLOCK:1:0.1019:0.1019 PICKUP:1:0.1699:0.1699 FOUL:1:0.0607:0.0607 REPOSITION:9:0.5461:0.0607 END_TURN:1:0.0607:0.0607
ROOT g=140 t=26 ctx=loose n=12 BLITZ:1:0.0658:0.0658 PICKUP:1:0.2763:0.2763 REPOSITION:9:0.5921:0.0658 END_TURN:1:0.0658:0.0658
ROOT g=140 t=27 ctx=loose n=14 BLITZ:1:0.0538:0.0538 BLOCK:1:0.0904:0.0904 PICKUP:1:0.2637:0.2637 FOUL:1:0.0538:0.0538 REPOSITION:9:0.4844:0.0538 END_TURN:1:0.0538:0.0538
ROOT g=140 t=28 ctx=loose n=13 BLITZ:1:0.0604:0.0604 PICKUP:1:0.2749:0.2749 REPOSITION:10:0.6042:0.0604 END_TURN:1:0.0604:0.0604
ROOT g=140 t=29 ctx=loose n=12 BLITZ:1:0.0658:0.0658 PICKUP:1:0.2763:0.2763 REPOSITION:9:0.5921:0.0658 END_TURN:1:0.0658:0.0658
ROOT g=140 t=30 ctx=loose n=13 BLITZ:1:0.0604:0.0604 PICKUP:1:0.2749:0.2749 REPOSITION:10:0.6042:0.0604 END_TURN:1:0.0604:0.0604
ROOT g=140 t=31 ctx=loose n=12 BLITZ:1:0.0658:0.0658 PICKUP:1:0.2763:0.2763 REPOSITION:9:0.5921:0.0658 END_TURN:1:0.0658:0.0658
ROOT g=141 t=0 ctx=loose n=13 BLITZ:1:0.0614:0.0614 BLOCK:3:0.2875:0.0958 PICKUP:1:0.1597:0.1597 REPOSITION:7:0.4300:0.0614 END_TURN:1:0.0614:0.0614
ROOT g=141 t=1 ctx=def n=10 BLITZ:2:0.3333:0.1667 REPOSITION:7:0.5833:0.0833 END_TURN:1:0.0833:0.0833
ROOT g=141 t=2 ctx=off n=27 ADVANCE:1:0.1029:0.1029 CAGE:1:0.1029:0.1029 BLITZ:1:0.0318:0.0318 PASS_ACTION:10:0.3177:0.0318 FOUL:5:0.1588:0.0318 REPOSITION:8:0.2541:0.0318 END_TURN:1:0.0318:0.0318
ROOT g=141 t=3 ctx=def n=9 BLITZ:2:0.3429:0.1714 REPOSITION:6:0.5714:0.0952 END_TURN:1:0.0857:0.0857
ROOT g=141 t=4 ctx=off n=25 ADVANCE:1:0.1034:0.1034 CAGE:1:0.1034:0.1034 BLITZ:1:0.0345:0.0345 PASS_ACTION:8:0.2759:0.0345 FOUL:5:0.1724:0.0345 REPOSITION:8:0.2759:0.0345 END_TURN:1:0.0345:0.0345
ROOT g=141 t=5 ctx=def n=8 BLITZ:2:0.3556:0.1778 REPOSITION:5:0.5556:0.1111 END_TURN:1:0.0889:0.0889
ROOT g=141 t=6 ctx=off n=26 ADVANCE:1:0.1032:0.1032 CAGE:1:0.1032:0.1032 BLITZ:1:0.0331:0.0331 PASS_ACTION:8:0.2646:0.0331 FOUL:5:0.1653:0.0331 REPOSITION:9:0.2976:0.0331 END_TURN:1:0.0331:0.0331
ROOT g=141 t=7 ctx=def n=8 BLITZ:2:0.3556:0.1778 REPOSITION:5:0.5556:0.1111 END_TURN:1:0.0889:0.0889
ROOT g=141 t=8 ctx=off n=24 ADVANCE:1:0.0972:0.0972 CAGE:1:0.0972:0.0972 BLITZ:1:0.0337:0.0337 BLOCK:1:0.0972:0.0972 PASS_ACTION:7:0.2362:0.0337 FOUL:5:0.1687:0.0337 REPOSITION:7:0.2362:0.0337 END_TURN:1:0.0337:0.0337
ROOT g=141 t=9 ctx=def n=8 BLITZ:2:0.3556:0.1778 REPOSITION:5:0.5556:0.1111 END_TURN:1:0.0889:0.0889
ROOT g=141 t=10 ctx=off n=21 ADVANCE:1:0.1048:0.1048 CAGE:1:0.1048:0.1048 BLITZ:1:0.0416:0.0416 PASS_ACTION:3:0.1248:0.0416 FOUL:5:0.2080:0.0416 REPOSITION:9:0.3744:0.0416 END_TURN:1:0.0416:0.0416
ROOT g=141 t=11 ctx=def n=7 BLITZ:2:0.3733:0.1867 REPOSITION:4:0.5333:0.1333 END_TURN:1:0.0933:0.0933
ROOT g=141 t=12 ctx=off n=19 ADVANCE:1:0.1058:0.1058 CAGE:1:0.1058:0.1058 BLITZ:1:0.0464:0.0464 PASS_ACTION:3:0.1391:0.0464 FOUL:4:0.1855:0.0464 REPOSITION:8:0.3711:0.0464 END_TURN:1:0.0464:0.0464
ROOT g=141 t=13 ctx=def n=8 BLITZ:2:0.3556:0.1778 FOUL:1:0.1111:0.1111 REPOSITION:4:0.4444:0.1111 END_TURN:1:0.0889:0.0889
ROOT g=141 t=14 ctx=off n=20 ADVANCE:1:0.1053:0.1053 CAGE:1:0.1053:0.1053 BLITZ:1:0.0439:0.0439 PASS_ACTION:3:0.1316:0.0439 FOUL:5:0.2193:0.0439 REPOSITION:8:0.3509:0.0439 END_TURN:1:0.0439:0.0439
ROOT g=141 t=15 ctx=loose n=6 BLITZ:1:0.1493:0.1493 PICKUP:1:0.3134:0.3134 REPOSITION:3:0.4478:0.1493 END_TURN:1:0.0896:0.0896
ROOT g=141 t=16 ctx=loose n=13 BLITZ:1:0.0549:0.0549 BLOCK:3:0.2567:0.0856 PICKUP:1:0.2496:0.2496 REPOSITION:7:0.3840:0.0549 END_TURN:1:0.0549:0.0549
ROOT g=141 t=17 ctx=loose n=13 BLITZ:1:0.0614:0.0614 BLOCK:3:0.2875:0.0958 PICKUP:1:0.1597:0.1597 REPOSITION:7:0.4300:0.0614 END_TURN:1:0.0614:0.0614
ROOT g=141 t=18 ctx=def n=13 BLITZ:2:0.3210:0.1605 REPOSITION:10:0.6173:0.0617 END_TURN:1:0.0617:0.0617
ROOT g=141 t=19 ctx=off n=17 ADVANCE:1:0.0919:0.0919 CAGE:1:0.0919:0.0919 BLITZ:1:0.0450:0.0450 BLOCK:3:0.2757:0.0919 PASS_ACTION:6:0.2703:0.0450 REPOSITION:4:0.1802:0.0450 END_TURN:1:0.0450:0.0450
ROOT g=141 t=20 ctx=def n=14 BLITZ:2:0.3182:0.1591 FOUL:1:0.0568:0.0568 REPOSITION:10:0.5682:0.0568 END_TURN:1:0.0568:0.0568
ROOT g=141 t=21 ctx=loose n=7 BLITZ:1:0.1408:0.1408 PICKUP:1:0.1972:0.1972 REPOSITION:4:0.5634:0.1408 END_TURN:1:0.0986:0.0986
ROOT g=141 t=22 ctx=loose n=15 BLITZ:1:0.0541:0.0541 PICKUP:1:0.2432:0.2432 FOUL:3:0.1622:0.0541 REPOSITION:9:0.4865:0.0541 END_TURN:1:0.0541:0.0541
ROOT g=141 t=23 ctx=loose n=12 BLITZ:1:0.0746:0.0746 PICKUP:1:0.1791:0.1791 FOUL:2:0.1493:0.0746 REPOSITION:7:0.5224:0.0746 END_TURN:1:0.0746:0.0746
ROOT g=141 t=24 ctx=loose n=16 BLITZ:1:0.0462:0.0462 BLOCK:2:0.1774:0.0887 PICKUP:1:0.2218:0.2218 FOUL:5:0.2311:0.0462 REPOSITION:6:0.2773:0.0462 END_TURN:1:0.0462:0.0462
ROOT g=141 t=25 ctx=loose n=10 BLITZ:1:0.0909:0.0909 PICKUP:1:0.1818:0.1818 FOUL:2:0.1818:0.0909 REPOSITION:5:0.4545:0.0909 END_TURN:1:0.0909:0.0909
ROOT g=141 t=26 ctx=loose n=17 BLITZ:1:0.0474:0.0474 PICKUP:1:0.2417:0.2417 FOUL:6:0.2844:0.0474 REPOSITION:8:0.3791:0.0474 END_TURN:1:0.0474:0.0474
ROOT g=141 t=27 ctx=loose n=12 BLITZ:1:0.0658:0.0658 PICKUP:1:0.2763:0.2763 FOUL:2:0.1316:0.0658 REPOSITION:7:0.4605:0.0658 END_TURN:1:0.0658:0.0658
ROOT g=141 t=28 ctx=loose n=16 BLITZ:1:0.0485:0.0485 PICKUP:1:0.2718:0.2718 FOUL:5:0.2427:0.0485 REPOSITION:8:0.3883:0.0485 END_TURN:1:0.0485:0.0485
ROOT g=141 t=29 ctx=loose n=12 BLITZ:1:0.0658:0.0658 PICKUP:1:0.2763:0.2763 FOUL:2:0.1316:0.0658 REPOSITION:7:0.4605:0.0658 END_TURN:1:0.0658:0.0658
ROOT g=141 t=30 ctx=loose n=14 BLITZ:1:0.0559:0.0559 PICKUP:1:0.2737:0.2737 FOUL:4:0.2235:0.0559 REPOSITION:7:0.3911:0.0559 END_TURN:1:0.0559:0.0559
ROOT g=141 t=31 ctx=loose n=13 BLITZ:1:0.0604:0.0604 PICKUP:1:0.2749:0.2749 FOUL:3:0.1813:0.0604 REPOSITION:7:0.4230:0.0604 END_TURN:1:0.0604:0.0604
ROOT g=141 t=32 ctx=loose n=15 BLITZ:1:0.0519:0.0519 PICKUP:1:0.2727:0.2727 FOUL:5:0.2597:0.0519 REPOSITION:7:0.3636:0.0519 END_TURN:1:0.0519:0.0519
ROOT g=142 t=0 ctx=loose n=13 BLITZ:1:0.0614:0.0614 BLOCK:3:0.2875:0.0958 PICKUP:1:0.1597:0.1597 REPOSITION:7:0.4300:0.0614 END_TURN:1:0.0614:0.0614
ROOT g=142 t=1 ctx=def n=13 BLITZ:2:0.2820:0.1410 BLOCK:4:0.3384:0.0846 REPOSITION:6:0.3254:0.0542 END_TURN:1:0.0542:0.0542
ROOT g=142 t=2 ctx=off n=21 ADVANCE:1:0.0986:0.0986 CAGE:1:0.0986:0.0986 BLITZ:1:0.0391:0.0391 BLOCK:1:0.0986:0.0986 PASS_ACTION:4:0.1565:0.0391 FOUL:6:0.2347:0.0391 REPOSITION:6:0.2347:0.0391 END_TURN:1:0.0391:0.0391
ROOT g=142 t=3 ctx=def n=11 BLITZ:2:0.3134:0.1567 BLOCK:2:0.1880:0.0940 REPOSITION:6:0.4274:0.0712 END_TURN:1:0.0712:0.0712
ROOT g=142 t=4 ctx=off n=21 ADVANCE:1:0.1019:0.1019 CAGE:1:0.1019:0.1019 BLITZ:1:0.0405:0.0405 PASS_ACTION:4:0.1618:0.0405 FOUL:6:0.2427:0.0405 REPOSITION:6:0.2427:0.0405 END_TURN:1:0.0405:0.0405 BLITZ_AND_SCORE:1:0.0680:0.0680
ROOT g=142 t=5 ctx=def n=11 BLITZ:2:0.3207:0.1603 BLOCK:1:0.0962:0.0962 FOUL:1:0.0729:0.0729 REPOSITION:6:0.4373:0.0729 END_TURN:1:0.0729:0.0729
ROOT g=142 t=6 ctx=off n=21 ADVANCE:1:0.0960:0.0960 CAGE:1:0.0960:0.0960 BLITZ:1:0.0381:0.0381 BLOCK:1:0.0960:0.0960 PASS_ACTION:3:0.1143:0.0381 FOUL:7:0.2668:0.0381 REPOSITION:5:0.1905:0.0381 END_TURN:1:0.0381:0.0381 BLITZ_AND_SCORE:1:0.0640:0.0640
ROOT g=142 t=7 ctx=def n=8 BLITZ:2:0.3556:0.1778 REPOSITION:5:0.5556:0.1111 END_TURN:1:0.0889:0.0889
ROOT g=142 t=8 ctx=off n=21 ADVANCE:1:0.1048:0.1048 CAGE:1:0.1048:0.1048 BLITZ:1:0.0416:0.0416 PASS_ACTION:4:0.1664:0.0416 FOUL:7:0.2912:0.0416 REPOSITION:6:0.2496:0.0416 END_TURN:1:0.0416:0.0416
ROOT g=142 t=9 ctx=def n=7 BLITZ:2:0.3733:0.1867 REPOSITION:4:0.5333:0.1333 END_TURN:1:0.0933:0.0933
ROOT g=142 t=10 ctx=off n=21 ADVANCE:1:0.1048:0.1048 CAGE:1:0.1048:0.1048 BLITZ:1:0.0416:0.0416 PASS_ACTION:4:0.1664:0.0416 FOUL:7:0.2912:0.0416 REPOSITION:6:0.2496:0.0416 END_TURN:1:0.0416:0.0416
ROOT g=142 t=11 ctx=def n=6 BLITZ:2:0.4000:0.2000 REPOSITION:3:0.5000:0.1667 END_TURN:1:0.1000:0.1000
ROOT g=142 t=12 ctx=off n=21 ADVANCE:1:0.1048:0.1048 CAGE:1:0.1048:0.1048 BLITZ:1:0.0416:0.0416 PASS_ACTION:4:0.1664:0.0416 FOUL:7:0.2912:0.0416 REPOSITION:6:0.2496:0.0416 END_TURN:1:0.0416:0.0416
ROOT g=142 t=13 ctx=loose n=6 BLITZ:1:0.1493:0.1493 PICKUP:1:0.3134:0.3134 REPOSITION:3:0.4478:0.1493 END_TURN:1:0.0896:0.0896
ROOT g=142 t=14 ctx=loose n=18 BLITZ:1:0.0429:0.0429 PICKUP:1:0.2704:0.2704 FOUL:7:0.3004:0.0429 REPOSITION:8:0.3433:0.0429 END_TURN:1:0.0429:0.0429
ROOT g=142 t=15 ctx=loose n=9 BLITZ:1:0.0905:0.0905 PICKUP:1:0.2851:0.2851 FOUL:2:0.1810:0.0905 REPOSITION:4:0.3620:0.0905 END_TURN:1:0.0814:0.0814
ROOT g=142 t=16 ctx=loose n=13 BLITZ:1:0.0614:0.0614 BLOCK:3:0.2875:0.0958 PICKUP:1:0.1597:0.1597 REPOSITION:7:0.4300:0.0614 END_TURN:1:0.0614:0.0614
ROOT g=142 t=17 ctx=def n=11 BLITZ:2:0.3284:0.1642 REPOSITION:8:0.5970:0.0746 END_TURN:1:0.0746:0.0746
ROOT g=142 t=18 ctx=off n=22 ADVANCE:1:0.1044:0.1044 CAGE:1:0.1044:0.1044 BLITZ:1:0.0396:0.0396 PASS_ACTION:10:0.3956:0.0396 FOUL:1:0.0396:0.0396 REPOSITION:7:0.2769:0.0396 END_TURN:1:0.0396:0.0396
ROOT g=142 t=19 ctx=def n=11 BLITZ:2:0.3284:0.1642 REPOSITION:8:0.5970:0.0746 END_TURN:1:0.0746:0.0746
ROOT g=142 t=20 ctx=off n=20 ADVANCE:1:0.0845:0.0845 CAGE:1:0.0845:0.0845 BLITZ:1:0.0352:0.0352 BLOCK:4:0.3380:0.0845 PASS_ACTION:7:0.2465:0.0352 FOUL:1:0.0352:0.0352 REPOSITION:4:0.1408:0.0352 END_TURN:1:0.0352:0.0352
ROOT g=142 t=21 ctx=def n=12 BLITZ:2:0.3243:0.1622 FOUL:2:0.1351:0.0676 REPOSITION:7:0.4730:0.0676 END_TURN:1:0.0676:0.0676
ROOT g=142 t=22 ctx=loose n=14 BLITZ:1:0.0583:0.0583 BLOCK:2:0.1958:0.0979 PICKUP:1:0.1632:0.1632 FOUL:3:0.1748:0.0583 REPOSITION:6:0.3497:0.0583 END_TURN:1:0.0583:0.0583
ROOT g=142 t=23 ctx=loose n=11 BLITZ:1:0.0820:0.0820 PICKUP:1:0.1803:0.1803 FOUL:2:0.1639:0.0820 REPOSITION:6:0.4918:0.0820 END_TURN:1:0.0820:0.0820
ROOT g=142 t=24 ctx=loose n=11 BLITZ:1:0.0820:0.0820 PICKUP:1:0.1803:0.1803 FOUL:1:0.0820:0.0820 REPOSITION:7:0.5738:0.0820 END_TURN:1:0.0820:0.0820
ROOT g=142 t=25 ctx=loose n=12 BLITZ:1:0.0700:0.0700 BLOCK:2:0.2017:0.1008 PICKUP:1:0.1681:0.1681 FOUL:2:0.1401:0.0700 REPOSITION:5:0.3501:0.0700 END_TURN:1:0.0700:0.0700
ROOT g=142 t=26 ctx=loose n=11 BLITZ:1:0.0690:0.0690 BLOCK:2:0.1822:0.0911 PICKUP:1:0.2657:0.2657 FOUL:1:0.0690:0.0690 REPOSITION:5:0.3451:0.0690 END_TURN:1:0.0690:0.0690
ROOT g=142 t=27 ctx=loose n=10 BLITZ:1:0.0800:0.0800 PICKUP:1:0.2800:0.2800 FOUL:2:0.1600:0.0800 REPOSITION:5:0.4000:0.0800 END_TURN:1:0.0800:0.0800
ROOT g=142 t=28 ctx=loose n=11 BLITZ:1:0.0675:0.0675 BLOCK:3:0.2674:0.0891 PICKUP:1:0.2600:0.2600 FOUL:1:0.0675:0.0675 REPOSITION:4:0.2701:0.0675 END_TURN:1:0.0675:0.0675
ROOT g=142 t=29 ctx=loose n=11 BLITZ:1:0.0722:0.0722 PICKUP:1:0.2780:0.2780 FOUL:2:0.1444:0.0722 REPOSITION:6:0.4332:0.0722 END_TURN:1:0.0722:0.0722
ROOT g=142 t=30 ctx=loose n=13 BLITZ:1:0.0549:0.0549 BLOCK:3:0.2567:0.0856 PICKUP:1:0.2496:0.2496 REPOSITION:7:0.3840:0.0549 END_TURN:1:0.0549:0.0549
ROOT g=142 t=31 ctx=loose n=12 BLITZ:1:0.0658:0.0658 PICKUP:1:0.2763:0.2763 REPOSITION:9:0.5921:0.0658 END_TURN:1:0.0658:0.0658
ROOT g=143 t=0 ctx=loose n=13 BLITZ:1:0.0614:0.0614 BLOCK:3:0.2875:0.0958 PICKUP:1:0.1597:0.1597 REPOSITION:7:0.4300:0.0614 END_TURN:1:0.0614:0.0614
ROOT g=143 t=1 ctx=def n=10 BLITZ:2:0.3333:0.1667 REPOSITION:7:0.5833:0.0833 END_TURN:1:0.0833:0.0833
ROOT g=143 t=2 ctx=off n=22 ADVANCE:1:0.1044:0.1044 CAGE:1:0.1044:0.1044 BLITZ:1:0.0396:0.0396 PASS_ACTION:9:0.3560:0.0396 FOUL:1:0.0396:0.0396 REPOSITION:8:0.3165:0.0396 END_TURN:1:0.0396:0.0396
ROOT g=143 t=3 ctx=def n=10 BLITZ:2:0.3333:0.1667 REPOSITION:7:0.5833:0.0833 END_TURN:1:0.0833:0.0833
ROOT g=143 t=4 ctx=off n=22 ADVANCE:1:0.0924:0.0924 CAGE:1:0.0924:0.0924 BLITZ:1:0.0350:0.0350 BLOCK:2:0.1849:0.0924 PASS_ACTION:8:0.2801:0.0350 FOUL:1:0.0350:0.0350 REPOSITION:7:0.2451:0.0350 END_TURN:1:0.0350:0.0350
ROOT g=143 t=5 ctx=def n=9 BLITZ:2:0.3429:0.1714 REPOSITION:6:0.5714:0.0952 END_TURN:1:0.0857:0.0857
ROOT g=143 t=6 ctx=off n=25 ADVANCE:1:0.1034:0.1034 CAGE:1:0.1034:0.1034 BLITZ:1:0.0345:0.0345 PASS_ACTION:9:0.3103:0.0345 FOUL:4:0.1379:0.0345 REPOSITION:8:0.2759:0.0345 END_TURN:1:0.0345:0.0345
ROOT g=143 t=7 ctx=def n=8 BLITZ:2:0.3556:0.1778 REPOSITION:5:0.5556:0.1111 END_TURN:1:0.0889:0.0889
ROOT g=143 t=8 ctx=off n=25 ADVANCE:1:0.1034:0.1034 CAGE:1:0.1034:0.1034 BLITZ:1:0.0345:0.0345 PASS_ACTION:9:0.3103:0.0345 FOUL:4:0.1379:0.0345 REPOSITION:8:0.2759:0.0345 END_TURN:1:0.0345:0.0345
ROOT g=143 t=9 ctx=def n=8 BLITZ:2:0.3556:0.1778 REPOSITION:5:0.5556:0.1111 END_TURN:1:0.0889:0.0889
ROOT g=143 t=10 ctx=off n=26 ADVANCE:1:0.1032:0.1032 CAGE:1:0.1032:0.1032 BLITZ:1:0.0331:0.0331 PASS_ACTION:9:0.2976:0.0331 FOUL:5:0.1653:0.0331 REPOSITION:8:0.2646:0.0331 END_TURN:1:0.0331:0.0331
ROOT g=143 t=11 ctx=def n=8 BLITZ:2:0.3556:0.1778 REPOSITION:5:0.5556:0.1111 END_TURN:1:0.0889:0.0889
ROOT g=143 t=12 ctx=off n=20 ADVANCE:1:0.1053:0.1053 CAGE:1:0.1053:0.1053 BLITZ:1:0.0439:0.0439 PASS_ACTION:3:0.1316:0.0439 FOUL:4:0.1754:0.0439 REPOSITION:9:0.3947:0.0439 END_TURN:1:0.0439:0.0439
ROOT g=143 t=13 ctx=loose n=7 BLITZ:1:0.1227:0.1227 PICKUP:1:0.3006:0.3006 REPOSITION:4:0.4908:0.1227 END_TURN:1:0.0859:0.0859
ROOT g=143 t=14 ctx=loose n=18 BLITZ:1:0.0429:0.0429 PICKUP:1:0.2704:0.2704 FOUL:4:0.1717:0.0429 REPOSITION:11:0.4721:0.0429 END_TURN:1:0.0429:0.0429
ROOT g=143 t=15 ctx=def n=6 BLITZ:2:0.4000:0.2000 REPOSITION:3:0.5000:0.1667 END_TURN:1:0.1000:0.1000
ROOT g=143 t=16 ctx=loose n=13 BLITZ:1:0.0614:0.0614 BLOCK:3:0.2875:0.0958 PICKUP:1:0.1597:0.1597 REPOSITION:7:0.4300:0.0614 END_TURN:1:0.0614:0.0614
ROOT g=143 t=17 ctx=def n=10 BLITZ:2:0.3333:0.1667 REPOSITION:7:0.5833:0.0833 END_TURN:1:0.0833:0.0833
ROOT g=143 t=18 ctx=off n=21 ADVANCE:1:0.0986:0.0986 CAGE:1:0.0986:0.0986 BLITZ:1:0.0391:0.0391 BLOCK:1:0.0986:0.0986 PASS_ACTION:8:0.3130:0.0391 FOUL:2:0.0782:0.0391 REPOSITION:6:0.2347:0.0391 END_TURN:1:0.0391:0.0391
ROOT g=143 t=19 ctx=def n=9 BLITZ:2:0.3403:0.1701 BLOCK:1:0.1021:0.1021 REPOSITION:5:0.4726:0.0945 END_TURN:1:0.0851:0.0851
ROOT g=143 t=20 ctx=off n=23 ADVANCE:1:0.0976:0.0976 CAGE:1:0.0976:0.0976 BLITZ:1:0.0354:0.0354 BLOCK:1:0.0976:0.0976 PASS_ACTION:8:0.2829:0.0354 FOUL:4:0.1414:0.0354 REPOSITION:6:0.2122:0.0354 END_TURN:1:0.0354:0.0354
ROOT g=143 t=21 ctx=def n=8 BLITZ:2:0.3556:0.1778 BLOCK:1:0.1111:0.1111 REPOSITION:4:0.4444:0.1111 END_TURN:1:0.0889:0.0889
ROOT g=143 t=22 ctx=off n=24 ADVANCE:1:0.0972:0.0972 CAGE:1:0.0972:0.0972 BLITZ:1:0.0337:0.0337 BLOCK:1:0.0972:0.0972 PASS_ACTION:8:0.2699:0.0337 FOUL:5:0.1687:0.0337 REPOSITION:6:0.2024:0.0337 END_TURN:1:0.0337:0.0337
ROOT g=143 t=23 ctx=def n=6 BLITZ:2:0.4000:0.2000 BLOCK:1:0.1667:0.1667 REPOSITION:2:0.3333:0.1667 END_TURN:1:0.1000:0.1000
ROOT g=143 t=24 ctx=off n=24 ADVANCE:1:0.0914:0.0914 CAGE:1:0.0914:0.0914 BLITZ:1:0.0317:0.0317 BLOCK:2:0.1827:0.0914 PASS_ACTION:7:0.2221:0.0317 FOUL:4:0.1269:0.0317 REPOSITION:7:0.2221:0.0317 END_TURN:1:0.0317:0.0317
ROOT g=143 t=25 ctx=def n=7 BLITZ:2:0.3733:0.1867 BLOCK:1:0.1333:0.1333 REPOSITION:3:0.4000:0.1333 END_TURN:1:0.0933:0.0933
ROOT g=143 t=26 ctx=off n=22 ADVANCE:1:0.0981:0.0981 CAGE:1:0.0981:0.0981 BLITZ:1:0.0371:0.0371 BLOCK:1:0.0981:0.0981 PASS_ACTION:7:0.2600:0.0371 FOUL:4:0.1486:0.0371 REPOSITION:6:0.2229:0.0371 END_TURN:1:0.0371:0.0371
ROOT g=143 t=27 ctx=def n=8 BLITZ:2:0.3556:0.1778 BLOCK:1:0.1111:0.1111 FOUL:1:0.1111:0.1111 REPOSITION:3:0.3333:0.1111 END_TURN:1:0.0889:0.0889
ROOT g=143 t=28 ctx=off n=19 ADVANCE:1:0.1058:0.1058 CAGE:1:0.1058:0.1058 BLITZ:1:0.0464:0.0464 PASS_ACTION:6:0.2783:0.0464 FOUL:3:0.1391:0.0464 REPOSITION:6:0.2783:0.0464 END_TURN:1:0.0464:0.0464
ROOT g=143 t=29 ctx=def n=7 BLITZ:2:0.3733:0.1867 FOUL:1:0.1333:0.1333 REPOSITION:3:0.4000:0.1333 END_TURN:1:0.0933:0.0933
ROOT g=143 t=30 ctx=off n=17 SCORE:1:0.4731:0.4731 CAGE:1:0.0631:0.0631 BLITZ:1:0.0309:0.0309 PASS_ACTION:1:0.0309:0.0309 FOUL:5:0.1546:0.0309 REPOSITION:7:0.2165:0.0309 END_TURN:1:0.0309:0.0309
ROOT g=143 t=31 ctx=loose n=13 BLITZ:1:0.0549:0.0549 BLOCK:3:0.2567:0.0856 PICKUP:1:0.2496:0.2496 REPOSITION:7:0.3840:0.0549 END_TURN:1:0.0549:0.0549
ROOT g=144 t=0 ctx=loose n=13 BLITZ:1:0.0614:0.0614 BLOCK:3:0.2875:0.0958 PICKUP:1:0.1597:0.1597 REPOSITION:7:0.4300:0.0614 END_TURN:1:0.0614:0.0614
ROOT g=144 t=1 ctx=def n=11 BLITZ:2:0.3284:0.1642 REPOSITION:8:0.5970:0.0746 END_TURN:1:0.0746:0.0746
ROOT g=144 t=2 ctx=off n=26 ADVANCE:1:0.0964:0.0964 CAGE:1:0.0964:0.0964 BLITZ:1:0.0309:0.0309 BLOCK:1:0.0964:0.0964 PASS_ACTION:8:0.2472:0.0309 FOUL:5:0.1545:0.0309 REPOSITION:8:0.2472:0.0309 END_TURN:1:0.0309:0.0309
ROOT g=144 t=3 ctx=def n=10 BLITZ:2:0.3333:0.1667 REPOSITION:7:0.5833:0.0833 END_TURN:1:0.0833:0.0833
ROOT g=144 t=4 ctx=off n=22 ADVANCE:1:0.0981:0.0981 CAGE:1:0.0981:0.0981 BLITZ:1:0.0371:0.0371 BLOCK:1:0.0981:0.0981 PASS_ACTION:8:0.2972:0.0371 FOUL:3:0.1114:0.0371 REPOSITION:6:0.2229:0.0371 END_TURN:1:0.0371:0.0371
ROOT g=144 t=5 ctx=def n=9 BLITZ:2:0.3403:0.1701 BLOCK:1:0.1021:0.1021 REPOSITION:5:0.4726:0.0945 END_TURN:1:0.0851:0.0851
ROOT g=144 t=6 ctx=off n=20 ADVANCE:1:0.1053:0.1053 CAGE:1:0.1053:0.1053 BLITZ:1:0.0439:0.0439 PASS_ACTION:7:0.3070:0.0439 FOUL:3:0.1316:0.0439 REPOSITION:6:0.2632:0.0439 END_TURN:1:0.0439:0.0439
ROOT g=144 t=7 ctx=def n=10 BLITZ:2:0.3279:0.1639 BLOCK:1:0.0984:0.0984 FOUL:1:0.0820:0.0820 REPOSITION:5:0.4098:0.0820 END_TURN:1:0.0820:0.0820
ROOT g=144 t=8 ctx=loose n=13 BLITZ:1:0.0594:0.0594 BLOCK:4:0.3705:0.0926 PICKUP:1:0.1544:0.1544 FOUL:3:0.1781:0.0594 REPOSITION:3:0.1781:0.0594 END_TURN:1:0.0594:0.0594
ROOT g=144 t=9 ctx=loose n=9 BLITZ:1:0.1031:0.1031 PICKUP:1:0.1856:0.1856 REPOSITION:6:0.6186:0.1031 END_TURN:1:0.0928:0.0928
ROOT g=144 t=10 ctx=loose n=17 BLITZ:1:0.0456:0.0456 PICKUP:1:0.2711:0.2711 FOUL:6:0.2733:0.0456 REPOSITION:8:0.3645:0.0456 END_TURN:1:0.0456:0.0456
ROOT g=144 t=11 ctx=loose n=10 BLITZ:1:0.0800:0.0800 PICKUP:1:0.2800:0.2800 REPOSITION:7:0.5600:0.0800 END_TURN:1:0.0800:0.0800
ROOT g=144 t=12 ctx=loose n=16 BLITZ:1:0.0485:0.0485 PICKUP:1:0.2718:0.2718 FOUL:4:0.1942:0.0485 REPOSITION:9:0.4369:0.0485 END_TURN:1:0.0485:0.0485
ROOT g=144 t=13 ctx=loose n=10 BLITZ:1:0.0800:0.0800 PICKUP:1:0.2800:0.2800 REPOSITION:7:0.5600:0.0800 END_TURN:1:0.0800:0.0800
ROOT g=144 t=14 ctx=loose n=15 BLITZ:1:0.0519:0.0519 PICKUP:1:0.2727:0.2727 FOUL:4:0.2078:0.0519 REPOSITION:8:0.4156:0.0519 END_TURN:1:0.0519:0.0519
ROOT g=144 t=15 ctx=loose n=7 BLITZ:1:0.1227:0.1227 PICKUP:1:0.3006:0.3006 REPOSITION:4:0.4908:0.1227 END_TURN:1:0.0859:0.0859
ROOT g=144 t=16 ctx=loose n=13 BLITZ:1:0.0614:0.0614 BLOCK:3:0.2875:0.0958 PICKUP:1:0.1597:0.1597 REPOSITION:7:0.4300:0.0614 END_TURN:1:0.0614:0.0614
ROOT g=144 t=17 ctx=def n=11 BLITZ:2:0.3284:0.1642 REPOSITION:8:0.5970:0.0746 END_TURN:1:0.0746:0.0746
ROOT g=144 t=18 ctx=off n=19 ADVANCE:1:0.1058:0.1058 CAGE:1:0.1058:0.1058 BLITZ:1:0.0464:0.0464 PASS_ACTION:8:0.3711:0.0464 REPOSITION:7:0.3247:0.0464 END_TURN:1:0.0464:0.0464
ROOT g=144 t=19 ctx=def n=11 BLITZ:2:0.3207:0.1603 BLOCK:1:0.0962:0.0962 REPOSITION:7:0.5102:0.0729 END_TURN:1:0.0729:0.0729
ROOT g=144 t=20 ctx=off n=20 ADVANCE:1:0.0938:0.0938 CAGE:1:0.0938:0.0938 BLITZ:1:0.0391:0.0391 BLOCK:2:0.1875:0.0938 PASS_ACTION:8:0.3125:0.0391 REPOSITION:6:0.2344:0.0391 END_TURN:1:0.0391:0.0391
ROOT g=144 t=21 ctx=def n=7 BLITZ:2:0.3733:0.1867 BLOCK:1:0.1333:0.1333 REPOSITION:3:0.4000:0.1333 END_TURN:1:0.0933:0.0933
ROOT g=144 t=22 ctx=off n=29 ADVANCE:1:0.0751:0.0751 CAGE:1:0.0751:0.0751 BLITZ:1:0.0216:0.0216 BLOCK:5:0.3753:0.0751 PASS_ACTION:7:0.1510:0.0216 FOUL:8:0.1726:0.0216 REPOSITION:5:0.1079:0.0216 END_TURN:1:0.0216:0.0216
ROOT g=144 t=23 ctx=def n=6 BLITZ:2:0.4000:0.2000 BLOCK:1:0.1667:0.1667 REPOSITION:2:0.3333:0.1667 END_TURN:1:0.1000:0.1000
ROOT g=144 t=24 ctx=off n=22 ADVANCE:1:0.0924:0.0924 CAGE:1:0.0924:0.0924 BLITZ:1:0.0350:0.0350 BLOCK:2:0.1849:0.0924 PASS_ACTION:6:0.2101:0.0350 FOUL:4:0.1401:0.0350 REPOSITION:6:0.2101:0.0350 END_TURN:1:0.0350:0.0350
ROOT g=144 t=25 ctx=def n=5 BLITZ:2:0.4444:0.2222 REPOSITION:2:0.4444:0.2222 END_TURN:1:0.1111:0.1111
ROOT g=144 t=26 ctx=off n=23 ADVANCE:1:0.1041:0.1041 CAGE:1:0.1041:0.1041 BLITZ:1:0.0377:0.0377 PASS_ACTION:5:0.1885:0.0377 FOUL:7:0.2640:0.0377 REPOSITION:7:0.2640:0.0377 END_TURN:1:0.0377:0.0377
ROOT g=144 t=27 ctx=def n=4 BLITZ:2:0.5882:0.2941 REPOSITION:1:0.2941:0.2941 END_TURN:1:0.1176:0.1176
ROOT g=144 t=28 ctx=off n=23 ADVANCE:1:0.1041:0.1041 CAGE:1:0.1041:0.1041 BLITZ:1:0.0377:0.0377 PASS_ACTION:5:0.1885:0.0377 FOUL:7:0.2640:0.0377 REPOSITION:7:0.2640:0.0377 END_TURN:1:0.0377:0.0377
ROOT g=144 t=29 ctx=def n=4 BLITZ:2:0.5882:0.2941 REPOSITION:1:0.2941:0.2941 END_TURN:1:0.1176:0.1176
ROOT g=144 t=30 ctx=off n=23 ADVANCE:1:0.1041:0.1041 CAGE:1:0.1041:0.1041 BLITZ:1:0.0377:0.0377 PASS_ACTION:5:0.1885:0.0377 FOUL:7:0.2640:0.0377 REPOSITION:7:0.2640:0.0377 END_TURN:1:0.0377:0.0377
ROOT g=144 t=31 ctx=def n=4 BLITZ:2:0.5882:0.2941 REPOSITION:1:0.2941:0.2941 END_TURN:1:0.1176:0.1176
ROOT g=145 t=0 ctx=loose n=13 BLITZ:1:0.0614:0.0614 BLOCK:3:0.2875:0.0958 PICKUP:1:0.1597:0.1597 REPOSITION:7:0.4300:0.0614 END_TURN:1:0.0614:0.0614
ROOT g=145 t=1 ctx=def n=14 BLITZ:2:0.3182:0.1591 REPOSITION:11:0.6250:0.0568 END_TURN:1:0.0568:0.0568
ROOT g=145 t=2 ctx=off n=24 ADVANCE:1:0.1037:0.1037 CAGE:1:0.1037:0.1037 BLITZ:1:0.0360:0.0360 PASS_ACTION:10:0.3602:0.0360 REPOSITION:10:0.3602:0.0360 END_TURN:1:0.0360:0.0360
ROOT g=145 t=3 ctx=def n=14 BLITZ:2:0.3182:0.1591 REPOSITION:11:0.6250:0.0568 END_TURN:1:0.0568:0.0568
ROOT g=145 t=4 ctx=off n=20 ADVANCE:1:0.1053:0.1053 CAGE:1:0.1053:0.1053 BLITZ:1:0.0439:0.0439 PASS_ACTION:3:0.1316:0.0439 FOUL:3:0.1316:0.0439 REPOSITION:10:0.4386:0.0439 END_TURN:1:0.0439:0.0439
ROOT g=145 t=5 ctx=def n=13 BLITZ:2:0.3210:0.1605 REPOSITION:10:0.6173:0.0617 END_TURN:1:0.0617:0.0617
ROOT g=145 t=6 ctx=off n=19 ADVANCE:1:0.1058:0.1058 CAGE:1:0.1058:0.1058 BLITZ:1:0.0464:0.0464 PASS_ACTION:2:0.0928:0.0464 FOUL:3:0.1391:0.0464 REPOSITION:10:0.4638:0.0464 END_TURN:1:0.0464:0.0464
ROOT g=145 t=7 ctx=def n=12 BLITZ:2:0.3243:0.1622 REPOSITION:9:0.6081:0.0676 END_TURN:1:0.0676:0.0676
ROOT g=145 t=8 ctx=off n=19 ADVANCE:1:0.1058:0.1058 CAGE:1:0.1058:0.1058 BLITZ:1:0.0464:0.0464 PASS_ACTION:2:0.0928:0.0464 FOUL:3:0.1391:0.0464 REPOSITION:10:0.4638:0.0464 END_TURN:1:0.0464:0.0464
ROOT g=145 t=9 ctx=def n=11 BLITZ:2:0.3284:0.1642 REPOSITION:8:0.5970:0.0746 END_TURN:1:0.0746:0.0746
ROOT g=145 t=10 ctx=off n=17 ADVANCE:1:0.1069:0.1069 CAGE:1:0.1069:0.1069 BLITZ:1:0.0524:0.0524 PASS_ACTION:1:0.0524:0.0524 FOUL:3:0.1572:0.0524 REPOSITION:9:0.4717:0.0524 END_TURN:1:0.0524:0.0524
ROOT g=145 t=11 ctx=def n=10 BLITZ:2:0.3333:0.1667 REPOSITION:7:0.5833:0.0833 END_TURN:1:0.0833:0.0833
ROOT g=145 t=12 ctx=off n=17 ADVANCE:1:0.1069:0.1069 CAGE:1:0.1069:0.1069 BLITZ:1:0.0524:0.0524 PASS_ACTION:1:0.0524:0.0524 FOUL:3:0.1572:0.0524 REPOSITION:9:0.4717:0.0524 END_TURN:1:0.0524:0.0524
ROOT g=145 t=13 ctx=def n=11 BLITZ:2:0.3207:0.1603 BLOCK:1:0.0962:0.0962 FOUL:1:0.0729:0.0729 REPOSITION:6:0.4373:0.0729 END_TURN:1:0.0729:0.0729
ROOT g=145 t=14 ctx=off n=14 SCORE:1:0.4795:0.4795 CAGE:1:0.0639:0.0639 BLITZ:1:0.0381:0.0381 FOUL:2:0.0761:0.0381 REPOSITION:8:0.3044:0.0381 END_TURN:1:0.0381:0.0381
ROOT g=145 t=15 ctx=loose n=13 BLITZ:1:0.0549:0.0549 BLOCK:3:0.2567:0.0856 PICKUP:1:0.2496:0.2496 REPOSITION:7:0.3840:0.0549 END_TURN:1:0.0549:0.0549
ROOT g=145 t=16 ctx=loose n=13 BLITZ:1:0.0569:0.0569 BLOCK:3:0.2662:0.0887 PICKUP:1:0.2218:0.2218 REPOSITION:7:0.3982:0.0569 END_TURN:1:0.0569:0.0569
ROOT g=145 t=17 ctx=def n=11 BLITZ:2:0.3284:0.1642 REPOSITION:8:0.5970:0.0746 END_TURN:1:0.0746:0.0746
ROOT g=145 t=18 ctx=off n=26 ADVANCE:1:0.0964:0.0964 CAGE:1:0.0964:0.0964 BLITZ:1:0.0309:0.0309 BLOCK:1:0.0964:0.0964 PASS_ACTION:10:0.3090:0.0309 FOUL:2:0.0618:0.0309 REPOSITION:9:0.2781:0.0309 END_TURN:1:0.0309:0.0309
ROOT g=145 t=19 ctx=def n=11 BLITZ:2:0.3284:0.1642 REPOSITION:8:0.5970:0.0746 END_TURN:1:0.0746:0.0746
ROOT g=145 t=20 ctx=off n=24 ADVANCE:1:0.0972:0.0972 CAGE:1:0.0972:0.0972 BLITZ:1:0.0337:0.0337 BLOCK:1:0.0972:0.0972 PASS_ACTION:8:0.2699:0.0337 FOUL:2:0.0675:0.0337 REPOSITION:9:0.3036:0.0337 END_TURN:1:0.0337:0.0337
ROOT g=145 t=21 ctx=def n=11 BLITZ:2:0.2997:0.1499 BLOCK:4:0.3597:0.0899 REPOSITION:4:0.2725:0.0681 END_TURN:1:0.0681:0.0681
ROOT g=145 t=22 ctx=off n=19 ADVANCE:1:0.1058:0.1058 CAGE:1:0.1058:0.1058 BLITZ:1:0.0464:0.0464 PASS_ACTION:3:0.1391:0.0464 FOUL:3:0.1391:0.0464 REPOSITION:9:0.4174:0.0464 END_TURN:1:0.0464:0.0464
ROOT g=145 t=23 ctx=def n=11 BLITZ:2:0.3284:0.1642 FOUL:1:0.0746:0.0746 REPOSITION:7:0.5224:0.0746 END_TURN:1:0.0746:0.0746
ROOT g=145 t=24 ctx=off n=19 ADVANCE:1:0.1058:0.1058 CAGE:1:0.1058:0.1058 BLITZ:1:0.0464:0.0464 PASS_ACTION:3:0.1391:0.0464 FOUL:3:0.1391:0.0464 REPOSITION:9:0.4174:0.0464 END_TURN:1:0.0464:0.0464
ROOT g=145 t=25 ctx=def n=10 BLITZ:2:0.3333:0.1667 FOUL:1:0.0833:0.0833 REPOSITION:6:0.5000:0.0833 END_TURN:1:0.0833:0.0833
ROOT g=145 t=26 ctx=off n=22 ADVANCE:1:0.0829:0.0829 CAGE:1:0.0829:0.0829 BLITZ:1:0.0314:0.0314 BLOCK:4:0.3317:0.0829 PASS_ACTION:2:0.0628:0.0314 FOUL:6:0.1884:0.0314 REPOSITION:6:0.1884:0.0314 END_TURN:1:0.0314:0.0314
ROOT g=145 t=27 ctx=def n=8 BLITZ:2:0.3556:0.1778 BLOCK:3:0.3333:0.1111 REPOSITION:2:0.2222:0.1111 END_TURN:1:0.0889:0.0889
ROOT g=145 t=28 ctx=off n=18 ADVANCE:1:0.1063:0.1063 CAGE:1:0.1063:0.1063 BLITZ:1:0.0492:0.0492 FOUL:6:0.2953:0.0492 REPOSITION:8:0.3937:0.0492 END_TURN:1:0.0492:0.0492
ROOT g=145 t=29 ctx=def n=8 BLITZ:2:0.3556:0.1778 FOUL:2:0.2222:0.1111 REPOSITION:3:0.3333:0.1111 END_TURN:1:0.0889:0.0889
ROOT g=145 t=30 ctx=def n=14 BLITZ:2:0.2954:0.1477 BLOCK:2:0.1772:0.0886 FOUL:4:0.2110:0.0527 REPOSITION:5:0.2637:0.0527 END_TURN:1:0.0527:0.0527
ROOT g=145 t=31 ctx=loose n=5 BLITZ:1:0.1905:0.1905 PICKUP:1:0.3333:0.3333 FOUL:1:0.1905:0.1905 REPOSITION:1:0.1905:0.1905 END_TURN:1:0.0952:0.0952
ROOT g=146 t=0 ctx=loose n=13 BLITZ:1:0.0614:0.0614 BLOCK:3:0.2875:0.0958 PICKUP:1:0.1597:0.1597 REPOSITION:7:0.4300:0.0614 END_TURN:1:0.0614:0.0614
ROOT g=146 t=1 ctx=def n=12 BLITZ:2:0.3061:0.1531 BLOCK:2:0.1837:0.0918 REPOSITION:7:0.4464:0.0638 END_TURN:1:0.0638:0.0638
ROOT g=146 t=2 ctx=off n=23 ADVANCE:1:0.1041:0.1041 CAGE:1:0.1041:0.1041 BLITZ:1:0.0377:0.0377 PASS_ACTION:10:0.3771:0.0377 FOUL:1:0.0377:0.0377 REPOSITION:8:0.3017:0.0377 END_TURN:1:0.0377:0.0377
ROOT g=146 t=3 ctx=def n=11 BLITZ:2:0.3134:0.1567 BLOCK:2:0.1880:0.0940 REPOSITION:6:0.4274:0.0712 END_TURN:1:0.0712:0.0712
ROOT g=146 t=4 ctx=off n=22 ADVANCE:1:0.1044:0.1044 CAGE:1:0.1044:0.1044 BLITZ:1:0.0396:0.0396 PASS_ACTION:8:0.3165:0.0396 FOUL:2:0.0791:0.0396 REPOSITION:8:0.3165:0.0396 END_TURN:1:0.0396:0.0396
ROOT g=146 t=5 ctx=def n=9 BLITZ:2:0.3429:0.1714 REPOSITION:6:0.5714:0.0952 END_TURN:1:0.0857:0.0857
ROOT g=146 t=6 ctx=off n=24 ADVANCE:1:0.1037:0.1037 CAGE:1:0.1037:0.1037 BLITZ:1:0.0360:0.0360 PASS_ACTION:8:0.2882:0.0360 FOUL:4:0.1441:0.0360 REPOSITION:8:0.2882:0.0360 END_TURN:1:0.0360:0.0360
ROOT g=146 t=7 ctx=def n=8 BLITZ:2:0.3556:0.1778 REPOSITION:5:0.5556:0.1111 END_TURN:1:0.0889:0.0889
ROOT g=146 t=8 ctx=off n=24 ADVANCE:1:0.1037:0.1037 CAGE:1:0.1037:0.1037 BLITZ:1:0.0360:0.0360 PASS_ACTION:8:0.2882:0.0360 FOUL:4:0.1441:0.0360 REPOSITION:8:0.2882:0.0360 END_TURN:1:0.0360:0.0360
ROOT g=146 t=9 ctx=def n=7 BLITZ:2:0.3733:0.1867 REPOSITION:4:0.5333:0.1333 END_TURN:1:0.0933:0.0933
ROOT g=146 t=10 ctx=off n=22 ADVANCE:1:0.1044:0.1044 CAGE:1:0.1044:0.1044 BLITZ:1:0.0396:0.0396 PASS_ACTION:7:0.2769:0.0396 FOUL:3:0.1187:0.0396 REPOSITION:8:0.3165:0.0396 END_TURN:1:0.0396:0.0396
ROOT g=146 t=11 ctx=def n=8 BLITZ:2:0.3556:0.1778 REPOSITION:5:0.5556:0.1111 END_TURN:1:0.0889:0.0889
ROOT g=146 t=12 ctx=off n=24 ADVANCE:1:0.1037:0.1037 CAGE:1:0.1037:0.1037 BLITZ:1:0.0360:0.0360 PASS_ACTION:7:0.2522:0.0360 FOUL:5:0.1801:0.0360 REPOSITION:8:0.2882:0.0360 END_TURN:1:0.0360:0.0360
ROOT g=146 t=13 ctx=def n=8 BLITZ:2:0.3556:0.1778 REPOSITION:5:0.5556:0.1111 END_TURN:1:0.0889:0.0889
ROOT g=146 t=14 ctx=off n=17 ADVANCE:1:0.0964:0.0964 CAGE:1:0.0964:0.0964 BLITZ:1:0.0473:0.0473 BLOCK:2:0.1928:0.0964 PASS_ACTION:1:0.0473:0.0473 FOUL:2:0.0945:0.0473 REPOSITION:8:0.3781:0.0473 END_TURN:1:0.0473:0.0473
ROOT g=146 t=15 ctx=def n=6 BLITZ:2:0.4000:0.2000 REPOSITION:3:0.5000:0.1667 END_TURN:1:0.1000:0.1000
ROOT g=146 t=16 ctx=loose n=13 BLITZ:1:0.0614:0.0614 BLOCK:3:0.2875:0.0958 PICKUP:1:0.1597:0.1597 REPOSITION:7:0.4300:0.0614 END_TURN:1:0.0614:0.0614
ROOT g=146 t=17 ctx=def n=14 BLITZ:2:0.3182:0.1591 REPOSITION:11:0.6250:0.0568 END_TURN:1:0.0568:0.0568
ROOT g=146 t=18 ctx=off n=24 ADVANCE:1:0.1037:0.1037 CAGE:1:0.1037:0.1037 BLITZ:1:0.0360:0.0360 PASS_ACTION:8:0.2882:0.0360 FOUL:2:0.0720:0.0360 REPOSITION:10:0.3602:0.0360 END_TURN:1:0.0360:0.0360
ROOT g=146 t=19 ctx=def n=13 BLITZ:2:0.3210:0.1605 REPOSITION:10:0.6173:0.0617 END_TURN:1:0.0617:0.0617
ROOT g=146 t=20 ctx=off n=24 ADVANCE:1:0.1037:0.1037 CAGE:1:0.1037:0.1037 BLITZ:1:0.0360:0.0360 PASS_ACTION:8:0.2882:0.0360 FOUL:2:0.0720:0.0360 REPOSITION:10:0.3602:0.0360 END_TURN:1:0.0360:0.0360
ROOT g=146 t=21 ctx=def n=12 BLITZ:2:0.3243:0.1622 REPOSITION:9:0.6081:0.0676 END_TURN:1:0.0676:0.0676
ROOT g=146 t=22 ctx=off n=25 ADVANCE:1:0.1034:0.1034 CAGE:1:0.1034:0.1034 BLITZ:1:0.0345:0.0345 PASS_ACTION:8:0.2759:0.0345 FOUL:3:0.1034:0.0345 REPOSITION:10:0.3448:0.0345 END_TURN:1:0.0345:0.0345
ROOT g=146 t=23 ctx=def n=11 BLITZ:2:0.3284:0.1642 REPOSITION:8:0.5970:0.0746 END_TURN:1:0.0746:0.0746
ROOT g=146 t=24 ctx=off n=29 ADVANCE:1:0.1025:0.1025 CAGE:1:0.1025:0.1025 BLITZ:1:0.0294:0.0294 PASS_ACTION:8:0.2356:0.0294 FOUL:7:0.2061:0.0294 REPOSITION:10:0.2945:0.0294 END_TURN:1:0.0294:0.0294
ROOT g=146 t=25 ctx=def n=10 BLITZ:2:0.3333:0.1667 REPOSITION:7:0.5833:0.0833 END_TURN:1:0.0833:0.0833
ROOT g=146 t=26 ctx=off n=29 ADVANCE:1:0.1025:0.1025 CAGE:1:0.1025:0.1025 BLITZ:1:0.0294:0.0294 PASS_ACTION:8:0.2356:0.0294 FOUL:7:0.2061:0.0294 REPOSITION:10:0.2945:0.0294 END_TURN:1:0.0294:0.0294
ROOT g=146 t=27 ctx=def n=9 BLITZ:2:0.3429:0.1714 REPOSITION:6:0.5714:0.0952 END_TURN:1:0.0857:0.0857
ROOT g=146 t=28 ctx=off n=30 ADVANCE:1:0.1023:0.1023 CAGE:1:0.1023:0.1023 BLITZ:1:0.0284:0.0284 PASS_ACTION:8:0.2273:0.0284 FOUL:8:0.2273:0.0284 REPOSITION:10:0.2841:0.0284 END_TURN:1:0.0284:0.0284
ROOT g=146 t=29 ctx=def n=8 BLITZ:2:0.3556:0.1778 REPOSITION:5:0.5556:0.1111 END_TURN:1:0.0889:0.0889
ROOT g=146 t=30 ctx=off n=18 SCORE:1:0.4715:0.4715 CAGE:1:0.0629:0.0629 BLITZ:1:0.0291:0.0291 FOUL:4:0.1164:0.0291 REPOSITION:10:0.2910:0.0291 END_TURN:1:0.0291:0.0291
ROOT g=146 t=31 ctx=loose n=13 BLITZ:1:0.0549:0.0549 BLOCK:3:0.2567:0.0856 PICKUP:1:0.2496:0.2496 REPOSITION:7:0.3840:0.0549 END_TURN:1:0.0549:0.0549
ROOT g=147 t=0 ctx=loose n=13 BLITZ:1:0.0614:0.0614 BLOCK:3:0.2875:0.0958 PICKUP:1:0.1597:0.1597 REPOSITION:7:0.4300:0.0614 END_TURN:1:0.0614:0.0614
ROOT g=147 t=1 ctx=def n=13 BLITZ:2:0.2820:0.1410 BLOCK:4:0.3384:0.0846 REPOSITION:6:0.3254:0.0542 END_TURN:1:0.0542:0.0542
ROOT g=147 t=2 ctx=off n=13 ADVANCE:1:0.1105:0.1105 CAGE:1:0.1105:0.1105 BLITZ:1:0.0708:0.0708 PASS_ACTION:4:0.2833:0.0708 REPOSITION:5:0.3541:0.0708 END_TURN:1:0.0708:0.0708
ROOT g=147 t=3 ctx=def n=14 BLITZ:2:0.3182:0.1591 FOUL:3:0.1705:0.0568 REPOSITION:8:0.4545:0.0568 END_TURN:1:0.0568:0.0568
ROOT g=147 t=4 ctx=off n=16 ADVANCE:1:0.1076:0.1076 CAGE:1:0.1076:0.1076 BLITZ:1:0.0561:0.0561 PASS_ACTION:4:0.2242:0.0561 FOUL:3:0.1682:0.0561 REPOSITION:5:0.2803:0.0561 END_TURN:1:0.0561:0.0561
ROOT g=147 t=5 ctx=def n=13 BLITZ:2:0.3210:0.1605 FOUL:3:0.1852:0.0617 REPOSITION:7:0.4321:0.0617 END_TURN:1:0.0617:0.0617
ROOT g=147 t=6 ctx=off n=18 ADVANCE:1:0.1063:0.1063 CAGE:1:0.1063:0.1063 BLITZ:1:0.0492:0.0492 PASS_ACTION:4:0.1969:0.0492 FOUL:5:0.2461:0.0492 REPOSITION:5:0.2461:0.0492 END_TURN:1:0.0492:0.0492
ROOT g=147 t=7 ctx=def n=11 BLITZ:2:0.3284:0.1642 FOUL:2:0.1493:0.0746 REPOSITION:6:0.4478:0.0746 END_TURN:1:0.0746:0.0746
ROOT g=147 t=8 ctx=off n=18 ADVANCE:1:0.1063:0.1063 CAGE:1:0.1063:0.1063 BLITZ:1:0.0492:0.0492 PASS_ACTION:4:0.1969:0.0492 FOUL:5:0.2461:0.0492 REPOSITION:5:0.2461:0.0492 END_TURN:1:0.0492:0.0492
ROOT g=147 t=9 ctx=def n=10 BLITZ:2:0.3333:0.1667 FOUL:2:0.1667:0.0833 REPOSITION:5:0.4167:0.0833 END_TURN:1:0.0833:0.0833
ROOT g=147 t=10 ctx=off n=18 ADVANCE:1:0.1063:0.1063 CAGE:1:0.1063:0.1063 BLITZ:1:0.0492:0.0492 PASS_ACTION:4:0.1969:0.0492 FOUL:5:0.2461:0.0492 REPOSITION:5:0.2461:0.0492 END_TURN:1:0.0492:0.0492
ROOT g=147 t=11 ctx=def n=12 BLITZ:2:0.3243:0.1622 FOUL:4:0.2703:0.0676 REPOSITION:5:0.3378:0.0676 END_TURN:1:0.0676:0.0676
ROOT g=147 t=12 ctx=off n=18 ADVANCE:1:0.1063:0.1063 CAGE:1:0.1063:0.1063 BLITZ:1:0.0492:0.0492 PASS_ACTION:4:0.1969:0.0492 FOUL:5:0.2461:0.0492 REPOSITION:5:0.2461:0.0492 END_TURN:1:0.0492:0.0492
ROOT g=147 t=13 ctx=def n=11 BLITZ:2:0.3284:0.1642 FOUL:3:0.2239:0.0746 REPOSITION:5:0.3731:0.0746 END_TURN:1:0.0746:0.0746
ROOT g=147 t=14 ctx=loose n=11 BLITZ:1:0.0722:0.0722 PICKUP:1:0.2780:0.2780 FOUL:2:0.1444:0.0722 REPOSITION:6:0.4332:0.0722 END_TURN:1:0.0722:0.0722
ROOT g=147 t=15 ctx=loose n=13 BLITZ:1:0.0549:0.0549 BLOCK:3:0.2567:0.0856 PICKUP:1:0.2496:0.2496 REPOSITION:7:0.3840:0.0549 END_TURN:1:0.0549:0.0549
ROOT g=147 t=16 ctx=loose n=13 BLITZ:1:0.0569:0.0569 BLOCK:3:0.2662:0.0887 PICKUP:1:0.2218:0.2218 REPOSITION:7:0.3982:0.0569 END_TURN:1:0.0569:0.0569
ROOT g=147 t=17 ctx=loose n=11 BLITZ:1:0.0909:0.0909 REPOSITION:9:0.8182:0.0909 END_TURN:1:0.0909:0.0909
ROOT g=147 t=18 ctx=loose n=14 BLITZ:1:0.0520:0.0520 BLOCK:3:0.2620:0.0873 PICKUP:1:0.2183:0.2183 FOUL:1:0.0520:0.0520 REPOSITION:7:0.3638:0.0520 END_TURN:1:0.0520:0.0520
ROOT g=147 t=19 ctx=loose n=12 BLITZ:1:0.0746:0.0746 PICKUP:1:0.1791:0.1791 REPOSITION:9:0.6716:0.0746 END_TURN:1:0.0746:0.0746
ROOT g=147 t=20 ctx=loose n=13 BLITZ:1:0.0569:0.0569 BLOCK:3:0.2662:0.0887 PICKUP:1:0.2218:0.2218 FOUL:1:0.0569:0.0569 REPOSITION:6:0.3413:0.0569 END_TURN:1:0.0569:0.0569
ROOT g=147 t=21 ctx=loose n=13 BLITZ:1:0.0685:0.0685 PICKUP:1:0.1781:0.1781 FOUL:1:0.0685:0.0685 REPOSITION:9:0.6164:0.0685 END_TURN:1:0.0685:0.0685
ROOT g=147 t=22 ctx=loose n=13 BLITZ:1:0.0569:0.0569 BLOCK:3:0.2662:0.0887 PICKUP:1:0.2218:0.2218 FOUL:1:0.0569:0.0569 REPOSITION:6:0.3413:0.0569 END_TURN:1:0.0569:0.0569
ROOT g=147 t=23 ctx=loose n=12 BLITZ:1:0.0746:0.0746 PICKUP:1:0.1791:0.1791 REPOSITION:9:0.6716:0.0746 END_TURN:1:0.0746:0.0746
ROOT g=147 t=24 ctx=loose n=13 BLITZ:1:0.0569:0.0569 BLOCK:3:0.2662:0.0887 PICKUP:1:0.2218:0.2218 FOUL:1:0.0569:0.0569 REPOSITION:6:0.3413:0.0569 END_TURN:1:0.0569:0.0569
ROOT g=147 t=25 ctx=loose n=12 BLITZ:1:0.0746:0.0746 PICKUP:1:0.1791:0.1791 REPOSITION:9:0.6716:0.0746 END_TURN:1:0.0746:0.0746
ROOT g=147 t=26 ctx=loose n=13 BLITZ:1:0.0549:0.0549 BLOCK:3:0.2567:0.0856 PICKUP:1:0.2496:0.2496 FOUL:1:0.0549:0.0549 REPOSITION:6:0.3291:0.0549 END_TURN:1:0.0549:0.0549
ROOT g=147 t=27 ctx=loose n=12 BLITZ:1:0.0658:0.0658 PICKUP:1:0.2763:0.2763 REPOSITION:9:0.5921:0.0658 END_TURN:1:0.0658:0.0658
ROOT g=147 t=28 ctx=loose n=13 BLITZ:1:0.0549:0.0549 BLOCK:3:0.2567:0.0856 PICKUP:1:0.2496:0.2496 FOUL:1:0.0549:0.0549 REPOSITION:6:0.3291:0.0549 END_TURN:1:0.0549:0.0549
ROOT g=147 t=29 ctx=loose n=12 BLITZ:1:0.0658:0.0658 PICKUP:1:0.2763:0.2763 REPOSITION:9:0.5921:0.0658 END_TURN:1:0.0658:0.0658
ROOT g=147 t=30 ctx=loose n=12 BLITZ:1:0.0605:0.0605 BLOCK:3:0.2615:0.0872 PICKUP:1:0.2542:0.2542 FOUL:1:0.0605:0.0605 REPOSITION:5:0.3027:0.0605 END_TURN:1:0.0605:0.0605
ROOT g=147 t=31 ctx=loose n=11 BLITZ:1:0.0722:0.0722 PICKUP:1:0.2780:0.2780 REPOSITION:8:0.5776:0.0722 END_TURN:1:0.0722:0.0722
ROOT g=148 t=0 ctx=loose n=12 BLITZ:1:0.0751:0.0751 BLOCK:3:0.3243:0.1081 REPOSITION:7:0.5255:0.0751 END_TURN:1:0.0751:0.0751
ROOT g=148 t=1 ctx=loose n=9 BLITZ:1:0.1114:0.1114 BLOCK:1:0.1203:0.1203 REPOSITION:6:0.6682:0.1114 END_TURN:1:0.1002:0.1002
ROOT g=148 t=2 ctx=loose n=13 BLITZ:1:0.0685:0.0685 PICKUP:1:0.1781:0.1781 FOUL:1:0.0685:0.0685 REPOSITION:9:0.6164:0.0685 END_TURN:1:0.0685:0.0685
ROOT g=148 t=3 ctx=def n=14 BLITZ:2:0.3182:0.1591 FOUL:3:0.1705:0.0568 REPOSITION:8:0.4545:0.0568 END_TURN:1:0.0568:0.0568
ROOT g=148 t=4 ctx=off n=21 ADVANCE:1:0.1048:0.1048 CAGE:1:0.1048:0.1048 BLITZ:1:0.0416:0.0416 PASS_ACTION:8:0.3328:0.0416 FOUL:1:0.0416:0.0416 REPOSITION:8:0.3328:0.0416 END_TURN:1:0.0416:0.0416
ROOT g=148 t=5 ctx=def n=14 BLITZ:2:0.3182:0.1591 FOUL:3:0.1705:0.0568 REPOSITION:8:0.4545:0.0568 END_TURN:1:0.0568:0.0568
ROOT g=148 t=6 ctx=off n=21 ADVANCE:1:0.1048:0.1048 CAGE:1:0.1048:0.1048 BLITZ:1:0.0416:0.0416 PASS_ACTION:8:0.3328:0.0416 FOUL:1:0.0416:0.0416 REPOSITION:8:0.3328:0.0416 END_TURN:1:0.0416:0.0416
ROOT g=148 t=7 ctx=def n=14 BLITZ:2:0.3182:0.1591 FOUL:3:0.1705:0.0568 REPOSITION:8:0.4545:0.0568 END_TURN:1:0.0568:0.0568
ROOT g=148 t=8 ctx=off n=21 ADVANCE:1:0.1048:0.1048 CAGE:1:0.1048:0.1048 BLITZ:1:0.0416:0.0416 PASS_ACTION:8:0.3328:0.0416 FOUL:1:0.0416:0.0416 REPOSITION:8:0.3328:0.0416 END_TURN:1:0.0416:0.0416
ROOT g=148 t=9 ctx=def n=14 BLITZ:2:0.3182:0.1591 FOUL:3:0.1705:0.0568 REPOSITION:8:0.4545:0.0568 END_TURN:1:0.0568:0.0568
ROOT g=148 t=10 ctx=off n=21 ADVANCE:1:0.1048:0.1048 CAGE:1:0.1048:0.1048 BLITZ:1:0.0416:0.0416 PASS_ACTION:8:0.3328:0.0416 FOUL:1:0.0416:0.0416 REPOSITION:8:0.3328:0.0416 END_TURN:1:0.0416:0.0416
ROOT g=148 t=11 ctx=def n=14 BLITZ:2:0.3182:0.1591 FOUL:3:0.1705:0.0568 REPOSITION:8:0.4545:0.0568 END_TURN:1:0.0568:0.0568
ROOT g=148 t=12 ctx=off n=18 ADVANCE:1:0.0954:0.0954 CAGE:1:0.0954:0.0954 BLITZ:1:0.0442:0.0442 BLOCK:2:0.1908:0.0954 PASS_ACTION:6:0.2650:0.0442 FOUL:1:0.0442:0.0442 REPOSITION:5:0.2208:0.0442 END_TURN:1:0.0442:0.0442
ROOT g=148 t=13 ctx=def n=9 BLITZ:2:0.3403:0.1701 BLOCK:1:0.1021:0.1021 FOUL:1:0.0945:0.0945 REPOSITION:4:0.3781:0.0945 END_TURN:1:0.0851:0.0851
ROOT g=148 t=14 ctx=off n=16 ADVANCE:1:0.1023:0.1023 CAGE:1:0.1023:0.1023 BLITZ:1:0.0533:0.0533 BLOCK:1:0.1023:0.1023 PASS_ACTION:2:0.1066:0.0533 FOUL:3:0.1599:0.0533 REPOSITION:6:0.3198:0.0533 END_TURN:1:0.0533:0.0533
ROOT g=148 t=15 ctx=def n=8 BLITZ:2:0.3556:0.1778 BLOCK:1:0.1111:0.1111 FOUL:1:0.1111:0.1111 REPOSITION:3:0.3333:0.1111 END_TURN:1:0.0889:0.0889
ROOT g=148 t=16 ctx=loose n=13 BLITZ:1:0.0614:0.0614 BLOCK:3:0.2875:0.0958 PICKUP:1:0.1597:0.1597 REPOSITION:7:0.4300:0.0614 END_TURN:1:0.0614:0.0614
ROOT g=148 t=17 ctx=def n=10 BLITZ:2:0.3333:0.1667 REPOSITION:7:0.5833:0.0833 END_TURN:1:0.0833:0.0833
ROOT g=148 t=18 ctx=off n=18 ADVANCE:1:0.0954:0.0954 CAGE:1:0.0954:0.0954 BLITZ:1:0.0442:0.0442 BLOCK:2:0.1908:0.0954 PASS_ACTION:5:0.2208:0.0442 FOUL:1:0.0442:0.0442 REPOSITION:6:0.2650:0.0442 END_TURN:1:0.0442:0.0442
ROOT g=148 t=19 ctx=def n=10 BLITZ:2:0.3333:0.1667 FOUL:1:0.0833:0.0833 REPOSITION:6:0.5000:0.0833 END_TURN:1:0.0833:0.0833
ROOT g=148 t=20 ctx=off n=20 ADVANCE:1:0.0938:0.0938 CAGE:1:0.0938:0.0938 BLITZ:1:0.0391:0.0391 BLOCK:2:0.1875:0.0938 PASS_ACTION:5:0.1953:0.0391 FOUL:3:0.1172:0.0391 REPOSITION:6:0.2344:0.0391 END_TURN:1:0.0391:0.0391
ROOT g=148 t=21 ctx=def n=9 BLITZ:2:0.3429:0.1714 FOUL:1:0.0952:0.0952 REPOSITION:5:0.4762:0.0952 END_TURN:1:0.0857:0.0857
ROOT g=148 t=22 ctx=off n=25 ADVANCE:1:0.0811:0.0811 CAGE:1:0.0811:0.0811 BLITZ:1:0.0270:0.0270 BLOCK:4:0.3243:0.0811 PASS_ACTION:5:0.1351:0.0270 FOUL:6:0.1622:0.0270 REPOSITION:6:0.1622:0.0270 END_TURN:1:0.0270:0.0270
ROOT g=148 t=23 ctx=def n=8 BLITZ:2:0.3556:0.1778 REPOSITION:5:0.5556:0.1111 END_TURN:1:0.0889:0.0889
ROOT g=148 t=24 ctx=off n=25 ADVANCE:1:0.0909:0.0909 CAGE:1:0.0909:0.0909 BLITZ:1:0.0303:0.0303 BLOCK:2:0.1818:0.0909 PASS_ACTION:5:0.1515:0.0303 FOUL:6:0.1818:0.0303 REPOSITION:8:0.2424:0.0303 END_TURN:1:0.0303:0.0303
ROOT g=148 t=25 ctx=def n=8 BLITZ:2:0.3556:0.1778 REPOSITION:5:0.5556:0.1111 END_TURN:1:0.0889:0.0889
ROOT g=148 t=26 ctx=off n=18 ADVANCE:1:0.0954:0.0954 CAGE:1:0.0954:0.0954 BLITZ:1:0.0442:0.0442 BLOCK:2:0.1908:0.0954 PASS_ACTION:3:0.1325:0.0442 FOUL:4:0.1767:0.0442 REPOSITION:5:0.2208:0.0442 END_TURN:1:0.0442:0.0442
ROOT g=148 t=27 ctx=def n=7 BLITZ:2:0.3733:0.1867 FOUL:1:0.1333:0.1333 REPOSITION:3:0.4000:0.1333 END_TURN:1:0.0933:0.0933
ROOT g=148 t=28 ctx=off n=19 ADVANCE:1:0.1058:0.1058 CAGE:1:0.1058:0.1058 BLITZ:1:0.0464:0.0464 PASS_ACTION:3:0.1391:0.0464 FOUL:6:0.2783:0.0464 REPOSITION:6:0.2783:0.0464 END_TURN:1:0.0464:0.0464
ROOT g=148 t=29 ctx=def n=6 BLITZ:2:0.4000:0.2000 FOUL:1:0.1667:0.1667 REPOSITION:2:0.3333:0.1667 END_TURN:1:0.1000:0.1000
ROOT g=148 t=30 ctx=off n=19 SCORE:1:0.4082:0.4082 CAGE:1:0.0700:0.0700 BLITZ:1:0.0307:0.0307 PASS_ACTION:1:0.0307:0.0307 FOUL:6:0.1842:0.0307 REPOSITION:8:0.2455:0.0307 END_TURN:1:0.0307:0.0307
ROOT g=148 t=31 ctx=def n=5 BLITZ:2:0.4444:0.2222 REPOSITION:2:0.4444:0.2222 END_TURN:1:0.1111:0.1111
ROOT g=149 t=0 ctx=loose n=13 BLITZ:1:0.0614:0.0614 BLOCK:3:0.2875:0.0958 PICKUP:1:0.1597:0.1597 REPOSITION:7:0.4300:0.0614 END_TURN:1:0.0614:0.0614
ROOT g=149 t=1 ctx=def n=12 BLITZ:2:0.3150:0.1575 BLOCK:1:0.0945:0.0945 REPOSITION:8:0.5249:0.0656 END_TURN:1:0.0656:0.0656
ROOT g=149 t=2 ctx=off n=25 ADVANCE:1:0.1034:0.1034 CAGE:1:0.1034:0.1034 BLITZ:1:0.0345:0.0345 PASS_ACTION:10:0.3448:0.0345 FOUL:3:0.1034:0.0345 REPOSITION:8:0.2759:0.0345 END_TURN:1:0.0345:0.0345
ROOT g=149 t=3 ctx=def n=10 BLITZ:2:0.3279:0.1639 BLOCK:1:0.0984:0.0984 REPOSITION:6:0.4918:0.0820 END_TURN:1:0.0820:0.0820
ROOT g=149 t=4 ctx=off n=13 ADVANCE:1:0.1105:0.1105 CAGE:1:0.1105:0.1105 BLITZ:1:0.0708:0.0708 PASS_ACTION:2:0.1416:0.0708 FOUL:1:0.0708:0.0708 REPOSITION:6:0.4249:0.0708 END_TURN:1:0.0708:0.0708
ROOT g=149 t=5 ctx=def n=12 BLITZ:2:0.3243:0.1622 FOUL:2:0.1351:0.0676 REPOSITION:7:0.4730:0.0676 END_TURN:1:0.0676:0.0676
ROOT g=149 t=6 ctx=off n=14 ADVANCE:1:0.1094:0.1094 CAGE:1:0.1094:0.1094 BLITZ:1:0.0651:0.0651 PASS_ACTION:2:0.1302:0.0651 FOUL:2:0.1302:0.0651 REPOSITION:6:0.3906:0.0651 END_TURN:1:0.0651:0.0651
ROOT g=149 t=7 ctx=def n=12 BLITZ:2:0.3243:0.1622 FOUL:2:0.1351:0.0676 REPOSITION:7:0.4730:0.0676 END_TURN:1:0.0676:0.0676
ROOT g=149 t=8 ctx=off n=14 ADVANCE:1:0.0966:0.0966 CAGE:1:0.0966:0.0966 BLITZ:1:0.0575:0.0575 BLOCK:3:0.2897:0.0966 PASS_ACTION:1:0.0575:0.0575 FOUL:2:0.1149:0.0575 REPOSITION:4:0.2299:0.0575 END_TURN:1:0.0575:0.0575
ROOT g=149 t=9 ctx=def n=9 BLITZ:2:0.3429:0.1714 REPOSITION:6:0.5714:0.0952 END_TURN:1:0.0857:0.0857
ROOT g=149 t=10 ctx=off n=21 ADVANCE:1:0.0925:0.0925 CAGE:1:0.0925:0.0925 BLITZ:1:0.0367:0.0367 PASS_ACTION:5:0.1836:0.0367 FOUL:5:0.1836:0.0367 REPOSITION:6:0.2203:0.0367 END_TURN:1:0.0367:0.0367 PASS_SCORE:1:0.1542:0.1542
ROOT g=149 t=11 ctx=loose n=9 BLITZ:1:0.0898:0.0898 BLOCK:1:0.0970:0.0970 PICKUP:1:0.2830:0.2830 REPOSITION:5:0.4492:0.0898 END_TURN:1:0.0809:0.0809
ROOT g=149 t=12 ctx=loose n=15 BLITZ:1:0.0519:0.0519 PICKUP:1:0.2727:0.2727 FOUL:5:0.2597:0.0519 REPOSITION:7:0.3636:0.0519 END_TURN:1:0.0519:0.0519
ROOT g=149 t=13 ctx=loose n=12 BLITZ:1:0.0658:0.0658 PICKUP:1:0.2763:0.2763 FOUL:3:0.1974:0.0658 REPOSITION:6:0.3947:0.0658 END_TURN:1:0.0658:0.0658
ROOT g=149 t=14 ctx=def n=12 BLITZ:2:0.3243:0.1622 FOUL:4:0.2703:0.0676 REPOSITION:5:0.3378:0.0676 END_TURN:1:0.0676:0.0676
ROOT g=149 t=15 ctx=off n=11 ADVANCE:1:0.0720:0.0720 CAGE:1:0.0720:0.0720 BLITZ:1:0.0545:0.0545 PASS_ACTION:1:0.0545:0.0545 FOUL:1:0.0545:0.0545 REPOSITION:4:0.2181:0.0545 END_TURN:1:0.0545:0.0545 PASS_SCORE:1:0.4198:0.4198
ROOT g=149 t=16 ctx=loose n=13 BLITZ:1:0.0614:0.0614 BLOCK:3:0.2875:0.0958 PICKUP:1:0.1597:0.1597 REPOSITION:7:0.4300:0.0614 END_TURN:1:0.0614:0.0614
ROOT g=149 t=17 ctx=def n=10 BLITZ:2:0.3333:0.1667 REPOSITION:7:0.5833:0.0833 END_TURN:1:0.0833:0.0833
ROOT g=149 t=18 ctx=off n=25 ADVANCE:1:0.0968:0.0968 CAGE:1:0.0968:0.0968 BLITZ:1:0.0323:0.0323 BLOCK:1:0.0968:0.0968 PASS_ACTION:9:0.2903:0.0323 FOUL:3:0.0968:0.0323 REPOSITION:8:0.2581:0.0323 END_TURN:1:0.0323:0.0323
ROOT g=149 t=19 ctx=def n=8 BLITZ:2:0.3556:0.1778 REPOSITION:5:0.5556:0.1111 END_TURN:1:0.0889:0.0889
ROOT g=149 t=20 ctx=off n=23 ADVANCE:1:0.1041:0.1041 CAGE:1:0.1041:0.1041 BLITZ:1:0.0377:0.0377 PASS_ACTION:7:0.2640:0.0377 FOUL:3:0.1131:0.0377 REPOSITION:9:0.3394:0.0377 END_TURN:1:0.0377:0.0377
ROOT g=149 t=21 ctx=def n=9 BLITZ:2:0.3429:0.1714 REPOSITION:6:0.5714:0.0952 END_TURN:1:0.0857:0.0857
ROOT g=149 t=22 ctx=off n=22 ADVANCE:1:0.0874:0.0874 CAGE:1:0.0874:0.0874 BLITZ:1:0.0331:0.0331 BLOCK:3:0.2623:0.0874 PASS_ACTION:7:0.2318:0.0331 FOUL:2:0.0662:0.0331 REPOSITION:6:0.1987:0.0331 END_TURN:1:0.0331:0.0331
ROOT g=149 t=23 ctx=def n=7 BLITZ:2:0.3733:0.1867 REPOSITION:4:0.5333:0.1333 END_TURN:1:0.0933:0.0933
ROOT g=149 t=24 ctx=off n=23 ADVANCE:1:0.1041:0.1041 CAGE:1:0.1041:0.1041 BLITZ:1:0.0377:0.0377 PASS_ACTION:7:0.2640:0.0377 FOUL:3:0.1131:0.0377 REPOSITION:9:0.3394:0.0377 END_TURN:1:0.0377:0.0377
ROOT g=149 t=25 ctx=def n=7 BLITZ:2:0.3733:0.1867 REPOSITION:4:0.5333:0.1333 END_TURN:1:0.0933:0.0933
ROOT g=149 t=26 ctx=loose n=15 BLITZ:1:0.0445:0.0445 BLOCK:4:0.3207:0.0802 PICKUP:1:0.2339:0.2339 FOUL:3:0.1336:0.0445 REPOSITION:5:0.2227:0.0445 END_TURN:1:0.0445:0.0445
ROOT g=149 t=27 ctx=def n=6 BLITZ:2:0.4000:0.2000 REPOSITION:3:0.5000:0.1667 END_TURN:1:0.1000:0.1000
ROOT g=149 t=28 ctx=off n=22 ADVANCE:1:0.1044:0.1044 CAGE:1:0.1044:0.1044 BLITZ:1:0.0396:0.0396 PASS_ACTION:4:0.1582:0.0396 FOUL:7:0.2769:0.0396 REPOSITION:7:0.2769:0.0396 END_TURN:1:0.0396:0.0396
ROOT g=149 t=29 ctx=def n=6 BLITZ:2:0.4000:0.2000 BLOCK:1:0.1667:0.1667 REPOSITION:2:0.3333:0.1667 END_TURN:1:0.1000:0.1000
ROOT g=149 t=30 ctx=off n=15 SCORE:1:0.4150:0.4150 CAGE:1:0.0711:0.0711 BLITZ:1:0.0395:0.0395 FOUL:6:0.2372:0.0395 REPOSITION:5:0.1976:0.0395 END_TURN:1:0.0395:0.0395
ROOT g=149 t=31 ctx=loose n=13 BLITZ:1:0.0549:0.0549 BLOCK:3:0.2567:0.0856 PICKUP:1:0.2496:0.2496 REPOSITION:7:0.3840:0.0549 END_TURN:1:0.0549:0.0549
