SROOT g=0 t=0 ctx=loose n=13
Q type=END_TURN prior=0.0614 q=-0.1000 pto=0.000 label=END_TURN p-1 t-1
Q type=BLITZ prior=0.0614 q=-0.1207 pto=0.007 label=BLITZ p-1 t13
Q type=BLOCK prior=0.0958 q=-0.1321 pto=0.013 label=BLOCK p2 t13
Q type=BLOCK prior=0.0958 q=-0.1321 pto=0.013 label=BLOCK p3 t13
Q type=BLOCK prior=0.0958 q=-0.1207 pto=0.007 label=BLOCK p4 t13
Q type=PICKUP prior=0.1597 q=0.1260 pto=0.113 label=PICKUP p11 t-1
Q type=REPOSITION prior=0.0614 q=-0.0600 pto=0.000 label=REPOSITION p5->(0,4)
Q type=REPOSITION prior=0.0614 q=-0.0600 pto=0.000 label=REPOSITION p6->(0,4)
Q type=REPOSITION prior=0.0614 q=-0.1000 pto=0.000 label=REPOSITION p7->(0,4)
Q type=REPOSITION prior=0.0614 q=-0.0600 pto=0.000 label=REPOSITION p8->(0,4)
Q type=REPOSITION prior=0.0614 q=-0.0200 pto=0.000 label=REPOSITION p9->(0,4)
Q type=REPOSITION prior=0.0614 q=-0.0200 pto=0.000 label=REPOSITION p10->(0,4)
Q type=REPOSITION prior=0.0614 q=0.1260 pto=0.113 label=REPOSITION p11->(0,4)
SROOT g=0 t=2 ctx=off n=16
Q type=END_TURN prior=0.0485 q=0.1830 pto=0.000 label=END_TURN p-1 t-1
Q type=ADVANCE prior=0.0932 q=0.2122 pto=0.000 label=ADVANCE p11 t-1
Q type=CAGE prior=0.0932 q=0.1590 pto=0.000 label=CAGE p11 t-1
Q type=BLITZ prior=0.0485 q=0.1624 pto=0.007 label=BLITZ p-1 t13
Q type=BLOCK prior=0.0932 q=0.1509 pto=0.013 label=BLOCK p2 t13
Q type=BLOCK prior=0.0932 q=0.1509 pto=0.013 label=BLOCK p3 t13
Q type=BLOCK prior=0.0932 q=0.1624 pto=0.007 label=BLOCK p4 t13
Q type=PASS_ACTION prior=0.0485 q=0.1092 pto=0.413 label=PASS_ACTION p11 t8
Q type=PASS_ACTION prior=0.0485 q=0.1154 pto=0.440 label=PASS_ACTION p11 t9
Q type=PASS_ACTION prior=0.0485 q=0.1071 pto=0.460 label=PASS_ACTION p11 t10
Q type=REPOSITION prior=0.0485 q=0.1830 pto=0.000 label=REPOSITION p5->(15,7)
Q type=REPOSITION prior=0.0485 q=0.1790 pto=0.000 label=REPOSITION p6->(0,4)
Q type=REPOSITION prior=0.0485 q=0.1830 pto=0.000 label=REPOSITION p7->(0,4)
Q type=REPOSITION prior=0.0485 q=0.1510 pto=0.000 label=REPOSITION p8->(0,4)
Q type=REPOSITION prior=0.0485 q=0.1670 pto=0.000 label=REPOSITION p9->(0,4)
Q type=REPOSITION prior=0.0485 q=0.1670 pto=0.000 label=REPOSITION p10->(0,4)
SROOT g=0 t=4 ctx=off n=22
Q type=END_TURN prior=0.0331 q=0.0254 pto=0.000 label=END_TURN p-1 t-1
Q type=ADVANCE prior=0.0874 q=0.0506 pto=0.000 label=ADVANCE p11 t-1
Q type=CAGE prior=0.0874 q=0.0234 pto=0.000 label=CAGE p11 t-1
Q type=BLITZ prior=0.0331 q=0.1701 pto=0.013 label=BLITZ p-1 t15
Q type=BLOCK prior=0.0874 q=0.1701 pto=0.013 label=BLOCK p1 t15
Q type=BLOCK prior=0.0874 q=0.1512 pto=0.013 label=BLOCK p2 t15
Q type=BLOCK prior=0.0874 q=0.0432 pto=0.013 label=BLOCK p4 t13
Q type=PASS_ACTION prior=0.0331 q=-0.0799 pto=0.467 label=PASS_ACTION p11 t1
Q type=PASS_ACTION prior=0.0331 q=-0.0721 pto=0.460 label=PASS_ACTION p11 t2
Q type=PASS_ACTION prior=0.0331 q=-0.0061 pto=0.220 label=PASS_ACTION p11 t3
Q type=PASS_ACTION prior=0.0331 q=-0.2755 pto=0.927 label=PASS_ACTION p11 t4
Q type=PASS_ACTION prior=0.0331 q=-0.0749 pto=0.447 label=PASS_ACTION p11 t5
Q type=PASS_ACTION prior=0.0331 q=-0.0025 pto=0.160 label=PASS_ACTION p11 t6
Q type=PASS_ACTION prior=0.0331 q=-0.0575 pto=0.400 label=PASS_ACTION p11 t7
Q type=PASS_ACTION prior=0.0331 q=0.0089 pto=0.100 label=PASS_ACTION p11 t8
Q type=PASS_ACTION prior=0.0331 q=0.0123 pto=0.087 label=PASS_ACTION p11 t10
Q type=REPOSITION prior=0.0331 q=0.0244 pto=0.000 label=REPOSITION p3->(5,5)
Q type=REPOSITION prior=0.0331 q=0.0244 pto=0.000 label=REPOSITION p6->(5,5)
Q type=REPOSITION prior=0.0331 q=0.0204 pto=0.000 label=REPOSITION p7->(3,5)
Q type=REPOSITION prior=0.0331 q=0.0264 pto=0.000 label=REPOSITION p8->(5,5)
Q type=REPOSITION prior=0.0331 q=0.0284 pto=0.000 label=REPOSITION p9->(5,5)
Q type=REPOSITION prior=0.0331 q=0.0264 pto=0.000 label=REPOSITION p10->(5,5)
SROOT g=0 t=6 ctx=off n=19
Q type=END_TURN prior=0.0438 q=0.0794 pto=0.000 label=END_TURN p-1 t-1
Q type=ADVANCE prior=0.0998 q=0.1043 pto=0.000 label=ADVANCE p11 t-1
Q type=CAGE prior=0.0998 q=0.0794 pto=0.000 label=CAGE p11 t-1
Q type=BLITZ prior=0.0438 q=0.0928 pto=0.080 label=BLITZ p-1 t12
Q type=BLOCK prior=0.0998 q=0.0973 pto=0.013 label=BLOCK p4 t13
Q type=PASS_ACTION prior=0.0438 q=-0.0744 pto=0.647 label=PASS_ACTION p11 t1
Q type=PASS_ACTION prior=0.0438 q=0.0720 pto=0.100 label=PASS_ACTION p11 t3
Q type=PASS_ACTION prior=0.0438 q=-0.2268 pto=0.933 label=PASS_ACTION p11 t4
Q type=PASS_ACTION prior=0.0438 q=-0.0199 pto=0.440 label=PASS_ACTION p11 t5
Q type=PASS_ACTION prior=0.0438 q=0.0522 pto=0.153 label=PASS_ACTION p11 t6
Q type=PASS_ACTION prior=0.0438 q=-0.0146 pto=0.440 label=PASS_ACTION p11 t7
Q type=PASS_ACTION prior=0.0438 q=0.0632 pto=0.087 label=PASS_ACTION p11 t10
Q type=FOUL prior=0.0438 q=0.0830 pto=0.000 label=FOUL p1 t15
Q type=REPOSITION prior=0.0438 q=0.0806 pto=0.000 label=REPOSITION p3->(5,5)
Q type=REPOSITION prior=0.0438 q=0.0783 pto=0.000 label=REPOSITION p6->(5,5)
Q type=REPOSITION prior=0.0438 q=0.0737 pto=0.000 label=REPOSITION p7->(3,5)
Q type=REPOSITION prior=0.0438 q=0.0829 pto=0.000 label=REPOSITION p8->(5,5)
Q type=REPOSITION prior=0.0438 q=0.0829 pto=0.000 label=REPOSITION p9->(5,5)
Q type=REPOSITION prior=0.0438 q=0.0806 pto=0.000 label=REPOSITION p10->(5,5)
SROOT g=0 t=8 ctx=off n=20
Q type=END_TURN prior=0.0413 q=0.1251 pto=0.000 label=END_TURN p-1 t-1
Q type=ADVANCE prior=0.0992 q=0.1479 pto=0.000 label=ADVANCE p11 t-1
Q type=CAGE prior=0.0992 q=0.1251 pto=0.000 label=CAGE p11 t-1
Q type=BLITZ prior=0.0413 q=0.1385 pto=0.080 label=BLITZ p-1 t12
Q type=BLOCK prior=0.0992 q=0.1430 pto=0.013 label=BLOCK p4 t13
Q type=PASS_ACTION prior=0.0413 q=-0.0393 pto=0.647 label=PASS_ACTION p11 t1
Q type=PASS_ACTION prior=0.0413 q=0.1177 pto=0.100 label=PASS_ACTION p11 t3
Q type=PASS_ACTION prior=0.0413 q=-0.2002 pto=0.940 label=PASS_ACTION p11 t4
Q type=PASS_ACTION prior=0.0413 q=0.0167 pto=0.440 label=PASS_ACTION p11 t5
Q type=PASS_ACTION prior=0.0413 q=0.0904 pto=0.160 label=PASS_ACTION p11 t6
Q type=PASS_ACTION prior=0.0413 q=0.0238 pto=0.440 label=PASS_ACTION p11 t7
Q type=PASS_ACTION prior=0.0413 q=0.1069 pto=0.087 label=PASS_ACTION p11 t10
Q type=FOUL prior=0.0413 q=0.1287 pto=0.000 label=FOUL p1 t15
Q type=FOUL prior=0.0413 q=0.1187 pto=0.000 label=FOUL p7 t17
Q type=REPOSITION prior=0.0413 q=0.1263 pto=0.000 label=REPOSITION p3->(5,5)
Q type=REPOSITION prior=0.0413 q=0.1240 pto=0.000 label=REPOSITION p6->(5,5)
Q type=REPOSITION prior=0.0413 q=0.1194 pto=0.000 label=REPOSITION p7->(3,5)
Q type=REPOSITION prior=0.0413 q=0.1286 pto=0.000 label=REPOSITION p8->(5,5)
Q type=REPOSITION prior=0.0413 q=0.1286 pto=0.000 label=REPOSITION p9->(5,5)
Q type=REPOSITION prior=0.0413 q=0.1263 pto=0.000 label=REPOSITION p10->(5,5)
SROOT g=0 t=10 ctx=off n=18
Q type=END_TURN prior=0.0466 q=0.1918 pto=0.000 label=END_TURN p-1 t-1
Q type=ADVANCE prior=0.1006 q=0.2170 pto=0.000 label=ADVANCE p11 t-1
Q type=CAGE prior=0.1006 q=0.1918 pto=0.000 label=CAGE p11 t-1
Q type=BLITZ prior=0.0466 q=0.2087 pto=0.847 label=BLITZ p-1 t12
Q type=BLOCK prior=0.1006 q=0.2390 pto=0.013 label=BLOCK p4 t16
Q type=PASS_ACTION prior=0.0466 q=0.1609 pto=0.100 label=PASS_ACTION p11 t3
Q type=PASS_ACTION prior=0.0466 q=0.0380 pto=0.553 label=PASS_ACTION p11 t5
Q type=PASS_ACTION prior=0.0466 q=0.1523 pto=0.167 label=PASS_ACTION p11 t6
Q type=PASS_ACTION prior=0.0466 q=0.0797 pto=0.453 label=PASS_ACTION p11 t7
Q type=PASS_ACTION prior=0.0466 q=0.1796 pto=0.087 label=PASS_ACTION p11 t10
Q type=FOUL prior=0.0466 q=0.1942 pto=0.000 label=FOUL p4 t13
Q type=FOUL prior=0.0466 q=0.1854 pto=0.000 label=FOUL p7 t17
Q type=REPOSITION prior=0.0466 q=0.1930 pto=0.000 label=REPOSITION p3->(5,5)
Q type=REPOSITION prior=0.0466 q=0.1907 pto=0.000 label=REPOSITION p6->(5,5)
Q type=REPOSITION prior=0.0466 q=0.1861 pto=0.000 label=REPOSITION p7->(3,5)
Q type=REPOSITION prior=0.0466 q=0.1952 pto=0.000 label=REPOSITION p8->(5,5)
Q type=REPOSITION prior=0.0466 q=0.1952 pto=0.000 label=REPOSITION p9->(5,5)
Q type=REPOSITION prior=0.0466 q=0.1930 pto=0.000 label=REPOSITION p10->(5,5)
SROOT g=0 t=12 ctx=off n=17
Q type=END_TURN prior=0.0524 q=0.1329 pto=0.000 label=END_TURN p-1 t-1
Q type=ADVANCE prior=0.1069 q=0.1843 pto=0.000 label=ADVANCE p11 t-1
Q type=CAGE prior=0.1069 q=0.1329 pto=0.000 label=CAGE p11 t-1
Q type=BLITZ prior=0.0524 q=0.1075 pto=0.840 label=BLITZ p-1 t12
Q type=PASS_ACTION prior=0.0524 q=0.1066 pto=0.100 label=PASS_ACTION p11 t3
Q type=PASS_ACTION prior=0.0524 q=0.1325 pto=0.253 label=PASS_ACTION p11 t5
Q type=PASS_ACTION prior=0.0524 q=0.1324 pto=0.253 label=PASS_ACTION p11 t6
Q type=PASS_ACTION prior=0.0524 q=0.0595 pto=0.460 label=PASS_ACTION p11 t7
Q type=PASS_ACTION prior=0.0524 q=0.1316 pto=0.087 label=PASS_ACTION p11 t10
Q type=FOUL prior=0.0524 q=0.1293 pto=0.000 label=FOUL p4 t16
Q type=FOUL prior=0.0524 q=0.1271 pto=0.000 label=FOUL p7 t17
Q type=REPOSITION prior=0.0524 q=0.1329 pto=0.000 label=REPOSITION p3->(5,5)
Q type=REPOSITION prior=0.0524 q=0.1329 pto=0.000 label=REPOSITION p4->(3,5)
Q type=REPOSITION prior=0.0524 q=0.1253 pto=0.253 label=REPOSITION p7->(22,3)
Q type=REPOSITION prior=0.0524 q=0.1329 pto=0.000 label=REPOSITION p8->(5,5)
Q type=REPOSITION prior=0.0524 q=0.1329 pto=0.000 label=REPOSITION p9->(5,5)
Q type=REPOSITION prior=0.0524 q=0.1329 pto=0.000 label=REPOSITION p10->(5,5)
SROOT g=0 t=14 ctx=off n=14
Q type=END_TURN prior=0.0575 q=0.1900 pto=0.000 label=END_TURN p-1 t-1
Q type=ADVANCE prior=0.0966 q=0.1416 pto=0.247 label=ADVANCE p11 t-1
Q type=CAGE prior=0.0966 q=0.1900 pto=0.000 label=CAGE p11 t-1
Q type=BLITZ prior=0.0575 q=0.1712 pto=0.627 label=BLITZ p-1 t14
Q type=BLOCK prior=0.0966 q=0.2060 pto=0.000 label=BLOCK p6 t14
Q type=BLOCK prior=0.0966 q=0.2066 pto=0.000 label=BLOCK p9 t14
Q type=BLOCK prior=0.0966 q=0.2153 pto=0.000 label=BLOCK p11 t14
Q type=PASS_ACTION prior=0.0575 q=-0.0035 pto=0.933 label=PASS_ACTION p11 t4
Q type=FOUL prior=0.0575 q=0.1864 pto=0.000 label=FOUL p4 t16
Q type=REPOSITION prior=0.0575 q=0.1900 pto=0.000 label=REPOSITION p3->(8,5)
Q type=REPOSITION prior=0.0575 q=0.1900 pto=0.000 label=REPOSITION p4->(6,5)
Q type=REPOSITION prior=0.0575 q=0.1900 pto=0.000 label=REPOSITION p5->(8,5)
Q type=REPOSITION prior=0.0575 q=0.1900 pto=0.000 label=REPOSITION p7->(8,5)
Q type=REPOSITION prior=0.0575 q=0.1900 pto=0.000 label=REPOSITION p10->(8,5)
SROOT g=0 t=16 ctx=loose n=13
Q type=END_TURN prior=0.0614 q=-0.0600 pto=0.000 label=END_TURN p-1 t-1
Q type=BLITZ prior=0.0614 q=-0.0600 pto=0.000 label=BLITZ p-1 t2
Q type=BLOCK prior=0.0958 q=-0.0430 pto=0.020 label=BLOCK p13 t2
Q type=BLOCK prior=0.0958 q=-0.0374 pto=0.000 label=BLOCK p14 t2
Q type=BLOCK prior=0.0958 q=-0.0430 pto=0.020 label=BLOCK p15 t2
Q type=PICKUP prior=0.1597 q=0.2315 pto=0.113 label=PICKUP p22 t-1
Q type=REPOSITION prior=0.0614 q=-0.0600 pto=0.000 label=REPOSITION p16->(21,8)
Q type=REPOSITION prior=0.0614 q=-0.0600 pto=0.000 label=REPOSITION p17->(21,8)
Q type=REPOSITION prior=0.0614 q=-0.0600 pto=0.000 label=REPOSITION p18->(21,8)
Q type=REPOSITION prior=0.0614 q=-0.0200 pto=0.000 label=REPOSITION p19->(21,8)
Q type=REPOSITION prior=0.0614 q=0.2103 pto=0.113 label=REPOSITION p20->(21,8)
Q type=REPOSITION prior=0.0614 q=0.2103 pto=0.113 label=REPOSITION p21->(21,8)
Q type=REPOSITION prior=0.0614 q=0.1607 pto=0.113 label=REPOSITION p22->(21,8)
SROOT g=0 t=17 ctx=loose n=12
Q type=END_TURN prior=0.0746 q=-0.1500 pto=0.000 label=END_TURN p-1 t-1
Q type=BLITZ prior=0.0746 q=-0.1445 pto=0.013 label=BLITZ p-1 t16
Q type=PICKUP prior=0.1791 q=-0.1500 pto=0.000 label=PICKUP p5 t-1
Q type=REPOSITION prior=0.0746 q=-0.1100 pto=0.000 label=REPOSITION p3->(21,8)
Q type=REPOSITION prior=0.0746 q=-0.1500 pto=0.000 label=REPOSITION p4->(21,8)
Q type=REPOSITION prior=0.0746 q=-0.1500 pto=0.000 label=REPOSITION p5->(21,8)
Q type=REPOSITION prior=0.0746 q=-0.0700 pto=0.000 label=REPOSITION p6->(21,8)
Q type=REPOSITION prior=0.0746 q=-0.1500 pto=0.000 label=REPOSITION p7->(21,8)
Q type=REPOSITION prior=0.0746 q=-0.1500 pto=0.000 label=REPOSITION p8->(21,8)
Q type=REPOSITION prior=0.0746 q=-0.1500 pto=0.000 label=REPOSITION p9->(21,8)
Q type=REPOSITION prior=0.0746 q=-0.1500 pto=0.000 label=REPOSITION p10->(21,8)
Q type=REPOSITION prior=0.0746 q=-0.1500 pto=0.000 label=REPOSITION p11->(21,8)
SROOT g=0 t=18 ctx=loose n=13
Q type=END_TURN prior=0.0614 q=-0.0200 pto=0.000 label=END_TURN p-1 t-1
Q type=BLITZ prior=0.0614 q=-0.0200 pto=0.000 label=BLITZ p-1 t2
Q type=BLOCK prior=0.0958 q=-0.0030 pto=0.020 label=BLOCK p13 t2
Q type=BLOCK prior=0.0958 q=0.0026 pto=0.000 label=BLOCK p14 t2
Q type=BLOCK prior=0.0958 q=-0.0030 pto=0.020 label=BLOCK p15 t2
Q type=PICKUP prior=0.1597 q=-0.0200 pto=0.000 label=PICKUP p22 t-1
Q type=REPOSITION prior=0.0614 q=-0.0200 pto=0.000 label=REPOSITION p16->(21,8)
Q type=REPOSITION prior=0.0614 q=-0.0200 pto=0.000 label=REPOSITION p17->(21,8)
Q type=REPOSITION prior=0.0614 q=-0.0200 pto=0.000 label=REPOSITION p18->(21,8)
Q type=REPOSITION prior=0.0614 q=-0.0200 pto=0.000 label=REPOSITION p19->(21,8)
Q type=REPOSITION prior=0.0614 q=-0.0200 pto=0.000 label=REPOSITION p20->(21,8)
Q type=REPOSITION prior=0.0614 q=-0.0200 pto=0.000 label=REPOSITION p21->(21,8)
Q type=REPOSITION prior=0.0614 q=-0.0200 pto=0.000 label=REPOSITION p22->(21,8)
SROOT g=0 t=20 ctx=off n=22
Q type=END_TURN prior=0.0371 q=0.2543 pto=0.000 label=END_TURN p-1 t-1
Q type=ADVANCE prior=0.0981 q=0.2832 pto=0.000 label=ADVANCE p21 t-1
Q type=CAGE prior=0.0981 q=0.2406 pto=0.253 label=CAGE p21 t-1
Q type=BLITZ prior=0.0371 q=0.2656 pto=0.000 label=BLITZ p-1 t6
Q type=BLOCK prior=0.0981 q=0.2648 pto=0.000 label=BLOCK p22 t6
Q type=PASS_ACTION prior=0.0371 q=0.1617 pto=0.393 label=PASS_ACTION p21 t13
Q type=PASS_ACTION prior=0.0371 q=0.0752 pto=0.593 label=PASS_ACTION p21 t14
Q type=PASS_ACTION prior=0.0371 q=0.0011 pto=0.627 label=PASS_ACTION p21 t15
Q type=PASS_ACTION prior=0.0371 q=0.1423 pto=0.480 label=PASS_ACTION p21 t16
Q type=PASS_ACTION prior=0.0371 q=0.1332 pto=0.487 label=PASS_ACTION p21 t17
Q type=PASS_ACTION prior=0.0371 q=0.1939 pto=0.320 label=PASS_ACTION p21 t18
Q type=PASS_ACTION prior=0.0371 q=0.1915 pto=0.267 label=PASS_ACTION p21 t19
Q type=PASS_ACTION prior=0.0371 q=0.1780 pto=0.273 label=PASS_ACTION p21 t20
Q type=PASS_ACTION prior=0.0371 q=0.1810 pto=0.227 label=PASS_ACTION p21 t22
Q type=REPOSITION prior=0.0371 q=0.2532 pto=0.000 label=REPOSITION p13->(21,8)
Q type=REPOSITION prior=0.0371 q=0.2553 pto=0.000 label=REPOSITION p14->(21,8)
Q type=REPOSITION prior=0.0371 q=0.2498 pto=0.000 label=REPOSITION p15->(21,8)
Q type=REPOSITION prior=0.0371 q=0.2513 pto=0.000 label=REPOSITION p16->(21,8)
Q type=REPOSITION prior=0.0371 q=0.2543 pto=0.000 label=REPOSITION p17->(21,8)
Q type=REPOSITION prior=0.0371 q=0.2555 pto=0.000 label=REPOSITION p18->(19,8)
Q type=REPOSITION prior=0.0371 q=0.2532 pto=0.000 label=REPOSITION p19->(19,8)
Q type=REPOSITION prior=0.0371 q=0.2520 pto=0.000 label=REPOSITION p20->(19,8)
SROOT g=0 t=22 ctx=off n=15
Q type=END_TURN prior=0.0602 q=0.3277 pto=0.000 label=END_TURN p-1 t-1
Q type=ADVANCE prior=0.1084 q=0.3633 pto=0.000 label=ADVANCE p21 t-1
Q type=CAGE prior=0.1084 q=0.3277 pto=0.000 label=CAGE p21 t-1
Q type=BLITZ prior=0.0602 q=0.3476 pto=0.020 label=BLITZ p-1 t1
Q type=PASS_ACTION prior=0.0602 q=0.2582 pto=0.253 label=PASS_ACTION p21 t13
Q type=PASS_ACTION prior=0.0602 q=0.2975 pto=0.173 label=PASS_ACTION p21 t15
Q type=PASS_ACTION prior=0.0602 q=0.2988 pto=0.107 label=PASS_ACTION p21 t19
Q type=REPOSITION prior=0.0602 q=0.3287 pto=0.000 label=REPOSITION p13->(15,8)
Q type=REPOSITION prior=0.0602 q=0.3297 pto=0.000 label=REPOSITION p14->(15,8)
Q type=REPOSITION prior=0.0602 q=0.3287 pto=0.000 label=REPOSITION p15->(15,8)
Q type=REPOSITION prior=0.0602 q=0.3317 pto=0.000 label=REPOSITION p17->(15,8)
Q type=REPOSITION prior=0.0602 q=0.3307 pto=0.000 label=REPOSITION p18->(15,8)
Q type=REPOSITION prior=0.0602 q=0.3287 pto=0.000 label=REPOSITION p19->(15,8)
Q type=REPOSITION prior=0.0602 q=0.3317 pto=0.000 label=REPOSITION p20->(15,8)
Q type=REPOSITION prior=0.0602 q=0.3317 pto=0.000 label=REPOSITION p22->(15,8)
SROOT g=0 t=24 ctx=off n=19
Q type=END_TURN prior=0.0464 q=0.3718 pto=0.000 label=END_TURN p-1 t-1
Q type=ADVANCE prior=0.1058 q=0.4120 pto=0.000 label=ADVANCE p21 t-1
Q type=CAGE prior=0.1058 q=0.3718 pto=0.000 label=CAGE p21 t-1
Q type=BLITZ prior=0.0464 q=0.3917 pto=0.020 label=BLITZ p-1 t1
Q type=PASS_ACTION prior=0.0464 q=0.3003 pto=0.253 label=PASS_ACTION p21 t13
Q type=PASS_ACTION prior=0.0464 q=0.3437 pto=0.173 label=PASS_ACTION p21 t15
Q type=PASS_ACTION prior=0.0464 q=0.3408 pto=0.107 label=PASS_ACTION p21 t19
Q type=FOUL prior=0.0464 q=0.3664 pto=0.000 label=FOUL p14 t4
Q type=FOUL prior=0.0464 q=0.3662 pto=0.000 label=FOUL p15 t4
Q type=FOUL prior=0.0464 q=0.3662 pto=0.000 label=FOUL p19 t4
Q type=FOUL prior=0.0464 q=0.2955 pto=0.000 label=FOUL p21 t4
Q type=REPOSITION prior=0.0464 q=0.3728 pto=0.000 label=REPOSITION p13->(15,8)
Q type=REPOSITION prior=0.0464 q=0.3718 pto=0.000 label=REPOSITION p14->(15,8)
Q type=REPOSITION prior=0.0464 q=0.3728 pto=0.000 label=REPOSITION p15->(15,8)
Q type=REPOSITION prior=0.0464 q=0.3758 pto=0.000 label=REPOSITION p17->(15,8)
Q type=REPOSITION prior=0.0464 q=0.3748 pto=0.000 label=REPOSITION p18->(15,8)
Q type=REPOSITION prior=0.0464 q=0.3728 pto=0.000 label=REPOSITION p19->(15,8)
Q type=REPOSITION prior=0.0464 q=0.3758 pto=0.000 label=REPOSITION p20->(15,8)
Q type=REPOSITION prior=0.0464 q=0.3758 pto=0.000 label=REPOSITION p22->(15,8)
SROOT g=0 t=26 ctx=off n=20
Q type=END_TURN prior=0.0439 q=0.4254 pto=0.000 label=END_TURN p-1 t-1
Q type=ADVANCE prior=0.1053 q=0.4456 pto=0.027 label=ADVANCE p21 t-1
Q type=CAGE prior=0.1053 q=0.4254 pto=0.000 label=CAGE p21 t-1
Q type=BLITZ prior=0.0439 q=0.4347 pto=0.127 label=BLITZ p-1 t3
Q type=PASS_ACTION prior=0.0439 q=0.3398 pto=0.253 label=PASS_ACTION p21 t13
Q type=PASS_ACTION prior=0.0439 q=0.3499 pto=0.173 label=PASS_ACTION p21 t15
Q type=PASS_ACTION prior=0.0439 q=0.3906 pto=0.107 label=PASS_ACTION p21 t19
Q type=FOUL prior=0.0439 q=0.4196 pto=0.000 label=FOUL p13 t1
Q type=FOUL prior=0.0439 q=0.4200 pto=0.000 label=FOUL p14 t4
Q type=FOUL prior=0.0439 q=0.4196 pto=0.000 label=FOUL p15 t1
Q type=FOUL prior=0.0439 q=0.4198 pto=0.000 label=FOUL p19 t4
Q type=FOUL prior=0.0439 q=0.3450 pto=0.000 label=FOUL p21 t4
Q type=REPOSITION prior=0.0439 q=0.4264 pto=0.000 label=REPOSITION p13->(15,8)
Q type=REPOSITION prior=0.0439 q=0.4254 pto=0.000 label=REPOSITION p14->(15,8)
Q type=REPOSITION prior=0.0439 q=0.4264 pto=0.000 label=REPOSITION p15->(15,8)
Q type=REPOSITION prior=0.0439 q=0.4294 pto=0.000 label=REPOSITION p17->(15,8)
Q type=REPOSITION prior=0.0439 q=0.4284 pto=0.000 label=REPOSITION p18->(15,8)
Q type=REPOSITION prior=0.0439 q=0.4264 pto=0.000 label=REPOSITION p19->(15,8)
Q type=REPOSITION prior=0.0439 q=0.4294 pto=0.000 label=REPOSITION p20->(15,8)
Q type=REPOSITION prior=0.0439 q=0.4294 pto=0.000 label=REPOSITION p22->(15,8)
SROOT g=0 t=28 ctx=off n=16
Q type=END_TURN prior=0.0561 q=0.2983 pto=0.000 label=END_TURN p-1 t-1
Q type=ADVANCE prior=0.1076 q=0.3796 pto=0.027 label=ADVANCE p21 t-1
Q type=CAGE prior=0.1076 q=0.2849 pto=0.447 label=CAGE p21 t-1
Q type=BLITZ prior=0.0561 q=0.3041 pto=0.140 label=BLITZ p-1 t10
Q type=PASS_ACTION prior=0.0561 q=0.1744 pto=0.407 label=PASS_ACTION p21 t15
Q type=PASS_ACTION prior=0.0561 q=0.2906 pto=0.093 label=PASS_ACTION p21 t19
Q type=FOUL prior=0.0561 q=0.2929 pto=0.000 label=FOUL p14 t4
Q type=FOUL prior=0.0561 q=0.2931 pto=0.000 label=FOUL p15 t1
Q type=FOUL prior=0.0561 q=0.2933 pto=0.000 label=FOUL p19 t4
Q type=FOUL prior=0.0561 q=0.2443 pto=0.000 label=FOUL p21 t4
Q type=REPOSITION prior=0.0561 q=0.2983 pto=0.000 label=REPOSITION p15->(15,8)
Q type=REPOSITION prior=0.0561 q=0.2983 pto=0.000 label=REPOSITION p17->(15,8)
Q type=REPOSITION prior=0.0561 q=0.2983 pto=0.000 label=REPOSITION p18->(15,8)
Q type=REPOSITION prior=0.0561 q=0.2983 pto=0.000 label=REPOSITION p19->(15,8)
Q type=REPOSITION prior=0.0561 q=0.2983 pto=0.000 label=REPOSITION p20->(15,8)
Q type=REPOSITION prior=0.0561 q=0.2983 pto=0.000 label=REPOSITION p22->(15,8)
SROOT g=0 t=30 ctx=off n=14
Q type=END_TURN prior=0.0651 q=0.3467 pto=0.000 label=END_TURN p-1 t-1
Q type=ADVANCE prior=0.1094 q=0.7733 pto=0.000 label=ADVANCE p21 t-1
Q type=CAGE prior=0.1094 q=0.3467 pto=0.000 label=CAGE p21 t-1
Q type=BLITZ prior=0.0651 q=0.3611 pto=0.113 label=BLITZ p-1 t10
Q type=FOUL prior=0.0651 q=0.3411 pto=0.000 label=FOUL p14 t3
Q type=FOUL prior=0.0651 q=0.3411 pto=0.000 label=FOUL p17 t1
Q type=FOUL prior=0.0651 q=0.3411 pto=0.000 label=FOUL p18 t1
Q type=REPOSITION prior=0.0651 q=0.3467 pto=0.000 label=REPOSITION p14->(11,8)
Q type=REPOSITION prior=0.0651 q=0.3467 pto=0.000 label=REPOSITION p15->(9,8)
Q type=REPOSITION prior=0.0651 q=0.3467 pto=0.000 label=REPOSITION p17->(11,8)
Q type=REPOSITION prior=0.0651 q=0.3467 pto=0.000 label=REPOSITION p18->(9,8)
Q type=REPOSITION prior=0.0651 q=0.3467 pto=0.000 label=REPOSITION p19->(9,8)
Q type=REPOSITION prior=0.0651 q=0.3467 pto=0.000 label=REPOSITION p20->(3,6)
Q type=REPOSITION prior=0.0651 q=0.3467 pto=0.000 label=REPOSITION p22->(11,8)
SROOT g=1 t=0 ctx=loose n=13
Q type=END_TURN prior=0.0614 q=-0.0600 pto=0.000 label=END_TURN p-1 t-1
Q type=BLITZ prior=0.0614 q=-0.0600 pto=0.000 label=BLITZ p-1 t13
Q type=BLOCK prior=0.0958 q=-0.0426 pto=0.027 label=BLOCK p2 t13
Q type=BLOCK prior=0.0958 q=-0.0380 pto=0.000 label=BLOCK p3 t13
Q type=BLOCK prior=0.0958 q=-0.0426 pto=0.027 label=BLOCK p4 t13
Q type=PICKUP prior=0.1597 q=0.1607 pto=0.113 label=PICKUP p11 t-1
Q type=REPOSITION prior=0.0614 q=-0.0600 pto=0.000 label=REPOSITION p5->(3,10)
Q type=REPOSITION prior=0.0614 q=-0.0600 pto=0.000 label=REPOSITION p6->(3,10)
Q type=REPOSITION prior=0.0614 q=-0.0600 pto=0.000 label=REPOSITION p7->(3,10)
Q type=REPOSITION prior=0.0614 q=-0.0200 pto=0.000 label=REPOSITION p8->(3,10)
Q type=REPOSITION prior=0.0614 q=0.2033 pto=0.113 label=REPOSITION p9->(3,10)
Q type=REPOSITION prior=0.0614 q=0.2033 pto=0.113 label=REPOSITION p10->(3,10)
Q type=REPOSITION prior=0.0614 q=0.1536 pto=0.113 label=REPOSITION p11->(3,10)
SROOT g=1 t=2 ctx=off n=20
Q type=END_TURN prior=0.0413 q=0.1950 pto=0.000 label=END_TURN p-1 t-1
Q type=ADVANCE prior=0.0992 q=0.2179 pto=0.000 label=ADVANCE p9 t-1
Q type=CAGE prior=0.0992 q=0.1764 pto=0.000 label=CAGE p9 t-1
Q type=BLITZ prior=0.0413 q=0.2170 pto=0.000 label=BLITZ p-1 t12
Q type=BLOCK prior=0.0992 q=0.2118 pto=0.027 label=BLOCK p4 t16
Q type=PASS_ACTION prior=0.0413 q=0.0633 pto=0.660 label=PASS_ACTION p9 t1
Q type=PASS_ACTION prior=0.0413 q=0.0826 pto=0.587 label=PASS_ACTION p9 t3
Q type=PASS_ACTION prior=0.0413 q=0.0012 pto=0.800 label=PASS_ACTION p9 t4
Q type=PASS_ACTION prior=0.0413 q=0.1068 pto=0.480 label=PASS_ACTION p9 t5
Q type=PASS_ACTION prior=0.0413 q=0.0996 pto=0.513 label=PASS_ACTION p9 t6
Q type=PASS_ACTION prior=0.0413 q=0.0653 pto=0.633 label=PASS_ACTION p9 t7
Q type=PASS_ACTION prior=0.0413 q=0.1381 pto=0.267 label=PASS_ACTION p9 t10
Q type=PASS_ACTION prior=0.0413 q=0.1711 pto=0.087 label=PASS_ACTION p9 t11
Q type=FOUL prior=0.0413 q=0.1894 pto=0.000 label=FOUL p4 t13
Q type=REPOSITION prior=0.0413 q=0.1950 pto=0.000 label=REPOSITION p3->(3,10)
Q type=REPOSITION prior=0.0413 q=0.1844 pto=0.000 label=REPOSITION p5->(3,10)
Q type=REPOSITION prior=0.0413 q=0.1904 pto=0.000 label=REPOSITION p6->(3,10)
Q type=REPOSITION prior=0.0413 q=0.1950 pto=0.000 label=REPOSITION p7->(3,10)
Q type=REPOSITION prior=0.0413 q=0.1950 pto=0.000 label=REPOSITION p10->(5,10)
Q type=REPOSITION prior=0.0413 q=0.1977 pto=0.000 label=REPOSITION p11->(5,10)
SROOT g=1 t=4 ctx=off n=18
Q type=END_TURN prior=0.0466 q=0.2648 pto=0.000 label=END_TURN p-1 t-1
Q type=ADVANCE prior=0.1006 q=0.3150 pto=0.000 label=ADVANCE p9 t-1
Q type=CAGE prior=0.1006 q=0.2648 pto=0.000 label=CAGE p9 t-1
Q type=BLITZ prior=0.0466 q=0.2744 pto=0.020 label=BLITZ p-1 t19
Q type=BLOCK prior=0.1006 q=0.2744 pto=0.020 label=BLOCK p4 t19
Q type=PASS_ACTION prior=0.0466 q=0.1919 pto=0.260 label=PASS_ACTION p9 t1
Q type=PASS_ACTION prior=0.0466 q=0.1259 pto=0.540 label=PASS_ACTION p9 t3
Q type=PASS_ACTION prior=0.0466 q=-0.0209 pto=0.920 label=PASS_ACTION p9 t4
Q type=PASS_ACTION prior=0.0466 q=0.2342 pto=0.193 label=PASS_ACTION p9 t5
Q type=PASS_ACTION prior=0.0466 q=0.1655 pto=0.380 label=PASS_ACTION p9 t7
Q type=PASS_ACTION prior=0.0466 q=0.2454 pto=0.087 label=PASS_ACTION p9 t10
Q type=FOUL prior=0.0466 q=0.2592 pto=0.000 label=FOUL p4 t13
Q type=REPOSITION prior=0.0466 q=0.2648 pto=0.000 label=REPOSITION p1->(8,9)
Q type=REPOSITION prior=0.0466 q=0.2661 pto=0.000 label=REPOSITION p5->(8,9)
Q type=REPOSITION prior=0.0466 q=0.2688 pto=0.000 label=REPOSITION p6->(8,9)
Q type=REPOSITION prior=0.0466 q=0.2634 pto=0.000 label=REPOSITION p7->(8,9)
Q type=REPOSITION prior=0.0466 q=0.2661 pto=0.000 label=REPOSITION p10->(8,9)
Q type=REPOSITION prior=0.0466 q=0.2688 pto=0.000 label=REPOSITION p11->(8,9)
SROOT g=1 t=6 ctx=off n=21
Q type=END_TURN prior=0.0391 q=0.3053 pto=0.000 label=END_TURN p-1 t-1
Q type=ADVANCE prior=0.0986 q=0.3533 pto=0.000 label=ADVANCE p9 t-1
Q type=CAGE prior=0.0986 q=0.3053 pto=0.000 label=CAGE p9 t-1
Q type=BLITZ prior=0.0391 q=0.3149 pto=0.020 label=BLITZ p-1 t19
Q type=BLOCK prior=0.0986 q=0.3149 pto=0.020 label=BLOCK p4 t19
Q type=PASS_ACTION prior=0.0391 q=0.2304 pto=0.260 label=PASS_ACTION p9 t1
Q type=PASS_ACTION prior=0.0391 q=0.1599 pto=0.540 label=PASS_ACTION p9 t3
Q type=PASS_ACTION prior=0.0391 q=0.0138 pto=0.920 label=PASS_ACTION p9 t4
Q type=PASS_ACTION prior=0.0391 q=0.2762 pto=0.193 label=PASS_ACTION p9 t5
Q type=PASS_ACTION prior=0.0391 q=0.2048 pto=0.380 label=PASS_ACTION p9 t7
Q type=PASS_ACTION prior=0.0391 q=0.2845 pto=0.087 label=PASS_ACTION p9 t10
Q type=FOUL prior=0.0391 q=0.2997 pto=0.000 label=FOUL p1 t14
Q type=FOUL prior=0.0391 q=0.2997 pto=0.000 label=FOUL p4 t13
Q type=FOUL prior=0.0391 q=0.3000 pto=0.000 label=FOUL p5 t14
Q type=FOUL prior=0.0391 q=0.3000 pto=0.000 label=FOUL p10 t14
Q type=REPOSITION prior=0.0391 q=0.3067 pto=0.000 label=REPOSITION p1->(8,9)
Q type=REPOSITION prior=0.0391 q=0.3053 pto=0.000 label=REPOSITION p5->(8,9)
Q type=REPOSITION prior=0.0391 q=0.3093 pto=0.000 label=REPOSITION p6->(8,9)
Q type=REPOSITION prior=0.0391 q=0.3040 pto=0.000 label=REPOSITION p7->(8,9)
Q type=REPOSITION prior=0.0391 q=0.3053 pto=0.000 label=REPOSITION p10->(8,9)
Q type=REPOSITION prior=0.0391 q=0.3093 pto=0.000 label=REPOSITION p11->(8,9)
SROOT g=1 t=8 ctx=off n=21
Q type=END_TURN prior=0.0369 q=0.4309 pto=0.000 label=END_TURN p-1 t-1
Q type=ADVANCE prior=0.0931 q=0.4798 pto=0.000 label=ADVANCE p9 t-1
Q type=CAGE prior=0.0931 q=0.4309 pto=0.000 label=CAGE p9 t-1
Q type=BLITZ prior=0.0369 q=0.4445 pto=0.000 label=BLITZ p-1 t19
Q type=BLOCK prior=0.0931 q=0.4445 pto=0.000 label=BLOCK p4 t19
Q type=BLOCK prior=0.0931 q=0.4461 pto=0.000 label=BLOCK p10 t19
Q type=PASS_ACTION prior=0.0369 q=0.4250 pto=0.087 label=PASS_ACTION p9 t1
Q type=PASS_ACTION prior=0.0369 q=0.4200 pto=0.100 label=PASS_ACTION p9 t3
Q type=PASS_ACTION prior=0.0369 q=0.1959 pto=0.687 label=PASS_ACTION p9 t4
Q type=PASS_ACTION prior=0.0369 q=0.2564 pto=0.520 label=PASS_ACTION p9 t10
Q type=FOUL prior=0.0369 q=0.4253 pto=0.000 label=FOUL p4 t13
Q type=FOUL prior=0.0369 q=0.4258 pto=0.000 label=FOUL p5 t14
Q type=FOUL prior=0.0369 q=0.4258 pto=0.000 label=FOUL p6 t15
Q type=FOUL prior=0.0369 q=0.4258 pto=0.000 label=FOUL p7 t15
Q type=FOUL prior=0.0369 q=0.4253 pto=0.000 label=FOUL p10 t16
Q type=REPOSITION prior=0.0369 q=0.4325 pto=0.000 label=REPOSITION p1->(12,9)
Q type=REPOSITION prior=0.0369 q=0.4325 pto=0.000 label=REPOSITION p3->(12,9)
Q type=REPOSITION prior=0.0369 q=0.4357 pto=0.000 label=REPOSITION p5->(12,9)
Q type=REPOSITION prior=0.0369 q=0.4357 pto=0.000 label=REPOSITION p6->(12,9)
Q type=REPOSITION prior=0.0369 q=0.4357 pto=0.000 label=REPOSITION p7->(12,9)
Q type=REPOSITION prior=0.0369 q=0.4285 pto=0.000 label=REPOSITION p11->(10,9)
SROOT g=1 t=10 ctx=off n=21
Q type=END_TURN prior=0.0313 q=0.4817 pto=0.000 label=END_TURN p-1 t-1
Q type=PASS_SCORE prior=0.1314 q=0.1138 pto=0.940 label=PASS_SCORE p9 t10
Q type=CHAIN_SCORE prior=0.1314 q=0.3894 pto=0.533 label=CHAIN_SCORE p9 t4
Q type=ADVANCE prior=0.0788 q=0.5356 pto=0.000 label=ADVANCE p9 t-1
Q type=CAGE prior=0.0788 q=0.4817 pto=0.000 label=CAGE p9 t-1
Q type=BLITZ prior=0.0313 q=0.4953 pto=0.000 label=BLITZ p-1 t19
Q type=BLOCK prior=0.0788 q=0.4969 pto=0.000 label=BLOCK p10 t19
Q type=PASS_ACTION prior=0.0313 q=0.4652 pto=0.087 label=PASS_ACTION p9 t1
Q type=PASS_ACTION prior=0.0313 q=0.4600 pto=0.100 label=PASS_ACTION p9 t3
Q type=PASS_ACTION prior=0.0313 q=0.3894 pto=0.533 label=PASS_ACTION p9 t4
Q type=PASS_ACTION prior=0.0313 q=0.3127 pto=0.653 label=PASS_ACTION p9 t10
Q type=FOUL prior=0.0313 q=0.4766 pto=0.000 label=FOUL p5 t14
Q type=FOUL prior=0.0313 q=0.4766 pto=0.000 label=FOUL p6 t15
Q type=FOUL prior=0.0313 q=0.4766 pto=0.000 label=FOUL p7 t15
Q type=REPOSITION prior=0.0313 q=0.4833 pto=0.000 label=REPOSITION p1->(12,9)
Q type=REPOSITION prior=0.0313 q=0.4833 pto=0.000 label=REPOSITION p3->(12,9)
Q type=REPOSITION prior=0.0313 q=0.4847 pto=0.000 label=REPOSITION p4->(10,9)
Q type=REPOSITION prior=0.0313 q=0.4865 pto=0.000 label=REPOSITION p5->(12,9)
Q type=REPOSITION prior=0.0313 q=0.4865 pto=0.000 label=REPOSITION p6->(12,9)
Q type=REPOSITION prior=0.0313 q=0.4865 pto=0.000 label=REPOSITION p7->(12,9)
Q type=REPOSITION prior=0.0313 q=0.4793 pto=0.000 label=REPOSITION p11->(10,9)
SROOT g=1 t=12 ctx=off n=17
Q type=END_TURN prior=0.0524 q=0.3650 pto=0.000 label=END_TURN p-1 t-1
Q type=ADVANCE prior=0.1069 q=0.4233 pto=0.000 label=ADVANCE p9 t-1
Q type=CAGE prior=0.1069 q=0.3650 pto=0.000 label=CAGE p9 t-1
Q type=BLITZ prior=0.0524 q=0.3818 pto=0.013 label=BLITZ p-1 t18
Q type=PASS_ACTION prior=0.0524 q=0.3349 pto=0.087 label=PASS_ACTION p9 t1
Q type=PASS_ACTION prior=0.0524 q=0.3310 pto=0.100 label=PASS_ACTION p9 t3
Q type=PASS_ACTION prior=0.0524 q=0.2345 pto=0.527 label=PASS_ACTION p9 t4
Q type=FOUL prior=0.0524 q=0.3596 pto=0.000 label=FOUL p5 t14
Q type=FOUL prior=0.0524 q=0.3596 pto=0.000 label=FOUL p6 t15
Q type=FOUL prior=0.0524 q=0.3596 pto=0.000 label=FOUL p7 t15
Q type=REPOSITION prior=0.0524 q=0.3650 pto=0.000 label=REPOSITION p1->(12,9)
Q type=REPOSITION prior=0.0524 q=0.3650 pto=0.000 label=REPOSITION p3->(12,9)
Q type=REPOSITION prior=0.0524 q=0.3650 pto=0.000 label=REPOSITION p4->(10,9)
Q type=REPOSITION prior=0.0524 q=0.3650 pto=0.000 label=REPOSITION p5->(12,9)
Q type=REPOSITION prior=0.0524 q=0.3650 pto=0.000 label=REPOSITION p6->(12,9)
Q type=REPOSITION prior=0.0524 q=0.3650 pto=0.000 label=REPOSITION p7->(12,9)
Q type=REPOSITION prior=0.0524 q=0.3650 pto=0.000 label=REPOSITION p11->(22,11)
SROOT g=1 t=14 ctx=off n=17
Q type=END_TURN prior=0.0302 q=0.3467 pto=0.000 label=END_TURN p-1 t-1
Q type=ADVANCE prior=0.0616 q=0.5433 pto=0.260 label=ADVANCE p9 t-1
Q type=CAGE prior=0.0616 q=0.3281 pto=0.620 label=CAGE p9 t-1
Q type=BLITZ prior=0.0302 q=0.3635 pto=0.013 label=BLITZ p-1 t18
Q type=BLITZ_AND_SCORE prior=0.3595 q=0.5707 pto=0.287 label=BLITZ_AND_SCORE p9 t18
Q type=BLOCK prior=0.0616 q=0.3619 pto=0.000 label=BLOCK p3 t22
Q type=BLOCK prior=0.0616 q=0.3635 pto=0.013 label=BLOCK p4 t18
Q type=BLOCK prior=0.0616 q=0.3880 pto=0.000 label=BLOCK p9 t18
Q type=PASS_ACTION prior=0.0302 q=0.2196 pto=0.413 label=PASS_ACTION p9 t1
Q type=PASS_ACTION prior=0.0302 q=0.2182 pto=0.513 label=PASS_ACTION p9 t3
Q type=FOUL prior=0.0302 q=0.3411 pto=0.000 label=FOUL p1 t13
Q type=FOUL prior=0.0302 q=0.3411 pto=0.000 label=FOUL p3 t16
Q type=REPOSITION prior=0.0302 q=0.3467 pto=0.000 label=REPOSITION p1->(16,10)
Q type=REPOSITION prior=0.0302 q=0.3467 pto=0.000 label=REPOSITION p5->(16,10)
Q type=REPOSITION prior=0.0302 q=0.3467 pto=0.000 label=REPOSITION p6->(14,10)
Q type=REPOSITION prior=0.0302 q=0.3467 pto=0.000 label=REPOSITION p7->(16,10)
Q type=REPOSITION prior=0.0302 q=0.3467 pto=0.000 label=REPOSITION p11->(22,8)
SROOT g=1 t=16 ctx=loose n=13
Q type=END_TURN prior=0.0614 q=-0.0200 pto=0.000 label=END_TURN p-1 t-1
Q type=BLITZ prior=0.0614 q=-0.0507 pto=0.773 label=BLITZ p-1 t1
Q type=BLOCK prior=0.0958 q=-0.0521 pto=0.013 label=BLOCK p13 t2
Q type=BLOCK prior=0.0958 q=-0.0521 pto=0.000 label=BLOCK p14 t2
Q type=BLOCK prior=0.0958 q=-0.0521 pto=0.000 label=BLOCK p15 t2
Q type=PICKUP prior=0.1597 q=0.2917 pto=0.027 label=PICKUP p22 t-1
Q type=REPOSITION prior=0.0614 q=0.2531 pto=0.027 label=REPOSITION p16->(19,8)
Q type=REPOSITION prior=0.0614 q=0.2288 pto=0.113 label=REPOSITION p17->(19,8)
Q type=REPOSITION prior=0.0614 q=0.2288 pto=0.113 label=REPOSITION p18->(19,8)
Q type=REPOSITION prior=0.0614 q=0.2458 pto=0.027 label=REPOSITION p19->(19,8)
Q type=REPOSITION prior=0.0614 q=0.2432 pto=0.027 label=REPOSITION p20->(19,8)
Q type=REPOSITION prior=0.0614 q=0.2432 pto=0.027 label=REPOSITION p21->(19,8)
Q type=REPOSITION prior=0.0614 q=0.2510 pto=0.027 label=REPOSITION p22->(19,8)
SROOT g=1 t=18 ctx=off n=20
Q type=END_TURN prior=0.0370 q=0.2972 pto=0.000 label=END_TURN p-1 t-1
Q type=ADVANCE prior=0.0889 q=0.3140 pto=0.000 label=ADVANCE p22 t-1
Q type=CAGE prior=0.0889 q=0.2972 pto=0.000 label=CAGE p22 t-1
Q type=BLITZ prior=0.0370 q=0.2931 pto=0.440 label=BLITZ p-1 t3
Q type=BLOCK prior=0.0889 q=0.2659 pto=0.013 label=BLOCK p13 t2
Q type=BLOCK prior=0.0889 q=0.2659 pto=0.000 label=BLOCK p14 t2
Q type=BLOCK prior=0.0889 q=0.2659 pto=0.000 label=BLOCK p15 t2
Q type=PASS_ACTION prior=0.0370 q=0.2804 pto=0.093 label=PASS_ACTION p22 t12
Q type=PASS_ACTION prior=0.0370 q=0.2359 pto=0.267 label=PASS_ACTION p22 t13
Q type=PASS_ACTION prior=0.0370 q=0.2380 pto=0.260 label=PASS_ACTION p22 t14
Q type=PASS_ACTION prior=0.0370 q=0.2373 pto=0.260 label=PASS_ACTION p22 t15
Q type=PASS_ACTION prior=0.0370 q=0.2761 pto=0.107 label=PASS_ACTION p22 t17
Q type=PASS_ACTION prior=0.0370 q=0.2779 pto=0.120 label=PASS_ACTION p22 t18
Q type=PASS_ACTION prior=0.0370 q=0.2045 pto=0.307 label=PASS_ACTION p22 t19
Q type=REPOSITION prior=0.0370 q=0.2981 pto=0.000 label=REPOSITION p12->(14,6)
Q type=REPOSITION prior=0.0370 q=0.2998 pto=0.000 label=REPOSITION p16->(14,6)
Q type=REPOSITION prior=0.0370 q=0.2981 pto=0.000 label=REPOSITION p17->(14,6)
Q type=REPOSITION prior=0.0370 q=0.2972 pto=0.000 label=REPOSITION p18->(14,6)
Q type=REPOSITION prior=0.0370 q=0.2998 pto=0.000 label=REPOSITION p20->(14,6)
Q type=REPOSITION prior=0.0370 q=0.2990 pto=0.000 label=REPOSITION p21->(14,6)
SROOT g=1 t=20 ctx=off n=17
Q type=END_TURN prior=0.0450 q=0.1916 pto=0.000 label=END_TURN p-1 t-1
Q type=ADVANCE prior=0.0919 q=0.2546 pto=0.013 label=ADVANCE p22 t-1
Q type=CAGE prior=0.0919 q=0.1916 pto=0.000 label=CAGE p22 t-1
Q type=BLITZ prior=0.0450 q=0.1585 pto=0.813 label=BLITZ p-1 t1
Q type=BLOCK prior=0.0919 q=0.2098 pto=0.013 label=BLOCK p13 t2
Q type=BLOCK prior=0.0919 q=0.2098 pto=0.000 label=BLOCK p14 t2
Q type=BLOCK prior=0.0919 q=0.2098 pto=0.000 label=BLOCK p15 t2
Q type=PASS_ACTION prior=0.0450 q=0.0908 pto=0.367 label=PASS_ACTION p22 t13
Q type=PASS_ACTION prior=0.0450 q=0.0869 pto=0.367 label=PASS_ACTION p22 t14
Q type=PASS_ACTION prior=0.0450 q=0.0911 pto=0.367 label=PASS_ACTION p22 t15
Q type=PASS_ACTION prior=0.0450 q=0.1708 pto=0.107 label=PASS_ACTION p22 t17
Q type=PASS_ACTION prior=0.0450 q=0.1295 pto=0.233 label=PASS_ACTION p22 t18
Q type=REPOSITION prior=0.0450 q=0.1446 pto=0.000 label=REPOSITION p16->(14,6)
Q type=REPOSITION prior=0.0450 q=0.1926 pto=0.000 label=REPOSITION p17->(14,6)
Q type=REPOSITION prior=0.0450 q=0.1416 pto=0.000 label=REPOSITION p18->(14,6)
Q type=REPOSITION prior=0.0450 q=0.1446 pto=0.000 label=REPOSITION p20->(14,6)
Q type=REPOSITION prior=0.0450 q=0.1436 pto=0.000 label=REPOSITION p21->(14,6)
SROOT g=1 t=22 ctx=off n=16
Q type=END_TURN prior=0.0485 q=0.1701 pto=0.000 label=END_TURN p-1 t-1
Q type=ADVANCE prior=0.0932 q=0.2323 pto=0.013 label=ADVANCE p22 t-1
Q type=CAGE prior=0.0932 q=0.1701 pto=0.000 label=CAGE p22 t-1
Q type=BLITZ prior=0.0485 q=0.1383 pto=0.967 label=BLITZ p-1 t1
Q type=BLOCK prior=0.0932 q=0.1884 pto=0.013 label=BLOCK p13 t2
Q type=BLOCK prior=0.0932 q=0.1884 pto=0.000 label=BLOCK p14 t2
Q type=BLOCK prior=0.0932 q=0.1884 pto=0.000 label=BLOCK p15 t2
Q type=PASS_ACTION prior=0.0485 q=-0.0031 pto=0.527 label=PASS_ACTION p22 t13
Q type=PASS_ACTION prior=0.0485 q=-0.0009 pto=0.527 label=PASS_ACTION p22 t14
Q type=PASS_ACTION prior=0.0485 q=0.0235 pto=0.460 label=PASS_ACTION p22 t15
Q type=PASS_ACTION prior=0.0485 q=0.1493 pto=0.107 label=PASS_ACTION p22 t17
Q type=PASS_ACTION prior=0.0485 q=0.0140 pto=0.467 label=PASS_ACTION p22 t18
Q type=REPOSITION prior=0.0485 q=0.1713 pto=0.000 label=REPOSITION p17->(14,6)
Q type=REPOSITION prior=0.0485 q=0.1201 pto=0.000 label=REPOSITION p18->(14,6)
Q type=REPOSITION prior=0.0485 q=0.1236 pto=0.000 label=REPOSITION p20->(14,6)
Q type=REPOSITION prior=0.0485 q=0.1224 pto=0.000 label=REPOSITION p21->(14,6)
SROOT g=1 t=24 ctx=loose n=9
Q type=END_TURN prior=0.0905 q=-0.2900 pto=0.000 label=END_TURN p-1 t-1
Q type=BLITZ prior=0.1006 q=-0.3168 pto=0.907 label=BLITZ p-1 t8
Q type=BLOCK prior=0.1087 q=-0.1848 pto=0.013 label=BLOCK p13 t4
Q type=BLOCK prior=0.1087 q=-0.1729 pto=0.000 label=BLOCK p17 t4
Q type=BLOCK prior=0.1087 q=-0.1455 pto=0.000 label=BLOCK p18 t4
Q type=PICKUP prior=0.1811 q=-0.2900 pto=0.000 label=PICKUP p21 t-1
Q type=REPOSITION prior=0.1006 q=-0.2900 pto=0.000 label=REPOSITION p14->(15,7)
Q type=REPOSITION prior=0.1006 q=-0.2900 pto=0.000 label=REPOSITION p20->(15,7)
Q type=REPOSITION prior=0.1006 q=-0.2900 pto=0.000 label=REPOSITION p21->(15,7)
SROOT g=1 t=26 ctx=off n=14
Q type=END_TURN prior=0.0583 q=0.2931 pto=0.000 label=END_TURN p-1 t-1
Q type=ADVANCE prior=0.0979 q=0.3373 pto=0.000 label=ADVANCE p21 t-1
Q type=CAGE prior=0.0979 q=0.2824 pto=0.287 label=CAGE p21 t-1
Q type=BLITZ prior=0.0583 q=0.3136 pto=0.000 label=BLITZ p-1 t3
Q type=BLITZ_AND_SCORE prior=0.1632 q=0.2788 pto=0.007 label=BLITZ_AND_SCORE p21 t3
Q type=PASS_ACTION prior=0.0583 q=0.2076 pto=0.267 label=PASS_ACTION p21 t13
Q type=PASS_ACTION prior=0.0583 q=0.2488 pto=0.167 label=PASS_ACTION p21 t17
Q type=FOUL prior=0.0583 q=0.2874 pto=0.000 label=FOUL p18 t4
Q type=FOUL prior=0.0583 q=0.2880 pto=0.000 label=FOUL p20 t1
Q type=FOUL prior=0.0583 q=0.2101 pto=0.000 label=FOUL p21 t1
Q type=REPOSITION prior=0.0583 q=0.2931 pto=0.000 label=REPOSITION p14->(12,9)
Q type=REPOSITION prior=0.0583 q=0.2931 pto=0.000 label=REPOSITION p17->(12,9)
Q type=REPOSITION prior=0.0583 q=0.2979 pto=0.000 label=REPOSITION p18->(12,9)
Q type=REPOSITION prior=0.0583 q=0.2931 pto=0.000 label=REPOSITION p20->(12,9)
SROOT g=1 t=28 ctx=loose n=9
Q type=END_TURN prior=0.0814 q=-0.0800 pto=0.000 label=END_TURN p-1 t-1
Q type=BLITZ prior=0.0905 q=-0.1101 pto=0.953 label=BLITZ p-1 t11
Q type=PICKUP prior=0.2851 q=0.5527 pto=0.387 label=PICKUP p17 t-1
Q type=FOUL prior=0.0905 q=-0.0852 pto=0.000 label=FOUL p14 t3
Q type=FOUL prior=0.0905 q=-0.0858 pto=0.000 label=FOUL p20 t1
Q type=REPOSITION prior=0.0905 q=0.6787 pto=0.113 label=REPOSITION p13->(5,7)
Q type=REPOSITION prior=0.0905 q=-0.0800 pto=0.000 label=REPOSITION p14->(5,7)
Q type=REPOSITION prior=0.0905 q=0.6787 pto=0.113 label=REPOSITION p18->(5,7)
Q type=REPOSITION prior=0.0905 q=-0.0800 pto=0.000 label=REPOSITION p20->(5,7)
SROOT g=1 t=30 ctx=loose n=6
Q type=END_TURN prior=0.0896 q=-0.1100 pto=0.000 label=END_TURN p-1 t-1
Q type=BLITZ prior=0.1493 q=-0.0982 pto=0.013 label=BLITZ p-1 t8
Q type=PICKUP prior=0.3134 q=0.0822 pto=0.787 label=PICKUP p17 t-1
Q type=FOUL prior=0.1493 q=-0.1158 pto=0.000 label=FOUL p20 t1
Q type=REPOSITION prior=0.1493 q=-0.1100 pto=0.000 label=REPOSITION p18->(4,7)
Q type=REPOSITION prior=0.1493 q=-0.1100 pto=0.000 label=REPOSITION p20->(4,7)
SROOT g=1 t=31 ctx=loose n=10
Q type=END_TURN prior=0.0800 q=0.0700 pto=0.000 label=END_TURN p-1 t-1
Q type=BLITZ prior=0.0800 q=0.0796 pto=0.020 label=BLITZ p-1 t20
Q type=PICKUP prior=0.2800 q=0.0523 pto=0.253 label=PICKUP p8 t-1
Q type=FOUL prior=0.0800 q=0.0644 pto=0.000 label=FOUL p5 t16
Q type=FOUL prior=0.0800 q=0.0644 pto=0.000 label=FOUL p10 t14
Q type=REPOSITION prior=0.0800 q=0.0700 pto=0.000 label=REPOSITION p5->(4,7)
Q type=REPOSITION prior=0.0800 q=0.0700 pto=0.000 label=REPOSITION p6->(4,7)
Q type=REPOSITION prior=0.0800 q=0.0700 pto=0.000 label=REPOSITION p7->(4,7)
Q type=REPOSITION prior=0.0800 q=0.0700 pto=0.000 label=REPOSITION p9->(4,7)
Q type=REPOSITION prior=0.0800 q=0.0700 pto=0.000 label=REPOSITION p10->(4,7)
SROOT g=2 t=0 ctx=loose n=13
Q type=END_TURN prior=0.0614 q=-0.0200 pto=0.000 label=END_TURN p-1 t-1
Q type=BLITZ prior=0.0614 q=-0.0406 pto=0.787 label=BLITZ p-1 t12
Q type=BLOCK prior=0.0958 q=-0.0040 pto=0.020 label=BLOCK p2 t13
Q type=BLOCK prior=0.0958 q=-0.0032 pto=0.000 label=BLOCK p3 t13
Q type=BLOCK prior=0.0958 q=-0.0032 pto=0.000 label=BLOCK p4 t13
Q type=PICKUP prior=0.1597 q=0.3027 pto=0.027 label=PICKUP p5 t-1
Q type=REPOSITION prior=0.0614 q=0.3027 pto=0.027 label=REPOSITION p5->(10,7)
Q type=REPOSITION prior=0.0614 q=0.2740 pto=0.113 label=REPOSITION p6->(10,7)
Q type=REPOSITION prior=0.0614 q=0.2740 pto=0.113 label=REPOSITION p7->(10,7)
Q type=REPOSITION prior=0.0614 q=0.2969 pto=0.027 label=REPOSITION p8->(10,7)
Q type=REPOSITION prior=0.0614 q=0.2985 pto=0.027 label=REPOSITION p9->(10,7)
Q type=REPOSITION prior=0.0614 q=0.2985 pto=0.027 label=REPOSITION p10->(10,7)
Q type=REPOSITION prior=0.0614 q=0.3001 pto=0.027 label=REPOSITION p11->(10,7)
SROOT g=2 t=2 ctx=off n=20
Q type=END_TURN prior=0.0321 q=0.3115 pto=0.000 label=END_TURN p-1 t-1
Q type=ADVANCE prior=0.0769 q=0.2243 pto=0.240 label=ADVANCE p5 t-1
Q type=CAGE prior=0.0769 q=0.3106 pto=0.000 label=CAGE p5 t-1
Q type=BLITZ prior=0.0321 q=0.3267 pto=0.000 label=BLITZ p-1 t12
Q type=BLOCK prior=0.0769 q=0.3284 pto=0.020 label=BLOCK p2 t16
Q type=BLOCK prior=0.0769 q=0.3283 pto=0.000 label=BLOCK p4 t16
Q type=BLOCK prior=0.0769 q=0.3267 pto=0.000 label=BLOCK p5 t12
Q type=BLOCK prior=0.0769 q=0.3267 pto=0.000 label=BLOCK p6 t12
Q type=BLOCK prior=0.0769 q=0.3279 pto=0.000 label=BLOCK p6 t16
Q type=BLOCK prior=0.0769 q=0.3279 pto=0.000 label=BLOCK p7 t16
Q type=PASS_ACTION prior=0.0321 q=0.2712 pto=0.140 label=PASS_ACTION p5 t2
Q type=PASS_ACTION prior=0.0321 q=0.1370 pto=0.513 label=PASS_ACTION p5 t4
Q type=PASS_ACTION prior=0.0321 q=0.1988 pto=0.353 label=PASS_ACTION p5 t6
Q type=PASS_ACTION prior=0.0321 q=0.1739 pto=0.400 label=PASS_ACTION p5 t7
Q type=PASS_ACTION prior=0.0321 q=0.0890 pto=0.627 label=PASS_ACTION p5 t8
Q type=FOUL prior=0.0321 q=0.3055 pto=0.000 label=FOUL p4 t13
Q type=REPOSITION prior=0.0321 q=0.3115 pto=0.000 label=REPOSITION p3->(12,6)
Q type=REPOSITION prior=0.0321 q=0.3097 pto=0.000 label=REPOSITION p8->(10,6)
Q type=REPOSITION prior=0.0321 q=0.3124 pto=0.000 label=REPOSITION p10->(12,6)
Q type=REPOSITION prior=0.0321 q=0.3142 pto=0.000 label=REPOSITION p11->(12,6)
SROOT g=2 t=4 ctx=off n=18
Q type=END_TURN prior=0.0383 q=0.3422 pto=0.000 label=END_TURN p-1 t-1
Q type=ADVANCE prior=0.0827 q=0.3422 pto=0.000 label=ADVANCE p5 t-1
Q type=CAGE prior=0.0827 q=0.3422 pto=0.000 label=CAGE p5 t-1
Q type=BLITZ prior=0.0383 q=0.3630 pto=0.000 label=BLITZ p-1 t17
Q type=BLOCK prior=0.0827 q=0.3499 pto=0.000 label=BLOCK p5 t17
Q type=BLOCK prior=0.0827 q=0.3582 pto=0.000 label=BLOCK p7 t17
Q type=BLOCK prior=0.0827 q=0.3676 pto=0.013 label=BLOCK p9 t17
Q type=BLOCK prior=0.0827 q=0.3601 pto=0.013 label=BLOCK p10 t17
Q type=BLOCK prior=0.0827 q=0.3601 pto=0.013 label=BLOCK p11 t17
Q type=PASS_ACTION prior=0.0383 q=0.0851 pto=0.733 label=PASS_ACTION p5 t2
Q type=PASS_ACTION prior=0.0383 q=0.3263 pto=0.067 label=PASS_ACTION p5 t4
Q type=PASS_ACTION prior=0.0383 q=0.0768 pto=0.753 label=PASS_ACTION p5 t8
Q type=FOUL prior=0.0383 q=0.3363 pto=0.000 label=FOUL p2 t13
Q type=REPOSITION prior=0.0383 q=0.3430 pto=0.000 label=REPOSITION p2->(12,5)
Q type=REPOSITION prior=0.0383 q=0.3457 pto=0.000 label=REPOSITION p3->(12,5)
Q type=REPOSITION prior=0.0383 q=0.3439 pto=0.000 label=REPOSITION p4->(12,5)
Q type=REPOSITION prior=0.0383 q=0.3422 pto=0.000 label=REPOSITION p6->(12,5)
Q type=REPOSITION prior=0.0383 q=0.3395 pto=0.000 label=REPOSITION p8->(10,5)
SROOT g=2 t=6 ctx=off n=19
Q type=END_TURN prior=0.0358 q=0.3793 pto=0.000 label=END_TURN p-1 t-1
Q type=ADVANCE prior=0.0815 q=0.3793 pto=0.000 label=ADVANCE p5 t-1
Q type=CAGE prior=0.0815 q=0.3793 pto=0.000 label=CAGE p5 t-1
Q type=BLITZ prior=0.0358 q=0.4001 pto=0.000 label=BLITZ p-1 t17
Q type=BLOCK prior=0.0815 q=0.3875 pto=0.000 label=BLOCK p5 t17
Q type=BLOCK prior=0.0815 q=0.3953 pto=0.000 label=BLOCK p7 t17
Q type=BLOCK prior=0.0815 q=0.4042 pto=0.013 label=BLOCK p9 t17
Q type=BLOCK prior=0.0815 q=0.3972 pto=0.013 label=BLOCK p10 t17
Q type=BLOCK prior=0.0815 q=0.3972 pto=0.013 label=BLOCK p11 t17
Q type=PASS_ACTION prior=0.0358 q=0.1127 pto=0.740 label=PASS_ACTION p5 t2
Q type=PASS_ACTION prior=0.0358 q=0.3625 pto=0.067 label=PASS_ACTION p5 t4
Q type=PASS_ACTION prior=0.0358 q=0.1083 pto=0.753 label=PASS_ACTION p5 t8
Q type=FOUL prior=0.0358 q=0.3739 pto=0.000 label=FOUL p2 t14
Q type=FOUL prior=0.0358 q=0.3741 pto=0.000 label=FOUL p8 t14
Q type=REPOSITION prior=0.0358 q=0.3802 pto=0.000 label=REPOSITION p2->(12,5)
Q type=REPOSITION prior=0.0358 q=0.3829 pto=0.000 label=REPOSITION p3->(12,5)
Q type=REPOSITION prior=0.0358 q=0.3811 pto=0.000 label=REPOSITION p4->(12,5)
Q type=REPOSITION prior=0.0358 q=0.3793 pto=0.000 label=REPOSITION p6->(12,5)
Q type=REPOSITION prior=0.0358 q=0.3766 pto=0.000 label=REPOSITION p8->(10,5)
SROOT g=2 t=8 ctx=off n=27
Q type=END_TURN prior=0.0149 q=0.6397 pto=0.000 label=END_TURN p-1 t-1
Q type=HAND_OFF_SCORE prior=0.0807 q=0.4539 pto=0.567 label=HAND_OFF_SCORE p5 t8
Q type=HAND_OFF_SCORE prior=0.0807 q=0.6367 pto=0.427 label=HAND_OFF_SCORE p5 t11
Q type=PASS_SCORE prior=0.0807 q=0.6412 pto=0.373 label=PASS_SCORE p5 t11
Q type=CHAIN_SCORE prior=0.0807 q=0.2350 pto=0.647 label=CHAIN_SCORE p5 t6
Q type=ADVANCE prior=0.0484 q=0.1206 pto=0.973 label=ADVANCE p5 t-1
Q type=CAGE prior=0.0484 q=0.6306 pto=0.253 label=CAGE p5 t-1
Q type=BLITZ prior=0.0149 q=0.6644 pto=0.000 label=BLITZ p-1 t18
Q type=BLITZ_AND_SCORE prior=0.0807 q=0.4354 pto=0.087 label=BLITZ_AND_SCORE p5 t18
Q type=BLOCK prior=0.0484 q=0.6644 pto=0.000 label=BLOCK p5 t18
Q type=BLOCK prior=0.0484 q=0.6566 pto=0.000 label=BLOCK p6 t18
Q type=BLOCK prior=0.0484 q=0.6553 pto=0.000 label=BLOCK p7 t15
Q type=BLOCK prior=0.0484 q=0.6547 pto=0.013 label=BLOCK p8 t18
Q type=BLOCK prior=0.0484 q=0.6567 pto=0.020 label=BLOCK p9 t15
Q type=BLOCK prior=0.0484 q=0.6549 pto=0.020 label=BLOCK p10 t15
Q type=PASS_ACTION prior=0.0149 q=0.3982 pto=0.433 label=PASS_ACTION p5 t2
Q type=PASS_ACTION prior=0.0149 q=0.6388 pto=0.087 label=PASS_ACTION p5 t8
Q type=PASS_ACTION prior=0.0149 q=0.4494 pto=0.400 label=PASS_ACTION p5 t11
Q type=FOUL prior=0.0149 q=0.6340 pto=0.000 label=FOUL p2 t13
Q type=FOUL prior=0.0149 q=0.6340 pto=0.000 label=FOUL p6 t14
Q type=FOUL prior=0.0149 q=0.6357 pto=0.000 label=FOUL p7 t12
Q type=FOUL prior=0.0149 q=0.6347 pto=0.000 label=FOUL p9 t17
Q type=FOUL prior=0.0149 q=0.6344 pto=0.000 label=FOUL p10 t12
Q type=REPOSITION prior=0.0149 q=0.6397 pto=0.000 label=REPOSITION p2->(15,6)
Q type=REPOSITION prior=0.0149 q=0.6415 pto=0.000 label=REPOSITION p3->(15,6)
Q type=REPOSITION prior=0.0149 q=0.6397 pto=0.000 label=REPOSITION p4->(15,6)
Q type=REPOSITION prior=0.0149 q=0.6406 pto=0.000 label=REPOSITION p11->(15,6)
SROOT g=2 t=9 ctx=loose n=13
Q type=END_TURN prior=0.0569 q=-0.5200 pto=0.000 label=END_TURN p-1 t-1
Q type=BLITZ prior=0.0569 q=-0.5378 pto=0.740 label=BLITZ p-1 t1
Q type=BLOCK prior=0.0887 q=-0.4980 pto=0.000 label=BLOCK p13 t2
Q type=BLOCK prior=0.0887 q=-0.4980 pto=0.000 label=BLOCK p14 t2
Q type=BLOCK prior=0.0887 q=-0.4926 pto=0.007 label=BLOCK p15 t2
Q type=PICKUP prior=0.2218 q=-0.3170 pto=0.340 label=PICKUP p13 t-1
Q type=REPOSITION prior=0.0569 q=-0.5200 pto=0.000 label=REPOSITION p16->(20,5)
Q type=REPOSITION prior=0.0569 q=-0.5200 pto=0.000 label=REPOSITION p17->(20,5)
Q type=REPOSITION prior=0.0569 q=-0.5200 pto=0.000 label=REPOSITION p18->(20,5)
Q type=REPOSITION prior=0.0569 q=-0.5200 pto=0.000 label=REPOSITION p19->(20,5)
Q type=REPOSITION prior=0.0569 q=-0.2893 pto=0.253 label=REPOSITION p20->(20,5)
Q type=REPOSITION prior=0.0569 q=-0.5200 pto=0.000 label=REPOSITION p21->(20,5)
Q type=REPOSITION prior=0.0569 q=-0.2833 pto=0.253 label=REPOSITION p22->(20,5)
SROOT g=2 t=11 ctx=off n=21
Q type=END_TURN prior=0.0416 q=-0.1644 pto=0.000 label=END_TURN p-1 t-1
Q type=ADVANCE prior=0.1048 q=-0.1144 pto=0.000 label=ADVANCE p13 t-1
Q type=CAGE prior=0.1048 q=-0.1871 pto=0.000 label=CAGE p13 t-1
Q type=BLITZ prior=0.0416 q=-0.1832 pto=0.740 label=BLITZ p-1 t9
Q type=PASS_ACTION prior=0.0416 q=-0.4354 pto=0.813 label=PASS_ACTION p13 t12
Q type=PASS_ACTION prior=0.0416 q=-0.3725 pto=0.653 label=PASS_ACTION p13 t14
Q type=PASS_ACTION prior=0.0416 q=-0.3499 pto=0.627 label=PASS_ACTION p13 t15
Q type=PASS_ACTION prior=0.0416 q=-0.2581 pto=0.407 label=PASS_ACTION p13 t17
Q type=PASS_ACTION prior=0.0416 q=-0.2585 pto=0.413 label=PASS_ACTION p13 t18
Q type=PASS_ACTION prior=0.0416 q=-0.2972 pto=0.500 label=PASS_ACTION p13 t19
Q type=PASS_ACTION prior=0.0416 q=-0.3284 pto=0.527 label=PASS_ACTION p13 t20
Q type=PASS_ACTION prior=0.0416 q=-0.3137 pto=0.493 label=PASS_ACTION p13 t21
Q type=PASS_ACTION prior=0.0416 q=-0.3049 pto=0.407 label=PASS_ACTION p13 t22
Q type=FOUL prior=0.0416 q=-0.1700 pto=0.000 label=FOUL p14 t2
Q type=REPOSITION prior=0.0416 q=-0.1671 pto=0.000 label=REPOSITION p15->(20,5)
Q type=REPOSITION prior=0.0416 q=-0.1691 pto=0.000 label=REPOSITION p17->(20,5)
Q type=REPOSITION prior=0.0416 q=-0.1691 pto=0.000 label=REPOSITION p18->(20,5)
Q type=REPOSITION prior=0.0416 q=-0.1671 pto=0.000 label=REPOSITION p19->(20,5)
Q type=REPOSITION prior=0.0416 q=-0.1751 pto=0.000 label=REPOSITION p20->(20,5)
Q type=REPOSITION prior=0.0416 q=-0.1724 pto=0.000 label=REPOSITION p21->(20,5)
Q type=REPOSITION prior=0.0416 q=-0.1644 pto=0.000 label=REPOSITION p22->(18,5)
SROOT g=2 t=13 ctx=off n=19
Q type=END_TURN prior=0.0375 q=-0.2617 pto=0.000 label=END_TURN p-1 t-1
Q type=ADVANCE prior=0.0855 q=-0.2778 pto=0.240 label=ADVANCE p13 t-1
Q type=CAGE prior=0.0855 q=-0.2869 pto=0.840 label=CAGE p13 t-1
Q type=BLITZ prior=0.0375 q=-0.2861 pto=0.893 label=BLITZ p-1 t4
Q type=BLOCK prior=0.0855 q=-0.2782 pto=0.000 label=BLOCK p13 t4
Q type=BLOCK prior=0.0855 q=-0.2451 pto=0.000 label=BLOCK p17 t4
Q type=BLOCK prior=0.0855 q=-0.2451 pto=0.000 label=BLOCK p20 t4
Q type=BLOCK prior=0.0855 q=-0.2451 pto=0.000 label=BLOCK p22 t4
Q type=PASS_ACTION prior=0.0375 q=-0.4361 pto=0.693 label=PASS_ACTION p13 t14
Q type=PASS_ACTION prior=0.0375 q=-0.4319 pto=0.647 label=PASS_ACTION p13 t15
Q type=PASS_ACTION prior=0.0375 q=-0.3283 pto=0.233 label=PASS_ACTION p13 t17
Q type=PASS_ACTION prior=0.0375 q=-0.3738 pto=0.433 label=PASS_ACTION p13 t18
Q type=PASS_ACTION prior=0.0375 q=-0.4548 pto=0.667 label=PASS_ACTION p13 t19
Q type=PASS_ACTION prior=0.0375 q=-0.4153 pto=0.480 label=PASS_ACTION p13 t21
Q type=FOUL prior=0.0375 q=-0.2673 pto=0.000 label=FOUL p14 t2
Q type=REPOSITION prior=0.0375 q=-0.2617 pto=0.000 label=REPOSITION p15->(17,6)
Q type=REPOSITION prior=0.0375 q=-0.2617 pto=0.000 label=REPOSITION p18->(15,6)
Q type=REPOSITION prior=0.0375 q=-0.2617 pto=0.000 label=REPOSITION p19->(17,6)
Q type=REPOSITION prior=0.0375 q=-0.2617 pto=0.000 label=REPOSITION p21->(15,6)
SROOT g=2 t=15 ctx=off n=16
Q type=END_TURN prior=0.0533 q=-0.3600 pto=0.000 label=END_TURN p-1 t-1
Q type=ADVANCE prior=0.1023 q=-0.3745 pto=0.247 label=ADVANCE p13 t-1
Q type=CAGE prior=0.1023 q=-0.3872 pto=0.907 label=CAGE p13 t-1
Q type=BLITZ prior=0.0533 q=-0.3784 pto=0.747 label=BLITZ p-1 t4
Q type=BLOCK prior=0.1023 q=-0.3440 pto=0.000 label=BLOCK p17 t7
Q type=PASS_ACTION prior=0.0533 q=-0.4960 pto=0.700 label=PASS_ACTION p13 t14
Q type=PASS_ACTION prior=0.0533 q=-0.4887 pto=0.667 label=PASS_ACTION p13 t15
Q type=PASS_ACTION prior=0.0533 q=-0.4890 pto=0.633 label=PASS_ACTION p13 t17
Q type=PASS_ACTION prior=0.0533 q=-0.4794 pto=0.600 label=PASS_ACTION p13 t18
Q type=PASS_ACTION prior=0.0533 q=-0.4959 pto=0.680 label=PASS_ACTION p13 t19
Q type=PASS_ACTION prior=0.0533 q=-0.4620 pto=0.540 label=PASS_ACTION p13 t21
Q type=FOUL prior=0.0533 q=-0.3656 pto=0.000 label=FOUL p14 t2
Q type=REPOSITION prior=0.0533 q=-0.3600 pto=0.000 label=REPOSITION p15->(18,7)
Q type=REPOSITION prior=0.0533 q=-0.3600 pto=0.000 label=REPOSITION p18->(18,7)
Q type=REPOSITION prior=0.0533 q=-0.3600 pto=0.000 label=REPOSITION p19->(18,7)
Q type=REPOSITION prior=0.0533 q=-0.3600 pto=0.000 label=REPOSITION p21->(16,7)
SROOT g=2 t=16 ctx=loose n=13
Q type=END_TURN prior=0.0569 q=-0.5600 pto=0.000 label=END_TURN p-1 t-1
Q type=BLITZ prior=0.0569 q=-0.5778 pto=0.740 label=BLITZ p-1 t1
Q type=BLOCK prior=0.0887 q=-0.5380 pto=0.000 label=BLOCK p13 t2
Q type=BLOCK prior=0.0887 q=-0.5380 pto=0.000 label=BLOCK p14 t2
Q type=BLOCK prior=0.0887 q=-0.5326 pto=0.007 label=BLOCK p15 t2
Q type=PICKUP prior=0.2218 q=-0.3895 pto=0.393 label=PICKUP p13 t-1
Q type=REPOSITION prior=0.0569 q=-0.5200 pto=0.000 label=REPOSITION p16->(21,6)
Q type=REPOSITION prior=0.0569 q=-0.5200 pto=0.000 label=REPOSITION p17->(21,6)
Q type=REPOSITION prior=0.0569 q=-0.5200 pto=0.000 label=REPOSITION p18->(21,6)
Q type=REPOSITION prior=0.0569 q=-0.5600 pto=0.000 label=REPOSITION p19->(21,6)
Q type=REPOSITION prior=0.0569 q=-0.5200 pto=0.000 label=REPOSITION p20->(21,6)
Q type=REPOSITION prior=0.0569 q=-0.5200 pto=0.000 label=REPOSITION p21->(21,6)
Q type=REPOSITION prior=0.0569 q=-0.3515 pto=0.253 label=REPOSITION p22->(21,6)
SROOT g=2 t=18 ctx=off n=23
Q type=END_TURN prior=0.0377 q=-0.1700 pto=0.000 label=END_TURN p-1 t-1
Q type=ADVANCE prior=0.1041 q=-0.1358 pto=0.000 label=ADVANCE p13 t-1
Q type=CAGE prior=0.1041 q=-0.1740 pto=0.000 label=CAGE p13 t-1
Q type=BLITZ prior=0.0377 q=-0.1558 pto=0.033 label=BLITZ p-1 t4
Q type=PASS_ACTION prior=0.0377 q=-0.2683 pto=0.473 label=PASS_ACTION p13 t12
Q type=PASS_ACTION prior=0.0377 q=-0.3438 pto=0.713 label=PASS_ACTION p13 t14
Q type=PASS_ACTION prior=0.0377 q=-0.2772 pto=0.473 label=PASS_ACTION p13 t15
Q type=PASS_ACTION prior=0.0377 q=-0.3853 pto=0.827 label=PASS_ACTION p13 t16
Q type=PASS_ACTION prior=0.0377 q=-0.2251 pto=0.287 label=PASS_ACTION p13 t17
Q type=PASS_ACTION prior=0.0377 q=-0.2114 pto=0.240 label=PASS_ACTION p13 t18
Q type=PASS_ACTION prior=0.0377 q=-0.2403 pto=0.360 label=PASS_ACTION p13 t19
Q type=PASS_ACTION prior=0.0377 q=-0.2557 pto=0.393 label=PASS_ACTION p13 t20
Q type=PASS_ACTION prior=0.0377 q=-0.2074 pto=0.227 label=PASS_ACTION p13 t21
Q type=FOUL prior=0.0377 q=-0.1756 pto=0.000 label=FOUL p14 t2
Q type=FOUL prior=0.0377 q=-0.1756 pto=0.000 label=FOUL p16 t1
Q type=REPOSITION prior=0.0377 q=-0.1730 pto=0.000 label=REPOSITION p12->(21,6)
Q type=REPOSITION prior=0.0377 q=-0.1740 pto=0.000 label=REPOSITION p15->(21,6)
Q type=REPOSITION prior=0.0377 q=-0.1710 pto=0.000 label=REPOSITION p17->(19,6)
Q type=REPOSITION prior=0.0377 q=-0.1710 pto=0.000 label=REPOSITION p18->(19,6)
Q type=REPOSITION prior=0.0377 q=-0.1710 pto=0.000 label=REPOSITION p19->(19,6)
Q type=REPOSITION prior=0.0377 q=-0.1690 pto=0.000 label=REPOSITION p20->(19,6)
Q type=REPOSITION prior=0.0377 q=-0.1690 pto=0.000 label=REPOSITION p21->(19,6)
Q type=REPOSITION prior=0.0377 q=-0.1670 pto=0.000 label=REPOSITION p22->(19,6)
SROOT g=2 t=20 ctx=off n=22
Q type=END_TURN prior=0.0396 q=-0.1657 pto=0.000 label=END_TURN p-1 t-1
Q type=ADVANCE prior=0.1044 q=-0.1294 pto=0.000 label=ADVANCE p13 t-1
Q type=CAGE prior=0.1044 q=-0.1657 pto=0.000 label=CAGE p13 t-1
Q type=BLITZ prior=0.0396 q=-0.1520 pto=0.033 label=BLITZ p-1 t4
Q type=PASS_ACTION prior=0.0396 q=-0.2710 pto=0.507 label=PASS_ACTION p13 t12
Q type=PASS_ACTION prior=0.0396 q=-0.3417 pto=0.707 label=PASS_ACTION p13 t14
Q type=PASS_ACTION prior=0.0396 q=-0.2817 pto=0.500 label=PASS_ACTION p13 t15
Q type=PASS_ACTION prior=0.0396 q=-0.3872 pto=0.833 label=PASS_ACTION p13 t16
Q type=PASS_ACTION prior=0.0396 q=-0.1749 pto=0.093 label=PASS_ACTION p13 t17
Q type=PASS_ACTION prior=0.0396 q=-0.2124 pto=0.253 label=PASS_ACTION p13 t18
Q type=PASS_ACTION prior=0.0396 q=-0.2421 pto=0.380 label=PASS_ACTION p13 t19
Q type=PASS_ACTION prior=0.0396 q=-0.2018 pto=0.227 label=PASS_ACTION p13 t21
Q type=FOUL prior=0.0396 q=-0.1713 pto=0.000 label=FOUL p14 t2
Q type=FOUL prior=0.0396 q=-0.1713 pto=0.000 label=FOUL p16 t1
Q type=REPOSITION prior=0.0396 q=-0.1697 pto=0.000 label=REPOSITION p12->(21,6)
Q type=REPOSITION prior=0.0396 q=-0.1687 pto=0.000 label=REPOSITION p15->(21,6)
Q type=REPOSITION prior=0.0396 q=-0.1647 pto=0.000 label=REPOSITION p17->(19,6)
Q type=REPOSITION prior=0.0396 q=-0.1667 pto=0.000 label=REPOSITION p18->(19,6)
Q type=REPOSITION prior=0.0396 q=-0.1667 pto=0.000 label=REPOSITION p19->(19,6)
Q type=REPOSITION prior=0.0396 q=-0.1627 pto=0.000 label=REPOSITION p20->(19,6)
Q type=REPOSITION prior=0.0396 q=-0.1647 pto=0.000 label=REPOSITION p21->(19,6)
Q type=REPOSITION prior=0.0396 q=-0.1627 pto=0.000 label=REPOSITION p22->(19,6)
SROOT g=2 t=22 ctx=off n=25
Q type=END_TURN prior=0.0345 q=-0.1240 pto=0.000 label=END_TURN p-1 t-1
Q type=ADVANCE prior=0.1034 q=-0.1107 pto=0.000 label=ADVANCE p13 t-1
Q type=CAGE prior=0.1034 q=-0.1240 pto=0.000 label=CAGE p13 t-1
Q type=BLITZ prior=0.0345 q=-0.1104 pto=0.033 label=BLITZ p-1 t4
Q type=PASS_ACTION prior=0.0345 q=-0.2340 pto=0.507 label=PASS_ACTION p13 t12
Q type=PASS_ACTION prior=0.0345 q=-0.3113 pto=0.713 label=PASS_ACTION p13 t14
Q type=PASS_ACTION prior=0.0345 q=-0.2460 pto=0.500 label=PASS_ACTION p13 t15
Q type=PASS_ACTION prior=0.0345 q=-0.3573 pto=0.847 label=PASS_ACTION p13 t16
Q type=PASS_ACTION prior=0.0345 q=-0.1328 pto=0.093 label=PASS_ACTION p13 t17
Q type=PASS_ACTION prior=0.0345 q=-0.1714 pto=0.247 label=PASS_ACTION p13 t18
Q type=PASS_ACTION prior=0.0345 q=-0.2029 pto=0.380 label=PASS_ACTION p13 t19
Q type=PASS_ACTION prior=0.0345 q=-0.1590 pto=0.227 label=PASS_ACTION p13 t21
Q type=FOUL prior=0.0345 q=-0.1296 pto=0.000 label=FOUL p14 t2
Q type=FOUL prior=0.0345 q=-0.1296 pto=0.000 label=FOUL p15 t3
Q type=FOUL prior=0.0345 q=-0.1296 pto=0.000 label=FOUL p16 t1
Q type=FOUL prior=0.0345 q=-0.1294 pto=0.000 label=FOUL p18 t3
Q type=FOUL prior=0.0345 q=-0.1294 pto=0.000 label=FOUL p19 t3
Q type=REPOSITION prior=0.0345 q=-0.1280 pto=0.000 label=REPOSITION p12->(21,6)
Q type=REPOSITION prior=0.0345 q=-0.1270 pto=0.000 label=REPOSITION p15->(21,6)
Q type=REPOSITION prior=0.0345 q=-0.1230 pto=0.000 label=REPOSITION p17->(19,6)
Q type=REPOSITION prior=0.0345 q=-0.1250 pto=0.000 label=REPOSITION p18->(19,6)
Q type=REPOSITION prior=0.0345 q=-0.1250 pto=0.000 label=REPOSITION p19->(19,6)
Q type=REPOSITION prior=0.0345 q=-0.1210 pto=0.000 label=REPOSITION p20->(19,6)
Q type=REPOSITION prior=0.0345 q=-0.1230 pto=0.000 label=REPOSITION p21->(19,6)
Q type=REPOSITION prior=0.0345 q=-0.1210 pto=0.000 label=REPOSITION p22->(19,6)
SROOT g=2 t=24 ctx=off n=25
Q type=END_TURN prior=0.0345 q=-0.0765 pto=0.000 label=END_TURN p-1 t-1
Q type=ADVANCE prior=0.1034 q=-0.0648 pto=0.000 label=ADVANCE p13 t-1
Q type=CAGE prior=0.1034 q=-0.0765 pto=0.000 label=CAGE p13 t-1
Q type=BLITZ prior=0.0345 q=-0.0629 pto=0.033 label=BLITZ p-1 t4
Q type=PASS_ACTION prior=0.0345 q=-0.1995 pto=0.507 label=PASS_ACTION p13 t12
Q type=PASS_ACTION prior=0.0345 q=-0.2785 pto=0.713 label=PASS_ACTION p13 t14
Q type=PASS_ACTION prior=0.0345 q=-0.2035 pto=0.487 label=PASS_ACTION p13 t15
Q type=PASS_ACTION prior=0.0345 q=-0.3162 pto=0.827 label=PASS_ACTION p13 t16
Q type=PASS_ACTION prior=0.0345 q=-0.0847 pto=0.093 label=PASS_ACTION p13 t17
Q type=PASS_ACTION prior=0.0345 q=-0.1280 pto=0.247 label=PASS_ACTION p13 t18
Q type=PASS_ACTION prior=0.0345 q=-0.1744 pto=0.380 label=PASS_ACTION p13 t19
Q type=PASS_ACTION prior=0.0345 q=-0.1477 pto=0.227 label=PASS_ACTION p13 t21
Q type=FOUL prior=0.0345 q=-0.0821 pto=0.000 label=FOUL p14 t2
Q type=FOUL prior=0.0345 q=-0.0821 pto=0.000 label=FOUL p15 t3
Q type=FOUL prior=0.0345 q=-0.0821 pto=0.000 label=FOUL p16 t1
Q type=FOUL prior=0.0345 q=-0.0819 pto=0.000 label=FOUL p18 t3
Q type=FOUL prior=0.0345 q=-0.0819 pto=0.000 label=FOUL p19 t3
Q type=REPOSITION prior=0.0345 q=-0.0805 pto=0.000 label=REPOSITION p12->(21,6)
Q type=REPOSITION prior=0.0345 q=-0.0795 pto=0.000 label=REPOSITION p15->(21,6)
Q type=REPOSITION prior=0.0345 q=-0.0755 pto=0.000 label=REPOSITION p17->(19,6)
Q type=REPOSITION prior=0.0345 q=-0.0775 pto=0.000 label=REPOSITION p18->(19,6)
Q type=REPOSITION prior=0.0345 q=-0.0775 pto=0.000 label=REPOSITION p19->(19,6)
Q type=REPOSITION prior=0.0345 q=-0.0735 pto=0.000 label=REPOSITION p20->(19,6)
Q type=REPOSITION prior=0.0345 q=-0.0755 pto=0.000 label=REPOSITION p21->(19,6)
Q type=REPOSITION prior=0.0345 q=-0.0735 pto=0.000 label=REPOSITION p22->(19,6)
SROOT g=2 t=26 ctx=off n=24
Q type=END_TURN prior=0.0360 q=-0.0807 pto=0.000 label=END_TURN p-1 t-1
Q type=ADVANCE prior=0.1037 q=-0.0234 pto=0.073 label=ADVANCE p13 t-1
Q type=CAGE prior=0.1037 q=-0.0807 pto=0.000 label=CAGE p13 t-1
Q type=BLITZ prior=0.0360 q=-0.0612 pto=0.000 label=BLITZ p-1 t8
Q type=PASS_ACTION prior=0.0360 q=-0.2186 pto=0.507 label=PASS_ACTION p13 t12
Q type=PASS_ACTION prior=0.0360 q=-0.2743 pto=0.713 label=PASS_ACTION p13 t14
Q type=PASS_ACTION prior=0.0360 q=-0.2111 pto=0.507 label=PASS_ACTION p13 t15
Q type=PASS_ACTION prior=0.0360 q=-0.3100 pto=0.800 label=PASS_ACTION p13 t16
Q type=PASS_ACTION prior=0.0360 q=-0.1145 pto=0.093 label=PASS_ACTION p13 t17
Q type=PASS_ACTION prior=0.0360 q=-0.1391 pto=0.247 label=PASS_ACTION p13 t18
Q type=PASS_ACTION prior=0.0360 q=-0.2015 pto=0.380 label=PASS_ACTION p13 t19
Q type=PASS_ACTION prior=0.0360 q=-0.1795 pto=0.227 label=PASS_ACTION p13 t21
Q type=FOUL prior=0.0360 q=-0.0863 pto=0.000 label=FOUL p14 t2
Q type=FOUL prior=0.0360 q=-0.0863 pto=0.000 label=FOUL p15 t3
Q type=FOUL prior=0.0360 q=-0.0861 pto=0.000 label=FOUL p18 t3
Q type=FOUL prior=0.0360 q=-0.0861 pto=0.000 label=FOUL p19 t3
Q type=REPOSITION prior=0.0360 q=-0.0847 pto=0.000 label=REPOSITION p12->(21,6)
Q type=REPOSITION prior=0.0360 q=-0.0837 pto=0.000 label=REPOSITION p15->(21,6)
Q type=REPOSITION prior=0.0360 q=-0.0797 pto=0.000 label=REPOSITION p17->(19,6)
Q type=REPOSITION prior=0.0360 q=-0.0817 pto=0.000 label=REPOSITION p18->(19,6)
Q type=REPOSITION prior=0.0360 q=-0.0817 pto=0.000 label=REPOSITION p19->(19,6)
Q type=REPOSITION prior=0.0360 q=-0.0777 pto=0.000 label=REPOSITION p20->(19,6)
Q type=REPOSITION prior=0.0360 q=-0.0797 pto=0.000 label=REPOSITION p21->(19,6)
Q type=REPOSITION prior=0.0360 q=-0.0777 pto=0.000 label=REPOSITION p22->(19,6)
SROOT g=2 t=28 ctx=off n=23
Q type=END_TURN prior=0.0377 q=-0.1850 pto=0.000 label=END_TURN p-1 t-1
Q type=ADVANCE prior=0.1041 q=-0.1117 pto=0.000 label=ADVANCE p13 t-1
Q type=CAGE prior=0.1041 q=-0.1850 pto=0.000 label=CAGE p13 t-1
Q type=BLITZ prior=0.0377 q=-0.1692 pto=0.013 label=BLITZ p-1 t10
Q type=PASS_ACTION prior=0.0377 q=-0.2783 pto=0.507 label=PASS_ACTION p13 t12
Q type=PASS_ACTION prior=0.0377 q=-0.2930 pto=0.713 label=PASS_ACTION p13 t14
Q type=PASS_ACTION prior=0.0377 q=-0.2652 pto=0.507 label=PASS_ACTION p13 t15
Q type=PASS_ACTION prior=0.0377 q=-0.2157 pto=0.093 label=PASS_ACTION p13 t17
Q type=PASS_ACTION prior=0.0377 q=-0.2162 pto=0.240 label=PASS_ACTION p13 t18
Q type=PASS_ACTION prior=0.0377 q=-0.2591 pto=0.380 label=PASS_ACTION p13 t19
Q type=PASS_ACTION prior=0.0377 q=-0.2383 pto=0.227 label=PASS_ACTION p13 t21
Q type=FOUL prior=0.0377 q=-0.1906 pto=0.000 label=FOUL p14 t2
Q type=FOUL prior=0.0377 q=-0.1902 pto=0.000 label=FOUL p15 t3
Q type=FOUL prior=0.0377 q=-0.1902 pto=0.000 label=FOUL p18 t3
Q type=FOUL prior=0.0377 q=-0.1902 pto=0.000 label=FOUL p19 t3
Q type=REPOSITION prior=0.0377 q=-0.1850 pto=0.000 label=REPOSITION p12->(21,6)
Q type=REPOSITION prior=0.0377 q=-0.1850 pto=0.000 label=REPOSITION p15->(21,6)
Q type=REPOSITION prior=0.0377 q=-0.1850 pto=0.000 label=REPOSITION p17->(19,6)
Q type=REPOSITION prior=0.0377 q=-0.1850 pto=0.000 label=REPOSITION p18->(19,6)
Q type=REPOSITION prior=0.0377 q=-0.1850 pto=0.000 label=REPOSITION p19->(19,6)
Q type=REPOSITION prior=0.0377 q=-0.1850 pto=0.000 label=REPOSITION p20->(19,6)
Q type=REPOSITION prior=0.0377 q=-0.1850 pto=0.000 label=REPOSITION p21->(19,6)
Q type=REPOSITION prior=0.0377 q=-0.1850 pto=0.000 label=REPOSITION p22->(19,6)
SROOT g=2 t=30 ctx=off n=20
Q type=END_TURN prior=0.0352 q=-0.1400 pto=0.000 label=END_TURN p-1 t-1
Q type=ADVANCE prior=0.0845 q=-0.0633 pto=0.000 label=ADVANCE p13 t-1
Q type=CAGE prior=0.0845 q=-0.1400 pto=0.000 label=CAGE p13 t-1
Q type=BLITZ prior=0.0352 q=-0.1010 pto=0.000 label=BLITZ p-1 t11
Q type=BLOCK prior=0.0845 q=-0.1248 pto=0.000 label=BLOCK p18 t10
Q type=BLOCK prior=0.0845 q=-0.1248 pto=0.000 label=BLOCK p18 t11
Q type=BLOCK prior=0.0845 q=-0.1180 pto=0.000 label=BLOCK p21 t10
Q type=BLOCK prior=0.0845 q=-0.1180 pto=0.000 label=BLOCK p21 t11
Q type=PASS_ACTION prior=0.0352 q=-0.2406 pto=0.540 label=PASS_ACTION p13 t14
Q type=PASS_ACTION prior=0.0352 q=-0.2144 pto=0.393 label=PASS_ACTION p13 t15
Q type=PASS_ACTION prior=0.0352 q=-0.2379 pto=0.547 label=PASS_ACTION p13 t18
Q type=PASS_ACTION prior=0.0352 q=-0.2803 pto=0.767 label=PASS_ACTION p13 t21
Q type=FOUL prior=0.0352 q=-0.1454 pto=0.000 label=FOUL p19 t3
Q type=FOUL prior=0.0352 q=-0.1454 pto=0.000 label=FOUL p22 t3
Q type=REPOSITION prior=0.0352 q=-0.1400 pto=0.000 label=REPOSITION p12->(15,3)
Q type=REPOSITION prior=0.0352 q=-0.1400 pto=0.000 label=REPOSITION p15->(15,3)
Q type=REPOSITION prior=0.0352 q=-0.1400 pto=0.000 label=REPOSITION p17->(15,3)
Q type=REPOSITION prior=0.0352 q=-0.1400 pto=0.000 label=REPOSITION p19->(15,3)
Q type=REPOSITION prior=0.0352 q=-0.1400 pto=0.000 label=REPOSITION p20->(15,3)
Q type=REPOSITION prior=0.0352 q=-0.1400 pto=0.000 label=REPOSITION p22->(15,3)
SROOT g=3 t=0 ctx=loose n=13
Q type=END_TURN prior=0.0614 q=-0.0600 pto=0.000 label=END_TURN p-1 t-1
Q type=BLITZ prior=0.0614 q=-0.0778 pto=0.740 label=BLITZ p-1 t12
Q type=BLOCK prior=0.0958 q=-0.0380 pto=0.000 label=BLOCK p2 t13
Q type=BLOCK prior=0.0958 q=-0.0380 pto=0.000 label=BLOCK p3 t13
Q type=BLOCK prior=0.0958 q=-0.0326 pto=0.007 label=BLOCK p4 t13
Q type=PICKUP prior=0.1597 q=0.1433 pto=0.253 label=PICKUP p11 t-1
Q type=REPOSITION prior=0.0614 q=-0.0600 pto=0.000 label=REPOSITION p5->(3,10)
Q type=REPOSITION prior=0.0614 q=-0.0600 pto=0.000 label=REPOSITION p6->(3,10)
Q type=REPOSITION prior=0.0614 q=-0.0600 pto=0.000 label=REPOSITION p7->(3,10)
Q type=REPOSITION prior=0.0614 q=-0.0600 pto=0.000 label=REPOSITION p8->(3,10)
Q type=REPOSITION prior=0.0614 q=-0.0200 pto=0.000 label=REPOSITION p9->(3,10)
Q type=REPOSITION prior=0.0614 q=-0.0200 pto=0.000 label=REPOSITION p10->(3,10)
Q type=REPOSITION prior=0.0614 q=0.1433 pto=0.253 label=REPOSITION p11->(3,10)
SROOT g=3 t=2 ctx=off n=21
Q type=END_TURN prior=0.0416 q=0.2566 pto=0.000 label=END_TURN p-1 t-1
Q type=ADVANCE prior=0.1048 q=0.2729 pto=0.000 label=ADVANCE p11 t-1
Q type=CAGE prior=0.1048 q=0.2406 pto=0.000 label=CAGE p11 t-1
Q type=BLITZ prior=0.0416 q=0.2566 pto=0.000 label=BLITZ p-1 t20
Q type=PASS_ACTION prior=0.0416 q=0.0971 pto=0.587 label=PASS_ACTION p11 t1
Q type=PASS_ACTION prior=0.0416 q=-0.0127 pto=0.833 label=PASS_ACTION p11 t2
Q type=PASS_ACTION prior=0.0416 q=0.0800 pto=0.627 label=PASS_ACTION p11 t4
Q type=PASS_ACTION prior=0.0416 q=0.0781 pto=0.633 label=PASS_ACTION p11 t5
Q type=PASS_ACTION prior=0.0416 q=0.0878 pto=0.600 label=PASS_ACTION p11 t6
Q type=PASS_ACTION prior=0.0416 q=0.0852 pto=0.600 label=PASS_ACTION p11 t7
Q type=PASS_ACTION prior=0.0416 q=0.0867 pto=0.607 label=PASS_ACTION p11 t8
Q type=PASS_ACTION prior=0.0416 q=0.1132 pto=0.520 label=PASS_ACTION p11 t9
Q type=PASS_ACTION prior=0.0416 q=0.1180 pto=0.493 label=PASS_ACTION p11 t10
Q type=REPOSITION prior=0.0416 q=0.2566 pto=0.000 label=REPOSITION p1->(3,10)
Q type=REPOSITION prior=0.0416 q=0.2512 pto=0.000 label=REPOSITION p4->(3,10)
Q type=REPOSITION prior=0.0416 q=0.2486 pto=0.000 label=REPOSITION p5->(3,10)
Q type=REPOSITION prior=0.0416 q=0.2512 pto=0.000 label=REPOSITION p6->(3,10)
Q type=REPOSITION prior=0.0416 q=0.2502 pto=0.000 label=REPOSITION p7->(3,10)
Q type=REPOSITION prior=0.0416 q=0.2502 pto=0.000 label=REPOSITION p8->(3,10)
Q type=REPOSITION prior=0.0416 q=0.2566 pto=0.000 label=REPOSITION p9->(5,10)
Q type=REPOSITION prior=0.0416 q=0.2566 pto=0.000 label=REPOSITION p10->(5,10)
SROOT g=3 t=4 ctx=off n=19
Q type=END_TURN prior=0.0415 q=0.2397 pto=0.000 label=END_TURN p-1 t-1
Q type=ADVANCE prior=0.0945 q=0.2664 pto=0.000 label=ADVANCE p11 t-1
Q type=CAGE prior=0.0945 q=0.2237 pto=0.000 label=CAGE p11 t-1
Q type=BLITZ prior=0.0415 q=0.2617 pto=0.000 label=BLITZ p-1 t12
Q type=BLOCK prior=0.0945 q=0.2617 pto=0.000 label=BLOCK p1 t12
Q type=BLOCK prior=0.0945 q=0.2659 pto=0.007 label=BLOCK p4 t12
Q type=PASS_ACTION prior=0.0415 q=0.0019 pto=0.740 label=PASS_ACTION p11 t1
Q type=PASS_ACTION prior=0.0415 q=-0.0384 pto=0.840 label=PASS_ACTION p11 t2
Q type=PASS_ACTION prior=0.0415 q=0.0062 pto=0.733 label=PASS_ACTION p11 t4
Q type=PASS_ACTION prior=0.0415 q=0.0401 pto=0.647 label=PASS_ACTION p11 t5
Q type=PASS_ACTION prior=0.0415 q=0.0540 pto=0.607 label=PASS_ACTION p11 t7
Q type=PASS_ACTION prior=0.0415 q=0.0381 pto=0.647 label=PASS_ACTION p11 t8
Q type=PASS_ACTION prior=0.0415 q=0.0895 pto=0.520 label=PASS_ACTION p11 t9
Q type=PASS_ACTION prior=0.0415 q=0.0925 pto=0.500 label=PASS_ACTION p11 t10
Q type=REPOSITION prior=0.0415 q=0.2317 pto=0.000 label=REPOSITION p5->(3,10)
Q type=REPOSITION prior=0.0415 q=0.2333 pto=0.000 label=REPOSITION p7->(3,10)
Q type=REPOSITION prior=0.0415 q=0.2333 pto=0.000 label=REPOSITION p8->(3,10)
Q type=REPOSITION prior=0.0415 q=0.2397 pto=0.000 label=REPOSITION p9->(5,10)
Q type=REPOSITION prior=0.0415 q=0.2397 pto=0.000 label=REPOSITION p10->(5,10)
SROOT g=3 t=6 ctx=off n=18
Q type=END_TURN prior=0.0492 q=0.3492 pto=0.000 label=END_TURN p-1 t-1
Q type=ADVANCE prior=0.1063 q=0.3860 pto=0.000 label=ADVANCE p11 t-1
Q type=CAGE prior=0.1063 q=0.3492 pto=0.000 label=CAGE p11 t-1
Q type=BLITZ prior=0.0492 q=0.3113 pto=0.753 label=BLITZ p-1 t20
Q type=PASS_ACTION prior=0.0492 q=0.0966 pto=0.700 label=PASS_ACTION p11 t2
Q type=PASS_ACTION prior=0.0492 q=0.1016 pto=0.687 label=PASS_ACTION p11 t4
Q type=PASS_ACTION prior=0.0492 q=0.2717 pto=0.200 label=PASS_ACTION p11 t5
Q type=PASS_ACTION prior=0.0492 q=0.1904 pto=0.453 label=PASS_ACTION p11 t7
Q type=PASS_ACTION prior=0.0492 q=0.2816 pto=0.207 label=PASS_ACTION p11 t8
Q type=FOUL prior=0.0492 q=0.3436 pto=0.000 label=FOUL p1 t12
Q type=FOUL prior=0.0492 q=0.3434 pto=0.000 label=FOUL p5 t15
Q type=REPOSITION prior=0.0492 q=0.3473 pto=0.000 label=REPOSITION p1->(7,9)
Q type=REPOSITION prior=0.0492 q=0.3487 pto=0.000 label=REPOSITION p4->(7,9)
Q type=REPOSITION prior=0.0492 q=0.3508 pto=0.000 label=REPOSITION p5->(9,9)
Q type=REPOSITION prior=0.0492 q=0.3492 pto=0.000 label=REPOSITION p7->(9,9)
Q type=REPOSITION prior=0.0492 q=0.3524 pto=0.000 label=REPOSITION p8->(9,9)
Q type=REPOSITION prior=0.0492 q=0.3540 pto=0.000 label=REPOSITION p9->(9,9)
Q type=REPOSITION prior=0.0492 q=0.3556 pto=0.000 label=REPOSITION p10->(9,9)
SROOT g=3 t=8 ctx=off n=14
Q type=END_TURN prior=0.0651 q=0.4155 pto=0.000 label=END_TURN p-1 t-1
Q type=ADVANCE prior=0.1094 q=0.3730 pto=0.000 label=ADVANCE p11 t-1
Q type=CAGE prior=0.1094 q=0.4155 pto=0.000 label=CAGE p11 t-1
Q type=BLITZ prior=0.0651 q=0.3863 pto=0.987 label=BLITZ p-1 t16
Q type=PASS_ACTION prior=0.0651 q=0.3552 pto=0.093 label=PASS_ACTION p11 t2
Q type=PASS_ACTION prior=0.0651 q=0.3649 pto=0.093 label=PASS_ACTION p11 t7
Q type=FOUL prior=0.0651 q=0.4099 pto=0.000 label=FOUL p1 t12
Q type=REPOSITION prior=0.0651 q=0.4155 pto=0.000 label=REPOSITION p2->(13,9)
Q type=REPOSITION prior=0.0651 q=0.4171 pto=0.000 label=REPOSITION p4->(13,9)
Q type=REPOSITION prior=0.0651 q=0.4187 pto=0.000 label=REPOSITION p5->(13,9)
Q type=REPOSITION prior=0.0651 q=0.4155 pto=0.000 label=REPOSITION p7->(13,9)
Q type=REPOSITION prior=0.0651 q=0.4187 pto=0.000 label=REPOSITION p8->(13,9)
Q type=REPOSITION prior=0.0651 q=0.4142 pto=0.000 label=REPOSITION p9->(11,9)
Q type=REPOSITION prior=0.0651 q=0.4142 pto=0.000 label=REPOSITION p10->(11,9)
SROOT g=3 t=10 ctx=off n=13
Q type=END_TURN prior=0.0708 q=0.3813 pto=0.000 label=END_TURN p-1 t-1
Q type=ADVANCE prior=0.1105 q=0.3920 pto=0.073 label=ADVANCE p11 t-1
Q type=CAGE prior=0.1105 q=0.3813 pto=0.000 label=CAGE p11 t-1
Q type=BLITZ prior=0.0708 q=0.3894 pto=0.040 label=BLITZ p-1 t19
Q type=PASS_ACTION prior=0.0708 q=0.3414 pto=0.093 label=PASS_ACTION p11 t2
Q type=PASS_ACTION prior=0.0708 q=0.3544 pto=0.093 label=PASS_ACTION p11 t7
Q type=REPOSITION prior=0.0708 q=0.3813 pto=0.000 label=REPOSITION p2->(13,9)
Q type=REPOSITION prior=0.0708 q=0.3845 pto=0.000 label=REPOSITION p4->(13,9)
Q type=REPOSITION prior=0.0708 q=0.3861 pto=0.000 label=REPOSITION p5->(13,9)
Q type=REPOSITION prior=0.0708 q=0.3813 pto=0.000 label=REPOSITION p7->(13,9)
Q type=REPOSITION prior=0.0708 q=0.3861 pto=0.000 label=REPOSITION p8->(13,9)
Q type=REPOSITION prior=0.0708 q=0.3800 pto=0.000 label=REPOSITION p9->(11,9)
Q type=REPOSITION prior=0.0708 q=0.3800 pto=0.000 label=REPOSITION p10->(11,9)
SROOT g=3 t=12 ctx=off n=17
Q type=END_TURN prior=0.0524 q=0.2650 pto=0.000 label=END_TURN p-1 t-1
Q type=ADVANCE prior=0.1069 q=0.3454 pto=0.073 label=ADVANCE p11 t-1
Q type=CAGE prior=0.1069 q=0.2650 pto=0.000 label=CAGE p11 t-1
Q type=BLITZ prior=0.0524 q=0.2746 pto=0.040 label=BLITZ p-1 t19
Q type=PASS_ACTION prior=0.0524 q=0.3102 pto=0.093 label=PASS_ACTION p11 t2
Q type=PASS_ACTION prior=0.0524 q=0.2906 pto=0.093 label=PASS_ACTION p11 t7
Q type=FOUL prior=0.0524 q=0.2600 pto=0.000 label=FOUL p2 t17
Q type=FOUL prior=0.0524 q=0.2600 pto=0.000 label=FOUL p4 t17
Q type=FOUL prior=0.0524 q=0.2600 pto=0.000 label=FOUL p7 t17
Q type=FOUL prior=0.0524 q=0.2139 pto=0.000 label=FOUL p11 t17
Q type=REPOSITION prior=0.0524 q=0.2650 pto=0.000 label=REPOSITION p2->(13,9)
Q type=REPOSITION prior=0.0524 q=0.2650 pto=0.000 label=REPOSITION p4->(13,9)
Q type=REPOSITION prior=0.0524 q=0.2650 pto=0.000 label=REPOSITION p5->(13,9)
Q type=REPOSITION prior=0.0524 q=0.2650 pto=0.000 label=REPOSITION p7->(13,9)
Q type=REPOSITION prior=0.0524 q=0.2650 pto=0.000 label=REPOSITION p8->(13,9)
Q type=REPOSITION prior=0.0524 q=0.2650 pto=0.000 label=REPOSITION p9->(11,9)
Q type=REPOSITION prior=0.0524 q=0.2650 pto=0.000 label=REPOSITION p10->(11,9)
SROOT g=3 t=14 ctx=loose n=13
Q type=END_TURN prior=0.0549 q=-0.5600 pto=0.000 label=END_TURN p-1 t-1
Q type=BLITZ prior=0.0549 q=-0.5778 pto=0.740 label=BLITZ p-1 t12
Q type=BLOCK prior=0.0856 q=-0.5380 pto=0.000 label=BLOCK p2 t13
Q type=BLOCK prior=0.0856 q=-0.5380 pto=0.000 label=BLOCK p3 t13
Q type=BLOCK prior=0.0856 q=-0.5326 pto=0.007 label=BLOCK p4 t13
Q type=PICKUP prior=0.2496 q=-0.4080 pto=0.253 label=PICKUP p11 t-1
Q type=REPOSITION prior=0.0549 q=-0.5600 pto=0.000 label=REPOSITION p5->(3,4)
Q type=REPOSITION prior=0.0549 q=-0.5600 pto=0.000 label=REPOSITION p6->(3,4)
Q type=REPOSITION prior=0.0549 q=-0.5600 pto=0.000 label=REPOSITION p7->(3,4)
Q type=REPOSITION prior=0.0549 q=-0.5600 pto=0.000 label=REPOSITION p8->(3,4)
Q type=REPOSITION prior=0.0549 q=-0.5200 pto=0.000 label=REPOSITION p9->(3,4)
Q type=REPOSITION prior=0.0549 q=-0.5200 pto=0.000 label=REPOSITION p10->(3,4)
Q type=REPOSITION prior=0.0549 q=-0.4080 pto=0.253 label=REPOSITION p11->(3,4)
SROOT g=3 t=16 ctx=loose n=13
Q type=END_TURN prior=0.0614 q=0.4000 pto=0.000 label=END_TURN p-1 t-1
Q type=BLITZ prior=0.0614 q=0.4180 pto=0.027 label=BLITZ p-1 t1
Q type=BLOCK prior=0.0958 q=0.4160 pto=0.020 label=BLOCK p13 t2
Q type=BLOCK prior=0.0958 q=0.4160 pto=0.020 label=BLOCK p14 t2
Q type=BLOCK prior=0.0958 q=0.4160 pto=0.020 label=BLOCK p15 t2
Q type=PICKUP prior=0.1597 q=0.6512 pto=0.027 label=PICKUP p22 t-1
Q type=REPOSITION prior=0.0614 q=0.4400 pto=0.000 label=REPOSITION p16->(24,5)
Q type=REPOSITION prior=0.0614 q=0.4000 pto=0.000 label=REPOSITION p17->(24,5)
Q type=REPOSITION prior=0.0614 q=0.4400 pto=0.000 label=REPOSITION p18->(24,5)
Q type=REPOSITION prior=0.0614 q=0.4800 pto=0.000 label=REPOSITION p19->(24,5)
Q type=REPOSITION prior=0.0614 q=0.6430 pto=0.027 label=REPOSITION p20->(24,5)
Q type=REPOSITION prior=0.0614 q=0.6430 pto=0.027 label=REPOSITION p21->(24,5)
Q type=REPOSITION prior=0.0614 q=0.6430 pto=0.027 label=REPOSITION p22->(24,5)
SROOT g=3 t=18 ctx=off n=22
Q type=END_TURN prior=0.0396 q=0.7011 pto=0.000 label=END_TURN p-1 t-1
Q type=ADVANCE prior=0.1044 q=0.7490 pto=0.000 label=ADVANCE p22 t-1
Q type=CAGE prior=0.1044 q=0.6742 pto=0.120 label=CAGE p22 t-1
Q type=BLITZ prior=0.0396 q=0.7115 pto=0.093 label=BLITZ p-1 t1
Q type=PASS_ACTION prior=0.0396 q=0.7119 pto=0.187 label=PASS_ACTION p22 t12
Q type=PASS_ACTION prior=0.0396 q=0.7080 pto=0.200 label=PASS_ACTION p22 t13
Q type=PASS_ACTION prior=0.0396 q=0.7057 pto=0.207 label=PASS_ACTION p22 t15
Q type=PASS_ACTION prior=0.0396 q=0.6984 pto=0.220 label=PASS_ACTION p22 t16
Q type=PASS_ACTION prior=0.0396 q=0.6725 pto=0.353 label=PASS_ACTION p22 t17
Q type=PASS_ACTION prior=0.0396 q=0.7063 pto=0.187 label=PASS_ACTION p22 t18
Q type=PASS_ACTION prior=0.0396 q=0.7002 pto=0.193 label=PASS_ACTION p22 t19
Q type=PASS_ACTION prior=0.0396 q=0.7278 pto=0.040 label=PASS_ACTION p22 t20
Q type=PASS_ACTION prior=0.0396 q=0.7158 pto=0.087 label=PASS_ACTION p22 t21
Q type=REPOSITION prior=0.0396 q=0.7011 pto=0.000 label=REPOSITION p12->(12,10)
Q type=REPOSITION prior=0.0396 q=0.7011 pto=0.000 label=REPOSITION p13->(23,4)
Q type=REPOSITION prior=0.0396 q=0.6931 pto=0.000 label=REPOSITION p15->(23,4)
Q type=REPOSITION prior=0.0396 q=0.6931 pto=0.000 label=REPOSITION p16->(23,4)
Q type=REPOSITION prior=0.0396 q=0.7015 pto=0.000 label=REPOSITION p17->(23,4)
Q type=REPOSITION prior=0.0396 q=0.6931 pto=0.000 label=REPOSITION p18->(23,4)
Q type=REPOSITION prior=0.0396 q=0.6931 pto=0.000 label=REPOSITION p19->(23,4)
Q type=REPOSITION prior=0.0396 q=0.6971 pto=0.000 label=REPOSITION p20->(21,4)
Q type=REPOSITION prior=0.0396 q=0.6971 pto=0.000 label=REPOSITION p21->(21,4)
SROOT g=3 t=20 ctx=off n=19
Q type=END_TURN prior=0.0464 q=0.7229 pto=0.000 label=END_TURN p-1 t-1
Q type=ADVANCE prior=0.1058 q=0.7613 pto=0.000 label=ADVANCE p22 t-1
Q type=CAGE prior=0.1058 q=0.7229 pto=0.000 label=CAGE p22 t-1
Q type=BLITZ prior=0.0464 q=0.7325 pto=0.160 label=BLITZ p-1 t1
Q type=PASS_ACTION prior=0.0464 q=0.7282 pto=0.053 label=PASS_ACTION p22 t12
Q type=PASS_ACTION prior=0.0464 q=0.7361 pto=0.027 label=PASS_ACTION p22 t13
Q type=PASS_ACTION prior=0.0464 q=0.7204 pto=0.080 label=PASS_ACTION p22 t15
Q type=PASS_ACTION prior=0.0464 q=0.6387 pto=0.360 label=PASS_ACTION p22 t17
Q type=PASS_ACTION prior=0.0464 q=0.7335 pto=0.007 label=PASS_ACTION p22 t18
Q type=PASS_ACTION prior=0.0464 q=0.7262 pto=0.013 label=PASS_ACTION p22 t19
Q type=REPOSITION prior=0.0464 q=0.7229 pto=0.000 label=REPOSITION p12->(17,5)
Q type=REPOSITION prior=0.0464 q=0.7229 pto=0.000 label=REPOSITION p13->(17,5)
Q type=REPOSITION prior=0.0464 q=0.7229 pto=0.000 label=REPOSITION p15->(17,5)
Q type=REPOSITION prior=0.0464 q=0.7256 pto=0.000 label=REPOSITION p16->(17,5)
Q type=REPOSITION prior=0.0464 q=0.7222 pto=0.000 label=REPOSITION p17->(17,5)
Q type=REPOSITION prior=0.0464 q=0.7238 pto=0.000 label=REPOSITION p18->(17,5)
Q type=REPOSITION prior=0.0464 q=0.7238 pto=0.000 label=REPOSITION p19->(17,5)
Q type=REPOSITION prior=0.0464 q=0.7256 pto=0.000 label=REPOSITION p20->(17,5)
Q type=REPOSITION prior=0.0464 q=0.7256 pto=0.000 label=REPOSITION p21->(17,5)
SROOT g=3 t=22 ctx=off n=18
Q type=END_TURN prior=0.0492 q=0.7025 pto=0.000 label=END_TURN p-1 t-1
Q type=ADVANCE prior=0.1063 q=0.7375 pto=0.000 label=ADVANCE p22 t-1
Q type=CAGE prior=0.1063 q=0.7025 pto=0.000 label=CAGE p22 t-1
Q type=BLITZ prior=0.0492 q=0.7142 pto=0.040 label=BLITZ p-1 t1
Q type=PASS_ACTION prior=0.0492 q=0.7071 pto=0.053 label=PASS_ACTION p22 t12
Q type=PASS_ACTION prior=0.0492 q=0.7154 pto=0.027 label=PASS_ACTION p22 t13
Q type=PASS_ACTION prior=0.0492 q=0.6993 pto=0.080 label=PASS_ACTION p22 t15
Q type=PASS_ACTION prior=0.0492 q=0.5982 pto=0.360 label=PASS_ACTION p22 t17
Q type=PASS_ACTION prior=0.0492 q=0.7133 pto=0.007 label=PASS_ACTION p22 t18
Q type=PASS_ACTION prior=0.0492 q=0.7051 pto=0.013 label=PASS_ACTION p22 t19
Q type=REPOSITION prior=0.0492 q=0.7025 pto=0.000 label=REPOSITION p12->(17,5)
Q type=REPOSITION prior=0.0492 q=0.7025 pto=0.000 label=REPOSITION p13->(17,5)
Q type=REPOSITION prior=0.0492 q=0.7025 pto=0.000 label=REPOSITION p15->(17,5)
Q type=REPOSITION prior=0.0492 q=0.7055 pto=0.000 label=REPOSITION p16->(17,5)
Q type=REPOSITION prior=0.0492 q=0.7023 pto=0.000 label=REPOSITION p17->(17,5)
Q type=REPOSITION prior=0.0492 q=0.7035 pto=0.000 label=REPOSITION p18->(17,5)
Q type=REPOSITION prior=0.0492 q=0.7035 pto=0.000 label=REPOSITION p19->(17,5)
Q type=REPOSITION prior=0.0492 q=0.7055 pto=0.000 label=REPOSITION p21->(17,5)
SROOT g=3 t=24 ctx=off n=22
Q type=END_TURN prior=0.0396 q=0.7444 pto=0.000 label=END_TURN p-1 t-1
Q type=ADVANCE prior=0.1044 q=0.7769 pto=0.000 label=ADVANCE p22 t-1
Q type=CAGE prior=0.1044 q=0.7444 pto=0.000 label=CAGE p22 t-1
Q type=BLITZ prior=0.0396 q=0.7205 pto=0.787 label=BLITZ p-1 t3
Q type=PASS_ACTION prior=0.0396 q=0.7485 pto=0.053 label=PASS_ACTION p22 t12
Q type=PASS_ACTION prior=0.0396 q=0.7573 pto=0.027 label=PASS_ACTION p22 t13
Q type=PASS_ACTION prior=0.0396 q=0.7406 pto=0.080 label=PASS_ACTION p22 t15
Q type=PASS_ACTION prior=0.0396 q=0.6219 pto=0.360 label=PASS_ACTION p22 t17
Q type=PASS_ACTION prior=0.0396 q=0.7559 pto=0.007 label=PASS_ACTION p22 t18
Q type=PASS_ACTION prior=0.0396 q=0.7462 pto=0.013 label=PASS_ACTION p22 t19
Q type=FOUL prior=0.0396 q=0.7394 pto=0.000 label=FOUL p16 t1
Q type=FOUL prior=0.0396 q=0.7389 pto=0.000 label=FOUL p17 t1
Q type=FOUL prior=0.0396 q=0.7389 pto=0.000 label=FOUL p18 t1
Q type=FOUL prior=0.0396 q=0.6743 pto=0.000 label=FOUL p22 t1
Q type=REPOSITION prior=0.0396 q=0.7444 pto=0.000 label=REPOSITION p12->(17,5)
Q type=REPOSITION prior=0.0396 q=0.7444 pto=0.000 label=REPOSITION p13->(17,5)
Q type=REPOSITION prior=0.0396 q=0.7444 pto=0.000 label=REPOSITION p15->(17,5)
Q type=REPOSITION prior=0.0396 q=0.7454 pto=0.000 label=REPOSITION p16->(17,5)
Q type=REPOSITION prior=0.0396 q=0.7435 pto=0.000 label=REPOSITION p17->(17,5)
Q type=REPOSITION prior=0.0396 q=0.7454 pto=0.000 label=REPOSITION p18->(17,5)
Q type=REPOSITION prior=0.0396 q=0.7454 pto=0.000 label=REPOSITION p19->(17,5)
Q type=REPOSITION prior=0.0396 q=0.7474 pto=0.000 label=REPOSITION p21->(17,5)
SROOT g=3 t=26 ctx=off n=24
Q type=END_TURN prior=0.0360 q=0.7942 pto=0.000 label=END_TURN p-1 t-1
Q type=ADVANCE prior=0.1037 q=0.8225 pto=0.000 label=ADVANCE p22 t-1
Q type=CAGE prior=0.1037 q=0.7942 pto=0.000 label=CAGE p22 t-1
Q type=BLITZ prior=0.0360 q=0.7891 pto=0.313 label=BLITZ p-1 t3
Q type=PASS_ACTION prior=0.0360 q=0.7977 pto=0.053 label=PASS_ACTION p22 t12
Q type=PASS_ACTION prior=0.0360 q=0.8072 pto=0.027 label=PASS_ACTION p22 t13
Q type=PASS_ACTION prior=0.0360 q=0.7893 pto=0.080 label=PASS_ACTION p22 t15
Q type=PASS_ACTION prior=0.0360 q=0.6562 pto=0.360 label=PASS_ACTION p22 t17
Q type=PASS_ACTION prior=0.0360 q=0.8070 pto=0.007 label=PASS_ACTION p22 t18
Q type=PASS_ACTION prior=0.0360 q=0.7947 pto=0.013 label=PASS_ACTION p22 t19
Q type=FOUL prior=0.0360 q=0.7890 pto=0.000 label=FOUL p15 t5
Q type=FOUL prior=0.0360 q=0.7892 pto=0.000 label=FOUL p16 t1
Q type=FOUL prior=0.0360 q=0.7887 pto=0.000 label=FOUL p17 t1
Q type=FOUL prior=0.0360 q=0.7887 pto=0.000 label=FOUL p18 t1
Q type=FOUL prior=0.0360 q=0.7891 pto=0.000 label=FOUL p19 t5
Q type=FOUL prior=0.0360 q=0.7209 pto=0.000 label=FOUL p22 t1
Q type=REPOSITION prior=0.0360 q=0.7942 pto=0.000 label=REPOSITION p12->(17,5)
Q type=REPOSITION prior=0.0360 q=0.7942 pto=0.000 label=REPOSITION p13->(17,5)
Q type=REPOSITION prior=0.0360 q=0.7942 pto=0.000 label=REPOSITION p15->(17,5)
Q type=REPOSITION prior=0.0360 q=0.7952 pto=0.000 label=REPOSITION p16->(17,5)
Q type=REPOSITION prior=0.0360 q=0.7933 pto=0.000 label=REPOSITION p17->(17,5)
Q type=REPOSITION prior=0.0360 q=0.7952 pto=0.000 label=REPOSITION p18->(17,5)
Q type=REPOSITION prior=0.0360 q=0.7952 pto=0.000 label=REPOSITION p19->(17,5)
Q type=REPOSITION prior=0.0360 q=0.7972 pto=0.000 label=REPOSITION p21->(17,5)
SROOT g=3 t=28 ctx=off n=24
Q type=END_TURN prior=0.0360 q=0.7712 pto=0.000 label=END_TURN p-1 t-1
Q type=ADVANCE prior=0.1037 q=0.8312 pto=0.000 label=ADVANCE p22 t-1
Q type=CAGE prior=0.1037 q=0.7712 pto=0.000 label=CAGE p22 t-1
Q type=BLITZ prior=0.0360 q=0.7812 pto=0.087 label=BLITZ p-1 t4
Q type=PASS_ACTION prior=0.0360 q=0.7745 pto=0.053 label=PASS_ACTION p22 t12
Q type=PASS_ACTION prior=0.0360 q=0.7827 pto=0.027 label=PASS_ACTION p22 t13
Q type=PASS_ACTION prior=0.0360 q=0.7677 pto=0.080 label=PASS_ACTION p22 t15
Q type=PASS_ACTION prior=0.0360 q=0.6503 pto=0.360 label=PASS_ACTION p22 t17
Q type=PASS_ACTION prior=0.0360 q=0.7694 pto=0.007 label=PASS_ACTION p22 t18
Q type=PASS_ACTION prior=0.0360 q=0.7838 pto=0.013 label=PASS_ACTION p22 t19
Q type=FOUL prior=0.0360 q=0.7662 pto=0.000 label=FOUL p15 t5
Q type=FOUL prior=0.0360 q=0.7658 pto=0.000 label=FOUL p16 t1
Q type=FOUL prior=0.0360 q=0.7658 pto=0.000 label=FOUL p17 t1
Q type=FOUL prior=0.0360 q=0.7658 pto=0.000 label=FOUL p18 t1
Q type=FOUL prior=0.0360 q=0.7662 pto=0.000 label=FOUL p19 t5
Q type=FOUL prior=0.0360 q=0.7072 pto=0.000 label=FOUL p22 t1
Q type=REPOSITION prior=0.0360 q=0.7712 pto=0.000 label=REPOSITION p12->(17,5)
Q type=REPOSITION prior=0.0360 q=0.7712 pto=0.000 label=REPOSITION p13->(17,5)
Q type=REPOSITION prior=0.0360 q=0.7712 pto=0.000 label=REPOSITION p15->(17,5)
Q type=REPOSITION prior=0.0360 q=0.7712 pto=0.000 label=REPOSITION p16->(17,5)
Q type=REPOSITION prior=0.0360 q=0.7712 pto=0.000 label=REPOSITION p17->(17,5)
Q type=REPOSITION prior=0.0360 q=0.7712 pto=0.000 label=REPOSITION p18->(17,5)
Q type=REPOSITION prior=0.0360 q=0.7712 pto=0.000 label=REPOSITION p19->(17,5)
Q type=REPOSITION prior=0.0360 q=0.7712 pto=0.000 label=REPOSITION p21->(17,5)
SROOT g=3 t=30 ctx=off n=24
Q type=END_TURN prior=0.0360 q=0.6900 pto=0.000 label=END_TURN p-1 t-1
Q type=ADVANCE prior=0.1037 q=0.8008 pto=0.073 label=ADVANCE p22 t-1
Q type=CAGE prior=0.1037 q=0.6900 pto=0.000 label=CAGE p22 t-1
Q type=BLITZ prior=0.0360 q=0.6978 pto=0.160 label=BLITZ p-1 t7
Q type=PASS_ACTION prior=0.0360 q=0.7003 pto=0.053 label=PASS_ACTION p22 t12
Q type=PASS_ACTION prior=0.0360 q=0.7058 pto=0.027 label=PASS_ACTION p22 t13
Q type=PASS_ACTION prior=0.0360 q=0.6951 pto=0.080 label=PASS_ACTION p22 t15
Q type=PASS_ACTION prior=0.0360 q=0.6344 pto=0.360 label=PASS_ACTION p22 t17
Q type=PASS_ACTION prior=0.0360 q=0.6989 pto=0.007 label=PASS_ACTION p22 t18
Q type=PASS_ACTION prior=0.0360 q=0.6975 pto=0.013 label=PASS_ACTION p22 t19
Q type=FOUL prior=0.0360 q=0.6850 pto=0.000 label=FOUL p15 t5
Q type=FOUL prior=0.0360 q=0.6846 pto=0.000 label=FOUL p16 t1
Q type=FOUL prior=0.0360 q=0.6846 pto=0.000 label=FOUL p17 t1
Q type=FOUL prior=0.0360 q=0.6846 pto=0.000 label=FOUL p18 t1
Q type=FOUL prior=0.0360 q=0.6850 pto=0.000 label=FOUL p19 t5
Q type=FOUL prior=0.0360 q=0.6400 pto=0.000 label=FOUL p22 t1
Q type=REPOSITION prior=0.0360 q=0.6900 pto=0.000 label=REPOSITION p12->(17,5)
Q type=REPOSITION prior=0.0360 q=0.6900 pto=0.000 label=REPOSITION p13->(17,5)
Q type=REPOSITION prior=0.0360 q=0.6900 pto=0.000 label=REPOSITION p15->(17,5)
Q type=REPOSITION prior=0.0360 q=0.6900 pto=0.000 label=REPOSITION p16->(17,5)
Q type=REPOSITION prior=0.0360 q=0.6900 pto=0.000 label=REPOSITION p17->(17,5)
Q type=REPOSITION prior=0.0360 q=0.6900 pto=0.000 label=REPOSITION p18->(17,5)
Q type=REPOSITION prior=0.0360 q=0.6900 pto=0.000 label=REPOSITION p19->(17,5)
Q type=REPOSITION prior=0.0360 q=0.6900 pto=0.000 label=REPOSITION p21->(17,5)
SROOT g=4 t=0 ctx=loose n=13
Q type=END_TURN prior=0.0614 q=-0.0600 pto=0.000 label=END_TURN p-1 t-1
Q type=BLITZ prior=0.0614 q=-0.0839 pto=0.020 label=BLITZ p-1 t12
Q type=BLOCK prior=0.0958 q=-0.0430 pto=0.020 label=BLOCK p2 t13
Q type=BLOCK prior=0.0958 q=-0.0430 pto=0.020 label=BLOCK p3 t13
Q type=BLOCK prior=0.0958 q=-0.0430 pto=0.020 label=BLOCK p4 t13
Q type=PICKUP prior=0.1597 q=0.2542 pto=0.027 label=PICKUP p11 t-1
Q type=REPOSITION prior=0.0614 q=0.2267 pto=0.027 label=REPOSITION p5->(4,8)
Q type=REPOSITION prior=0.0614 q=-0.0600 pto=0.000 label=REPOSITION p6->(4,8)
Q type=REPOSITION prior=0.0614 q=0.2267 pto=0.027 label=REPOSITION p7->(4,8)
Q type=REPOSITION prior=0.0614 q=0.2222 pto=0.027 label=REPOSITION p8->(4,8)
Q type=REPOSITION prior=0.0614 q=0.2222 pto=0.027 label=REPOSITION p9->(4,8)
Q type=REPOSITION prior=0.0614 q=0.2222 pto=0.027 label=REPOSITION p10->(4,8)
Q type=REPOSITION prior=0.0614 q=0.1677 pto=0.027 label=REPOSITION p11->(4,8)
SROOT g=4 t=2 ctx=off n=24
Q type=END_TURN prior=0.0337 q=0.2959 pto=0.000 label=END_TURN p-1 t-1
Q type=ADVANCE prior=0.0972 q=0.3374 pto=0.000 label=ADVANCE p11 t-1
Q type=CAGE prior=0.0972 q=0.2778 pto=0.120 label=CAGE p11 t-1
Q type=BLITZ prior=0.0337 q=0.3143 pto=0.020 label=BLITZ p-1 t12
Q type=BLOCK prior=0.0972 q=0.3047 pto=0.020 label=BLOCK p3 t16
Q type=PASS_ACTION prior=0.0337 q=0.2705 pto=0.253 label=PASS_ACTION p11 t1
Q type=PASS_ACTION prior=0.0337 q=0.3069 pto=0.153 label=PASS_ACTION p11 t2
Q type=PASS_ACTION prior=0.0337 q=0.2096 pto=0.407 label=PASS_ACTION p11 t3
Q type=PASS_ACTION prior=0.0337 q=0.2809 pto=0.213 label=PASS_ACTION p11 t4
Q type=PASS_ACTION prior=0.0337 q=0.2884 pto=0.193 label=PASS_ACTION p11 t5
Q type=PASS_ACTION prior=0.0337 q=0.1956 pto=0.533 label=PASS_ACTION p11 t6
Q type=PASS_ACTION prior=0.0337 q=0.2794 pto=0.213 label=PASS_ACTION p11 t7
Q type=PASS_ACTION prior=0.0337 q=0.2775 pto=0.213 label=PASS_ACTION p11 t8
Q type=PASS_ACTION prior=0.0337 q=0.3218 pto=0.040 label=PASS_ACTION p11 t9
Q type=PASS_ACTION prior=0.0337 q=0.3066 pto=0.087 label=PASS_ACTION p11 t10
Q type=FOUL prior=0.0337 q=0.2907 pto=0.000 label=FOUL p3 t13
Q type=REPOSITION prior=0.0337 q=0.2959 pto=0.000 label=REPOSITION p2->(16,7)
Q type=REPOSITION prior=0.0337 q=0.2853 pto=0.000 label=REPOSITION p4->(6,8)
Q type=REPOSITION prior=0.0337 q=0.2853 pto=0.000 label=REPOSITION p5->(6,8)
Q type=REPOSITION prior=0.0337 q=0.2964 pto=0.000 label=REPOSITION p6->(6,8)
Q type=REPOSITION prior=0.0337 q=0.2853 pto=0.000 label=REPOSITION p7->(6,8)
Q type=REPOSITION prior=0.0337 q=0.2853 pto=0.000 label=REPOSITION p8->(6,8)
Q type=REPOSITION prior=0.0337 q=0.2919 pto=0.000 label=REPOSITION p9->(8,8)
Q type=REPOSITION prior=0.0337 q=0.2919 pto=0.000 label=REPOSITION p10->(8,8)
SROOT g=4 t=4 ctx=off n=25
Q type=END_TURN prior=0.0345 q=0.3156 pto=0.000 label=END_TURN p-1 t-1
Q type=ADVANCE prior=0.1034 q=0.3454 pto=0.000 label=ADVANCE p11 t-1
Q type=CAGE prior=0.1034 q=0.3092 pto=0.000 label=CAGE p11 t-1
Q type=BLITZ prior=0.0345 q=0.3258 pto=0.093 label=BLITZ p-1 t22
Q type=PASS_ACTION prior=0.0345 q=0.3251 pto=0.213 label=PASS_ACTION p11 t2
Q type=PASS_ACTION prior=0.0345 q=0.2462 pto=0.427 label=PASS_ACTION p11 t3
Q type=PASS_ACTION prior=0.0345 q=0.3124 pto=0.247 label=PASS_ACTION p11 t4
Q type=PASS_ACTION prior=0.0345 q=0.3288 pto=0.020 label=PASS_ACTION p11 t5
Q type=PASS_ACTION prior=0.0345 q=0.1956 pto=0.593 label=PASS_ACTION p11 t6
Q type=PASS_ACTION prior=0.0345 q=0.3192 pto=0.053 label=PASS_ACTION p11 t7
Q type=PASS_ACTION prior=0.0345 q=0.3237 pto=0.013 label=PASS_ACTION p11 t8
Q type=PASS_ACTION prior=0.0345 q=0.3237 pto=0.013 label=PASS_ACTION p11 t9
Q type=PASS_ACTION prior=0.0345 q=0.3237 pto=0.013 label=PASS_ACTION p11 t10
Q type=FOUL prior=0.0345 q=0.3100 pto=0.000 label=FOUL p3 t16
Q type=FOUL prior=0.0345 q=0.3106 pto=0.000 label=FOUL p5 t15
Q type=FOUL prior=0.0345 q=0.3106 pto=0.000 label=FOUL p8 t15
Q type=FOUL prior=0.0345 q=0.3106 pto=0.000 label=FOUL p9 t15
Q type=REPOSITION prior=0.0345 q=0.3156 pto=0.000 label=REPOSITION p2->(16,7)
Q type=REPOSITION prior=0.0345 q=0.3169 pto=0.000 label=REPOSITION p4->(6,8)
Q type=REPOSITION prior=0.0345 q=0.3140 pto=0.000 label=REPOSITION p5->(8,8)
Q type=REPOSITION prior=0.0345 q=0.3181 pto=0.000 label=REPOSITION p6->(6,8)
Q type=REPOSITION prior=0.0345 q=0.3140 pto=0.000 label=REPOSITION p7->(8,8)
Q type=REPOSITION prior=0.0345 q=0.3172 pto=0.000 label=REPOSITION p8->(8,8)
Q type=REPOSITION prior=0.0345 q=0.3172 pto=0.000 label=REPOSITION p9->(8,8)
Q type=REPOSITION prior=0.0345 q=0.3172 pto=0.000 label=REPOSITION p10->(8,8)
SROOT g=4 t=6 ctx=off n=23
Q type=END_TURN prior=0.0377 q=0.3471 pto=0.000 label=END_TURN p-1 t-1
Q type=ADVANCE prior=0.1041 q=0.4075 pto=0.000 label=ADVANCE p11 t-1
Q type=CAGE prior=0.1041 q=0.3471 pto=0.000 label=CAGE p11 t-1
Q type=BLITZ prior=0.0377 q=0.3471 pto=0.000 label=BLITZ p-1 t14
Q type=PASS_ACTION prior=0.0377 q=0.3598 pto=0.213 label=PASS_ACTION p11 t2
Q type=PASS_ACTION prior=0.0377 q=0.2772 pto=0.433 label=PASS_ACTION p11 t3
Q type=PASS_ACTION prior=0.0377 q=0.3475 pto=0.247 label=PASS_ACTION p11 t4
Q type=PASS_ACTION prior=0.0377 q=0.2179 pto=0.600 label=PASS_ACTION p11 t6
Q type=PASS_ACTION prior=0.0377 q=0.3424 pto=0.087 label=PASS_ACTION p11 t7
Q type=PASS_ACTION prior=0.0377 q=0.3558 pto=0.013 label=PASS_ACTION p11 t9
Q type=PASS_ACTION prior=0.0377 q=0.3519 pto=0.027 label=PASS_ACTION p11 t10
Q type=FOUL prior=0.0377 q=0.3415 pto=0.000 label=FOUL p3 t16
Q type=FOUL prior=0.0377 q=0.3412 pto=0.000 label=FOUL p9 t15
Q type=FOUL prior=0.0377 q=0.3414 pto=0.000 label=FOUL p10 t22
Q type=FOUL prior=0.0377 q=0.2952 pto=0.000 label=FOUL p11 t22
Q type=REPOSITION prior=0.0377 q=0.3471 pto=0.000 label=REPOSITION p2->(16,7)
Q type=REPOSITION prior=0.0377 q=0.3455 pto=0.000 label=REPOSITION p4->(6,8)
Q type=REPOSITION prior=0.0377 q=0.3503 pto=0.000 label=REPOSITION p5->(8,8)
Q type=REPOSITION prior=0.0377 q=0.3505 pto=0.000 label=REPOSITION p6->(6,8)
Q type=REPOSITION prior=0.0377 q=0.3471 pto=0.000 label=REPOSITION p7->(8,8)
Q type=REPOSITION prior=0.0377 q=0.3487 pto=0.000 label=REPOSITION p8->(8,8)
Q type=REPOSITION prior=0.0377 q=0.3487 pto=0.000 label=REPOSITION p9->(8,8)
Q type=REPOSITION prior=0.0377 q=0.3487 pto=0.000 label=REPOSITION p10->(8,8)
SROOT g=4 t=8 ctx=off n=20
Q type=END_TURN prior=0.0439 q=0.4446 pto=0.000 label=END_TURN p-1 t-1
Q type=ADVANCE prior=0.1053 q=0.4739 pto=0.000 label=ADVANCE p11 t-1
Q type=CAGE prior=0.1053 q=0.4446 pto=0.000 label=CAGE p11 t-1
Q type=BLITZ prior=0.0439 q=0.4480 pto=0.000 label=BLITZ p-1 t14
Q type=PASS_ACTION prior=0.0439 q=0.4471 pto=0.027 label=PASS_ACTION p11 t2
Q type=PASS_ACTION prior=0.0439 q=0.3711 pto=0.273 label=PASS_ACTION p11 t3
Q type=PASS_ACTION prior=0.0439 q=0.4471 pto=0.027 label=PASS_ACTION p11 t4
Q type=FOUL prior=0.0439 q=0.4389 pto=0.000 label=FOUL p2 t12
Q type=FOUL prior=0.0439 q=0.4379 pto=0.000 label=FOUL p3 t16
Q type=FOUL prior=0.0439 q=0.4392 pto=0.000 label=FOUL p6 t15
Q type=FOUL prior=0.0439 q=0.4400 pto=0.000 label=FOUL p10 t22
Q type=FOUL prior=0.0439 q=0.3824 pto=0.000 label=FOUL p11 t12
Q type=REPOSITION prior=0.0439 q=0.4457 pto=0.000 label=REPOSITION p2->(12,8)
Q type=REPOSITION prior=0.0439 q=0.4457 pto=0.000 label=REPOSITION p4->(12,8)
Q type=REPOSITION prior=0.0439 q=0.4446 pto=0.000 label=REPOSITION p5->(16,7)
Q type=REPOSITION prior=0.0439 q=0.4463 pto=0.000 label=REPOSITION p6->(12,8)
Q type=REPOSITION prior=0.0439 q=0.4503 pto=0.000 label=REPOSITION p7->(12,8)
Q type=REPOSITION prior=0.0439 q=0.4439 pto=0.000 label=REPOSITION p8->(10,8)
Q type=REPOSITION prior=0.0439 q=0.4480 pto=0.000 label=REPOSITION p9->(12,8)
Q type=REPOSITION prior=0.0439 q=0.4503 pto=0.000 label=REPOSITION p10->(12,8)
SROOT g=4 t=10 ctx=off n=20
Q type=END_TURN prior=0.0439 q=0.4902 pto=0.000 label=END_TURN p-1 t-1
Q type=ADVANCE prior=0.1053 q=0.5318 pto=0.000 label=ADVANCE p11 t-1
Q type=CAGE prior=0.1053 q=0.4902 pto=0.000 label=CAGE p11 t-1
Q type=BLITZ prior=0.0439 q=0.4936 pto=0.000 label=BLITZ p-1 t14
Q type=PASS_ACTION prior=0.0439 q=0.4933 pto=0.027 label=PASS_ACTION p11 t2
Q type=PASS_ACTION prior=0.0439 q=0.4110 pto=0.273 label=PASS_ACTION p11 t3
Q type=PASS_ACTION prior=0.0439 q=0.4933 pto=0.027 label=PASS_ACTION p11 t4
Q type=FOUL prior=0.0439 q=0.4845 pto=0.000 label=FOUL p2 t12
Q type=FOUL prior=0.0439 q=0.4835 pto=0.000 label=FOUL p3 t16
Q type=FOUL prior=0.0439 q=0.4848 pto=0.000 label=FOUL p6 t15
Q type=FOUL prior=0.0439 q=0.4856 pto=0.000 label=FOUL p10 t22
Q type=FOUL prior=0.0439 q=0.4256 pto=0.000 label=FOUL p11 t12
Q type=REPOSITION prior=0.0439 q=0.4914 pto=0.000 label=REPOSITION p2->(12,8)
Q type=REPOSITION prior=0.0439 q=0.4914 pto=0.000 label=REPOSITION p4->(12,8)
Q type=REPOSITION prior=0.0439 q=0.4902 pto=0.000 label=REPOSITION p5->(16,7)
Q type=REPOSITION prior=0.0439 q=0.4920 pto=0.000 label=REPOSITION p6->(12,8)
Q type=REPOSITION prior=0.0439 q=0.4948 pto=0.000 label=REPOSITION p7->(12,8)
Q type=REPOSITION prior=0.0439 q=0.4895 pto=0.000 label=REPOSITION p8->(10,8)
Q type=REPOSITION prior=0.0439 q=0.4936 pto=0.000 label=REPOSITION p9->(12,8)
Q type=REPOSITION prior=0.0439 q=0.4959 pto=0.000 label=REPOSITION p10->(12,8)
SROOT g=4 t=12 ctx=off n=22
Q type=END_TURN prior=0.0396 q=0.4738 pto=0.000 label=END_TURN p-1 t-1
Q type=ADVANCE prior=0.1044 q=0.7925 pto=0.000 label=ADVANCE p11 t-1
Q type=CAGE prior=0.1044 q=0.4738 pto=0.000 label=CAGE p11 t-1
Q type=BLITZ prior=0.0396 q=0.4730 pto=0.027 label=BLITZ p-1 t14
Q type=PASS_ACTION prior=0.0396 q=0.4812 pto=0.027 label=PASS_ACTION p11 t2
Q type=PASS_ACTION prior=0.0396 q=0.3980 pto=0.273 label=PASS_ACTION p11 t3
Q type=PASS_ACTION prior=0.0396 q=0.4812 pto=0.027 label=PASS_ACTION p11 t4
Q type=FOUL prior=0.0396 q=0.4684 pto=0.000 label=FOUL p2 t12
Q type=FOUL prior=0.0396 q=0.4682 pto=0.000 label=FOUL p3 t16
Q type=FOUL prior=0.0396 q=0.4686 pto=0.000 label=FOUL p5 t17
Q type=FOUL prior=0.0396 q=0.4682 pto=0.000 label=FOUL p6 t15
Q type=FOUL prior=0.0396 q=0.4686 pto=0.000 label=FOUL p8 t17
Q type=FOUL prior=0.0396 q=0.4686 pto=0.000 label=FOUL p10 t17
Q type=FOUL prior=0.0396 q=0.4162 pto=0.000 label=FOUL p11 t12
Q type=REPOSITION prior=0.0396 q=0.4738 pto=0.000 label=REPOSITION p2->(12,8)
Q type=REPOSITION prior=0.0396 q=0.4738 pto=0.000 label=REPOSITION p4->(12,8)
Q type=REPOSITION prior=0.0396 q=0.4738 pto=0.000 label=REPOSITION p5->(16,8)
Q type=REPOSITION prior=0.0396 q=0.4738 pto=0.000 label=REPOSITION p6->(12,8)
Q type=REPOSITION prior=0.0396 q=0.4738 pto=0.000 label=REPOSITION p7->(12,8)
Q type=REPOSITION prior=0.0396 q=0.4738 pto=0.000 label=REPOSITION p8->(22,10)
Q type=REPOSITION prior=0.0396 q=0.4738 pto=0.000 label=REPOSITION p9->(12,8)
Q type=REPOSITION prior=0.0396 q=0.4738 pto=0.000 label=REPOSITION p10->(12,8)
SROOT g=4 t=14 ctx=off n=15
Q type=END_TURN prior=0.0287 q=1.0000 pto=0.000 label=END_TURN p-1 t-1
Q type=SCORE prior=0.3017 q=0.7321 pto=0.093 label=SCORE p11 t-1
Q type=CAGE prior=0.0517 q=1.0000 pto=0.000 label=CAGE p11 t-1
Q type=BLITZ prior=0.0287 q=1.0000 pto=0.173 label=BLITZ p-1 t21
Q type=BLITZ_AND_SCORE prior=0.3017 q=0.9508 pto=0.847 label=BLITZ_AND_SCORE p11 t18
Q type=FOUL prior=0.0287 q=1.0000 pto=0.000 label=FOUL p8 t17
Q type=FOUL prior=0.0287 q=1.0000 pto=0.000 label=FOUL p9 t20
Q type=REPOSITION prior=0.0287 q=1.0000 pto=0.000 label=REPOSITION p2->(17,4)
Q type=REPOSITION prior=0.0287 q=1.0000 pto=0.000 label=REPOSITION p3->(17,4)
Q type=REPOSITION prior=0.0287 q=1.0000 pto=0.000 label=REPOSITION p4->(17,4)
Q type=REPOSITION prior=0.0287 q=1.0000 pto=0.000 label=REPOSITION p5->(20,4)
Q type=REPOSITION prior=0.0287 q=1.0000 pto=0.000 label=REPOSITION p6->(17,4)
Q type=REPOSITION prior=0.0287 q=1.0000 pto=0.000 label=REPOSITION p7->(22,2)
Q type=REPOSITION prior=0.0287 q=1.0000 pto=0.000 label=REPOSITION p8->(15,4)
Q type=REPOSITION prior=0.0287 q=1.0000 pto=0.000 label=REPOSITION p9->(17,4)
SROOT g=4 t=16 ctx=loose n=13
Q type=END_TURN prior=0.0614 q=-0.0600 pto=0.000 label=END_TURN p-1 t-1
Q type=BLITZ prior=0.0614 q=-0.0861 pto=0.833 label=BLITZ p-1 t9
Q type=BLOCK prior=0.0958 q=-0.0424 pto=0.027 label=BLOCK p13 t2
Q type=BLOCK prior=0.0958 q=-0.0424 pto=0.027 label=BLOCK p14 t2
Q type=BLOCK prior=0.0958 q=-0.0390 pto=0.007 label=BLOCK p15 t2
Q type=PICKUP prior=0.1597 q=0.2171 pto=0.080 label=PICKUP p18 t-1
Q type=REPOSITION prior=0.0614 q=0.2006 pto=0.113 label=REPOSITION p16->(21,6)
Q type=REPOSITION prior=0.0614 q=0.2006 pto=0.113 label=REPOSITION p17->(21,6)
Q type=REPOSITION prior=0.0614 q=-0.0200 pto=0.000 label=REPOSITION p18->(21,6)
Q type=REPOSITION prior=0.0614 q=0.2048 pto=0.113 label=REPOSITION p19->(21,6)
Q type=REPOSITION prior=0.0614 q=0.2048 pto=0.113 label=REPOSITION p20->(21,6)
Q type=REPOSITION prior=0.0614 q=0.2048 pto=0.113 label=REPOSITION p21->(21,6)
Q type=REPOSITION prior=0.0614 q=0.1551 pto=0.113 label=REPOSITION p22->(21,6)
SROOT g=4 t=18 ctx=off n=22
Q type=END_TURN prior=0.0396 q=0.2760 pto=0.000 label=END_TURN p-1 t-1
Q type=ADVANCE prior=0.1044 q=0.3189 pto=0.000 label=ADVANCE p18 t-1
Q type=CAGE prior=0.1044 q=0.2571 pto=0.027 label=CAGE p18 t-1
Q type=BLITZ prior=0.0396 q=0.2473 pto=0.660 label=BLITZ p-1 t9
Q type=PASS_ACTION prior=0.0396 q=0.1077 pto=0.680 label=PASS_ACTION p18 t12
Q type=PASS_ACTION prior=0.0396 q=0.1682 pto=0.513 label=PASS_ACTION p18 t13
Q type=PASS_ACTION prior=0.0396 q=0.1253 pto=0.620 label=PASS_ACTION p18 t14
Q type=PASS_ACTION prior=0.0396 q=0.1353 pto=0.620 label=PASS_ACTION p18 t15
Q type=PASS_ACTION prior=0.0396 q=0.1856 pto=0.453 label=PASS_ACTION p18 t16
Q type=PASS_ACTION prior=0.0396 q=0.1640 pto=0.513 label=PASS_ACTION p18 t17
Q type=PASS_ACTION prior=0.0396 q=0.1520 pto=0.553 label=PASS_ACTION p18 t19
Q type=PASS_ACTION prior=0.0396 q=0.1898 pto=0.427 label=PASS_ACTION p18 t20
Q type=PASS_ACTION prior=0.0396 q=0.2050 pto=0.393 label=PASS_ACTION p18 t21
Q type=PASS_ACTION prior=0.0396 q=0.2355 pto=0.240 label=PASS_ACTION p18 t22
Q type=FOUL prior=0.0396 q=0.2704 pto=0.000 label=FOUL p14 t2
Q type=REPOSITION prior=0.0396 q=0.2720 pto=0.000 label=REPOSITION p13->(21,6)
Q type=REPOSITION prior=0.0396 q=0.2764 pto=0.000 label=REPOSITION p15->(21,6)
Q type=REPOSITION prior=0.0396 q=0.2760 pto=0.000 label=REPOSITION p17->(10,7)
Q type=REPOSITION prior=0.0396 q=0.2640 pto=0.000 label=REPOSITION p19->(21,6)
Q type=REPOSITION prior=0.0396 q=0.2640 pto=0.000 label=REPOSITION p20->(21,6)
Q type=REPOSITION prior=0.0396 q=0.2640 pto=0.000 label=REPOSITION p21->(21,6)
Q type=REPOSITION prior=0.0396 q=0.2680 pto=0.000 label=REPOSITION p22->(19,6)
SROOT g=4 t=20 ctx=off n=16
Q type=END_TURN prior=0.0561 q=0.3113 pto=0.000 label=END_TURN p-1 t-1
Q type=ADVANCE prior=0.1076 q=0.3231 pto=0.027 label=ADVANCE p16 t-1
Q type=CAGE prior=0.1076 q=0.3113 pto=0.000 label=CAGE p16 t-1
Q type=BLITZ prior=0.0561 q=0.3339 pto=0.000 label=BLITZ p-1 t1
Q type=PASS_ACTION prior=0.0561 q=0.1148 pto=0.580 label=PASS_ACTION p16 t13
Q type=PASS_ACTION prior=0.0561 q=0.0843 pto=0.660 label=PASS_ACTION p16 t14
Q type=PASS_ACTION prior=0.0561 q=0.0953 pto=0.647 label=PASS_ACTION p16 t15
Q type=PASS_ACTION prior=0.0561 q=0.0439 pto=0.767 label=PASS_ACTION p16 t19
Q type=FOUL prior=0.0561 q=0.3049 pto=0.000 label=FOUL p14 t2
Q type=REPOSITION prior=0.0561 q=0.3124 pto=0.000 label=REPOSITION p13->(13,5)
Q type=REPOSITION prior=0.0561 q=0.3098 pto=0.000 label=REPOSITION p15->(13,5)
Q type=REPOSITION prior=0.0561 q=0.3113 pto=0.000 label=REPOSITION p18->(15,5)
Q type=REPOSITION prior=0.0561 q=0.3059 pto=0.253 label=REPOSITION p19->(10,7)
Q type=REPOSITION prior=0.0561 q=0.3135 pto=0.000 label=REPOSITION p20->(13,5)
Q type=REPOSITION prior=0.0561 q=0.3124 pto=0.000 label=REPOSITION p21->(15,5)
Q type=REPOSITION prior=0.0561 q=0.3158 pto=0.000 label=REPOSITION p22->(13,5)
SROOT g=4 t=22 ctx=off n=13
Q type=END_TURN prior=0.0681 q=0.2084 pto=0.000 label=END_TURN p-1 t-1
Q type=ADVANCE prior=0.1063 q=0.0961 pto=0.427 label=ADVANCE p16 t-1
Q type=CAGE prior=0.1063 q=0.2084 pto=0.000 label=CAGE p16 t-1
Q type=BLITZ prior=0.0681 q=0.3288 pto=0.013 label=BLITZ p-1 t6
Q type=BLOCK prior=0.1063 q=0.3288 pto=0.013 label=BLOCK p15 t6
Q type=PASS_ACTION prior=0.0681 q=0.1499 pto=0.207 label=PASS_ACTION p16 t14
Q type=FOUL prior=0.0681 q=0.2032 pto=0.000 label=FOUL p22 t1
Q type=REPOSITION prior=0.0681 q=0.2084 pto=0.000 label=REPOSITION p13->(12,7)
Q type=REPOSITION prior=0.0681 q=0.2130 pto=0.000 label=REPOSITION p17->(12,7)
Q type=REPOSITION prior=0.0681 q=0.2080 pto=0.000 label=REPOSITION p18->(14,7)
Q type=REPOSITION prior=0.0681 q=0.2084 pto=0.000 label=REPOSITION p19->(12,7)
Q type=REPOSITION prior=0.0681 q=0.2119 pto=0.000 label=REPOSITION p20->(12,7)
Q type=REPOSITION prior=0.0681 q=0.2096 pto=0.000 label=REPOSITION p22->(12,7)
SROOT g=4 t=24 ctx=off n=16
Q type=END_TURN prior=0.0533 q=0.1826 pto=0.000 label=END_TURN p-1 t-1
Q type=ADVANCE prior=0.1023 q=0.1995 pto=0.167 label=ADVANCE p16 t-1
Q type=CAGE prior=0.1023 q=0.2401 pto=0.613 label=CAGE p16 t-1
Q type=BLITZ prior=0.0533 q=0.1981 pto=0.847 label=BLITZ p-1 t7
Q type=BLOCK prior=0.1023 q=0.3011 pto=0.013 label=BLOCK p15 t6
Q type=PASS_ACTION prior=0.0533 q=0.0017 pto=0.527 label=PASS_ACTION p16 t14
Q type=PASS_ACTION prior=0.0533 q=-0.0690 pto=0.707 label=PASS_ACTION p16 t15
Q type=PASS_ACTION prior=0.0533 q=0.0465 pto=0.407 label=PASS_ACTION p16 t20
Q type=FOUL prior=0.0533 q=0.1774 pto=0.000 label=FOUL p13 t1
Q type=FOUL prior=0.0533 q=0.1764 pto=0.000 label=FOUL p14 t2
Q type=FOUL prior=0.0533 q=0.1776 pto=0.000 label=FOUL p22 t1
Q type=REPOSITION prior=0.0533 q=0.1814 pto=0.000 label=REPOSITION p13->(13,7)
Q type=REPOSITION prior=0.0533 q=0.1826 pto=0.000 label=REPOSITION p14->(13,7)
Q type=REPOSITION prior=0.0533 q=0.1826 pto=0.000 label=REPOSITION p19->(13,7)
Q type=REPOSITION prior=0.0533 q=0.1860 pto=0.000 label=REPOSITION p20->(13,7)
Q type=REPOSITION prior=0.0533 q=0.1826 pto=0.000 label=REPOSITION p22->(13,7)
SROOT g=4 t=26 ctx=off n=20
Q type=END_TURN prior=0.0321 q=0.3725 pto=0.000 label=END_TURN p-1 t-1
Q type=ADVANCE prior=0.0769 q=0.3977 pto=0.027 label=ADVANCE p16 t-1
Q type=CAGE prior=0.0769 q=0.3561 pto=0.520 label=CAGE p16 t-1
Q type=BLITZ prior=0.0321 q=0.3809 pto=0.007 label=BLITZ p-1 t10
Q type=BLOCK prior=0.0769 q=0.3790 pto=0.020 label=BLOCK p14 t10
Q type=BLOCK prior=0.0769 q=0.3919 pto=0.013 label=BLOCK p15 t5
Q type=BLOCK prior=0.0769 q=0.3809 pto=0.007 label=BLOCK p15 t10
Q type=BLOCK prior=0.0769 q=0.3819 pto=0.000 label=BLOCK p16 t10
Q type=BLOCK prior=0.0769 q=0.3830 pto=0.000 label=BLOCK p17 t10
Q type=BLOCK prior=0.0769 q=0.3912 pto=0.000 label=BLOCK p19 t10
Q type=PASS_ACTION prior=0.0321 q=0.3085 pto=0.227 label=PASS_ACTION p16 t14
Q type=PASS_ACTION prior=0.0321 q=0.0357 pto=0.867 label=PASS_ACTION p16 t15
Q type=PASS_ACTION prior=0.0321 q=0.2104 pto=0.447 label=PASS_ACTION p16 t20
Q type=FOUL prior=0.0321 q=0.3671 pto=0.000 label=FOUL p13 t1
Q type=FOUL prior=0.0321 q=0.3679 pto=0.000 label=FOUL p14 t6
Q type=FOUL prior=0.0321 q=0.2793 pto=0.000 label=FOUL p16 t6
Q type=FOUL prior=0.0321 q=0.3673 pto=0.000 label=FOUL p22 t1
Q type=REPOSITION prior=0.0321 q=0.3702 pto=0.000 label=REPOSITION p13->(15,8)
Q type=REPOSITION prior=0.0321 q=0.3748 pto=0.000 label=REPOSITION p20->(13,8)
Q type=REPOSITION prior=0.0321 q=0.3714 pto=0.000 label=REPOSITION p22->(15,8)
SROOT g=4 t=28 ctx=off n=18
Q type=END_TURN prior=0.0492 q=0.3875 pto=0.000 label=END_TURN p-1 t-1
Q type=ADVANCE prior=0.1063 q=0.7062 pto=0.000 label=ADVANCE p16 t-1
Q type=CAGE prior=0.1063 q=0.3875 pto=0.000 label=CAGE p16 t-1
Q type=BLITZ prior=0.0492 q=0.3615 pto=0.867 label=BLITZ p-1 t8
Q type=PASS_ACTION prior=0.0492 q=0.3742 pto=0.080 label=PASS_ACTION p16 t14
Q type=PASS_ACTION prior=0.0492 q=0.2652 pto=0.400 label=PASS_ACTION p16 t20
Q type=FOUL prior=0.0492 q=0.3825 pto=0.000 label=FOUL p13 t6
Q type=FOUL prior=0.0492 q=0.3821 pto=0.000 label=FOUL p14 t10
Q type=FOUL prior=0.0492 q=0.3829 pto=0.000 label=FOUL p15 t4
Q type=FOUL prior=0.0492 q=0.3230 pto=0.000 label=FOUL p16 t10
Q type=FOUL prior=0.0492 q=0.3825 pto=0.000 label=FOUL p19 t6
Q type=FOUL prior=0.0492 q=0.3819 pto=0.000 label=FOUL p20 t2
Q type=REPOSITION prior=0.0492 q=0.3875 pto=0.000 label=REPOSITION p13->(12,8)
Q type=REPOSITION prior=0.0492 q=0.3875 pto=0.000 label=REPOSITION p14->(12,8)
Q type=REPOSITION prior=0.0492 q=0.3875 pto=0.000 label=REPOSITION p15->(12,8)
Q type=REPOSITION prior=0.0492 q=0.3875 pto=0.000 label=REPOSITION p17->(12,8)
Q type=REPOSITION prior=0.0492 q=0.3875 pto=0.000 label=REPOSITION p19->(12,8)
Q type=REPOSITION prior=0.0492 q=0.3875 pto=0.000 label=REPOSITION p22->(12,8)
SROOT g=4 t=30 ctx=off n=10
Q type=END_TURN prior=0.0610 q=1.0000 pto=0.000 label=END_TURN p-1 t-1
Q type=SCORE prior=0.4268 q=0.9728 pto=0.027 label=SCORE p16 t-1
Q type=CAGE prior=0.0732 q=1.0000 pto=0.253 label=CAGE p16 t-1
Q type=BLITZ prior=0.0610 q=1.0000 pto=0.753 label=BLITZ p-1 t5
Q type=BLOCK prior=0.0732 q=1.0000 pto=0.027 label=BLOCK p14 t5
Q type=REPOSITION prior=0.0610 q=1.0000 pto=0.000 label=REPOSITION p13->(7,9)
Q type=REPOSITION prior=0.0610 q=1.0000 pto=0.000 label=REPOSITION p15->(9,9)
Q type=REPOSITION prior=0.0610 q=1.0000 pto=0.000 label=REPOSITION p17->(7,9)
Q type=REPOSITION prior=0.0610 q=1.0000 pto=0.253 label=REPOSITION p20->(7,9)
Q type=REPOSITION prior=0.0610 q=1.0000 pto=0.000 label=REPOSITION p22->(3,8)
SROOT g=5 t=0 ctx=loose n=13
Q type=END_TURN prior=0.0614 q=-0.1000 pto=0.000 label=END_TURN p-1 t-1
Q type=BLITZ prior=0.0614 q=-0.1207 pto=0.007 label=BLITZ p-1 t13
Q type=BLOCK prior=0.0958 q=-0.1321 pto=0.013 label=BLOCK p2 t13
Q type=BLOCK prior=0.0958 q=-0.1321 pto=0.013 label=BLOCK p3 t13
Q type=BLOCK prior=0.0958 q=-0.1207 pto=0.007 label=BLOCK p4 t13
Q type=PICKUP prior=0.1597 q=0.1478 pto=0.113 label=PICKUP p11 t-1
Q type=REPOSITION prior=0.0614 q=-0.0200 pto=0.000 label=REPOSITION p5->(2,6)
Q type=REPOSITION prior=0.0614 q=-0.0200 pto=0.000 label=REPOSITION p6->(2,6)
Q type=REPOSITION prior=0.0614 q=-0.0600 pto=0.000 label=REPOSITION p7->(2,6)
Q type=REPOSITION prior=0.0614 q=-0.0200 pto=0.000 label=REPOSITION p8->(2,6)
Q type=REPOSITION prior=0.0614 q=0.1406 pto=0.113 label=REPOSITION p9->(2,6)
Q type=REPOSITION prior=0.0614 q=0.1406 pto=0.113 label=REPOSITION p10->(2,6)
Q type=REPOSITION prior=0.0614 q=0.1406 pto=0.113 label=REPOSITION p11->(2,6)
SROOT g=5 t=2 ctx=off n=20
Q type=END_TURN prior=0.0370 q=0.1956 pto=0.000 label=END_TURN p-1 t-1
Q type=ADVANCE prior=0.0889 q=0.2274 pto=0.000 label=ADVANCE p11 t-1
Q type=CAGE prior=0.0889 q=0.1795 pto=0.060 label=CAGE p11 t-1
Q type=BLITZ prior=0.0370 q=0.1965 pto=0.393 label=BLITZ p-1 t12
Q type=BLOCK prior=0.0889 q=0.1634 pto=0.013 label=BLOCK p2 t13
Q type=BLOCK prior=0.0889 q=0.1634 pto=0.013 label=BLOCK p3 t13
Q type=BLOCK prior=0.0889 q=0.1749 pto=0.007 label=BLOCK p4 t13
Q type=PASS_ACTION prior=0.0370 q=0.0528 pto=0.667 label=PASS_ACTION p11 t2
Q type=PASS_ACTION prior=0.0370 q=0.0430 pto=0.687 label=PASS_ACTION p11 t3
Q type=PASS_ACTION prior=0.0370 q=0.0111 pto=0.787 label=PASS_ACTION p11 t4
Q type=PASS_ACTION prior=0.0370 q=0.1454 pto=0.240 label=PASS_ACTION p11 t5
Q type=PASS_ACTION prior=0.0370 q=0.1064 pto=0.400 label=PASS_ACTION p11 t6
Q type=PASS_ACTION prior=0.0370 q=0.0944 pto=0.447 label=PASS_ACTION p11 t7
Q type=PASS_ACTION prior=0.0370 q=0.0987 pto=0.427 label=PASS_ACTION p11 t8
Q type=PASS_ACTION prior=0.0370 q=0.1376 pto=0.267 label=PASS_ACTION p11 t9
Q type=PASS_ACTION prior=0.0370 q=0.1474 pto=0.247 label=PASS_ACTION p11 t10
Q type=REPOSITION prior=0.0370 q=0.1889 pto=0.000 label=REPOSITION p7->(3,5)
Q type=REPOSITION prior=0.0370 q=0.1889 pto=0.000 label=REPOSITION p8->(3,5)
Q type=REPOSITION prior=0.0370 q=0.1956 pto=0.000 label=REPOSITION p9->(5,5)
Q type=REPOSITION prior=0.0370 q=0.1929 pto=0.000 label=REPOSITION p10->(5,5)
SROOT g=5 t=4 ctx=off n=19
Q type=END_TURN prior=0.0328 q=0.2362 pto=0.000 label=END_TURN p-1 t-1
Q type=ADVANCE prior=0.0747 q=0.0712 pto=0.607 label=ADVANCE p11 t-1
Q type=CAGE prior=0.0747 q=0.2362 pto=0.000 label=CAGE p11 t-1
Q type=BLITZ prior=0.0328 q=0.2349 pto=0.000 label=BLITZ p-1 t12
Q type=BLOCK prior=0.0747 q=0.2534 pto=0.013 label=BLOCK p2 t13
Q type=BLOCK prior=0.0747 q=0.2534 pto=0.013 label=BLOCK p3 t13
Q type=BLOCK prior=0.0747 q=0.2582 pto=0.007 label=BLOCK p4 t13
Q type=BLOCK prior=0.0747 q=0.2593 pto=0.000 label=BLOCK p5 t12
Q type=BLOCK prior=0.0747 q=0.2567 pto=0.000 label=BLOCK p7 t12
Q type=BLOCK prior=0.0747 q=0.2580 pto=0.000 label=BLOCK p10 t12
Q type=BLOCK prior=0.0747 q=0.2504 pto=0.000 label=BLOCK p11 t12
Q type=PASS_ACTION prior=0.0328 q=0.0376 pto=0.693 label=PASS_ACTION p11 t2
Q type=PASS_ACTION prior=0.0328 q=0.0355 pto=0.700 label=PASS_ACTION p11 t3
Q type=PASS_ACTION prior=0.0328 q=-0.0289 pto=0.813 label=PASS_ACTION p11 t4
Q type=PASS_ACTION prior=0.0328 q=0.2460 pto=0.020 label=PASS_ACTION p11 t6
Q type=PASS_ACTION prior=0.0328 q=0.2323 pto=0.080 label=PASS_ACTION p11 t8
Q type=REPOSITION prior=0.0328 q=0.2362 pto=0.000 label=REPOSITION p6->(9,5)
Q type=REPOSITION prior=0.0328 q=0.2362 pto=0.000 label=REPOSITION p8->(9,5)
Q type=REPOSITION prior=0.0328 q=0.2402 pto=0.000 label=REPOSITION p9->(9,5)
SROOT g=5 t=6 ctx=off n=17
Q type=END_TURN prior=0.0379 q=0.0648 pto=0.000 label=END_TURN p-1 t-1
Q type=ADVANCE prior=0.0774 q=0.0188 pto=0.480 label=ADVANCE p11 t-1
Q type=CAGE prior=0.0774 q=0.0648 pto=0.000 label=CAGE p11 t-1
Q type=BLITZ prior=0.0379 q=0.0394 pto=0.853 label=BLITZ p-1 t12
Q type=BLOCK prior=0.0774 q=0.0820 pto=0.013 label=BLOCK p2 t13
Q type=BLOCK prior=0.0774 q=0.0820 pto=0.013 label=BLOCK p4 t13
Q type=BLOCK prior=0.0774 q=0.0879 pto=0.000 label=BLOCK p5 t12
Q type=BLOCK prior=0.0774 q=0.1352 pto=0.000 label=BLOCK p7 t12
Q type=BLOCK prior=0.0774 q=0.1742 pto=0.000 label=BLOCK p7 t15
Q type=BLOCK prior=0.0774 q=0.0866 pto=0.000 label=BLOCK p10 t12
Q type=BLOCK prior=0.0774 q=0.1294 pto=0.000 label=BLOCK p11 t12
Q type=PASS_ACTION prior=0.0379 q=-0.1843 pto=0.807 label=PASS_ACTION p11 t2
Q type=PASS_ACTION prior=0.0379 q=-0.2157 pto=0.867 label=PASS_ACTION p11 t4
Q type=PASS_ACTION prior=0.0379 q=0.0475 pto=0.093 label=PASS_ACTION p11 t6
Q type=PASS_ACTION prior=0.0379 q=0.0564 pto=0.080 label=PASS_ACTION p11 t8
Q type=REPOSITION prior=0.0379 q=0.0674 pto=0.000 label=REPOSITION p8->(9,5)
Q type=REPOSITION prior=0.0379 q=0.0661 pto=0.000 label=REPOSITION p9->(9,5)
SROOT g=5 t=8 ctx=off n=14
Q type=END_TURN prior=0.0598 q=0.1403 pto=0.000 label=END_TURN p-1 t-1
Q type=ADVANCE prior=0.1005 q=0.1368 pto=0.233 label=ADVANCE p11 t-1
Q type=CAGE prior=0.1005 q=0.1403 pto=0.000 label=CAGE p11 t-1
Q type=BLITZ prior=0.0598 q=0.1071 pto=0.460 label=BLITZ p-1 t16
Q type=BLOCK prior=0.1005 q=0.1575 pto=0.013 label=BLOCK p2 t13
Q type=BLOCK prior=0.1005 q=0.1575 pto=0.013 label=BLOCK p4 t13
Q type=PASS_ACTION prior=0.0598 q=-0.0076 pto=0.527 label=PASS_ACTION p11 t2
Q type=PASS_ACTION prior=0.0598 q=-0.0922 pto=0.760 label=PASS_ACTION p11 t4
Q type=PASS_ACTION prior=0.0598 q=0.1204 pto=0.080 label=PASS_ACTION p11 t6
Q type=PASS_ACTION prior=0.0598 q=0.1315 pto=0.073 label=PASS_ACTION p11 t8
Q type=FOUL prior=0.0598 q=0.1440 pto=0.000 label=FOUL p5 t12
Q type=FOUL prior=0.0598 q=0.1436 pto=0.000 label=FOUL p6 t15
Q type=REPOSITION prior=0.0598 q=0.1416 pto=0.000 label=REPOSITION p8->(9,6)
Q type=REPOSITION prior=0.0598 q=0.1403 pto=0.000 label=REPOSITION p9->(9,6)
SROOT g=5 t=10 ctx=loose n=7
Q type=END_TURN prior=0.0859 q=-0.2300 pto=0.000 label=END_TURN p-1 t-1
Q type=BLITZ prior=0.1227 q=-0.2398 pto=0.507 label=BLITZ p-1 t19
Q type=PICKUP prior=0.3006 q=-0.1876 pto=0.253 label=PICKUP p7 t-1
Q type=REPOSITION prior=0.1227 q=-0.2300 pto=0.000 label=REPOSITION p2->(9,5)
Q type=REPOSITION prior=0.1227 q=-0.2300 pto=0.000 label=REPOSITION p4->(9,5)
Q type=REPOSITION prior=0.1227 q=-0.2300 pto=0.000 label=REPOSITION p6->(9,5)
Q type=REPOSITION prior=0.1227 q=-0.2300 pto=0.000 label=REPOSITION p9->(9,5)
SROOT g=5 t=11 ctx=loose n=16
Q type=END_TURN prior=0.0428 q=0.0700 pto=0.000 label=END_TURN p-1 t-1
Q type=BLITZ prior=0.0428 q=0.0870 pto=0.020 label=BLITZ p-1 t2
Q type=BLOCK prior=0.0822 q=0.0868 pto=0.013 label=BLOCK p17 t10
Q type=BLOCK prior=0.0822 q=0.0868 pto=0.013 label=BLOCK p18 t8
Q type=BLOCK prior=0.0822 q=0.0860 pto=0.000 label=BLOCK p21 t10
Q type=PICKUP prior=0.2397 q=0.0700 pto=0.000 label=PICKUP p14 t-1
Q type=FOUL prior=0.0428 q=0.0648 pto=0.000 label=FOUL p14 t11
Q type=FOUL prior=0.0428 q=0.0646 pto=0.000 label=FOUL p17 t11
Q type=FOUL prior=0.0428 q=0.0648 pto=0.000 label=FOUL p18 t11
Q type=FOUL prior=0.0428 q=0.0646 pto=0.000 label=FOUL p21 t11
Q type=REPOSITION prior=0.0428 q=0.0700 pto=0.000 label=REPOSITION p13->(9,5)
Q type=REPOSITION prior=0.0428 q=0.0700 pto=0.000 label=REPOSITION p14->(9,5)
Q type=REPOSITION prior=0.0428 q=0.0700 pto=0.000 label=REPOSITION p16->(9,5)
Q type=REPOSITION prior=0.0428 q=0.0700 pto=0.000 label=REPOSITION p19->(9,5)
Q type=REPOSITION prior=0.0428 q=0.0700 pto=0.000 label=REPOSITION p20->(9,5)
Q type=REPOSITION prior=0.0428 q=0.0700 pto=0.000 label=REPOSITION p22->(9,5)
SROOT g=5 t=13 ctx=off n=18
Q type=END_TURN prior=0.0301 q=1.0000 pto=0.000 label=END_TURN p-1 t-1
Q type=SCORE prior=0.1895 q=0.9423 pto=0.060 label=SCORE p14 t-1
Q type=CAGE prior=0.0650 q=0.9700 pto=1.000 label=CAGE p14 t-1
Q type=BLITZ prior=0.0301 q=1.0000 pto=0.000 label=BLITZ p-1 t6
Q type=BLITZ_AND_SCORE prior=0.1895 q=0.9604 pto=0.940 label=BLITZ_AND_SCORE p14 t9
Q type=BLOCK prior=0.0650 q=0.9996 pto=0.013 label=BLOCK p17 t10
Q type=BLOCK prior=0.0650 q=0.9994 pto=0.020 label=BLOCK p18 t6
Q type=BLOCK prior=0.0650 q=1.0000 pto=0.000 label=BLOCK p21 t10
Q type=FOUL prior=0.0301 q=0.7856 pto=0.000 label=FOUL p14 t11
Q type=FOUL prior=0.0301 q=0.9948 pto=0.000 label=FOUL p17 t11
Q type=FOUL prior=0.0301 q=0.9946 pto=0.000 label=FOUL p18 t4
Q type=FOUL prior=0.0301 q=0.9946 pto=0.000 label=FOUL p20 t4
Q type=FOUL prior=0.0301 q=0.9948 pto=0.000 label=FOUL p21 t11
Q type=REPOSITION prior=0.0301 q=1.0000 pto=0.000 label=REPOSITION p13->(7,7)
Q type=REPOSITION prior=0.0301 q=1.0000 pto=0.000 label=REPOSITION p16->(5,7)
Q type=REPOSITION prior=0.0301 q=1.0000 pto=0.000 label=REPOSITION p19->(3,5)
Q type=REPOSITION prior=0.0301 q=1.0000 pto=0.000 label=REPOSITION p20->(5,7)
Q type=REPOSITION prior=0.0301 q=1.0000 pto=0.000 label=REPOSITION p22->(7,7)
SROOT g=5 t=14 ctx=loose n=13
Q type=END_TURN prior=0.0549 q=-0.6000 pto=0.000 label=END_TURN p-1 t-1
Q type=BLITZ prior=0.0549 q=-0.6207 pto=0.007 label=BLITZ p-1 t13
Q type=BLOCK prior=0.0856 q=-0.6321 pto=0.013 label=BLOCK p2 t13
Q type=BLOCK prior=0.0856 q=-0.6321 pto=0.013 label=BLOCK p3 t13
Q type=BLOCK prior=0.0856 q=-0.6207 pto=0.007 label=BLOCK p4 t13
Q type=PICKUP prior=0.2496 q=-0.4136 pto=0.113 label=PICKUP p11 t-1
Q type=REPOSITION prior=0.0549 q=-0.5600 pto=0.000 label=REPOSITION p5->(0,7)
Q type=REPOSITION prior=0.0549 q=-0.5600 pto=0.000 label=REPOSITION p6->(0,7)
Q type=REPOSITION prior=0.0549 q=-0.6000 pto=0.000 label=REPOSITION p7->(0,7)
Q type=REPOSITION prior=0.0549 q=-0.5600 pto=0.000 label=REPOSITION p8->(0,7)
Q type=REPOSITION prior=0.0549 q=-0.5200 pto=0.000 label=REPOSITION p9->(0,7)
Q type=REPOSITION prior=0.0549 q=-0.5200 pto=0.000 label=REPOSITION p10->(0,7)
Q type=REPOSITION prior=0.0549 q=-0.4136 pto=0.113 label=REPOSITION p11->(0,7)
SROOT g=5 t=15 ctx=loose n=11
Q type=END_TURN prior=0.0909 q=0.3500 pto=0.000 label=END_TURN p-1 t-1
Q type=BLITZ prior=0.0909 q=0.3588 pto=0.020 label=BLITZ p-1 t5
Q type=REPOSITION prior=0.0909 q=0.3500 pto=0.000 label=REPOSITION p14->(0,7)
Q type=REPOSITION prior=0.0909 q=0.3500 pto=0.000 label=REPOSITION p15->(0,7)
Q type=REPOSITION prior=0.0909 q=0.3500 pto=0.000 label=REPOSITION p16->(0,7)
Q type=REPOSITION prior=0.0909 q=0.3500 pto=0.000 label=REPOSITION p17->(0,7)
Q type=REPOSITION prior=0.0909 q=0.3500 pto=0.000 label=REPOSITION p18->(0,7)
Q type=REPOSITION prior=0.0909 q=0.3500 pto=0.000 label=REPOSITION p19->(0,7)
Q type=REPOSITION prior=0.0909 q=0.3500 pto=0.000 label=REPOSITION p20->(0,7)
Q type=REPOSITION prior=0.0909 q=0.3500 pto=0.000 label=REPOSITION p21->(0,7)
Q type=REPOSITION prior=0.0909 q=0.3500 pto=0.000 label=REPOSITION p22->(0,7)
SROOT g=5 t=16 ctx=loose n=13
Q type=END_TURN prior=0.0614 q=0.4400 pto=0.000 label=END_TURN p-1 t-1
Q type=BLITZ prior=0.0614 q=0.4400 pto=0.000 label=BLITZ p-1 t2
Q type=BLOCK prior=0.0958 q=0.4570 pto=0.020 label=BLOCK p13 t2
Q type=BLOCK prior=0.0958 q=0.4626 pto=0.000 label=BLOCK p14 t2
Q type=BLOCK prior=0.0958 q=0.4570 pto=0.020 label=BLOCK p15 t2
Q type=PICKUP prior=0.1597 q=0.6607 pto=0.113 label=PICKUP p22 t-1
Q type=REPOSITION prior=0.0614 q=0.4400 pto=0.000 label=REPOSITION p16->(22,4)
Q type=REPOSITION prior=0.0614 q=0.4400 pto=0.000 label=REPOSITION p17->(22,4)
Q type=REPOSITION prior=0.0614 q=0.4400 pto=0.000 label=REPOSITION p18->(22,4)
Q type=REPOSITION prior=0.0614 q=0.4800 pto=0.000 label=REPOSITION p19->(22,4)
Q type=REPOSITION prior=0.0614 q=0.7033 pto=0.113 label=REPOSITION p20->(22,4)
Q type=REPOSITION prior=0.0614 q=0.7033 pto=0.113 label=REPOSITION p21->(22,4)
Q type=REPOSITION prior=0.0614 q=0.6536 pto=0.113 label=REPOSITION p22->(22,4)
SROOT g=5 t=18 ctx=off n=21
Q type=END_TURN prior=0.0391 q=0.7220 pto=0.000 label=END_TURN p-1 t-1
Q type=ADVANCE prior=0.0986 q=0.7372 pto=0.000 label=ADVANCE p22 t-1
Q type=CAGE prior=0.0986 q=0.7482 pto=0.440 label=CAGE p22 t-1
Q type=BLITZ prior=0.0391 q=0.6942 pto=0.933 label=BLITZ p-1 t7
Q type=BLOCK prior=0.0986 q=0.7388 pto=0.013 label=BLOCK p15 t8
Q type=PASS_ACTION prior=0.0391 q=0.5701 pto=0.680 label=PASS_ACTION p22 t12
Q type=PASS_ACTION prior=0.0391 q=0.5924 pto=0.607 label=PASS_ACTION p22 t14
Q type=PASS_ACTION prior=0.0391 q=0.5140 pto=0.800 label=PASS_ACTION p22 t15
Q type=PASS_ACTION prior=0.0391 q=0.5968 pto=0.540 label=PASS_ACTION p22 t16
Q type=PASS_ACTION prior=0.0391 q=0.6524 pto=0.360 label=PASS_ACTION p22 t17
Q type=PASS_ACTION prior=0.0391 q=0.6548 pto=0.347 label=PASS_ACTION p22 t18
Q type=PASS_ACTION prior=0.0391 q=0.6683 pto=0.247 label=PASS_ACTION p22 t19
Q type=PASS_ACTION prior=0.0391 q=0.7032 pto=0.093 label=PASS_ACTION p22 t20
Q type=PASS_ACTION prior=0.0391 q=0.6567 pto=0.273 label=PASS_ACTION p22 t21
Q type=FOUL prior=0.0391 q=0.7164 pto=0.000 label=FOUL p15 t5
Q type=REPOSITION prior=0.0391 q=0.7237 pto=0.000 label=REPOSITION p14->(21,3)
Q type=REPOSITION prior=0.0391 q=0.7207 pto=0.000 label=REPOSITION p17->(19,3)
Q type=REPOSITION prior=0.0391 q=0.7207 pto=0.000 label=REPOSITION p18->(19,3)
Q type=REPOSITION prior=0.0391 q=0.7233 pto=0.000 label=REPOSITION p19->(19,3)
Q type=REPOSITION prior=0.0391 q=0.7233 pto=0.000 label=REPOSITION p20->(19,3)
Q type=REPOSITION prior=0.0391 q=0.7220 pto=0.000 label=REPOSITION p21->(19,3)
SROOT g=5 t=20 ctx=off n=19
Q type=END_TURN prior=0.0438 q=0.6683 pto=0.000 label=END_TURN p-1 t-1
Q type=ADVANCE prior=0.0998 q=0.6921 pto=0.253 label=ADVANCE p22 t-1
Q type=CAGE prior=0.0998 q=0.6683 pto=0.000 label=CAGE p22 t-1
Q type=BLITZ prior=0.0438 q=0.7236 pto=0.093 label=BLITZ p-1 t4
Q type=BLOCK prior=0.0998 q=0.6851 pto=0.013 label=BLOCK p15 t8
Q type=PASS_ACTION prior=0.0438 q=0.4387 pto=0.873 label=PASS_ACTION p22 t12
Q type=PASS_ACTION prior=0.0438 q=0.4596 pto=0.820 label=PASS_ACTION p22 t14
Q type=PASS_ACTION prior=0.0438 q=0.4229 pto=0.893 label=PASS_ACTION p22 t15
Q type=PASS_ACTION prior=0.0438 q=0.6412 pto=0.207 label=PASS_ACTION p22 t16
Q type=PASS_ACTION prior=0.0438 q=0.5763 pto=0.420 label=PASS_ACTION p22 t17
Q type=PASS_ACTION prior=0.0438 q=0.5473 pto=0.473 label=PASS_ACTION p22 t18
Q type=PASS_ACTION prior=0.0438 q=0.5402 pto=0.473 label=PASS_ACTION p22 t19
Q type=FOUL prior=0.0438 q=0.6627 pto=0.000 label=FOUL p15 t5
Q type=REPOSITION prior=0.0438 q=0.6718 pto=0.000 label=REPOSITION p14->(21,3)
Q type=REPOSITION prior=0.0438 q=0.6697 pto=0.000 label=REPOSITION p16->(19,3)
Q type=REPOSITION prior=0.0438 q=0.6670 pto=0.000 label=REPOSITION p18->(19,3)
Q type=REPOSITION prior=0.0438 q=0.6697 pto=0.000 label=REPOSITION p19->(19,3)
Q type=REPOSITION prior=0.0438 q=0.6723 pto=0.000 label=REPOSITION p20->(19,3)
Q type=REPOSITION prior=0.0438 q=0.6723 pto=0.000 label=REPOSITION p21->(19,3)
SROOT g=5 t=21 ctx=loose n=12
Q type=END_TURN prior=0.0665 q=-0.6200 pto=0.000 label=END_TURN p-1 t-1
Q type=BLITZ prior=0.0665 q=-0.6197 pto=0.653 label=BLITZ p-1 t21
Q type=BLOCK prior=0.0957 q=-0.6027 pto=0.013 label=BLOCK p4 t17
Q type=PICKUP prior=0.2394 q=-0.6200 pto=0.000 label=PICKUP p6 t-1
Q type=FOUL prior=0.0665 q=-0.6224 pto=0.000 label=FOUL p4 t13
Q type=FOUL prior=0.0665 q=-0.6258 pto=0.000 label=FOUL p6 t13
Q type=REPOSITION prior=0.0665 q=-0.6200 pto=0.000 label=REPOSITION p3->(22,3)
Q type=REPOSITION prior=0.0665 q=-0.6200 pto=0.000 label=REPOSITION p6->(22,3)
Q type=REPOSITION prior=0.0665 q=-0.6200 pto=0.000 label=REPOSITION p7->(22,3)
Q type=REPOSITION prior=0.0665 q=-0.6200 pto=0.000 label=REPOSITION p9->(22,3)
Q type=REPOSITION prior=0.0665 q=-0.6200 pto=0.000 label=REPOSITION p10->(22,3)
Q type=REPOSITION prior=0.0665 q=-0.6200 pto=0.000 label=REPOSITION p11->(22,3)
SROOT g=5 t=22 ctx=loose n=14
Q type=END_TURN prior=0.0607 q=0.5100 pto=0.000 label=END_TURN p-1 t-1
Q type=BLITZ prior=0.0607 q=0.5270 pto=0.020 label=BLITZ p-1 t3
Q type=BLOCK prior=0.1019 q=0.5268 pto=0.013 label=BLOCK p15 t8
Q type=PICKUP prior=0.1699 q=0.7017 pto=0.380 label=PICKUP p20 t-1
Q type=FOUL prior=0.0607 q=0.5044 pto=0.000 label=FOUL p15 t5
Q type=FOUL prior=0.0607 q=0.5046 pto=0.000 label=FOUL p17 t4
Q type=FOUL prior=0.0607 q=0.5046 pto=0.000 label=FOUL p21 t4
Q type=REPOSITION prior=0.0607 q=0.5100 pto=0.000 label=REPOSITION p14->(22,3)
Q type=REPOSITION prior=0.0607 q=0.7191 pto=0.253 label=REPOSITION p16->(22,3)
Q type=REPOSITION prior=0.0607 q=0.7191 pto=0.253 label=REPOSITION p17->(22,3)
Q type=REPOSITION prior=0.0607 q=0.5100 pto=0.000 label=REPOSITION p18->(22,3)
Q type=REPOSITION prior=0.0607 q=0.5100 pto=0.000 label=REPOSITION p19->(22,3)
Q type=REPOSITION prior=0.0607 q=0.7463 pto=0.113 label=REPOSITION p20->(22,3)
Q type=REPOSITION prior=0.0607 q=0.7463 pto=0.113 label=REPOSITION p21->(22,3)
SROOT g=5 t=23 ctx=loose n=10
Q type=END_TURN prior=0.0833 q=-0.5700 pto=0.000 label=END_TURN p-1 t-1
Q type=BLITZ prior=0.0833 q=-0.5606 pto=0.140 label=BLITZ p-1 t21
Q type=PICKUP prior=0.2500 q=-0.5700 pto=0.000 label=PICKUP p6 t-1
Q type=FOUL prior=0.0833 q=-0.5913 pto=0.000 label=FOUL p6 t13
Q type=REPOSITION prior=0.0833 q=-0.5700 pto=0.000 label=REPOSITION p3->(19,2)
Q type=REPOSITION prior=0.0833 q=-0.5700 pto=0.000 label=REPOSITION p6->(19,2)
Q type=REPOSITION prior=0.0833 q=-0.5700 pto=0.000 label=REPOSITION p7->(19,2)
Q type=REPOSITION prior=0.0833 q=-0.5700 pto=0.000 label=REPOSITION p9->(19,2)
Q type=REPOSITION prior=0.0833 q=-0.5700 pto=0.000 label=REPOSITION p10->(19,2)
Q type=REPOSITION prior=0.0833 q=-0.5700 pto=0.000 label=REPOSITION p11->(19,2)
SROOT g=5 t=24 ctx=loose n=14
Q type=END_TURN prior=0.0607 q=0.5100 pto=0.000 label=END_TURN p-1 t-1
Q type=BLITZ prior=0.0607 q=0.5270 pto=0.020 label=BLITZ p-1 t3
Q type=BLOCK prior=0.1019 q=0.5268 pto=0.013 label=BLOCK p15 t8
Q type=PICKUP prior=0.1699 q=0.5092 pto=0.027 label=PICKUP p14 t-1
Q type=FOUL prior=0.0607 q=0.5044 pto=0.000 label=FOUL p15 t5
Q type=FOUL prior=0.0607 q=0.5046 pto=0.000 label=FOUL p17 t4
Q type=FOUL prior=0.0607 q=0.5046 pto=0.000 label=FOUL p21 t4
Q type=REPOSITION prior=0.0607 q=0.5100 pto=0.000 label=REPOSITION p12->(19,2)
Q type=REPOSITION prior=0.0607 q=0.5100 pto=0.000 label=REPOSITION p14->(19,2)
Q type=REPOSITION prior=0.0607 q=0.5100 pto=0.000 label=REPOSITION p16->(19,2)
Q type=REPOSITION prior=0.0607 q=0.5100 pto=0.000 label=REPOSITION p17->(19,2)
Q type=REPOSITION prior=0.0607 q=0.5100 pto=0.000 label=REPOSITION p18->(19,2)
Q type=REPOSITION prior=0.0607 q=0.5100 pto=0.000 label=REPOSITION p19->(19,2)
Q type=REPOSITION prior=0.0607 q=0.5100 pto=0.000 label=REPOSITION p21->(19,2)
SROOT g=5 t=25 ctx=loose n=10
Q type=END_TURN prior=0.0833 q=-0.6000 pto=0.000 label=END_TURN p-1 t-1
Q type=BLITZ prior=0.0833 q=-0.6349 pto=0.093 label=BLITZ p-1 t21
Q type=PICKUP prior=0.2500 q=-0.6076 pto=0.253 label=PICKUP p3 t-1
Q type=FOUL prior=0.0833 q=-0.6058 pto=0.000 label=FOUL p3 t13
Q type=FOUL prior=0.0833 q=-0.6058 pto=0.000 label=FOUL p6 t13
Q type=REPOSITION prior=0.0833 q=-0.6000 pto=0.000 label=REPOSITION p6->(19,2)
Q type=REPOSITION prior=0.0833 q=-0.6000 pto=0.000 label=REPOSITION p7->(19,2)
Q type=REPOSITION prior=0.0833 q=-0.6000 pto=0.000 label=REPOSITION p9->(19,2)
Q type=REPOSITION prior=0.0833 q=-0.6000 pto=0.000 label=REPOSITION p10->(19,2)
Q type=REPOSITION prior=0.0833 q=-0.6000 pto=0.000 label=REPOSITION p11->(19,2)
SROOT g=5 t=26 ctx=loose n=15
Q type=END_TURN prior=0.0499 q=0.5100 pto=0.000 label=END_TURN p-1 t-1
Q type=BLITZ prior=0.0499 q=0.5224 pto=0.080 label=BLITZ p-1 t3
Q type=BLOCK prior=0.0898 q=0.5268 pto=0.013 label=BLOCK p15 t8
Q type=PICKUP prior=0.2618 q=0.5100 pto=0.000 label=PICKUP p14 t-1
Q type=FOUL prior=0.0499 q=0.5044 pto=0.000 label=FOUL p15 t5
Q type=FOUL prior=0.0499 q=0.5050 pto=0.000 label=FOUL p16 t4
Q type=FOUL prior=0.0499 q=0.5050 pto=0.000 label=FOUL p17 t4
Q type=FOUL prior=0.0499 q=0.5050 pto=0.000 label=FOUL p21 t4
Q type=REPOSITION prior=0.0499 q=0.5100 pto=0.000 label=REPOSITION p12->(19,2)
Q type=REPOSITION prior=0.0499 q=0.5100 pto=0.000 label=REPOSITION p14->(19,2)
Q type=REPOSITION prior=0.0499 q=0.5100 pto=0.000 label=REPOSITION p16->(19,2)
Q type=REPOSITION prior=0.0499 q=0.5100 pto=0.000 label=REPOSITION p17->(19,2)
Q type=REPOSITION prior=0.0499 q=0.5100 pto=0.000 label=REPOSITION p18->(19,2)
Q type=REPOSITION prior=0.0499 q=0.5100 pto=0.000 label=REPOSITION p19->(19,2)
Q type=REPOSITION prior=0.0499 q=0.5100 pto=0.000 label=REPOSITION p21->(19,2)
SROOT g=5 t=27 ctx=loose n=7
Q type=END_TURN prior=0.0859 q=-0.7000 pto=0.000 label=END_TURN p-1 t-1
Q type=BLITZ prior=0.1227 q=-0.6175 pto=0.113 label=BLITZ p-1 t18
Q type=PICKUP prior=0.3006 q=-0.6690 pto=0.633 label=PICKUP p3 t-1
Q type=REPOSITION prior=0.1227 q=-0.7000 pto=0.000 label=REPOSITION p7->(19,2)
Q type=REPOSITION prior=0.1227 q=-0.7000 pto=0.000 label=REPOSITION p9->(19,2)
Q type=REPOSITION prior=0.1227 q=-0.7000 pto=0.000 label=REPOSITION p10->(19,2)
Q type=REPOSITION prior=0.1227 q=-0.7000 pto=0.000 label=REPOSITION p11->(19,2)
SROOT g=5 t=28 ctx=loose n=16
Q type=END_TURN prior=0.0428 q=0.5400 pto=0.000 label=END_TURN p-1 t-1
Q type=BLITZ prior=0.0428 q=0.5536 pto=0.000 label=BLITZ p-1 t6
Q type=BLOCK prior=0.0822 q=0.5568 pto=0.013 label=BLOCK p15 t8
Q type=BLOCK prior=0.0822 q=0.5536 pto=0.000 label=BLOCK p18 t6
Q type=BLOCK prior=0.0822 q=0.5494 pto=0.000 label=BLOCK p21 t6
Q type=PICKUP prior=0.2397 q=0.5400 pto=0.000 label=PICKUP p14 t-1
Q type=FOUL prior=0.0428 q=0.5344 pto=0.000 label=FOUL p15 t5
Q type=FOUL prior=0.0428 q=0.5350 pto=0.000 label=FOUL p16 t4
Q type=FOUL prior=0.0428 q=0.5350 pto=0.000 label=FOUL p17 t4
Q type=FOUL prior=0.0428 q=0.5348 pto=0.000 label=FOUL p18 t3
Q type=FOUL prior=0.0428 q=0.5350 pto=0.000 label=FOUL p21 t4
Q type=REPOSITION prior=0.0428 q=0.5400 pto=0.000 label=REPOSITION p12->(19,2)
Q type=REPOSITION prior=0.0428 q=0.5400 pto=0.000 label=REPOSITION p14->(19,2)
Q type=REPOSITION prior=0.0428 q=0.5400 pto=0.000 label=REPOSITION p16->(19,2)
Q type=REPOSITION prior=0.0428 q=0.5400 pto=0.000 label=REPOSITION p17->(19,2)
Q type=REPOSITION prior=0.0428 q=0.5400 pto=0.000 label=REPOSITION p19->(19,2)
SROOT g=5 t=29 ctx=loose n=7
Q type=END_TURN prior=0.0859 q=-0.6500 pto=0.000 label=END_TURN p-1 t-1
Q type=BLITZ prior=0.1227 q=-0.6911 pto=0.213 label=BLITZ p-1 t14
Q type=PICKUP prior=0.3006 q=-0.6516 pto=0.027 label=PICKUP p6 t-1
Q type=REPOSITION prior=0.1227 q=-0.6500 pto=0.000 label=REPOSITION p7->(19,2)
Q type=REPOSITION prior=0.1227 q=-0.6500 pto=0.000 label=REPOSITION p9->(19,2)
Q type=REPOSITION prior=0.1227 q=-0.6500 pto=0.000 label=REPOSITION p10->(19,2)
Q type=REPOSITION prior=0.1227 q=-0.6500 pto=0.000 label=REPOSITION p11->(19,2)
SROOT g=5 t=30 ctx=loose n=14
Q type=END_TURN prior=0.0538 q=0.5400 pto=0.000 label=END_TURN p-1 t-1
Q type=BLITZ prior=0.0538 q=0.5536 pto=0.000 label=BLITZ p-1 t6
Q type=BLOCK prior=0.0904 q=0.5488 pto=0.020 label=BLOCK p17 t6
Q type=PICKUP prior=0.2637 q=0.5400 pto=0.000 label=PICKUP p14 t-1
Q type=FOUL prior=0.0538 q=0.5344 pto=0.000 label=FOUL p15 t5
Q type=FOUL prior=0.0538 q=0.5346 pto=0.000 label=FOUL p16 t4
Q type=FOUL prior=0.0538 q=0.5346 pto=0.000 label=FOUL p17 t4
Q type=FOUL prior=0.0538 q=0.5348 pto=0.000 label=FOUL p18 t3
Q type=REPOSITION prior=0.0538 q=0.5400 pto=0.000 label=REPOSITION p12->(19,2)
Q type=REPOSITION prior=0.0538 q=0.5400 pto=0.000 label=REPOSITION p14->(19,2)
Q type=REPOSITION prior=0.0538 q=0.5400 pto=0.000 label=REPOSITION p15->(19,2)
Q type=REPOSITION prior=0.0538 q=0.5400 pto=0.000 label=REPOSITION p16->(19,2)
Q type=REPOSITION prior=0.0538 q=0.5400 pto=0.000 label=REPOSITION p18->(19,2)
Q type=REPOSITION prior=0.0538 q=0.5400 pto=0.000 label=REPOSITION p19->(19,2)
SROOT g=5 t=31 ctx=loose n=9
Q type=END_TURN prior=0.0814 q=-0.5500 pto=0.000 label=END_TURN p-1 t-1
Q type=BLITZ prior=0.0905 q=-0.5822 pto=0.760 label=BLITZ p-1 t12
Q type=PICKUP prior=0.2851 q=-0.5500 pto=0.000 label=PICKUP p7 t-1
Q type=FOUL prior=0.0905 q=-0.5635 pto=0.000 label=FOUL p6 t21
Q type=REPOSITION prior=0.0905 q=-0.5500 pto=0.000 label=REPOSITION p6->(19,2)
Q type=REPOSITION prior=0.0905 q=-0.5500 pto=0.000 label=REPOSITION p7->(19,2)
Q type=REPOSITION prior=0.0905 q=-0.5500 pto=0.000 label=REPOSITION p9->(19,2)
Q type=REPOSITION prior=0.0905 q=-0.5500 pto=0.000 label=REPOSITION p10->(19,2)
Q type=REPOSITION prior=0.0905 q=-0.5500 pto=0.000 label=REPOSITION p11->(19,2)
SROOT g=6 t=0 ctx=loose n=13
Q type=END_TURN prior=0.0614 q=-0.1000 pto=0.000 label=END_TURN p-1 t-1
Q type=BLITZ prior=0.0614 q=-0.1000 pto=0.000 label=BLITZ p-1 t13
Q type=BLOCK prior=0.0958 q=-0.0826 pto=0.027 label=BLOCK p2 t13
Q type=BLOCK prior=0.0958 q=-0.0780 pto=0.000 label=BLOCK p3 t13
Q type=BLOCK prior=0.0958 q=-0.0826 pto=0.027 label=BLOCK p4 t13
Q type=PICKUP prior=0.1597 q=0.1536 pto=0.113 label=PICKUP p11 t-1
Q type=REPOSITION prior=0.0614 q=-0.1000 pto=0.000 label=REPOSITION p5->(2,6)
Q type=REPOSITION prior=0.0614 q=-0.1000 pto=0.000 label=REPOSITION p6->(2,6)
Q type=REPOSITION prior=0.0614 q=-0.1000 pto=0.000 label=REPOSITION p7->(2,6)
Q type=REPOSITION prior=0.0614 q=-0.0600 pto=0.000 label=REPOSITION p8->(2,6)
Q type=REPOSITION prior=0.0614 q=-0.0200 pto=0.000 label=REPOSITION p9->(2,6)
Q type=REPOSITION prior=0.0614 q=-0.0200 pto=0.000 label=REPOSITION p10->(2,6)
Q type=REPOSITION prior=0.0614 q=0.1466 pto=0.113 label=REPOSITION p11->(2,6)
SROOT g=6 t=2 ctx=off n=25
Q type=END_TURN prior=0.0345 q=0.2944 pto=0.000 label=END_TURN p-1 t-1
Q type=ADVANCE prior=0.1034 q=0.3202 pto=0.000 label=ADVANCE p11 t-1
Q type=CAGE prior=0.1034 q=0.2797 pto=0.000 label=CAGE p11 t-1
Q type=BLITZ prior=0.0345 q=0.3110 pto=0.033 label=BLITZ p-1 t14
Q type=PASS_ACTION prior=0.0345 q=0.2060 pto=0.447 label=PASS_ACTION p11 t1
Q type=PASS_ACTION prior=0.0345 q=0.1339 pto=0.687 label=PASS_ACTION p11 t2
Q type=PASS_ACTION prior=0.0345 q=0.1406 pto=0.680 label=PASS_ACTION p11 t3
Q type=PASS_ACTION prior=0.0345 q=0.1819 pto=0.527 label=PASS_ACTION p11 t4
Q type=PASS_ACTION prior=0.0345 q=0.1831 pto=0.520 label=PASS_ACTION p11 t5
Q type=PASS_ACTION prior=0.0345 q=0.1954 pto=0.480 label=PASS_ACTION p11 t6
Q type=PASS_ACTION prior=0.0345 q=0.1981 pto=0.453 label=PASS_ACTION p11 t7
Q type=PASS_ACTION prior=0.0345 q=0.2017 pto=0.407 label=PASS_ACTION p11 t8
Q type=PASS_ACTION prior=0.0345 q=0.2419 pto=0.247 label=PASS_ACTION p11 t9
Q type=PASS_ACTION prior=0.0345 q=0.2481 pto=0.240 label=PASS_ACTION p11 t10
Q type=FOUL prior=0.0345 q=0.2888 pto=0.000 label=FOUL p3 t13
Q type=FOUL prior=0.0345 q=0.2888 pto=0.000 label=FOUL p5 t12
Q type=FOUL prior=0.0345 q=0.2888 pto=0.000 label=FOUL p6 t12
Q type=REPOSITION prior=0.0345 q=0.2904 pto=0.000 label=REPOSITION p1->(3,5)
Q type=REPOSITION prior=0.0345 q=0.2915 pto=0.000 label=REPOSITION p4->(3,5)
Q type=REPOSITION prior=0.0345 q=0.2890 pto=0.000 label=REPOSITION p5->(3,5)
Q type=REPOSITION prior=0.0345 q=0.2890 pto=0.000 label=REPOSITION p6->(3,5)
Q type=REPOSITION prior=0.0345 q=0.2890 pto=0.000 label=REPOSITION p7->(3,5)
Q type=REPOSITION prior=0.0345 q=0.2877 pto=0.000 label=REPOSITION p8->(3,5)
Q type=REPOSITION prior=0.0345 q=0.2944 pto=0.000 label=REPOSITION p9->(5,5)
Q type=REPOSITION prior=0.0345 q=0.2917 pto=0.000 label=REPOSITION p10->(5,5)
SROOT g=6 t=4 ctx=off n=24
Q type=END_TURN prior=0.0360 q=0.3548 pto=0.000 label=END_TURN p-1 t-1
Q type=ADVANCE prior=0.1037 q=0.3997 pto=0.000 label=ADVANCE p11 t-1
Q type=CAGE prior=0.1037 q=0.3548 pto=0.000 label=CAGE p11 t-1
Q type=BLITZ prior=0.0360 q=0.3703 pto=0.000 label=BLITZ p-1 t15
Q type=PASS_ACTION prior=0.0360 q=0.2932 pto=0.280 label=PASS_ACTION p11 t1
Q type=PASS_ACTION prior=0.0360 q=0.1607 pto=0.713 label=PASS_ACTION p11 t2
Q type=PASS_ACTION prior=0.0360 q=0.1734 pto=0.680 label=PASS_ACTION p11 t3
Q type=PASS_ACTION prior=0.0360 q=0.3356 pto=0.153 label=PASS_ACTION p11 t4
Q type=PASS_ACTION prior=0.0360 q=0.3218 pto=0.200 label=PASS_ACTION p11 t6
Q type=PASS_ACTION prior=0.0360 q=0.3317 pto=0.167 label=PASS_ACTION p11 t7
Q type=PASS_ACTION prior=0.0360 q=0.2854 pto=0.247 label=PASS_ACTION p11 t8
Q type=FOUL prior=0.0360 q=0.3492 pto=0.000 label=FOUL p3 t13
Q type=FOUL prior=0.0360 q=0.3495 pto=0.000 label=FOUL p4 t14
Q type=FOUL prior=0.0360 q=0.3497 pto=0.000 label=FOUL p5 t12
Q type=FOUL prior=0.0360 q=0.3493 pto=0.000 label=FOUL p6 t12
Q type=FOUL prior=0.0360 q=0.3495 pto=0.000 label=FOUL p7 t14
Q type=REPOSITION prior=0.0360 q=0.3558 pto=0.000 label=REPOSITION p1->(8,4)
Q type=REPOSITION prior=0.0360 q=0.3568 pto=0.000 label=REPOSITION p4->(8,4)
Q type=REPOSITION prior=0.0360 q=0.3588 pto=0.000 label=REPOSITION p5->(8,4)
Q type=REPOSITION prior=0.0360 q=0.3558 pto=0.000 label=REPOSITION p6->(8,4)
Q type=REPOSITION prior=0.0360 q=0.3568 pto=0.000 label=REPOSITION p7->(8,4)
Q type=REPOSITION prior=0.0360 q=0.3568 pto=0.000 label=REPOSITION p8->(8,4)
Q type=REPOSITION prior=0.0360 q=0.3558 pto=0.000 label=REPOSITION p9->(8,4)
Q type=REPOSITION prior=0.0360 q=0.3548 pto=0.000 label=REPOSITION p10->(8,4)
SROOT g=6 t=6 ctx=off n=18
Q type=END_TURN prior=0.0492 q=0.3809 pto=0.000 label=END_TURN p-1 t-1
Q type=ADVANCE prior=0.1063 q=0.3283 pto=0.247 label=ADVANCE p11 t-1
Q type=CAGE prior=0.1063 q=0.3809 pto=0.000 label=CAGE p11 t-1
Q type=BLITZ prior=0.0492 q=0.3980 pto=0.000 label=BLITZ p-1 t15
Q type=PASS_ACTION prior=0.0492 q=0.3657 pto=0.093 label=PASS_ACTION p11 t2
Q type=PASS_ACTION prior=0.0492 q=0.1851 pto=0.560 label=PASS_ACTION p11 t3
Q type=FOUL prior=0.0492 q=0.3742 pto=0.000 label=FOUL p3 t13
Q type=FOUL prior=0.0492 q=0.3753 pto=0.000 label=FOUL p5 t12
Q type=FOUL prior=0.0492 q=0.3754 pto=0.000 label=FOUL p6 t14
Q type=FOUL prior=0.0492 q=0.3759 pto=0.000 label=FOUL p7 t14
Q type=REPOSITION prior=0.0492 q=0.3831 pto=0.000 label=REPOSITION p2->(12,5)
Q type=REPOSITION prior=0.0492 q=0.3820 pto=0.000 label=REPOSITION p4->(12,5)
Q type=REPOSITION prior=0.0492 q=0.3810 pto=0.000 label=REPOSITION p5->(10,5)
Q type=REPOSITION prior=0.0492 q=0.3809 pto=0.000 label=REPOSITION p6->(12,5)
Q type=REPOSITION prior=0.0492 q=0.3843 pto=0.000 label=REPOSITION p7->(12,5)
Q type=REPOSITION prior=0.0492 q=0.3843 pto=0.000 label=REPOSITION p8->(12,5)
Q type=REPOSITION prior=0.0492 q=0.3820 pto=0.000 label=REPOSITION p9->(10,5)
Q type=REPOSITION prior=0.0492 q=0.3854 pto=0.000 label=REPOSITION p10->(10,5)
SROOT g=6 t=8 ctx=off n=19
Q type=END_TURN prior=0.0394 q=0.3807 pto=0.000 label=END_TURN p-1 t-1
Q type=ADVANCE prior=0.0898 q=0.3090 pto=0.267 label=ADVANCE p11 t-1
Q type=CAGE prior=0.0898 q=0.3594 pto=0.613 label=CAGE p11 t-1
Q type=BLITZ prior=0.0394 q=0.3539 pto=0.927 label=BLITZ p-1 t15
Q type=BLOCK prior=0.0898 q=0.3987 pto=0.000 label=BLOCK p4 t15
Q type=BLOCK prior=0.0898 q=0.3987 pto=0.000 label=BLOCK p6 t15
Q type=BLOCK prior=0.0898 q=0.3771 pto=0.000 label=BLOCK p11 t15
Q type=PASS_ACTION prior=0.0394 q=0.1959 pto=0.540 label=PASS_ACTION p11 t2
Q type=PASS_ACTION prior=0.0394 q=0.0786 pto=0.833 label=PASS_ACTION p11 t3
Q type=FOUL prior=0.0394 q=0.3741 pto=0.000 label=FOUL p3 t13
Q type=FOUL prior=0.0394 q=0.3756 pto=0.000 label=FOUL p5 t12
Q type=FOUL prior=0.0394 q=0.3753 pto=0.000 label=FOUL p6 t14
Q type=FOUL prior=0.0394 q=0.3756 pto=0.000 label=FOUL p7 t14
Q type=FOUL prior=0.0394 q=0.3039 pto=0.000 label=FOUL p11 t14
Q type=REPOSITION prior=0.0394 q=0.3833 pto=0.000 label=REPOSITION p5->(9,5)
Q type=REPOSITION prior=0.0394 q=0.3824 pto=0.000 label=REPOSITION p7->(11,5)
Q type=REPOSITION prior=0.0394 q=0.3824 pto=0.000 label=REPOSITION p8->(11,5)
Q type=REPOSITION prior=0.0394 q=0.3833 pto=0.000 label=REPOSITION p9->(9,5)
Q type=REPOSITION prior=0.0394 q=0.3833 pto=0.000 label=REPOSITION p10->(11,5)
SROOT g=6 t=10 ctx=off n=20
Q type=END_TURN prior=0.0370 q=0.4338 pto=0.000 label=END_TURN p-1 t-1
Q type=ADVANCE prior=0.0889 q=0.4338 pto=0.000 label=ADVANCE p11 t-1
Q type=CAGE prior=0.0889 q=0.4235 pto=0.253 label=CAGE p11 t-1
Q type=BLITZ prior=0.0370 q=0.4115 pto=0.720 label=BLITZ p-1 t22
Q type=BLOCK prior=0.0889 q=0.4505 pto=0.013 label=BLOCK p2 t18
Q type=BLOCK prior=0.0889 q=0.4442 pto=0.020 label=BLOCK p6 t22
Q type=BLOCK prior=0.0889 q=0.4514 pto=0.013 label=BLOCK p6 t18
Q type=PASS_ACTION prior=0.0370 q=0.3121 pto=0.373 label=PASS_ACTION p11 t2
Q type=PASS_ACTION prior=0.0370 q=0.2387 pto=0.553 label=PASS_ACTION p11 t3
Q type=PASS_ACTION prior=0.0370 q=0.2166 pto=0.580 label=PASS_ACTION p11 t6
Q type=FOUL prior=0.0370 q=0.4273 pto=0.000 label=FOUL p3 t13
Q type=FOUL prior=0.0370 q=0.4288 pto=0.000 label=FOUL p5 t12
Q type=FOUL prior=0.0370 q=0.4286 pto=0.000 label=FOUL p7 t14
Q type=FOUL prior=0.0370 q=0.3599 pto=0.000 label=FOUL p11 t14
Q type=REPOSITION prior=0.0370 q=0.4338 pto=0.000 label=REPOSITION p4->(11,5)
Q type=REPOSITION prior=0.0370 q=0.4364 pto=0.000 label=REPOSITION p5->(9,5)
Q type=REPOSITION prior=0.0370 q=0.4356 pto=0.000 label=REPOSITION p7->(11,5)
Q type=REPOSITION prior=0.0370 q=0.4356 pto=0.000 label=REPOSITION p8->(11,5)
Q type=REPOSITION prior=0.0370 q=0.4373 pto=0.000 label=REPOSITION p9->(9,5)
Q type=REPOSITION prior=0.0370 q=0.4364 pto=0.000 label=REPOSITION p10->(11,5)
SROOT g=6 t=12 ctx=loose n=13
Q type=END_TURN prior=0.0549 q=-0.5600 pto=0.000 label=END_TURN p-1 t-1
Q type=BLITZ prior=0.0549 q=-0.5600 pto=0.000 label=BLITZ p-1 t13
Q type=BLOCK prior=0.0856 q=-0.5426 pto=0.027 label=BLOCK p2 t13
Q type=BLOCK prior=0.0856 q=-0.5380 pto=0.000 label=BLOCK p3 t13
Q type=BLOCK prior=0.0856 q=-0.5426 pto=0.027 label=BLOCK p4 t13
Q type=PICKUP prior=0.2496 q=-0.3072 pto=0.113 label=PICKUP p11 t-1
Q type=REPOSITION prior=0.0549 q=-0.5600 pto=0.000 label=REPOSITION p5->(4,6)
Q type=REPOSITION prior=0.0549 q=-0.5600 pto=0.000 label=REPOSITION p6->(4,6)
Q type=REPOSITION prior=0.0549 q=-0.5600 pto=0.000 label=REPOSITION p7->(4,6)
Q type=REPOSITION prior=0.0549 q=-0.5200 pto=0.000 label=REPOSITION p8->(4,6)
Q type=REPOSITION prior=0.0549 q=-0.3560 pto=0.113 label=REPOSITION p9->(4,6)
Q type=REPOSITION prior=0.0549 q=-0.3560 pto=0.113 label=REPOSITION p10->(4,6)
Q type=REPOSITION prior=0.0549 q=-0.3560 pto=0.113 label=REPOSITION p11->(4,6)
SROOT g=6 t=13 ctx=loose n=12
Q type=END_TURN prior=0.0658 q=0.3500 pto=0.000 label=END_TURN p-1 t-1
Q type=BLITZ prior=0.0658 q=0.3179 pto=0.000 label=BLITZ p-1 t1
Q type=PICKUP prior=0.2763 q=0.3500 pto=0.000 label=PICKUP p19 t-1
Q type=REPOSITION prior=0.0658 q=0.3900 pto=0.000 label=REPOSITION p14->(4,6)
Q type=REPOSITION prior=0.0658 q=0.3900 pto=0.000 label=REPOSITION p15->(4,6)
Q type=REPOSITION prior=0.0658 q=0.3500 pto=0.000 label=REPOSITION p16->(4,6)
Q type=REPOSITION prior=0.0658 q=0.3900 pto=0.000 label=REPOSITION p17->(4,6)
Q type=REPOSITION prior=0.0658 q=0.3900 pto=0.000 label=REPOSITION p18->(4,6)
Q type=REPOSITION prior=0.0658 q=0.3500 pto=0.000 label=REPOSITION p19->(4,6)
Q type=REPOSITION prior=0.0658 q=0.3500 pto=0.000 label=REPOSITION p20->(4,6)
Q type=REPOSITION prior=0.0658 q=0.3500 pto=0.000 label=REPOSITION p21->(4,6)
Q type=REPOSITION prior=0.0658 q=0.3500 pto=0.000 label=REPOSITION p22->(4,6)
SROOT g=6 t=14 ctx=loose n=14
Q type=END_TURN prior=0.0559 q=-0.4900 pto=0.000 label=END_TURN p-1 t-1
Q type=BLITZ prior=0.0559 q=-0.4736 pto=0.047 label=BLITZ p-1 t12
Q type=PICKUP prior=0.2737 q=-0.4900 pto=0.000 label=PICKUP p11 t-1
Q type=REPOSITION prior=0.0559 q=-0.4900 pto=0.000 label=REPOSITION p1->(4,6)
Q type=REPOSITION prior=0.0559 q=-0.4900 pto=0.000 label=REPOSITION p2->(4,6)
Q type=REPOSITION prior=0.0559 q=-0.4900 pto=0.000 label=REPOSITION p3->(4,6)
Q type=REPOSITION prior=0.0559 q=-0.4900 pto=0.000 label=REPOSITION p4->(4,6)
Q type=REPOSITION prior=0.0559 q=-0.4900 pto=0.000 label=REPOSITION p5->(4,6)
Q type=REPOSITION prior=0.0559 q=-0.4900 pto=0.000 label=REPOSITION p6->(4,6)
Q type=REPOSITION prior=0.0559 q=-0.4900 pto=0.000 label=REPOSITION p7->(4,6)
Q type=REPOSITION prior=0.0559 q=-0.4900 pto=0.000 label=REPOSITION p8->(4,6)
Q type=REPOSITION prior=0.0559 q=-0.4900 pto=0.000 label=REPOSITION p9->(4,6)
Q type=REPOSITION prior=0.0559 q=-0.4900 pto=0.000 label=REPOSITION p10->(4,6)
Q type=REPOSITION prior=0.0559 q=-0.4900 pto=0.000 label=REPOSITION p11->(4,6)
SROOT g=6 t=15 ctx=loose n=14
Q type=END_TURN prior=0.0559 q=0.4800 pto=0.000 label=END_TURN p-1 t-1
Q type=BLITZ prior=0.0559 q=0.4535 pto=0.767 label=BLITZ p-1 t8
Q type=PICKUP prior=0.2737 q=0.9411 pto=0.113 label=PICKUP p12 t-1
Q type=FOUL prior=0.0559 q=0.4587 pto=0.000 label=FOUL p12 t11
Q type=REPOSITION prior=0.0559 q=0.9411 pto=0.113 label=REPOSITION p12->(4,6)
Q type=REPOSITION prior=0.0559 q=0.4800 pto=0.000 label=REPOSITION p13->(4,6)
Q type=REPOSITION prior=0.0559 q=0.4800 pto=0.000 label=REPOSITION p15->(4,6)
Q type=REPOSITION prior=0.0559 q=0.4800 pto=0.000 label=REPOSITION p16->(4,6)
Q type=REPOSITION prior=0.0559 q=0.4800 pto=0.000 label=REPOSITION p17->(4,6)
Q type=REPOSITION prior=0.0559 q=0.4800 pto=0.000 label=REPOSITION p18->(4,6)
Q type=REPOSITION prior=0.0559 q=0.4796 pto=0.013 label=REPOSITION p19->(4,6)
Q type=REPOSITION prior=0.0559 q=0.4800 pto=0.000 label=REPOSITION p20->(4,6)
Q type=REPOSITION prior=0.0559 q=0.4800 pto=0.000 label=REPOSITION p21->(4,6)
Q type=REPOSITION prior=0.0559 q=0.4800 pto=0.000 label=REPOSITION p22->(4,6)
SROOT g=6 t=16 ctx=loose n=13
Q type=END_TURN prior=0.0549 q=-1.0000 pto=0.000 label=END_TURN p-1 t-1
Q type=BLITZ prior=0.0549 q=-1.0000 pto=0.000 label=BLITZ p-1 t13
Q type=BLOCK prior=0.0856 q=-1.0000 pto=0.027 label=BLOCK p2 t13
Q type=BLOCK prior=0.0856 q=-1.0000 pto=0.000 label=BLOCK p3 t13
Q type=BLOCK prior=0.0856 q=-1.0000 pto=0.027 label=BLOCK p4 t13
Q type=PICKUP prior=0.2496 q=-1.0000 pto=0.000 label=PICKUP p11 t-1
Q type=REPOSITION prior=0.0549 q=-1.0000 pto=0.000 label=REPOSITION p5->(1,9)
Q type=REPOSITION prior=0.0549 q=-1.0000 pto=0.000 label=REPOSITION p6->(1,9)
Q type=REPOSITION prior=0.0549 q=-1.0000 pto=0.000 label=REPOSITION p7->(1,9)
Q type=REPOSITION prior=0.0549 q=-1.0000 pto=0.000 label=REPOSITION p8->(1,9)
Q type=REPOSITION prior=0.0549 q=-1.0000 pto=0.000 label=REPOSITION p9->(1,9)
Q type=REPOSITION prior=0.0549 q=-1.0000 pto=0.000 label=REPOSITION p10->(1,9)
Q type=REPOSITION prior=0.0549 q=-1.0000 pto=0.000 label=REPOSITION p11->(1,9)
SROOT g=6 t=17 ctx=loose n=13
Q type=END_TURN prior=0.0614 q=0.9800 pto=0.000 label=END_TURN p-1 t-1
Q type=BLITZ prior=0.0614 q=0.9493 pto=0.773 label=BLITZ p-1 t1
Q type=BLOCK prior=0.0958 q=0.9479 pto=0.013 label=BLOCK p13 t2
Q type=BLOCK prior=0.0958 q=0.9479 pto=0.000 label=BLOCK p14 t2
Q type=BLOCK prior=0.0958 q=0.9479 pto=0.000 label=BLOCK p15 t2
Q type=PICKUP prior=0.1597 q=0.9995 pto=0.027 label=PICKUP p20 t-1
Q type=REPOSITION prior=0.0614 q=0.9995 pto=0.027 label=REPOSITION p16->(17,6)
Q type=REPOSITION prior=0.0614 q=0.9977 pto=0.113 label=REPOSITION p17->(17,6)
Q type=REPOSITION prior=0.0614 q=0.9977 pto=0.113 label=REPOSITION p18->(17,6)
Q type=REPOSITION prior=0.0614 q=0.9995 pto=0.027 label=REPOSITION p19->(17,6)
Q type=REPOSITION prior=0.0614 q=0.9995 pto=0.027 label=REPOSITION p20->(17,6)
Q type=REPOSITION prior=0.0614 q=0.9995 pto=0.027 label=REPOSITION p21->(17,6)
Q type=REPOSITION prior=0.0614 q=0.9995 pto=0.027 label=REPOSITION p22->(17,6)
SROOT g=6 t=19 ctx=off n=19
Q type=END_TURN prior=0.0358 q=1.0000 pto=0.000 label=END_TURN p-1 t-1
Q type=ADVANCE prior=0.0815 q=0.9984 pto=0.013 label=ADVANCE p20 t-1
Q type=CAGE prior=0.0815 q=1.0000 pto=0.713 label=CAGE p20 t-1
Q type=BLITZ prior=0.0358 q=1.0000 pto=0.013 label=BLITZ p-1 t1
Q type=BLOCK prior=0.0815 q=1.0000 pto=0.013 label=BLOCK p12 t1
Q type=BLOCK prior=0.0815 q=1.0000 pto=0.000 label=BLOCK p14 t2
Q type=BLOCK prior=0.0815 q=1.0000 pto=0.000 label=BLOCK p15 t2
Q type=BLOCK prior=0.0815 q=1.0000 pto=0.000 label=BLOCK p16 t1
Q type=BLOCK prior=0.0815 q=0.9993 pto=0.013 label=BLOCK p20 t1
Q type=PASS_ACTION prior=0.0358 q=0.9613 pto=0.520 label=PASS_ACTION p20 t14
Q type=PASS_ACTION prior=0.0358 q=0.9672 pto=0.500 label=PASS_ACTION p20 t15
Q type=PASS_ACTION prior=0.0358 q=0.9885 pto=0.233 label=PASS_ACTION p20 t17
Q type=PASS_ACTION prior=0.0358 q=0.9720 pto=0.387 label=PASS_ACTION p20 t18
Q type=PASS_ACTION prior=0.0358 q=0.9631 pto=0.533 label=PASS_ACTION p20 t19
Q type=REPOSITION prior=0.0358 q=1.0000 pto=0.000 label=REPOSITION p17->(13,3)
Q type=REPOSITION prior=0.0358 q=1.0000 pto=0.000 label=REPOSITION p18->(15,0)
Q type=REPOSITION prior=0.0358 q=1.0000 pto=0.000 label=REPOSITION p19->(15,3)
Q type=REPOSITION prior=0.0358 q=1.0000 pto=0.000 label=REPOSITION p21->(15,3)
Q type=REPOSITION prior=0.0358 q=1.0000 pto=0.000 label=REPOSITION p22->(15,3)
SROOT g=6 t=21 ctx=off n=13
Q type=END_TURN prior=0.0708 q=1.0000 pto=0.000 label=END_TURN p-1 t-1
Q type=ADVANCE prior=0.1105 q=0.9547 pto=0.233 label=ADVANCE p16 t-1
Q type=CAGE prior=0.1105 q=1.0000 pto=0.513 label=CAGE p16 t-1
Q type=BLITZ prior=0.0708 q=1.0000 pto=0.027 label=BLITZ p-1 t4
Q type=PASS_ACTION prior=0.0708 q=0.8429 pto=0.673 label=PASS_ACTION p16 t15
Q type=PASS_ACTION prior=0.0708 q=0.9776 pto=0.107 label=PASS_ACTION p16 t17
Q type=PASS_ACTION prior=0.0708 q=0.8652 pto=0.587 label=PASS_ACTION p16 t18
Q type=PASS_ACTION prior=0.0708 q=0.8705 pto=0.573 label=PASS_ACTION p16 t19
Q type=REPOSITION prior=0.0708 q=1.0000 pto=0.000 label=REPOSITION p17->(14,4)
Q type=REPOSITION prior=0.0708 q=1.0000 pto=0.000 label=REPOSITION p18->(16,4)
Q type=REPOSITION prior=0.0708 q=1.0000 pto=0.000 label=REPOSITION p19->(9,0)
Q type=REPOSITION prior=0.0708 q=1.0000 pto=0.000 label=REPOSITION p21->(16,4)
Q type=REPOSITION prior=0.0708 q=1.0000 pto=0.000 label=REPOSITION p22->(14,4)
SROOT g=6 t=23 ctx=off n=15
Q type=END_TURN prior=0.0505 q=1.0000 pto=0.000 label=END_TURN p-1 t-1
Q type=ADVANCE prior=0.0909 q=0.8529 pto=0.473 label=ADVANCE p16 t-1
Q type=CAGE prior=0.0909 q=1.0000 pto=0.713 label=CAGE p16 t-1
Q type=BLITZ prior=0.0505 q=1.0000 pto=0.013 label=BLITZ p-1 t4
Q type=BLOCK prior=0.0909 q=1.0000 pto=0.013 label=BLOCK p12 t4
Q type=BLOCK prior=0.0909 q=1.0000 pto=0.000 label=BLOCK p15 t4
Q type=BLOCK prior=0.0909 q=1.0000 pto=0.000 label=BLOCK p16 t4
Q type=BLOCK prior=0.0909 q=1.0000 pto=0.000 label=BLOCK p17 t4
Q type=PASS_ACTION prior=0.0505 q=0.9280 pto=0.233 label=PASS_ACTION p16 t15
Q type=PASS_ACTION prior=0.0505 q=0.8799 pto=0.367 label=PASS_ACTION p16 t18
Q type=PASS_ACTION prior=0.0505 q=0.8145 pto=0.560 label=PASS_ACTION p16 t19
Q type=REPOSITION prior=0.0505 q=1.0000 pto=0.000 label=REPOSITION p18->(14,5)
Q type=REPOSITION prior=0.0505 q=1.0000 pto=0.000 label=REPOSITION p19->(9,0)
Q type=REPOSITION prior=0.0505 q=1.0000 pto=0.000 label=REPOSITION p21->(16,5)
Q type=REPOSITION prior=0.0505 q=1.0000 pto=0.000 label=REPOSITION p22->(14,5)
SROOT g=6 t=25 ctx=off n=13
Q type=END_TURN prior=0.0633 q=1.0000 pto=0.000 label=END_TURN p-1 t-1
Q type=ADVANCE prior=0.0987 q=0.9309 pto=0.240 label=ADVANCE p16 t-1
Q type=CAGE prior=0.0987 q=1.0000 pto=0.513 label=CAGE p16 t-1
Q type=BLITZ prior=0.0633 q=1.0000 pto=0.013 label=BLITZ p-1 t4
Q type=BLOCK prior=0.0987 q=1.0000 pto=0.013 label=BLOCK p12 t4
Q type=BLOCK prior=0.0987 q=1.0000 pto=0.000 label=BLOCK p15 t4
Q type=BLOCK prior=0.0987 q=1.0000 pto=0.000 label=BLOCK p16 t4
Q type=PASS_ACTION prior=0.0633 q=0.9343 pto=0.227 label=PASS_ACTION p16 t15
Q type=PASS_ACTION prior=0.0633 q=0.8715 pto=0.413 label=PASS_ACTION p16 t18
Q type=PASS_ACTION prior=0.0633 q=0.8055 pto=0.627 label=PASS_ACTION p16 t19
Q type=REPOSITION prior=0.0633 q=1.0000 pto=0.000 label=REPOSITION p18->(14,5)
Q type=REPOSITION prior=0.0633 q=1.0000 pto=0.000 label=REPOSITION p21->(16,5)
Q type=REPOSITION prior=0.0633 q=1.0000 pto=0.000 label=REPOSITION p22->(14,5)
SROOT g=6 t=27 ctx=off n=11
Q type=END_TURN prior=0.0859 q=1.0000 pto=0.000 label=END_TURN p-1 t-1
Q type=ADVANCE prior=0.1134 q=0.9429 pto=0.240 label=ADVANCE p16 t-1
Q type=CAGE prior=0.1134 q=1.0000 pto=0.287 label=CAGE p16 t-1
Q type=BLITZ prior=0.0859 q=1.0000 pto=0.013 label=BLITZ p-1 t4
Q type=PASS_ACTION prior=0.0859 q=0.9456 pto=0.227 label=PASS_ACTION p16 t15
Q type=PASS_ACTION prior=0.0859 q=0.8940 pto=0.407 label=PASS_ACTION p16 t18
Q type=PASS_ACTION prior=0.0859 q=0.8359 pto=0.627 label=PASS_ACTION p16 t19
Q type=REPOSITION prior=0.0859 q=1.0000 pto=0.000 label=REPOSITION p12->(14,5)
Q type=REPOSITION prior=0.0859 q=1.0000 pto=0.000 label=REPOSITION p18->(14,5)
Q type=REPOSITION prior=0.0859 q=1.0000 pto=0.000 label=REPOSITION p21->(16,5)
Q type=REPOSITION prior=0.0859 q=1.0000 pto=0.000 label=REPOSITION p22->(14,5)
SROOT g=6 t=29 ctx=off n=10
Q type=END_TURN prior=0.0962 q=1.0000 pto=0.000 label=END_TURN p-1 t-1
Q type=ADVANCE prior=0.1154 q=0.9357 pto=0.240 label=ADVANCE p16 t-1
Q type=CAGE prior=0.1154 q=1.0000 pto=0.287 label=CAGE p16 t-1
Q type=BLITZ prior=0.0962 q=0.9900 pto=0.013 label=BLITZ p-1 t4
Q type=PASS_ACTION prior=0.0962 q=0.9388 pto=0.227 label=PASS_ACTION p16 t15
Q type=PASS_ACTION prior=0.0962 q=0.8673 pto=0.453 label=PASS_ACTION p16 t18
Q type=REPOSITION prior=0.0962 q=1.0000 pto=0.000 label=REPOSITION p12->(14,5)
Q type=REPOSITION prior=0.0962 q=1.0000 pto=0.000 label=REPOSITION p18->(14,5)
Q type=REPOSITION prior=0.0962 q=1.0000 pto=0.000 label=REPOSITION p21->(3,7)
Q type=REPOSITION prior=0.0962 q=1.0000 pto=0.000 label=REPOSITION p22->(14,5)
SROOT g=6 t=31 ctx=off n=10
Q type=END_TURN prior=0.0962 q=0.9400 pto=0.000 label=END_TURN p-1 t-1
Q type=ADVANCE prior=0.1154 q=0.9357 pto=0.240 label=ADVANCE p16 t-1
Q type=CAGE prior=0.1154 q=0.9814 pto=0.287 label=CAGE p16 t-1
Q type=BLITZ prior=0.0962 q=0.9545 pto=0.013 label=BLITZ p-1 t4
Q type=PASS_ACTION prior=0.0962 q=0.9001 pto=0.227 label=PASS_ACTION p16 t15
Q type=PASS_ACTION prior=0.0962 q=0.8449 pto=0.453 label=PASS_ACTION p16 t18
Q type=REPOSITION prior=0.0962 q=0.9400 pto=0.000 label=REPOSITION p12->(14,5)
Q type=REPOSITION prior=0.0962 q=0.9400 pto=0.000 label=REPOSITION p18->(14,5)
Q type=REPOSITION prior=0.0962 q=0.9400 pto=0.000 label=REPOSITION p21->(3,7)
Q type=REPOSITION prior=0.0962 q=0.9400 pto=0.000 label=REPOSITION p22->(14,5)
SROOT g=7 t=0 ctx=loose n=13
Q type=END_TURN prior=0.0614 q=-0.0200 pto=0.000 label=END_TURN p-1 t-1
Q type=BLITZ prior=0.0614 q=-0.0406 pto=0.787 label=BLITZ p-1 t12
Q type=BLOCK prior=0.0958 q=-0.0040 pto=0.020 label=BLOCK p2 t13
Q type=BLOCK prior=0.0958 q=-0.0032 pto=0.000 label=BLOCK p3 t13
Q type=BLOCK prior=0.0958 q=-0.0032 pto=0.000 label=BLOCK p4 t13
Q type=PICKUP prior=0.1597 q=0.3084 pto=0.027 label=PICKUP p11 t-1
Q type=REPOSITION prior=0.0614 q=0.2868 pto=0.027 label=REPOSITION p5->(8,7)
Q type=REPOSITION prior=0.0614 q=0.2594 pto=0.113 label=REPOSITION p6->(8,7)
Q type=REPOSITION prior=0.0614 q=0.2594 pto=0.113 label=REPOSITION p7->(8,7)
Q type=REPOSITION prior=0.0614 q=0.2802 pto=0.027 label=REPOSITION p8->(8,7)
Q type=REPOSITION prior=0.0614 q=0.2817 pto=0.027 label=REPOSITION p9->(8,7)
Q type=REPOSITION prior=0.0614 q=0.2817 pto=0.027 label=REPOSITION p10->(8,7)
Q type=REPOSITION prior=0.0614 q=0.2833 pto=0.027 label=REPOSITION p11->(8,7)
SROOT g=7 t=2 ctx=off n=21
Q type=END_TURN prior=0.0416 q=0.3829 pto=0.000 label=END_TURN p-1 t-1
Q type=ADVANCE prior=0.1048 q=0.3829 pto=0.000 label=ADVANCE p11 t-1
Q type=CAGE prior=0.1048 q=0.3829 pto=0.000 label=CAGE p11 t-1
Q type=BLITZ prior=0.0416 q=0.3922 pto=0.087 label=BLITZ p-1 t14
Q type=PASS_ACTION prior=0.0416 q=0.3735 pto=0.060 label=PASS_ACTION p11 t1
Q type=PASS_ACTION prior=0.0416 q=0.2502 pto=0.407 label=PASS_ACTION p11 t2
Q type=PASS_ACTION prior=0.0416 q=0.3746 pto=0.060 label=PASS_ACTION p11 t7
Q type=PASS_ACTION prior=0.0416 q=0.3639 pto=0.087 label=PASS_ACTION p11 t8
Q type=PASS_ACTION prior=0.0416 q=0.3834 pto=0.020 label=PASS_ACTION p11 t10
Q type=FOUL prior=0.0416 q=0.3772 pto=0.000 label=FOUL p2 t13
Q type=FOUL prior=0.0416 q=0.3774 pto=0.000 label=FOUL p7 t12
Q type=FOUL prior=0.0416 q=0.3774 pto=0.000 label=FOUL p8 t13
Q type=FOUL prior=0.0416 q=0.3774 pto=0.000 label=FOUL p10 t15
Q type=REPOSITION prior=0.0416 q=0.3838 pto=0.000 label=REPOSITION p1->(13,5)
Q type=REPOSITION prior=0.0416 q=0.3838 pto=0.000 label=REPOSITION p3->(13,5)
Q type=REPOSITION prior=0.0416 q=0.3829 pto=0.000 label=REPOSITION p5->(13,5)
Q type=REPOSITION prior=0.0416 q=0.3838 pto=0.000 label=REPOSITION p6->(13,5)
Q type=REPOSITION prior=0.0416 q=0.3829 pto=0.000 label=REPOSITION p7->(13,5)
Q type=REPOSITION prior=0.0416 q=0.3820 pto=0.000 label=REPOSITION p8->(13,5)
Q type=REPOSITION prior=0.0416 q=0.3838 pto=0.000 label=REPOSITION p9->(13,5)
Q type=REPOSITION prior=0.0416 q=0.3829 pto=0.000 label=REPOSITION p10->(13,5)
SROOT g=7 t=4 ctx=off n=18
Q type=END_TURN prior=0.0456 q=0.3549 pto=0.000 label=END_TURN p-1 t-1
Q type=ADVANCE prior=0.0985 q=0.3549 pto=0.000 label=ADVANCE p11 t-1
Q type=CAGE prior=0.0985 q=0.3549 pto=0.000 label=CAGE p11 t-1
Q type=BLITZ prior=0.0456 q=0.3719 pto=0.020 label=BLITZ p-1 t16
Q type=BLITZ_AND_SCORE prior=0.0657 q=0.3539 pto=0.067 label=BLITZ_AND_SCORE p11 t17
Q type=BLOCK prior=0.0985 q=0.3719 pto=0.020 label=BLOCK p1 t16
Q type=PASS_ACTION prior=0.0456 q=0.2357 pto=0.360 label=PASS_ACTION p11 t1
Q type=PASS_ACTION prior=0.0456 q=0.3030 pto=0.180 label=PASS_ACTION p11 t7
Q type=PASS_ACTION prior=0.0456 q=0.3069 pto=0.160 label=PASS_ACTION p11 t8
Q type=PASS_ACTION prior=0.0456 q=0.3550 pto=0.020 label=PASS_ACTION p11 t10
Q type=FOUL prior=0.0456 q=0.3493 pto=0.000 label=FOUL p7 t12
Q type=FOUL prior=0.0456 q=0.3491 pto=0.000 label=FOUL p8 t13
Q type=FOUL prior=0.0456 q=0.3493 pto=0.000 label=FOUL p10 t15
Q type=REPOSITION prior=0.0456 q=0.3559 pto=0.000 label=REPOSITION p3->(13,5)
Q type=REPOSITION prior=0.0456 q=0.3549 pto=0.000 label=REPOSITION p5->(13,5)
Q type=REPOSITION prior=0.0456 q=0.3559 pto=0.000 label=REPOSITION p6->(13,5)
Q type=REPOSITION prior=0.0456 q=0.3559 pto=0.000 label=REPOSITION p9->(13,5)
Q type=REPOSITION prior=0.0456 q=0.3549 pto=0.000 label=REPOSITION p10->(13,5)
SROOT g=7 t=6 ctx=off n=14
Q type=END_TURN prior=0.0619 q=0.3278 pto=0.000 label=END_TURN p-1 t-1
Q type=ADVANCE prior=0.1040 q=0.2773 pto=0.133 label=ADVANCE p11 t-1
Q type=CAGE prior=0.1040 q=0.3278 pto=0.000 label=CAGE p11 t-1
Q type=BLITZ prior=0.0619 q=0.3463 pto=0.000 label=BLITZ p-1 t17
Q type=BLITZ_AND_SCORE prior=0.0693 q=0.2791 pto=0.107 label=BLITZ_AND_SCORE p11 t17
Q type=BLOCK prior=0.1040 q=0.3450 pto=0.000 label=BLOCK p7 t18
Q type=PASS_ACTION prior=0.0619 q=0.2164 pto=0.340 label=PASS_ACTION p11 t7
Q type=PASS_ACTION prior=0.0619 q=0.3074 pto=0.073 label=PASS_ACTION p11 t10
Q type=FOUL prior=0.0619 q=0.3231 pto=0.000 label=FOUL p7 t12
Q type=FOUL prior=0.0619 q=0.3218 pto=0.000 label=FOUL p10 t15
Q type=REPOSITION prior=0.0619 q=0.3291 pto=0.000 label=REPOSITION p3->(13,5)
Q type=REPOSITION prior=0.0619 q=0.3278 pto=0.000 label=REPOSITION p5->(13,5)
Q type=REPOSITION prior=0.0619 q=0.3291 pto=0.000 label=REPOSITION p6->(13,5)
Q type=REPOSITION prior=0.0619 q=0.3291 pto=0.000 label=REPOSITION p9->(13,5)
SROOT g=7 t=8 ctx=off n=15
Q type=END_TURN prior=0.0515 q=0.3656 pto=0.000 label=END_TURN p-1 t-1
Q type=ADVANCE prior=0.0928 q=0.3623 pto=0.013 label=ADVANCE p11 t-1
Q type=CAGE prior=0.0928 q=0.3656 pto=0.000 label=CAGE p11 t-1
Q type=BLITZ prior=0.0515 q=0.3841 pto=0.000 label=BLITZ p-1 t17
Q type=BLITZ_AND_SCORE prior=0.1546 q=0.3137 pto=0.107 label=BLITZ_AND_SCORE p11 t17
Q type=BLOCK prior=0.0928 q=0.3828 pto=0.000 label=BLOCK p7 t18
Q type=PASS_ACTION prior=0.0515 q=0.2523 pto=0.340 label=PASS_ACTION p11 t7
Q type=PASS_ACTION prior=0.0515 q=0.3441 pto=0.073 label=PASS_ACTION p11 t10
Q type=FOUL prior=0.0515 q=0.3601 pto=0.000 label=FOUL p5 t14
Q type=FOUL prior=0.0515 q=0.3609 pto=0.000 label=FOUL p7 t12
Q type=FOUL prior=0.0515 q=0.3598 pto=0.000 label=FOUL p10 t14
Q type=REPOSITION prior=0.0515 q=0.3669 pto=0.000 label=REPOSITION p3->(13,5)
Q type=REPOSITION prior=0.0515 q=0.3656 pto=0.000 label=REPOSITION p5->(13,5)
Q type=REPOSITION prior=0.0515 q=0.3669 pto=0.000 label=REPOSITION p6->(13,5)
Q type=REPOSITION prior=0.0515 q=0.3669 pto=0.000 label=REPOSITION p9->(13,5)
SROOT g=7 t=10 ctx=off n=9
Q type=END_TURN prior=0.0905 q=0.2981 pto=0.000 label=END_TURN p-1 t-1
Q type=ADVANCE prior=0.1087 q=0.2981 pto=0.000 label=ADVANCE p11 t-1
Q type=CAGE prior=0.1087 q=0.2981 pto=0.000 label=CAGE p11 t-1
Q type=BLITZ prior=0.1006 q=0.3160 pto=0.000 label=BLITZ p-1 t19
Q type=BLITZ_AND_SCORE prior=0.1811 q=0.2962 pto=0.067 label=BLITZ_AND_SCORE p11 t21
Q type=BLOCK prior=0.1087 q=0.3160 pto=0.000 label=BLOCK p5 t19
Q type=FOUL prior=0.1006 q=0.2927 pto=0.000 label=FOUL p10 t14
Q type=FOUL prior=0.1006 q=0.2129 pto=0.000 label=FOUL p11 t12
Q type=REPOSITION prior=0.1006 q=0.2981 pto=0.000 label=REPOSITION p6->(14,5)
SROOT g=7 t=12 ctx=loose n=5
Q type=END_TURN prior=0.0952 q=-0.1400 pto=0.000 label=END_TURN p-1 t-1
Q type=BLITZ prior=0.1905 q=-0.1284 pto=0.013 label=BLITZ p-1 t20
Q type=PICKUP prior=0.3333 q=-0.1400 pto=0.000 label=PICKUP p5 t-1
Q type=FOUL prior=0.1905 q=-0.1456 pto=0.000 label=FOUL p10 t14
Q type=REPOSITION prior=0.1905 q=-0.1400 pto=0.000 label=REPOSITION p5->(10,6)
SROOT g=7 t=13 ctx=loose n=14
Q type=END_TURN prior=0.0559 q=0.1300 pto=0.000 label=END_TURN p-1 t-1
Q type=BLITZ prior=0.0559 q=0.1460 pto=0.000 label=BLITZ p-1 t6
Q type=PICKUP prior=0.2737 q=0.1300 pto=0.000 label=PICKUP p17 t-1
Q type=FOUL prior=0.0559 q=0.1244 pto=0.000 label=FOUL p16 t8
Q type=FOUL prior=0.0559 q=0.1248 pto=0.000 label=FOUL p17 t2
Q type=FOUL prior=0.0559 q=0.1248 pto=0.000 label=FOUL p18 t9
Q type=FOUL prior=0.0559 q=0.1246 pto=0.000 label=FOUL p19 t3
Q type=FOUL prior=0.0559 q=0.1246 pto=0.000 label=FOUL p21 t3
Q type=REPOSITION prior=0.0559 q=0.1300 pto=0.000 label=REPOSITION p16->(10,6)
Q type=REPOSITION prior=0.0559 q=0.1300 pto=0.000 label=REPOSITION p17->(10,6)
Q type=REPOSITION prior=0.0559 q=0.1300 pto=0.000 label=REPOSITION p18->(10,6)
Q type=REPOSITION prior=0.0559 q=0.1300 pto=0.000 label=REPOSITION p19->(10,6)
Q type=REPOSITION prior=0.0559 q=0.1300 pto=0.000 label=REPOSITION p20->(10,6)
Q type=REPOSITION prior=0.0559 q=0.1300 pto=0.000 label=REPOSITION p22->(10,6)
SROOT g=7 t=14 ctx=loose n=5
Q type=END_TURN prior=0.0952 q=-0.1400 pto=0.000 label=END_TURN p-1 t-1
Q type=BLITZ prior=0.1905 q=-0.1568 pto=0.680 label=BLITZ p-1 t20
Q type=PICKUP prior=0.3333 q=-0.1400 pto=0.000 label=PICKUP p5 t-1
Q type=REPOSITION prior=0.1905 q=-0.1400 pto=0.000 label=REPOSITION p5->(10,6)
Q type=REPOSITION prior=0.1905 q=-0.1400 pto=0.000 label=REPOSITION p6->(10,6)
SROOT g=7 t=15 ctx=loose n=13
Q type=END_TURN prior=0.0604 q=0.1000 pto=0.000 label=END_TURN p-1 t-1
Q type=BLITZ prior=0.0604 q=0.1120 pto=0.013 label=BLITZ p-1 t5
Q type=PICKUP prior=0.2749 q=0.1000 pto=0.000 label=PICKUP p17 t-1
Q type=FOUL prior=0.0604 q=0.0944 pto=0.000 label=FOUL p16 t8
Q type=FOUL prior=0.0604 q=0.0946 pto=0.000 label=FOUL p17 t2
Q type=FOUL prior=0.0604 q=0.0946 pto=0.000 label=FOUL p18 t9
Q type=FOUL prior=0.0604 q=0.0869 pto=0.000 label=FOUL p19 t3
Q type=REPOSITION prior=0.0604 q=0.1000 pto=0.000 label=REPOSITION p16->(10,6)
Q type=REPOSITION prior=0.0604 q=0.1000 pto=0.000 label=REPOSITION p17->(10,6)
Q type=REPOSITION prior=0.0604 q=0.1000 pto=0.000 label=REPOSITION p18->(10,6)
Q type=REPOSITION prior=0.0604 q=0.1000 pto=0.000 label=REPOSITION p19->(10,6)
Q type=REPOSITION prior=0.0604 q=0.1000 pto=0.000 label=REPOSITION p20->(10,6)
Q type=REPOSITION prior=0.0604 q=0.1000 pto=0.000 label=REPOSITION p22->(10,6)
SROOT g=7 t=16 ctx=loose n=13
Q type=END_TURN prior=0.0614 q=-0.0200 pto=0.000 label=END_TURN p-1 t-1
Q type=BLITZ prior=0.0614 q=-0.0378 pto=0.740 label=BLITZ p-1 t1
Q type=BLOCK prior=0.0958 q=0.0020 pto=0.000 label=BLOCK p13 t2
Q type=BLOCK prior=0.0958 q=0.0020 pto=0.000 label=BLOCK p14 t2
Q type=BLOCK prior=0.0958 q=0.0074 pto=0.007 label=BLOCK p15 t2
Q type=PICKUP prior=0.1597 q=0.1555 pto=0.340 label=PICKUP p13 t-1
Q type=REPOSITION prior=0.0614 q=-0.0200 pto=0.000 label=REPOSITION p16->(20,7)
Q type=REPOSITION prior=0.0614 q=-0.0200 pto=0.000 label=REPOSITION p17->(20,7)
Q type=REPOSITION prior=0.0614 q=-0.0200 pto=0.000 label=REPOSITION p18->(20,7)
Q type=REPOSITION prior=0.0614 q=-0.0200 pto=0.000 label=REPOSITION p19->(20,7)
Q type=REPOSITION prior=0.0614 q=0.2014 pto=0.253 label=REPOSITION p20->(20,7)
Q type=REPOSITION prior=0.0614 q=0.2014 pto=0.253 label=REPOSITION p21->(20,7)
Q type=REPOSITION prior=0.0614 q=0.2074 pto=0.253 label=REPOSITION p22->(20,7)
SROOT g=7 t=18 ctx=off n=21
Q type=END_TURN prior=0.0416 q=0.3340 pto=0.000 label=END_TURN p-1 t-1
Q type=ADVANCE prior=0.1048 q=0.3404 pto=0.000 label=ADVANCE p21 t-1
Q type=CAGE prior=0.1048 q=0.3306 pto=0.000 label=CAGE p21 t-1
Q type=BLITZ prior=0.0416 q=0.3483 pto=0.033 label=BLITZ p-1 t4
Q type=PASS_ACTION prior=0.0416 q=0.1828 pto=0.507 label=PASS_ACTION p21 t12
Q type=PASS_ACTION prior=0.0416 q=0.0634 pto=0.860 label=PASS_ACTION p21 t13
Q type=PASS_ACTION prior=0.0416 q=0.1863 pto=0.487 label=PASS_ACTION p21 t15
Q type=PASS_ACTION prior=0.0416 q=0.0355 pto=0.933 label=PASS_ACTION p21 t16
Q type=PASS_ACTION prior=0.0416 q=0.1930 pto=0.453 label=PASS_ACTION p21 t17
Q type=PASS_ACTION prior=0.0416 q=0.2017 pto=0.427 label=PASS_ACTION p21 t18
Q type=PASS_ACTION prior=0.0416 q=0.1892 pto=0.487 label=PASS_ACTION p21 t19
Q type=FOUL prior=0.0416 q=0.3283 pto=0.000 label=FOUL p12 t3
Q type=FOUL prior=0.0416 q=0.3284 pto=0.000 label=FOUL p13 t2
Q type=FOUL prior=0.0416 q=0.3283 pto=0.000 label=FOUL p15 t3
Q type=REPOSITION prior=0.0416 q=0.3340 pto=0.000 label=REPOSITION p12->(18,7)
Q type=REPOSITION prior=0.0416 q=0.3340 pto=0.000 label=REPOSITION p15->(18,7)
Q type=REPOSITION prior=0.0416 q=0.3340 pto=0.000 label=REPOSITION p17->(18,7)
Q type=REPOSITION prior=0.0416 q=0.3329 pto=0.000 label=REPOSITION p18->(18,7)
Q type=REPOSITION prior=0.0416 q=0.3329 pto=0.000 label=REPOSITION p19->(18,7)
Q type=REPOSITION prior=0.0416 q=0.3351 pto=0.000 label=REPOSITION p20->(18,7)
Q type=REPOSITION prior=0.0416 q=0.3363 pto=0.000 label=REPOSITION p22->(18,7)
SROOT g=7 t=20 ctx=off n=20
Q type=END_TURN prior=0.0439 q=0.3125 pto=0.000 label=END_TURN p-1 t-1
Q type=ADVANCE prior=0.1053 q=0.3241 pto=0.000 label=ADVANCE p21 t-1
Q type=CAGE prior=0.1053 q=0.3125 pto=0.000 label=CAGE p21 t-1
Q type=BLITZ prior=0.0439 q=0.2914 pto=0.733 label=BLITZ p-1 t5
Q type=PASS_ACTION prior=0.0439 q=0.1622 pto=0.487 label=PASS_ACTION p21 t12
Q type=PASS_ACTION prior=0.0439 q=0.0094 pto=0.873 label=PASS_ACTION p21 t13
Q type=PASS_ACTION prior=0.0439 q=0.1496 pto=0.513 label=PASS_ACTION p21 t15
Q type=PASS_ACTION prior=0.0439 q=0.2703 pto=0.107 label=PASS_ACTION p21 t17
Q type=PASS_ACTION prior=0.0439 q=0.2763 pto=0.087 label=PASS_ACTION p21 t18
Q type=PASS_ACTION prior=0.0439 q=0.1546 pto=0.507 label=PASS_ACTION p21 t19
Q type=FOUL prior=0.0439 q=0.3066 pto=0.000 label=FOUL p12 t3
Q type=FOUL prior=0.0439 q=0.3069 pto=0.000 label=FOUL p13 t2
Q type=FOUL prior=0.0439 q=0.3066 pto=0.000 label=FOUL p15 t3
Q type=REPOSITION prior=0.0439 q=0.3113 pto=0.000 label=REPOSITION p12->(18,7)
Q type=REPOSITION prior=0.0439 q=0.3113 pto=0.000 label=REPOSITION p15->(18,7)
Q type=REPOSITION prior=0.0439 q=0.3136 pto=0.000 label=REPOSITION p17->(18,7)
Q type=REPOSITION prior=0.0439 q=0.3136 pto=0.000 label=REPOSITION p18->(18,7)
Q type=REPOSITION prior=0.0439 q=0.3125 pto=0.000 label=REPOSITION p19->(18,7)
Q type=REPOSITION prior=0.0439 q=0.3159 pto=0.000 label=REPOSITION p20->(18,7)
Q type=REPOSITION prior=0.0439 q=0.3159 pto=0.000 label=REPOSITION p22->(18,7)
SROOT g=7 t=22 ctx=off n=19
Q type=END_TURN prior=0.0464 q=0.3291 pto=0.000 label=END_TURN p-1 t-1
Q type=ADVANCE prior=0.1058 q=0.3640 pto=0.000 label=ADVANCE p21 t-1
Q type=CAGE prior=0.1058 q=0.3291 pto=0.000 label=CAGE p21 t-1
Q type=BLITZ prior=0.0464 q=0.3462 pto=0.000 label=BLITZ p-1 t6
Q type=PASS_ACTION prior=0.0464 q=0.1673 pto=0.493 label=PASS_ACTION p21 t12
Q type=PASS_ACTION prior=0.0464 q=0.0154 pto=0.880 label=PASS_ACTION p21 t13
Q type=PASS_ACTION prior=0.0464 q=0.1196 pto=0.627 label=PASS_ACTION p21 t15
Q type=PASS_ACTION prior=0.0464 q=0.2816 pto=0.107 label=PASS_ACTION p21 t17
Q type=PASS_ACTION prior=0.0464 q=0.2879 pto=0.087 label=PASS_ACTION p21 t18
Q type=PASS_ACTION prior=0.0464 q=0.1601 pto=0.513 label=PASS_ACTION p21 t19
Q type=FOUL prior=0.0464 q=0.3233 pto=0.000 label=FOUL p12 t3
Q type=FOUL prior=0.0464 q=0.3235 pto=0.000 label=FOUL p13 t2
Q type=FOUL prior=0.0464 q=0.3233 pto=0.000 label=FOUL p15 t3
Q type=REPOSITION prior=0.0464 q=0.3280 pto=0.000 label=REPOSITION p12->(18,7)
Q type=REPOSITION prior=0.0464 q=0.3303 pto=0.000 label=REPOSITION p17->(18,7)
Q type=REPOSITION prior=0.0464 q=0.3303 pto=0.000 label=REPOSITION p18->(18,7)
Q type=REPOSITION prior=0.0464 q=0.3291 pto=0.000 label=REPOSITION p19->(18,7)
Q type=REPOSITION prior=0.0464 q=0.3326 pto=0.000 label=REPOSITION p20->(18,7)
Q type=REPOSITION prior=0.0464 q=0.3326 pto=0.000 label=REPOSITION p22->(18,7)
SROOT g=7 t=24 ctx=off n=19
Q type=END_TURN prior=0.0394 q=0.3030 pto=0.000 label=END_TURN p-1 t-1
Q type=ADVANCE prior=0.0898 q=0.3563 pto=0.073 label=ADVANCE p21 t-1
Q type=CAGE prior=0.0898 q=0.3030 pto=0.000 label=CAGE p21 t-1
Q type=BLITZ prior=0.0394 q=0.2800 pto=0.840 label=BLITZ p-1 t8
Q type=BLOCK prior=0.0898 q=0.3203 pto=0.000 label=BLOCK p12 t4
Q type=BLOCK prior=0.0898 q=0.3234 pto=0.000 label=BLOCK p15 t4
Q type=BLOCK prior=0.0898 q=0.3203 pto=0.000 label=BLOCK p19 t4
Q type=PASS_ACTION prior=0.0394 q=0.1225 pto=0.593 label=PASS_ACTION p21 t12
Q type=PASS_ACTION prior=0.0394 q=0.0090 pto=0.873 label=PASS_ACTION p21 t13
Q type=PASS_ACTION prior=0.0394 q=0.0670 pto=0.780 label=PASS_ACTION p21 t15
Q type=PASS_ACTION prior=0.0394 q=0.2997 pto=0.100 label=PASS_ACTION p21 t17
Q type=PASS_ACTION prior=0.0394 q=0.3059 pto=0.080 label=PASS_ACTION p21 t18
Q type=PASS_ACTION prior=0.0394 q=0.0938 pto=0.667 label=PASS_ACTION p21 t19
Q type=FOUL prior=0.0394 q=0.2974 pto=0.000 label=FOUL p13 t2
Q type=FOUL prior=0.0394 q=0.2969 pto=0.000 label=FOUL p15 t3
Q type=REPOSITION prior=0.0394 q=0.3041 pto=0.000 label=REPOSITION p17->(18,7)
Q type=REPOSITION prior=0.0394 q=0.3030 pto=0.000 label=REPOSITION p18->(18,7)
Q type=REPOSITION prior=0.0394 q=0.3053 pto=0.000 label=REPOSITION p20->(18,7)
Q type=REPOSITION prior=0.0394 q=0.3064 pto=0.000 label=REPOSITION p22->(18,7)
SROOT g=7 t=26 ctx=off n=15
Q type=END_TURN prior=0.0575 q=0.4376 pto=0.000 label=END_TURN p-1 t-1
Q type=ADVANCE prior=0.1034 q=0.4730 pto=0.027 label=ADVANCE p18 t-1
Q type=CAGE prior=0.1034 q=0.4097 pto=0.860 label=CAGE p18 t-1
Q type=BLITZ prior=0.0575 q=0.4343 pto=0.000 label=BLITZ p-1 t6
Q type=BLOCK prior=0.1034 q=0.4536 pto=0.000 label=BLOCK p12 t7
Q type=PASS_ACTION prior=0.0575 q=0.2539 pto=0.427 label=PASS_ACTION p18 t13
Q type=FOUL prior=0.0575 q=0.4320 pto=0.000 label=FOUL p12 t3
Q type=FOUL prior=0.0575 q=0.4311 pto=0.000 label=FOUL p13 t2
Q type=FOUL prior=0.0575 q=0.4325 pto=0.000 label=FOUL p15 t3
Q type=FOUL prior=0.0575 q=0.4325 pto=0.000 label=FOUL p19 t3
Q type=FOUL prior=0.0575 q=0.4327 pto=0.000 label=FOUL p22 t4
Q type=REPOSITION prior=0.0575 q=0.4422 pto=0.000 label=REPOSITION p19->(12,6)
Q type=REPOSITION prior=0.0575 q=0.4376 pto=0.000 label=REPOSITION p20->(14,6)
Q type=REPOSITION prior=0.0575 q=0.4353 pto=0.000 label=REPOSITION p21->(14,6)
Q type=REPOSITION prior=0.0575 q=0.4422 pto=0.000 label=REPOSITION p22->(12,6)
SROOT g=7 t=28 ctx=loose n=13
Q type=END_TURN prior=0.0604 q=0.0100 pto=0.000 label=END_TURN p-1 t-1
Q type=BLITZ prior=0.0604 q=0.0110 pto=0.307 label=BLITZ p-1 t8
Q type=PICKUP prior=0.2749 q=0.0100 pto=0.000 label=PICKUP p13 t-1
Q type=FOUL prior=0.0604 q=0.0044 pto=0.000 label=FOUL p13 t5
Q type=FOUL prior=0.0604 q=0.0046 pto=0.000 label=FOUL p15 t3
Q type=FOUL prior=0.0604 q=0.0046 pto=0.000 label=FOUL p19 t3
Q type=FOUL prior=0.0604 q=0.0048 pto=0.000 label=FOUL p22 t4
Q type=REPOSITION prior=0.0604 q=0.0100 pto=0.000 label=REPOSITION p13->(13,7)
Q type=REPOSITION prior=0.0604 q=0.0100 pto=0.000 label=REPOSITION p15->(13,7)
Q type=REPOSITION prior=0.0604 q=0.0100 pto=0.000 label=REPOSITION p19->(13,7)
Q type=REPOSITION prior=0.0604 q=0.0100 pto=0.000 label=REPOSITION p20->(13,7)
Q type=REPOSITION prior=0.0604 q=0.0100 pto=0.000 label=REPOSITION p21->(13,7)
Q type=REPOSITION prior=0.0604 q=0.0100 pto=0.000 label=REPOSITION p22->(13,7)
SROOT g=7 t=29 ctx=loose n=12
Q type=END_TURN prior=0.0658 q=-0.0200 pto=0.000 label=END_TURN p-1 t-1
Q type=BLITZ prior=0.0658 q=-0.0093 pto=0.007 label=BLITZ p-1 t13
Q type=PICKUP prior=0.2763 q=-0.0200 pto=0.000 label=PICKUP p10 t-1
Q type=FOUL prior=0.0658 q=-0.0331 pto=0.000 label=FOUL p6 t17
Q type=FOUL prior=0.0658 q=-0.0250 pto=0.000 label=FOUL p9 t14
Q type=FOUL prior=0.0658 q=-0.0250 pto=0.000 label=FOUL p11 t14
Q type=REPOSITION prior=0.0658 q=-0.0200 pto=0.000 label=REPOSITION p6->(13,7)
Q type=REPOSITION prior=0.0658 q=-0.0200 pto=0.000 label=REPOSITION p7->(13,7)
Q type=REPOSITION prior=0.0658 q=-0.0200 pto=0.000 label=REPOSITION p8->(13,7)
Q type=REPOSITION prior=0.0658 q=-0.0200 pto=0.000 label=REPOSITION p9->(13,7)
Q type=REPOSITION prior=0.0658 q=-0.0200 pto=0.000 label=REPOSITION p10->(13,7)
Q type=REPOSITION prior=0.0658 q=-0.0200 pto=0.000 label=REPOSITION p11->(13,7)
SROOT g=7 t=30 ctx=loose n=13
Q type=END_TURN prior=0.0604 q=-0.0200 pto=0.000 label=END_TURN p-1 t-1
Q type=BLITZ prior=0.0604 q=-0.0048 pto=0.000 label=BLITZ p-1 t8
Q type=PICKUP prior=0.2749 q=-0.0200 pto=0.000 label=PICKUP p13 t-1
Q type=FOUL prior=0.0604 q=-0.0331 pto=0.000 label=FOUL p13 t2
Q type=FOUL prior=0.0604 q=-0.0254 pto=0.000 label=FOUL p15 t3
Q type=FOUL prior=0.0604 q=-0.0254 pto=0.000 label=FOUL p19 t3
Q type=FOUL prior=0.0604 q=-0.0252 pto=0.000 label=FOUL p22 t4
Q type=REPOSITION prior=0.0604 q=-0.0200 pto=0.000 label=REPOSITION p13->(13,7)
Q type=REPOSITION prior=0.0604 q=-0.0200 pto=0.000 label=REPOSITION p15->(13,7)
Q type=REPOSITION prior=0.0604 q=-0.0200 pto=0.000 label=REPOSITION p19->(13,7)
Q type=REPOSITION prior=0.0604 q=-0.0200 pto=0.000 label=REPOSITION p20->(13,7)
Q type=REPOSITION prior=0.0604 q=-0.0200 pto=0.000 label=REPOSITION p21->(13,7)
Q type=REPOSITION prior=0.0604 q=-0.0200 pto=0.000 label=REPOSITION p22->(13,7)
SROOT g=7 t=31 ctx=loose n=13
Q type=END_TURN prior=0.0604 q=-0.0200 pto=0.000 label=END_TURN p-1 t-1
Q type=BLITZ prior=0.0604 q=-0.0200 pto=0.000 label=BLITZ p-1 t15
Q type=PICKUP prior=0.2749 q=-0.0200 pto=0.000 label=PICKUP p9 t-1
Q type=FOUL prior=0.0604 q=-0.0254 pto=0.000 label=FOUL p6 t17
Q type=FOUL prior=0.0604 q=-0.0254 pto=0.000 label=FOUL p9 t17
Q type=FOUL prior=0.0604 q=-0.0254 pto=0.000 label=FOUL p10 t17
Q type=FOUL prior=0.0604 q=-0.0254 pto=0.000 label=FOUL p11 t17
Q type=REPOSITION prior=0.0604 q=-0.0200 pto=0.000 label=REPOSITION p6->(13,7)
Q type=REPOSITION prior=0.0604 q=-0.0200 pto=0.000 label=REPOSITION p7->(13,7)
Q type=REPOSITION prior=0.0604 q=-0.0200 pto=0.000 label=REPOSITION p8->(13,7)
Q type=REPOSITION prior=0.0604 q=-0.0200 pto=0.000 label=REPOSITION p9->(13,7)
Q type=REPOSITION prior=0.0604 q=-0.0200 pto=0.000 label=REPOSITION p10->(13,7)
Q type=REPOSITION prior=0.0604 q=-0.0200 pto=0.000 label=REPOSITION p11->(13,7)
SROOT g=8 t=0 ctx=loose n=12
Q type=END_TURN prior=0.0751 q=-0.1000 pto=0.000 label=END_TURN p-1 t-1
Q type=BLITZ prior=0.0751 q=-0.1178 pto=0.740 label=BLITZ p-1 t12
Q type=BLOCK prior=0.1081 q=-0.0780 pto=0.000 label=BLOCK p2 t13
Q type=BLOCK prior=0.1081 q=-0.0780 pto=0.000 label=BLOCK p3 t13
Q type=BLOCK prior=0.1081 q=-0.0726 pto=0.007 label=BLOCK p4 t13
Q type=REPOSITION prior=0.0751 q=-0.1000 pto=0.000 label=REPOSITION p5->(0,4)
Q type=REPOSITION prior=0.0751 q=-0.1000 pto=0.000 label=REPOSITION p6->(0,4)
Q type=REPOSITION prior=0.0751 q=-0.1000 pto=0.000 label=REPOSITION p7->(0,4)
Q type=REPOSITION prior=0.0751 q=-0.1000 pto=0.000 label=REPOSITION p8->(0,4)
Q type=REPOSITION prior=0.0751 q=-0.1000 pto=0.000 label=REPOSITION p9->(0,4)
Q type=REPOSITION prior=0.0751 q=-0.1000 pto=0.000 label=REPOSITION p10->(0,4)
Q type=REPOSITION prior=0.0751 q=-0.0600 pto=0.000 label=REPOSITION p11->(0,4)
SROOT g=8 t=1 ctx=loose n=11
Q type=END_TURN prior=0.0836 q=-0.1300 pto=0.000 label=END_TURN p-1 t-1
Q type=BLITZ prior=0.0836 q=-0.1240 pto=0.227 label=BLITZ p-1 t1
Q type=BLOCK prior=0.1104 q=-0.1140 pto=0.020 label=BLOCK p12 t2
Q type=BLOCK prior=0.1104 q=-0.1140 pto=0.020 label=BLOCK p15 t2
Q type=BLOCK prior=0.1104 q=-0.1140 pto=0.020 label=BLOCK p16 t4
Q type=REPOSITION prior=0.0836 q=-0.1300 pto=0.000 label=REPOSITION p14->(0,4)
Q type=REPOSITION prior=0.0836 q=-0.1300 pto=0.000 label=REPOSITION p17->(0,4)
Q type=REPOSITION prior=0.0836 q=-0.1300 pto=0.000 label=REPOSITION p18->(0,4)
Q type=REPOSITION prior=0.0836 q=-0.1300 pto=0.000 label=REPOSITION p20->(0,4)
Q type=REPOSITION prior=0.0836 q=-0.1300 pto=0.000 label=REPOSITION p21->(0,4)
Q type=REPOSITION prior=0.0836 q=-0.1300 pto=0.000 label=REPOSITION p22->(0,4)
SROOT g=8 t=2 ctx=loose n=13
Q type=END_TURN prior=0.0685 q=-0.0300 pto=0.000 label=END_TURN p-1 t-1
Q type=BLITZ prior=0.0685 q=-0.0080 pto=0.000 label=BLITZ p-1 t12
Q type=PICKUP prior=0.1781 q=0.2081 pto=0.027 label=PICKUP p3 t-1
Q type=FOUL prior=0.0685 q=-0.0356 pto=0.000 label=FOUL p4 t13
Q type=REPOSITION prior=0.0685 q=-0.0300 pto=0.000 label=REPOSITION p1->(0,4)
Q type=REPOSITION prior=0.0685 q=0.2081 pto=0.027 label=REPOSITION p3->(0,4)
Q type=REPOSITION prior=0.0685 q=0.0100 pto=0.000 label=REPOSITION p5->(0,4)
Q type=REPOSITION prior=0.0685 q=0.0100 pto=0.000 label=REPOSITION p6->(0,4)
Q type=REPOSITION prior=0.0685 q=0.0100 pto=0.000 label=REPOSITION p7->(0,4)
Q type=REPOSITION prior=0.0685 q=-0.0300 pto=0.000 label=REPOSITION p8->(0,4)
Q type=REPOSITION prior=0.0685 q=-0.0300 pto=0.000 label=REPOSITION p9->(0,4)
Q type=REPOSITION prior=0.0685 q=0.0100 pto=0.000 label=REPOSITION p10->(0,4)
Q type=REPOSITION prior=0.0685 q=0.1663 pto=0.253 label=REPOSITION p11->(0,4)
SROOT g=8 t=4 ctx=off n=21
Q type=END_TURN prior=0.0369 q=0.2074 pto=0.000 label=END_TURN p-1 t-1
Q type=ADVANCE prior=0.0931 q=0.2571 pto=0.000 label=ADVANCE p3 t-1
Q type=CAGE prior=0.0931 q=0.2074 pto=0.000 label=CAGE p3 t-1
Q type=BLITZ prior=0.0369 q=0.2294 pto=0.000 label=BLITZ p-1 t12
Q type=BLOCK prior=0.0931 q=0.2294 pto=0.000 label=BLOCK p9 t12
Q type=BLOCK prior=0.0931 q=0.2294 pto=0.000 label=BLOCK p9 t15
Q type=PASS_ACTION prior=0.0369 q=0.0949 pto=0.720 label=PASS_ACTION p3 t1
Q type=PASS_ACTION prior=0.0369 q=0.1564 pto=0.500 label=PASS_ACTION p3 t5
Q type=PASS_ACTION prior=0.0369 q=0.1752 pto=0.433 label=PASS_ACTION p3 t6
Q type=PASS_ACTION prior=0.0369 q=0.1704 pto=0.433 label=PASS_ACTION p3 t7
Q type=PASS_ACTION prior=0.0369 q=0.1087 pto=0.653 label=PASS_ACTION p3 t8
Q type=PASS_ACTION prior=0.0369 q=0.1918 pto=0.220 label=PASS_ACTION p3 t10
Q type=PASS_ACTION prior=0.0369 q=0.1929 pto=0.213 label=PASS_ACTION p3 t11
Q type=FOUL prior=0.0369 q=0.2018 pto=0.000 label=FOUL p4 t13
Q type=REPOSITION prior=0.0369 q=0.2154 pto=0.000 label=REPOSITION p1->(0,4)
Q type=REPOSITION prior=0.0369 q=0.2074 pto=0.000 label=REPOSITION p5->(0,4)
Q type=REPOSITION prior=0.0369 q=0.2074 pto=0.000 label=REPOSITION p6->(0,4)
Q type=REPOSITION prior=0.0369 q=0.2074 pto=0.000 label=REPOSITION p7->(0,4)
Q type=REPOSITION prior=0.0369 q=0.2128 pto=0.000 label=REPOSITION p8->(0,4)
Q type=REPOSITION prior=0.0369 q=0.2114 pto=0.000 label=REPOSITION p10->(2,4)
Q type=REPOSITION prior=0.0369 q=0.2114 pto=0.000 label=REPOSITION p11->(2,4)
SROOT g=8 t=6 ctx=off n=21
Q type=END_TURN prior=0.0391 q=0.2213 pto=0.000 label=END_TURN p-1 t-1
Q type=ADVANCE prior=0.0986 q=0.2693 pto=0.000 label=ADVANCE p3 t-1
Q type=CAGE prior=0.0986 q=0.2213 pto=0.000 label=CAGE p3 t-1
Q type=BLITZ prior=0.0391 q=0.2401 pto=0.060 label=BLITZ p-1 t12
Q type=BLOCK prior=0.0986 q=0.2367 pto=0.000 label=BLOCK p4 t19
Q type=PASS_ACTION prior=0.0391 q=0.0974 pto=0.720 label=PASS_ACTION p3 t1
Q type=PASS_ACTION prior=0.0391 q=0.1618 pto=0.500 label=PASS_ACTION p3 t5
Q type=PASS_ACTION prior=0.0391 q=0.1817 pto=0.433 label=PASS_ACTION p3 t6
Q type=PASS_ACTION prior=0.0391 q=0.1755 pto=0.440 label=PASS_ACTION p3 t7
Q type=PASS_ACTION prior=0.0391 q=0.1131 pto=0.653 label=PASS_ACTION p3 t8
Q type=PASS_ACTION prior=0.0391 q=0.1769 pto=0.220 label=PASS_ACTION p3 t10
Q type=PASS_ACTION prior=0.0391 q=0.1783 pto=0.213 label=PASS_ACTION p3 t11
Q type=FOUL prior=0.0391 q=0.2159 pto=0.000 label=FOUL p4 t13
Q type=FOUL prior=0.0391 q=0.2159 pto=0.000 label=FOUL p9 t13
Q type=REPOSITION prior=0.0391 q=0.2293 pto=0.000 label=REPOSITION p1->(0,4)
Q type=REPOSITION prior=0.0391 q=0.2213 pto=0.000 label=REPOSITION p5->(0,4)
Q type=REPOSITION prior=0.0391 q=0.2213 pto=0.000 label=REPOSITION p6->(0,4)
Q type=REPOSITION prior=0.0391 q=0.2213 pto=0.000 label=REPOSITION p7->(0,4)
Q type=REPOSITION prior=0.0391 q=0.2267 pto=0.000 label=REPOSITION p8->(0,4)
Q type=REPOSITION prior=0.0391 q=0.2253 pto=0.000 label=REPOSITION p10->(2,4)
Q type=REPOSITION prior=0.0391 q=0.2253 pto=0.000 label=REPOSITION p11->(2,4)
SROOT g=8 t=8 ctx=off n=21
Q type=END_TURN prior=0.0391 q=0.2338 pto=0.000 label=END_TURN p-1 t-1
Q type=ADVANCE prior=0.0986 q=0.2877 pto=0.000 label=ADVANCE p3 t-1
Q type=CAGE prior=0.0986 q=0.2338 pto=0.000 label=CAGE p3 t-1
Q type=BLITZ prior=0.0391 q=0.2526 pto=0.060 label=BLITZ p-1 t12
Q type=BLOCK prior=0.0986 q=0.2492 pto=0.000 label=BLOCK p4 t19
Q type=PASS_ACTION prior=0.0391 q=0.0998 pto=0.720 label=PASS_ACTION p3 t1
Q type=PASS_ACTION prior=0.0391 q=0.1707 pto=0.500 label=PASS_ACTION p3 t5
Q type=PASS_ACTION prior=0.0391 q=0.1923 pto=0.433 label=PASS_ACTION p3 t6
Q type=PASS_ACTION prior=0.0391 q=0.1858 pto=0.440 label=PASS_ACTION p3 t7
Q type=PASS_ACTION prior=0.0391 q=0.1130 pto=0.653 label=PASS_ACTION p3 t8
Q type=PASS_ACTION prior=0.0391 q=0.1543 pto=0.220 label=PASS_ACTION p3 t10
Q type=PASS_ACTION prior=0.0391 q=0.1561 pto=0.213 label=PASS_ACTION p3 t11
Q type=FOUL prior=0.0391 q=0.2284 pto=0.000 label=FOUL p4 t13
Q type=FOUL prior=0.0391 q=0.2284 pto=0.000 label=FOUL p9 t13
Q type=REPOSITION prior=0.0391 q=0.2418 pto=0.000 label=REPOSITION p1->(0,4)
Q type=REPOSITION prior=0.0391 q=0.2338 pto=0.000 label=REPOSITION p5->(0,4)
Q type=REPOSITION prior=0.0391 q=0.2338 pto=0.000 label=REPOSITION p6->(0,4)
Q type=REPOSITION prior=0.0391 q=0.2338 pto=0.000 label=REPOSITION p7->(0,4)
Q type=REPOSITION prior=0.0391 q=0.2392 pto=0.000 label=REPOSITION p8->(0,4)
Q type=REPOSITION prior=0.0391 q=0.2378 pto=0.000 label=REPOSITION p10->(2,4)
Q type=REPOSITION prior=0.0391 q=0.2378 pto=0.000 label=REPOSITION p11->(2,4)
SROOT g=8 t=10 ctx=off n=21
Q type=END_TURN prior=0.0391 q=0.1991 pto=0.000 label=END_TURN p-1 t-1
Q type=ADVANCE prior=0.0986 q=0.2738 pto=0.000 label=ADVANCE p3 t-1
Q type=CAGE prior=0.0986 q=0.1991 pto=0.000 label=CAGE p3 t-1
Q type=BLITZ prior=0.0391 q=0.2179 pto=0.060 label=BLITZ p-1 t12
Q type=BLOCK prior=0.0986 q=0.2145 pto=0.000 label=BLOCK p4 t19
Q type=PASS_ACTION prior=0.0391 q=0.0897 pto=0.720 label=PASS_ACTION p3 t1
Q type=PASS_ACTION prior=0.0391 q=0.1591 pto=0.500 label=PASS_ACTION p3 t5
Q type=PASS_ACTION prior=0.0391 q=0.1797 pto=0.433 label=PASS_ACTION p3 t6
Q type=PASS_ACTION prior=0.0391 q=0.1731 pto=0.440 label=PASS_ACTION p3 t7
Q type=PASS_ACTION prior=0.0391 q=0.1003 pto=0.653 label=PASS_ACTION p3 t8
Q type=PASS_ACTION prior=0.0391 q=0.1156 pto=0.220 label=PASS_ACTION p3 t10
Q type=PASS_ACTION prior=0.0391 q=0.1173 pto=0.213 label=PASS_ACTION p3 t11
Q type=FOUL prior=0.0391 q=0.1937 pto=0.000 label=FOUL p4 t13
Q type=FOUL prior=0.0391 q=0.1937 pto=0.000 label=FOUL p9 t13
Q type=REPOSITION prior=0.0391 q=0.2071 pto=0.000 label=REPOSITION p1->(0,4)
Q type=REPOSITION prior=0.0391 q=0.1991 pto=0.000 label=REPOSITION p5->(0,4)
Q type=REPOSITION prior=0.0391 q=0.1991 pto=0.000 label=REPOSITION p6->(0,4)
Q type=REPOSITION prior=0.0391 q=0.1991 pto=0.000 label=REPOSITION p7->(0,4)
Q type=REPOSITION prior=0.0391 q=0.2044 pto=0.000 label=REPOSITION p8->(0,4)
Q type=REPOSITION prior=0.0391 q=0.2031 pto=0.000 label=REPOSITION p10->(2,4)
Q type=REPOSITION prior=0.0391 q=0.2031 pto=0.000 label=REPOSITION p11->(2,4)
SROOT g=8 t=12 ctx=off n=16
Q type=END_TURN prior=0.0561 q=0.1767 pto=0.000 label=END_TURN p-1 t-1
Q type=ADVANCE prior=0.1076 q=0.2317 pto=0.000 label=ADVANCE p3 t-1
Q type=CAGE prior=0.1076 q=0.1767 pto=0.000 label=CAGE p3 t-1
Q type=BLITZ prior=0.0561 q=0.1979 pto=0.040 label=BLITZ p-1 t14
Q type=PASS_ACTION prior=0.0561 q=0.1349 pto=0.220 label=PASS_ACTION p3 t5
Q type=PASS_ACTION prior=0.0561 q=0.1562 pto=0.087 label=PASS_ACTION p3 t7
Q type=PASS_ACTION prior=0.0561 q=0.0845 pto=0.527 label=PASS_ACTION p3 t8
Q type=PASS_ACTION prior=0.0561 q=0.0788 pto=0.707 label=PASS_ACTION p3 t9
Q type=FOUL prior=0.0561 q=0.1711 pto=0.000 label=FOUL p4 t19
Q type=REPOSITION prior=0.0561 q=0.1767 pto=0.000 label=REPOSITION p4->(3,5)
Q type=REPOSITION prior=0.0561 q=0.1767 pto=0.000 label=REPOSITION p5->(5,5)
Q type=REPOSITION prior=0.0561 q=0.1767 pto=0.000 label=REPOSITION p7->(5,5)
Q type=REPOSITION prior=0.0561 q=0.1767 pto=0.000 label=REPOSITION p8->(3,5)
Q type=REPOSITION prior=0.0561 q=0.1767 pto=0.000 label=REPOSITION p9->(3,5)
Q type=REPOSITION prior=0.0561 q=0.1767 pto=0.000 label=REPOSITION p10->(5,5)
Q type=REPOSITION prior=0.0561 q=0.1767 pto=0.000 label=REPOSITION p11->(5,5)
SROOT g=8 t=14 ctx=off n=14
Q type=END_TURN prior=0.0651 q=0.1300 pto=0.000 label=END_TURN p-1 t-1
Q type=ADVANCE prior=0.1094 q=0.1197 pto=0.300 label=ADVANCE p3 t-1
Q type=CAGE prior=0.1094 q=0.1300 pto=0.000 label=CAGE p3 t-1
Q type=BLITZ prior=0.0651 q=0.1520 pto=0.000 label=BLITZ p-1 t14
Q type=PASS_ACTION prior=0.0651 q=0.1250 pto=0.093 label=PASS_ACTION p3 t7
Q type=PASS_ACTION prior=0.0651 q=0.0215 pto=0.667 label=PASS_ACTION p3 t8
Q type=PASS_ACTION prior=0.0651 q=-0.0074 pto=0.860 label=PASS_ACTION p3 t9
Q type=FOUL prior=0.0651 q=0.1244 pto=0.000 label=FOUL p4 t19
Q type=REPOSITION prior=0.0651 q=0.1300 pto=0.000 label=REPOSITION p4->(3,5)
Q type=REPOSITION prior=0.0651 q=0.1300 pto=0.000 label=REPOSITION p7->(5,5)
Q type=REPOSITION prior=0.0651 q=0.1300 pto=0.000 label=REPOSITION p8->(3,5)
Q type=REPOSITION prior=0.0651 q=0.1300 pto=0.000 label=REPOSITION p9->(3,5)
Q type=REPOSITION prior=0.0651 q=0.1300 pto=0.000 label=REPOSITION p10->(5,5)
Q type=REPOSITION prior=0.0651 q=0.1300 pto=0.000 label=REPOSITION p11->(5,5)
SROOT g=8 t=16 ctx=loose n=13
Q type=END_TURN prior=0.0614 q=-0.1000 pto=0.000 label=END_TURN p-1 t-1
Q type=BLITZ prior=0.0614 q=-0.0820 pto=0.027 label=BLITZ p-1 t1
Q type=BLOCK prior=0.0958 q=-0.0840 pto=0.020 label=BLOCK p13 t2
Q type=BLOCK prior=0.0958 q=-0.0840 pto=0.020 label=BLOCK p14 t2
Q type=BLOCK prior=0.0958 q=-0.0840 pto=0.020 label=BLOCK p15 t2
Q type=PICKUP prior=0.1597 q=0.1595 pto=0.027 label=PICKUP p22 t-1
Q type=REPOSITION prior=0.0614 q=-0.0200 pto=0.000 label=REPOSITION p16->(23,8)
Q type=REPOSITION prior=0.0614 q=-0.1000 pto=0.000 label=REPOSITION p17->(23,8)
Q type=REPOSITION prior=0.0614 q=-0.0200 pto=0.000 label=REPOSITION p18->(23,8)
Q type=REPOSITION prior=0.0614 q=-0.0200 pto=0.000 label=REPOSITION p19->(23,8)
Q type=REPOSITION prior=0.0614 q=0.1512 pto=0.027 label=REPOSITION p20->(23,8)
Q type=REPOSITION prior=0.0614 q=0.1512 pto=0.027 label=REPOSITION p21->(23,8)
Q type=REPOSITION prior=0.0614 q=0.1512 pto=0.027 label=REPOSITION p22->(23,8)
SROOT g=8 t=18 ctx=off n=21
Q type=END_TURN prior=0.0350 q=0.1846 pto=0.000 label=END_TURN p-1 t-1
Q type=ADVANCE prior=0.0881 q=0.2345 pto=0.000 label=ADVANCE p22 t-1
Q type=CAGE prior=0.0881 q=0.1693 pto=0.000 label=CAGE p22 t-1
Q type=BLITZ prior=0.0350 q=0.1754 pto=0.547 label=BLITZ p-1 t1
Q type=BLOCK prior=0.0881 q=0.2006 pto=0.020 label=BLOCK p13 t2
Q type=BLOCK prior=0.0881 q=0.2006 pto=0.020 label=BLOCK p14 t2
Q type=BLOCK prior=0.0881 q=0.2006 pto=0.020 label=BLOCK p15 t2
Q type=PASS_ACTION prior=0.0350 q=0.1557 pto=0.387 label=PASS_ACTION p22 t12
Q type=PASS_ACTION prior=0.0350 q=0.1477 pto=0.413 label=PASS_ACTION p22 t13
Q type=PASS_ACTION prior=0.0350 q=0.1417 pto=0.427 label=PASS_ACTION p22 t14
Q type=PASS_ACTION prior=0.0350 q=0.1458 pto=0.420 label=PASS_ACTION p22 t15
Q type=PASS_ACTION prior=0.0350 q=0.1613 pto=0.220 label=PASS_ACTION p22 t16
Q type=PASS_ACTION prior=0.0350 q=0.1469 pto=0.400 label=PASS_ACTION p22 t18
Q type=PASS_ACTION prior=0.0350 q=0.1470 pto=0.393 label=PASS_ACTION p22 t19
Q type=PASS_ACTION prior=0.0350 q=0.1859 pto=0.040 label=PASS_ACTION p22 t20
Q type=PASS_ACTION prior=0.0350 q=0.1744 pto=0.087 label=PASS_ACTION p22 t21
Q type=REPOSITION prior=0.0350 q=0.1740 pto=0.000 label=REPOSITION p16->(22,7)
Q type=REPOSITION prior=0.0350 q=0.1846 pto=0.000 label=REPOSITION p18->(12,10)
Q type=REPOSITION prior=0.0350 q=0.1813 pto=0.000 label=REPOSITION p19->(22,7)
Q type=REPOSITION prior=0.0350 q=0.1846 pto=0.000 label=REPOSITION p20->(20,7)
Q type=REPOSITION prior=0.0350 q=0.1846 pto=0.000 label=REPOSITION p21->(20,7)
SROOT g=8 t=20 ctx=off n=16
Q type=END_TURN prior=0.0508 q=0.2083 pto=0.000 label=END_TURN p-1 t-1
Q type=ADVANCE prior=0.0976 q=0.2365 pto=0.000 label=ADVANCE p22 t-1
Q type=CAGE prior=0.0976 q=0.2083 pto=0.000 label=CAGE p22 t-1
Q type=BLITZ prior=0.0508 q=0.2059 pto=0.373 label=BLITZ p-1 t1
Q type=BLOCK prior=0.0976 q=0.2243 pto=0.020 label=BLOCK p13 t5
Q type=BLOCK prior=0.0976 q=0.2243 pto=0.020 label=BLOCK p14 t5
Q type=PASS_ACTION prior=0.0508 q=0.1782 pto=0.253 label=PASS_ACTION p22 t12
Q type=PASS_ACTION prior=0.0508 q=0.1849 pto=0.233 label=PASS_ACTION p22 t13
Q type=PASS_ACTION prior=0.0508 q=0.0900 pto=0.393 label=PASS_ACTION p22 t14
Q type=PASS_ACTION prior=0.0508 q=0.2251 pto=0.027 label=PASS_ACTION p22 t18
Q type=PASS_ACTION prior=0.0508 q=0.1685 pto=0.207 label=PASS_ACTION p22 t19
Q type=PASS_ACTION prior=0.0508 q=0.2252 pto=0.007 label=PASS_ACTION p22 t20
Q type=REPOSITION prior=0.0508 q=0.2115 pto=0.000 label=REPOSITION p16->(16,7)
Q type=REPOSITION prior=0.0508 q=0.2083 pto=0.000 label=REPOSITION p18->(16,7)
Q type=REPOSITION prior=0.0508 q=0.2083 pto=0.000 label=REPOSITION p20->(16,7)
Q type=REPOSITION prior=0.0508 q=0.2115 pto=0.000 label=REPOSITION p21->(16,7)
SROOT g=8 t=22 ctx=off n=16
Q type=END_TURN prior=0.0465 q=0.3073 pto=0.000 label=END_TURN p-1 t-1
Q type=ADVANCE prior=0.0892 q=0.3448 pto=0.013 label=ADVANCE p22 t-1
Q type=CAGE prior=0.0892 q=0.2888 pto=0.453 label=CAGE p22 t-1
Q type=BLITZ prior=0.0465 q=0.3193 pto=0.020 label=BLITZ p-1 t3
Q type=BLOCK prior=0.0892 q=0.3242 pto=0.000 label=BLOCK p19 t3
Q type=BLOCK prior=0.0892 q=0.3229 pto=0.000 label=BLOCK p20 t3
Q type=BLOCK prior=0.0892 q=0.3242 pto=0.000 label=BLOCK p21 t3
Q type=BLOCK prior=0.0892 q=0.3201 pto=0.000 label=BLOCK p22 t3
Q type=PASS_ACTION prior=0.0465 q=0.0993 pto=0.627 label=PASS_ACTION p22 t12
Q type=PASS_ACTION prior=0.0465 q=0.1819 pto=0.420 label=PASS_ACTION p22 t13
Q type=PASS_ACTION prior=0.0465 q=0.1725 pto=0.427 label=PASS_ACTION p22 t14
Q type=FOUL prior=0.0465 q=0.3017 pto=0.000 label=FOUL p12 t1
Q type=FOUL prior=0.0465 q=0.3007 pto=0.000 label=FOUL p13 t5
Q type=REPOSITION prior=0.0465 q=0.3047 pto=0.000 label=REPOSITION p14->(16,11)
Q type=REPOSITION prior=0.0465 q=0.3073 pto=0.000 label=REPOSITION p16->(15,4)
Q type=REPOSITION prior=0.0465 q=0.3113 pto=0.000 label=REPOSITION p18->(16,11)
SROOT g=8 t=24 ctx=off n=22
Q type=END_TURN prior=0.0331 q=0.3800 pto=0.000 label=END_TURN p-1 t-1
Q type=ADVANCE prior=0.0874 q=0.1952 pto=0.593 label=ADVANCE p22 t-1
Q type=CAGE prior=0.0874 q=0.3800 pto=0.000 label=CAGE p22 t-1
Q type=BLITZ prior=0.0331 q=0.3950 pto=0.000 label=BLITZ p-1 t9
Q type=BLOCK prior=0.0874 q=0.3950 pto=0.000 label=BLOCK p18 t9
Q type=BLOCK prior=0.0874 q=0.3960 pto=0.000 label=BLOCK p19 t9
Q type=BLOCK prior=0.0874 q=0.4022 pto=0.000 label=BLOCK p22 t9
Q type=PASS_ACTION prior=0.0331 q=0.2430 pto=0.447 label=PASS_ACTION p22 t12
Q type=PASS_ACTION prior=0.0331 q=0.2488 pto=0.433 label=PASS_ACTION p22 t13
Q type=PASS_ACTION prior=0.0331 q=0.3201 pto=0.220 label=PASS_ACTION p22 t14
Q type=PASS_ACTION prior=0.0331 q=0.3079 pto=0.260 label=PASS_ACTION p22 t18
Q type=PASS_ACTION prior=0.0331 q=0.3347 pto=0.153 label=PASS_ACTION p22 t19
Q type=FOUL prior=0.0331 q=0.3744 pto=0.000 label=FOUL p12 t1
Q type=FOUL prior=0.0331 q=0.3737 pto=0.000 label=FOUL p13 t5
Q type=FOUL prior=0.0331 q=0.3744 pto=0.000 label=FOUL p14 t7
Q type=FOUL prior=0.0331 q=0.3748 pto=0.000 label=FOUL p18 t3
Q type=FOUL prior=0.0331 q=0.3748 pto=0.000 label=FOUL p21 t7
Q type=FOUL prior=0.0331 q=0.3148 pto=0.000 label=FOUL p22 t3
Q type=REPOSITION prior=0.0331 q=0.3811 pto=0.000 label=REPOSITION p14->(14,10)
Q type=REPOSITION prior=0.0331 q=0.3846 pto=0.000 label=REPOSITION p16->(14,10)
Q type=REPOSITION prior=0.0331 q=0.3800 pto=0.000 label=REPOSITION p20->(14,10)
Q type=REPOSITION prior=0.0331 q=0.3800 pto=0.000 label=REPOSITION p21->(14,10)
SROOT g=8 t=26 ctx=off n=24
Q type=END_TURN prior=0.0360 q=0.4671 pto=0.000 label=END_TURN p-1 t-1
Q type=ADVANCE prior=0.1037 q=0.4671 pto=0.000 label=ADVANCE p22 t-1
Q type=CAGE prior=0.1037 q=0.4671 pto=0.000 label=CAGE p22 t-1
Q type=BLITZ prior=0.0360 q=0.4796 pto=0.093 label=BLITZ p-1 t10
Q type=PASS_ACTION prior=0.0360 q=0.3963 pto=0.267 label=PASS_ACTION p22 t12
Q type=PASS_ACTION prior=0.0360 q=0.4334 pto=0.167 label=PASS_ACTION p22 t13
Q type=PASS_ACTION prior=0.0360 q=0.4750 pto=0.013 label=PASS_ACTION p22 t14
Q type=PASS_ACTION prior=0.0360 q=0.4775 pto=0.007 label=PASS_ACTION p22 t18
Q type=PASS_ACTION prior=0.0360 q=0.4644 pto=0.020 label=PASS_ACTION p22 t21
Q type=FOUL prior=0.0360 q=0.4615 pto=0.000 label=FOUL p12 t1
Q type=FOUL prior=0.0360 q=0.4609 pto=0.000 label=FOUL p13 t5
Q type=FOUL prior=0.0360 q=0.4620 pto=0.000 label=FOUL p14 t9
Q type=FOUL prior=0.0360 q=0.4620 pto=0.000 label=FOUL p16 t7
Q type=FOUL prior=0.0360 q=0.4620 pto=0.000 label=FOUL p18 t4
Q type=FOUL prior=0.0360 q=0.4622 pto=0.000 label=FOUL p19 t9
Q type=FOUL prior=0.0360 q=0.4624 pto=0.000 label=FOUL p20 t9
Q type=FOUL prior=0.0360 q=0.4616 pto=0.000 label=FOUL p21 t7
Q type=FOUL prior=0.0360 q=0.3921 pto=0.000 label=FOUL p22 t3
Q type=REPOSITION prior=0.0360 q=0.4682 pto=0.000 label=REPOSITION p14->(13,10)
Q type=REPOSITION prior=0.0360 q=0.4694 pto=0.000 label=REPOSITION p16->(13,10)
Q type=REPOSITION prior=0.0360 q=0.4682 pto=0.000 label=REPOSITION p18->(13,10)
Q type=REPOSITION prior=0.0360 q=0.4694 pto=0.000 label=REPOSITION p19->(13,10)
Q type=REPOSITION prior=0.0360 q=0.4671 pto=0.000 label=REPOSITION p20->(13,10)
Q type=REPOSITION prior=0.0360 q=0.4682 pto=0.000 label=REPOSITION p21->(13,10)
SROOT g=8 t=28 ctx=off n=24
Q type=END_TURN prior=0.0360 q=0.4438 pto=0.000 label=END_TURN p-1 t-1
Q type=ADVANCE prior=0.1037 q=0.4438 pto=0.000 label=ADVANCE p22 t-1
Q type=CAGE prior=0.1037 q=0.4438 pto=0.000 label=CAGE p22 t-1
Q type=BLITZ prior=0.0360 q=0.4542 pto=0.093 label=BLITZ p-1 t10
Q type=PASS_ACTION prior=0.0360 q=0.3710 pto=0.267 label=PASS_ACTION p22 t12
Q type=PASS_ACTION prior=0.0360 q=0.4160 pto=0.167 label=PASS_ACTION p22 t13
Q type=PASS_ACTION prior=0.0360 q=0.4556 pto=0.013 label=PASS_ACTION p22 t14
Q type=PASS_ACTION prior=0.0360 q=0.4576 pto=0.007 label=PASS_ACTION p22 t18
Q type=PASS_ACTION prior=0.0360 q=0.4412 pto=0.020 label=PASS_ACTION p22 t21
Q type=FOUL prior=0.0360 q=0.4382 pto=0.000 label=FOUL p12 t1
Q type=FOUL prior=0.0360 q=0.4394 pto=0.000 label=FOUL p13 t6
Q type=FOUL prior=0.0360 q=0.4388 pto=0.000 label=FOUL p14 t9
Q type=FOUL prior=0.0360 q=0.4384 pto=0.000 label=FOUL p16 t7
Q type=FOUL prior=0.0360 q=0.4388 pto=0.000 label=FOUL p18 t4
Q type=FOUL prior=0.0360 q=0.4388 pto=0.000 label=FOUL p19 t9
Q type=FOUL prior=0.0360 q=0.4388 pto=0.000 label=FOUL p20 t9
Q type=FOUL prior=0.0360 q=0.4384 pto=0.000 label=FOUL p21 t7
Q type=FOUL prior=0.0360 q=0.3773 pto=0.000 label=FOUL p22 t3
Q type=REPOSITION prior=0.0360 q=0.4438 pto=0.000 label=REPOSITION p14->(13,10)
Q type=REPOSITION prior=0.0360 q=0.4438 pto=0.000 label=REPOSITION p16->(13,10)
Q type=REPOSITION prior=0.0360 q=0.4438 pto=0.000 label=REPOSITION p18->(13,10)
Q type=REPOSITION prior=0.0360 q=0.4438 pto=0.000 label=REPOSITION p19->(13,10)
Q type=REPOSITION prior=0.0360 q=0.4438 pto=0.000 label=REPOSITION p20->(13,10)
Q type=REPOSITION prior=0.0360 q=0.4438 pto=0.000 label=REPOSITION p21->(13,10)
SROOT g=8 t=30 ctx=off n=25
Q type=END_TURN prior=0.0345 q=0.3925 pto=0.000 label=END_TURN p-1 t-1
Q type=ADVANCE prior=0.1034 q=0.3925 pto=0.000 label=ADVANCE p22 t-1
Q type=CAGE prior=0.1034 q=0.3925 pto=0.000 label=CAGE p22 t-1
Q type=BLITZ prior=0.0345 q=0.3833 pto=0.547 label=BLITZ p-1 t8
Q type=PASS_ACTION prior=0.0345 q=0.3779 pto=0.207 label=PASS_ACTION p22 t12
Q type=PASS_ACTION prior=0.0345 q=0.3966 pto=0.167 label=PASS_ACTION p22 t13
Q type=PASS_ACTION prior=0.0345 q=0.3869 pto=0.013 label=PASS_ACTION p22 t14
Q type=PASS_ACTION prior=0.0345 q=0.3888 pto=0.007 label=PASS_ACTION p22 t18
Q type=PASS_ACTION prior=0.0345 q=0.4097 pto=0.020 label=PASS_ACTION p22 t21
Q type=FOUL prior=0.0345 q=0.3869 pto=0.000 label=FOUL p12 t1
Q type=FOUL prior=0.0345 q=0.3869 pto=0.000 label=FOUL p13 t2
Q type=FOUL prior=0.0345 q=0.3875 pto=0.000 label=FOUL p14 t9
Q type=FOUL prior=0.0345 q=0.3871 pto=0.000 label=FOUL p16 t7
Q type=FOUL prior=0.0345 q=0.3875 pto=0.000 label=FOUL p18 t4
Q type=FOUL prior=0.0345 q=0.3875 pto=0.000 label=FOUL p19 t9
Q type=FOUL prior=0.0345 q=0.3875 pto=0.000 label=FOUL p20 t9
Q type=FOUL prior=0.0345 q=0.3871 pto=0.000 label=FOUL p21 t7
Q type=FOUL prior=0.0345 q=0.3390 pto=0.000 label=FOUL p22 t3
Q type=REPOSITION prior=0.0345 q=0.3925 pto=0.000 label=REPOSITION p12->(10,5)
Q type=REPOSITION prior=0.0345 q=0.3925 pto=0.000 label=REPOSITION p14->(13,10)
Q type=REPOSITION prior=0.0345 q=0.3925 pto=0.000 label=REPOSITION p16->(13,10)
Q type=REPOSITION prior=0.0345 q=0.3925 pto=0.000 label=REPOSITION p18->(13,10)
Q type=REPOSITION prior=0.0345 q=0.3925 pto=0.000 label=REPOSITION p19->(13,10)
Q type=REPOSITION prior=0.0345 q=0.3925 pto=0.000 label=REPOSITION p20->(13,10)
Q type=REPOSITION prior=0.0345 q=0.3925 pto=0.000 label=REPOSITION p21->(13,10)
SROOT g=9 t=0 ctx=loose n=13
Q type=END_TURN prior=0.0614 q=-0.0600 pto=0.000 label=END_TURN p-1 t-1
Q type=BLITZ prior=0.0614 q=-0.0839 pto=0.020 label=BLITZ p-1 t12
Q type=BLOCK prior=0.0958 q=-0.0430 pto=0.020 label=BLOCK p2 t13
Q type=BLOCK prior=0.0958 q=-0.0430 pto=0.020 label=BLOCK p3 t13
Q type=BLOCK prior=0.0958 q=-0.0430 pto=0.020 label=BLOCK p4 t13
Q type=PICKUP prior=0.1597 q=0.2460 pto=0.027 label=PICKUP p11 t-1
Q type=REPOSITION prior=0.0614 q=-0.0200 pto=0.000 label=REPOSITION p5->(3,4)
Q type=REPOSITION prior=0.0614 q=-0.0600 pto=0.000 label=REPOSITION p6->(3,4)
Q type=REPOSITION prior=0.0614 q=-0.0200 pto=0.000 label=REPOSITION p7->(3,4)
Q type=REPOSITION prior=0.0614 q=0.2140 pto=0.027 label=REPOSITION p8->(3,4)
Q type=REPOSITION prior=0.0614 q=0.2140 pto=0.027 label=REPOSITION p9->(3,4)
Q type=REPOSITION prior=0.0614 q=0.2140 pto=0.027 label=REPOSITION p10->(3,4)
Q type=REPOSITION prior=0.0614 q=0.1595 pto=0.027 label=REPOSITION p11->(3,4)
SROOT g=9 t=2 ctx=off n=26
Q type=END_TURN prior=0.0331 q=0.2877 pto=0.000 label=END_TURN p-1 t-1
Q type=ADVANCE prior=0.1032 q=0.3284 pto=0.000 label=ADVANCE p11 t-1
Q type=CAGE prior=0.1032 q=0.2617 pto=0.120 label=CAGE p11 t-1
Q type=BLITZ prior=0.0331 q=0.3061 pto=0.020 label=BLITZ p-1 t12
Q type=PASS_ACTION prior=0.0331 q=0.2213 pto=0.380 label=PASS_ACTION p11 t1
Q type=PASS_ACTION prior=0.0331 q=0.1637 pto=0.520 label=PASS_ACTION p11 t2
Q type=PASS_ACTION prior=0.0331 q=0.1938 pto=0.440 label=PASS_ACTION p11 t3
Q type=PASS_ACTION prior=0.0331 q=0.2230 pto=0.380 label=PASS_ACTION p11 t4
Q type=PASS_ACTION prior=0.0331 q=0.2871 pto=0.193 label=PASS_ACTION p11 t5
Q type=PASS_ACTION prior=0.0331 q=0.2071 pto=0.507 label=PASS_ACTION p11 t6
Q type=PASS_ACTION prior=0.0331 q=0.2784 pto=0.213 label=PASS_ACTION p11 t7
Q type=PASS_ACTION prior=0.0331 q=0.2218 pto=0.373 label=PASS_ACTION p11 t8
Q type=PASS_ACTION prior=0.0331 q=0.2775 pto=0.167 label=PASS_ACTION p11 t9
Q type=PASS_ACTION prior=0.0331 q=0.1862 pto=0.440 label=PASS_ACTION p11 t10
Q type=FOUL prior=0.0331 q=0.2827 pto=0.000 label=FOUL p1 t15
Q type=FOUL prior=0.0331 q=0.2827 pto=0.000 label=FOUL p2 t15
Q type=FOUL prior=0.0331 q=0.2823 pto=0.000 label=FOUL p3 t15
Q type=FOUL prior=0.0331 q=0.2823 pto=0.000 label=FOUL p6 t15
Q type=REPOSITION prior=0.0331 q=0.2877 pto=0.000 label=REPOSITION p3->(14,10)
Q type=REPOSITION prior=0.0331 q=0.2757 pto=0.000 label=REPOSITION p4->(5,2)
Q type=REPOSITION prior=0.0331 q=0.2677 pto=0.000 label=REPOSITION p5->(5,2)
Q type=REPOSITION prior=0.0331 q=0.2877 pto=0.000 label=REPOSITION p6->(5,2)
Q type=REPOSITION prior=0.0331 q=0.2717 pto=0.000 label=REPOSITION p7->(5,2)
Q type=REPOSITION prior=0.0331 q=0.2677 pto=0.000 label=REPOSITION p8->(5,2)
Q type=REPOSITION prior=0.0331 q=0.2477 pto=0.000 label=REPOSITION p9->(5,2)
Q type=REPOSITION prior=0.0331 q=0.2677 pto=0.000 label=REPOSITION p10->(5,2)
SROOT g=9 t=4 ctx=off n=16
Q type=END_TURN prior=0.0561 q=0.2706 pto=0.000 label=END_TURN p-1 t-1
Q type=ADVANCE prior=0.1076 q=0.2706 pto=0.000 label=ADVANCE p7 t-1
Q type=CAGE prior=0.1076 q=0.2697 pto=0.000 label=CAGE p7 t-1
Q type=BLITZ prior=0.0561 q=0.2882 pto=0.020 label=BLITZ p-1 t12
Q type=PASS_ACTION prior=0.0561 q=0.2845 pto=0.040 label=PASS_ACTION p7 t2
Q type=PASS_ACTION prior=0.0561 q=0.2734 pto=0.013 label=PASS_ACTION p7 t3
Q type=PASS_ACTION prior=0.0561 q=0.2734 pto=0.013 label=PASS_ACTION p7 t4
Q type=PASS_ACTION prior=0.0561 q=0.1659 pto=0.433 label=PASS_ACTION p7 t6
Q type=REPOSITION prior=0.0561 q=0.2706 pto=0.000 label=REPOSITION p2->(9,4)
Q type=REPOSITION prior=0.0561 q=0.2706 pto=0.000 label=REPOSITION p3->(9,4)
Q type=REPOSITION prior=0.0561 q=0.2706 pto=0.000 label=REPOSITION p4->(9,4)
Q type=REPOSITION prior=0.0561 q=0.2706 pto=0.000 label=REPOSITION p6->(9,4)
Q type=REPOSITION prior=0.0561 q=0.2706 pto=0.000 label=REPOSITION p8->(9,4)
Q type=REPOSITION prior=0.0561 q=0.2706 pto=0.000 label=REPOSITION p9->(9,4)
Q type=REPOSITION prior=0.0561 q=0.2724 pto=0.000 label=REPOSITION p10->(9,4)
Q type=REPOSITION prior=0.0561 q=0.2715 pto=0.000 label=REPOSITION p11->(9,4)
SROOT g=9 t=6 ctx=off n=20
Q type=END_TURN prior=0.0382 q=0.3775 pto=0.000 label=END_TURN p-1 t-1
Q type=ADVANCE prior=0.0916 q=0.3311 pto=0.107 label=ADVANCE p7 t-1
Q type=CAGE prior=0.0916 q=0.3663 pto=0.287 label=CAGE p7 t-1
Q type=BLITZ prior=0.0382 q=0.3555 pto=0.840 label=BLITZ p-1 t18
Q type=BLITZ_AND_SCORE prior=0.0611 q=0.3434 pto=0.840 label=BLITZ_AND_SCORE p7 t18
Q type=BLOCK prior=0.0916 q=0.3958 pto=0.013 label=BLOCK p2 t18
Q type=BLOCK prior=0.0916 q=0.4070 pto=0.000 label=BLOCK p7 t18
Q type=FOUL prior=0.0382 q=0.3723 pto=0.000 label=FOUL p3 t12
Q type=FOUL prior=0.0382 q=0.3723 pto=0.000 label=FOUL p5 t12
Q type=FOUL prior=0.0382 q=0.3068 pto=0.000 label=FOUL p7 t15
Q type=FOUL prior=0.0382 q=0.3724 pto=0.000 label=FOUL p9 t12
Q type=FOUL prior=0.0382 q=0.3728 pto=0.000 label=FOUL p10 t12
Q type=REPOSITION prior=0.0382 q=0.3810 pto=0.000 label=REPOSITION p3->(17,6)
Q type=REPOSITION prior=0.0382 q=0.3807 pto=0.000 label=REPOSITION p4->(15,5)
Q type=REPOSITION prior=0.0382 q=0.3770 pto=0.000 label=REPOSITION p5->(13,5)
Q type=REPOSITION prior=0.0382 q=0.3786 pto=0.000 label=REPOSITION p6->(13,5)
Q type=REPOSITION prior=0.0382 q=0.3783 pto=0.000 label=REPOSITION p8->(13,5)
Q type=REPOSITION prior=0.0382 q=0.3823 pto=0.000 label=REPOSITION p9->(15,5)
Q type=REPOSITION prior=0.0382 q=0.3803 pto=0.107 label=REPOSITION p10->(13,5)
Q type=REPOSITION prior=0.0382 q=0.3770 pto=0.000 label=REPOSITION p11->(13,5)
SROOT g=9 t=8 ctx=off n=24
Q type=END_TURN prior=0.0360 q=0.4636 pto=0.000 label=END_TURN p-1 t-1
Q type=ADVANCE prior=0.1037 q=0.4921 pto=0.000 label=ADVANCE p7 t-1
Q type=CAGE prior=0.1037 q=0.4653 pto=0.000 label=CAGE p7 t-1
Q type=BLITZ prior=0.0360 q=0.4688 pto=0.020 label=BLITZ p-1 t16
Q type=PASS_ACTION prior=0.0360 q=0.4717 pto=0.040 label=PASS_ACTION p7 t2
Q type=PASS_ACTION prior=0.0360 q=0.4572 pto=0.047 label=PASS_ACTION p7 t4
Q type=FOUL prior=0.0360 q=0.4577 pto=0.000 label=FOUL p2 t18
Q type=FOUL prior=0.0360 q=0.4586 pto=0.000 label=FOUL p3 t14
Q type=FOUL prior=0.0360 q=0.4575 pto=0.000 label=FOUL p4 t13
Q type=FOUL prior=0.0360 q=0.4586 pto=0.000 label=FOUL p5 t12
Q type=FOUL prior=0.0360 q=0.4586 pto=0.000 label=FOUL p6 t14
Q type=FOUL prior=0.0360 q=0.3810 pto=0.000 label=FOUL p7 t14
Q type=FOUL prior=0.0360 q=0.4586 pto=0.000 label=FOUL p8 t12
Q type=FOUL prior=0.0360 q=0.4584 pto=0.000 label=FOUL p10 t12
Q type=FOUL prior=0.0360 q=0.4584 pto=0.000 label=FOUL p11 t12
Q type=REPOSITION prior=0.0360 q=0.4618 pto=0.000 label=REPOSITION p2->(13,4)
Q type=REPOSITION prior=0.0360 q=0.4671 pto=0.000 label=REPOSITION p3->(13,4)
Q type=REPOSITION prior=0.0360 q=0.4636 pto=0.000 label=REPOSITION p4->(13,4)
Q type=REPOSITION prior=0.0360 q=0.4671 pto=0.000 label=REPOSITION p5->(13,4)
Q type=REPOSITION prior=0.0360 q=0.4649 pto=0.000 label=REPOSITION p6->(13,4)
Q type=REPOSITION prior=0.0360 q=0.4671 pto=0.000 label=REPOSITION p8->(13,4)
Q type=REPOSITION prior=0.0360 q=0.4653 pto=0.000 label=REPOSITION p9->(13,4)
Q type=REPOSITION prior=0.0360 q=0.4662 pto=0.000 label=REPOSITION p10->(13,4)
Q type=REPOSITION prior=0.0360 q=0.4662 pto=0.000 label=REPOSITION p11->(13,4)
SROOT g=9 t=10 ctx=off n=26
Q type=END_TURN prior=0.0331 q=0.5120 pto=0.000 label=END_TURN p-1 t-1
Q type=ADVANCE prior=0.1032 q=0.5490 pto=0.000 label=ADVANCE p7 t-1
Q type=CAGE prior=0.1032 q=0.5120 pto=0.000 label=CAGE p7 t-1
Q type=BLITZ prior=0.0331 q=0.5175 pto=0.020 label=BLITZ p-1 t16
Q type=PASS_ACTION prior=0.0331 q=0.5120 pto=0.047 label=PASS_ACTION p7 t2
Q type=PASS_ACTION prior=0.0331 q=0.5060 pto=0.027 label=PASS_ACTION p7 t4
Q type=PASS_ACTION prior=0.0331 q=0.5036 pto=0.013 label=PASS_ACTION p7 t9
Q type=FOUL prior=0.0331 q=0.5062 pto=0.000 label=FOUL p2 t18
Q type=FOUL prior=0.0331 q=0.5069 pto=0.000 label=FOUL p3 t14
Q type=FOUL prior=0.0331 q=0.5062 pto=0.000 label=FOUL p4 t13
Q type=FOUL prior=0.0331 q=0.5069 pto=0.000 label=FOUL p5 t12
Q type=FOUL prior=0.0331 q=0.5071 pto=0.000 label=FOUL p6 t14
Q type=FOUL prior=0.0331 q=0.4260 pto=0.000 label=FOUL p7 t14
Q type=FOUL prior=0.0331 q=0.5071 pto=0.000 label=FOUL p8 t12
Q type=FOUL prior=0.0331 q=0.5066 pto=0.000 label=FOUL p9 t20
Q type=FOUL prior=0.0331 q=0.5069 pto=0.000 label=FOUL p10 t12
Q type=FOUL prior=0.0331 q=0.5069 pto=0.000 label=FOUL p11 t12
Q type=REPOSITION prior=0.0331 q=0.5111 pto=0.000 label=REPOSITION p2->(13,4)
Q type=REPOSITION prior=0.0331 q=0.5147 pto=0.000 label=REPOSITION p3->(13,4)
Q type=REPOSITION prior=0.0331 q=0.5129 pto=0.000 label=REPOSITION p4->(13,4)
Q type=REPOSITION prior=0.0331 q=0.5147 pto=0.000 label=REPOSITION p5->(13,4)
Q type=REPOSITION prior=0.0331 q=0.5134 pto=0.000 label=REPOSITION p6->(13,4)
Q type=REPOSITION prior=0.0331 q=0.5156 pto=0.000 label=REPOSITION p8->(13,4)
Q type=REPOSITION prior=0.0331 q=0.5129 pto=0.000 label=REPOSITION p9->(13,4)
Q type=REPOSITION prior=0.0331 q=0.5147 pto=0.000 label=REPOSITION p10->(13,4)
Q type=REPOSITION prior=0.0331 q=0.5147 pto=0.000 label=REPOSITION p11->(13,4)
SROOT g=9 t=12 ctx=off n=26
Q type=END_TURN prior=0.0331 q=0.4900 pto=0.000 label=END_TURN p-1 t-1
Q type=ADVANCE prior=0.1032 q=0.8071 pto=0.000 label=ADVANCE p7 t-1
Q type=CAGE prior=0.1032 q=0.4900 pto=0.000 label=CAGE p7 t-1
Q type=BLITZ prior=0.0331 q=0.4988 pto=0.020 label=BLITZ p-1 t16
Q type=PASS_ACTION prior=0.0331 q=0.4849 pto=0.047 label=PASS_ACTION p7 t2
Q type=PASS_ACTION prior=0.0331 q=0.4840 pto=0.027 label=PASS_ACTION p7 t4
Q type=PASS_ACTION prior=0.0331 q=0.4770 pto=0.013 label=PASS_ACTION p7 t9
Q type=FOUL prior=0.0331 q=0.4844 pto=0.000 label=FOUL p2 t22
Q type=FOUL prior=0.0331 q=0.4848 pto=0.000 label=FOUL p3 t14
Q type=FOUL prior=0.0331 q=0.4844 pto=0.000 label=FOUL p4 t13
Q type=FOUL prior=0.0331 q=0.4848 pto=0.000 label=FOUL p5 t12
Q type=FOUL prior=0.0331 q=0.4848 pto=0.000 label=FOUL p6 t14
Q type=FOUL prior=0.0331 q=0.4137 pto=0.000 label=FOUL p7 t14
Q type=FOUL prior=0.0331 q=0.4848 pto=0.000 label=FOUL p8 t12
Q type=FOUL prior=0.0331 q=0.4848 pto=0.000 label=FOUL p9 t20
Q type=FOUL prior=0.0331 q=0.4848 pto=0.000 label=FOUL p10 t12
Q type=FOUL prior=0.0331 q=0.4848 pto=0.000 label=FOUL p11 t12
Q type=REPOSITION prior=0.0331 q=0.4900 pto=0.000 label=REPOSITION p2->(13,4)
Q type=REPOSITION prior=0.0331 q=0.4900 pto=0.000 label=REPOSITION p3->(13,4)
Q type=REPOSITION prior=0.0331 q=0.4900 pto=0.000 label=REPOSITION p4->(13,4)
Q type=REPOSITION prior=0.0331 q=0.4900 pto=0.000 label=REPOSITION p5->(13,4)
Q type=REPOSITION prior=0.0331 q=0.4900 pto=0.000 label=REPOSITION p6->(13,4)
Q type=REPOSITION prior=0.0331 q=0.4900 pto=0.000 label=REPOSITION p8->(13,4)
Q type=REPOSITION prior=0.0331 q=0.4900 pto=0.000 label=REPOSITION p9->(13,4)
Q type=REPOSITION prior=0.0331 q=0.4900 pto=0.000 label=REPOSITION p10->(13,4)
Q type=REPOSITION prior=0.0331 q=0.4900 pto=0.000 label=REPOSITION p11->(13,4)
SROOT g=9 t=14 ctx=off n=20
Q type=END_TURN prior=0.0211 q=1.0000 pto=0.000 label=END_TURN p-1 t-1
Q type=SCORE prior=0.2954 q=0.7768 pto=0.073 label=SCORE p7 t-1
Q type=CAGE prior=0.0506 q=1.0000 pto=0.000 label=CAGE p7 t-1
Q type=BLITZ prior=0.0211 q=0.9979 pto=0.000 label=BLITZ p-1 t16
Q type=BLITZ_AND_SCORE prior=0.2954 q=0.9700 pto=0.053 label=BLITZ_AND_SCORE p7 t17
Q type=FOUL prior=0.0211 q=1.0000 pto=0.000 label=FOUL p2 t19
Q type=FOUL prior=0.0211 q=1.0000 pto=0.000 label=FOUL p3 t22
Q type=FOUL prior=0.0211 q=1.0000 pto=0.000 label=FOUL p5 t22
Q type=FOUL prior=0.0211 q=0.8650 pto=0.000 label=FOUL p7 t19
Q type=FOUL prior=0.0211 q=1.0000 pto=0.000 label=FOUL p8 t12
Q type=FOUL prior=0.0211 q=1.0000 pto=0.000 label=FOUL p9 t18
Q type=FOUL prior=0.0211 q=1.0000 pto=0.000 label=FOUL p11 t20
Q type=REPOSITION prior=0.0211 q=1.0000 pto=0.000 label=REPOSITION p2->(19,4)
Q type=REPOSITION prior=0.0211 q=1.0000 pto=0.000 label=REPOSITION p3->(19,4)
Q type=REPOSITION prior=0.0211 q=1.0000 pto=0.000 label=REPOSITION p4->(19,4)
Q type=REPOSITION prior=0.0211 q=1.0000 pto=0.000 label=REPOSITION p5->(19,4)
Q type=REPOSITION prior=0.0211 q=1.0000 pto=0.000 label=REPOSITION p8->(17,6)
Q type=REPOSITION prior=0.0211 q=1.0000 pto=0.000 label=REPOSITION p9->(19,4)
Q type=REPOSITION prior=0.0211 q=1.0000 pto=0.000 label=REPOSITION p10->(19,4)
Q type=REPOSITION prior=0.0211 q=1.0000 pto=0.000 label=REPOSITION p11->(22,2)
SROOT g=9 t=15 ctx=loose n=13
Q type=END_TURN prior=0.0549 q=-0.5600 pto=0.000 label=END_TURN p-1 t-1
Q type=BLITZ prior=0.0549 q=-0.5861 pto=0.833 label=BLITZ p-1 t9
Q type=BLOCK prior=0.0856 q=-0.5424 pto=0.027 label=BLOCK p13 t2
Q type=BLOCK prior=0.0856 q=-0.5424 pto=0.027 label=BLOCK p14 t2
Q type=BLOCK prior=0.0856 q=-0.5390 pto=0.007 label=BLOCK p15 t2
Q type=PICKUP prior=0.2496 q=-0.3937 pto=0.127 label=PICKUP p18 t-1
Q type=REPOSITION prior=0.0549 q=-0.3870 pto=0.113 label=REPOSITION p16->(22,9)
Q type=REPOSITION prior=0.0549 q=-0.3870 pto=0.113 label=REPOSITION p17->(22,9)
Q type=REPOSITION prior=0.0549 q=-0.5200 pto=0.000 label=REPOSITION p18->(22,9)
Q type=REPOSITION prior=0.0549 q=-0.5200 pto=0.000 label=REPOSITION p19->(22,9)
Q type=REPOSITION prior=0.0549 q=-0.3870 pto=0.113 label=REPOSITION p20->(22,9)
Q type=REPOSITION prior=0.0549 q=-0.3870 pto=0.113 label=REPOSITION p21->(22,9)
Q type=REPOSITION prior=0.0549 q=-0.3870 pto=0.113 label=REPOSITION p22->(22,9)
SROOT g=9 t=16 ctx=loose n=13
Q type=END_TURN prior=0.0569 q=-0.6000 pto=0.000 label=END_TURN p-1 t-1
Q type=BLITZ prior=0.0569 q=-0.6261 pto=0.833 label=BLITZ p-1 t9
Q type=BLOCK prior=0.0887 q=-0.5824 pto=0.027 label=BLOCK p13 t2
Q type=BLOCK prior=0.0887 q=-0.5824 pto=0.027 label=BLOCK p14 t2
Q type=BLOCK prior=0.0887 q=-0.5790 pto=0.007 label=BLOCK p15 t2
Q type=PICKUP prior=0.2218 q=-0.3595 pto=0.113 label=PICKUP p22 t-1
Q type=REPOSITION prior=0.0569 q=-0.5200 pto=0.000 label=REPOSITION p16->(24,7)
Q type=REPOSITION prior=0.0569 q=-0.5200 pto=0.000 label=REPOSITION p17->(24,7)
Q type=REPOSITION prior=0.0569 q=-0.5600 pto=0.000 label=REPOSITION p18->(24,7)
Q type=REPOSITION prior=0.0569 q=-0.5600 pto=0.000 label=REPOSITION p19->(24,7)
Q type=REPOSITION prior=0.0569 q=-0.5200 pto=0.000 label=REPOSITION p20->(24,7)
Q type=REPOSITION prior=0.0569 q=-0.5200 pto=0.000 label=REPOSITION p21->(24,7)
Q type=REPOSITION prior=0.0569 q=-0.3667 pto=0.113 label=REPOSITION p22->(24,7)
SROOT g=9 t=17 ctx=loose n=11
Q type=END_TURN prior=0.0909 q=0.3500 pto=0.000 label=END_TURN p-1 t-1
Q type=BLITZ prior=0.0909 q=0.3588 pto=0.020 label=BLITZ p-1 t16
Q type=REPOSITION prior=0.0909 q=0.3500 pto=0.000 label=REPOSITION p3->(24,7)
Q type=REPOSITION prior=0.0909 q=0.3500 pto=0.000 label=REPOSITION p4->(24,7)
Q type=REPOSITION prior=0.0909 q=0.3500 pto=0.000 label=REPOSITION p5->(24,7)
Q type=REPOSITION prior=0.0909 q=0.3500 pto=0.000 label=REPOSITION p6->(24,7)
Q type=REPOSITION prior=0.0909 q=0.3500 pto=0.000 label=REPOSITION p7->(24,7)
Q type=REPOSITION prior=0.0909 q=0.3500 pto=0.000 label=REPOSITION p8->(24,7)
Q type=REPOSITION prior=0.0909 q=0.3500 pto=0.000 label=REPOSITION p9->(24,7)
Q type=REPOSITION prior=0.0909 q=0.3500 pto=0.000 label=REPOSITION p10->(24,7)
Q type=REPOSITION prior=0.0909 q=0.3500 pto=0.000 label=REPOSITION p11->(24,7)
SROOT g=9 t=18 ctx=loose n=12
Q type=END_TURN prior=0.0628 q=-0.5200 pto=0.000 label=END_TURN p-1 t-1
Q type=BLITZ prior=0.0628 q=-0.5461 pto=0.833 label=BLITZ p-1 t9
Q type=BLOCK prior=0.0905 q=-0.5024 pto=0.027 label=BLOCK p13 t2
Q type=BLOCK prior=0.0905 q=-0.5024 pto=0.027 label=BLOCK p14 t2
Q type=BLOCK prior=0.0905 q=-0.4990 pto=0.007 label=BLOCK p15 t2
Q type=PICKUP prior=0.2261 q=-0.5200 pto=0.000 label=PICKUP p22 t-1
Q type=REPOSITION prior=0.0628 q=-0.5200 pto=0.000 label=REPOSITION p17->(24,7)
Q type=REPOSITION prior=0.0628 q=-0.5200 pto=0.000 label=REPOSITION p18->(24,7)
Q type=REPOSITION prior=0.0628 q=-0.5200 pto=0.000 label=REPOSITION p19->(24,7)
Q type=REPOSITION prior=0.0628 q=-0.5200 pto=0.000 label=REPOSITION p20->(24,7)
Q type=REPOSITION prior=0.0628 q=-0.5200 pto=0.000 label=REPOSITION p21->(24,7)
Q type=REPOSITION prior=0.0628 q=-0.5200 pto=0.000 label=REPOSITION p22->(24,7)
SROOT g=9 t=20 ctx=off n=21
Q type=END_TURN prior=0.0391 q=-0.2709 pto=0.000 label=END_TURN p-1 t-1
Q type=ADVANCE prior=0.0986 q=-0.2387 pto=0.000 label=ADVANCE p20 t-1
Q type=CAGE prior=0.0986 q=-0.2929 pto=0.000 label=CAGE p20 t-1
Q type=BLITZ prior=0.0391 q=-0.2959 pto=0.840 label=BLITZ p-1 t1
Q type=BLOCK prior=0.0986 q=-0.2525 pto=0.013 label=BLOCK p15 t5
Q type=PASS_ACTION prior=0.0391 q=-0.3241 pto=0.373 label=PASS_ACTION p20 t13
Q type=PASS_ACTION prior=0.0391 q=-0.3296 pto=0.393 label=PASS_ACTION p20 t14
Q type=PASS_ACTION prior=0.0391 q=-0.3248 pto=0.360 label=PASS_ACTION p20 t16
Q type=PASS_ACTION prior=0.0391 q=-0.3137 pto=0.333 label=PASS_ACTION p20 t17
Q type=PASS_ACTION prior=0.0391 q=-0.3318 pto=0.380 label=PASS_ACTION p20 t18
Q type=PASS_ACTION prior=0.0391 q=-0.3585 pto=0.460 label=PASS_ACTION p20 t21
Q type=PASS_ACTION prior=0.0391 q=-0.2785 pto=0.093 label=PASS_ACTION p20 t22
Q type=FOUL prior=0.0391 q=-0.2765 pto=0.000 label=FOUL p12 t2
Q type=FOUL prior=0.0391 q=-0.2765 pto=0.000 label=FOUL p19 t2
Q type=REPOSITION prior=0.0391 q=-0.2789 pto=0.000 label=REPOSITION p13->(24,7)
Q type=REPOSITION prior=0.0391 q=-0.2789 pto=0.000 label=REPOSITION p14->(24,7)
Q type=REPOSITION prior=0.0391 q=-0.2709 pto=0.000 label=REPOSITION p16->(10,7)
Q type=REPOSITION prior=0.0391 q=-0.2709 pto=0.000 label=REPOSITION p17->(24,7)
Q type=REPOSITION prior=0.0391 q=-0.2842 pto=0.000 label=REPOSITION p18->(24,7)
Q type=REPOSITION prior=0.0391 q=-0.2842 pto=0.000 label=REPOSITION p21->(24,7)
Q type=REPOSITION prior=0.0391 q=-0.2682 pto=0.000 label=REPOSITION p22->(22,7)
SROOT g=9 t=22 ctx=loose n=15
Q type=END_TURN prior=0.0478 q=-0.5200 pto=0.000 label=END_TURN p-1 t-1
Q type=BLITZ prior=0.0478 q=-0.5112 pto=0.020 label=BLITZ p-1 t8
Q type=BLOCK prior=0.0861 q=-0.4980 pto=0.000 label=BLOCK p16 t4
Q type=BLOCK prior=0.0861 q=-0.4980 pto=0.000 label=BLOCK p18 t4
Q type=BLOCK prior=0.0861 q=-0.4974 pto=0.000 label=BLOCK p20 t4
Q type=PICKUP prior=0.2153 q=-0.3600 pto=0.300 label=PICKUP p18 t-1
Q type=FOUL prior=0.0478 q=-0.5252 pto=0.000 label=FOUL p12 t2
Q type=FOUL prior=0.0478 q=-0.5254 pto=0.000 label=FOUL p14 t1
Q type=FOUL prior=0.0478 q=-0.5254 pto=0.000 label=FOUL p19 t1
Q type=REPOSITION prior=0.0478 q=-0.5200 pto=0.000 label=REPOSITION p12->(24,8)
Q type=REPOSITION prior=0.0478 q=-0.5200 pto=0.000 label=REPOSITION p14->(24,8)
Q type=REPOSITION prior=0.0478 q=-0.5200 pto=0.000 label=REPOSITION p17->(24,8)
Q type=REPOSITION prior=0.0478 q=-0.5200 pto=0.000 label=REPOSITION p19->(24,8)
Q type=REPOSITION prior=0.0478 q=-0.3368 pto=0.113 label=REPOSITION p21->(24,8)
Q type=REPOSITION prior=0.0478 q=-0.3333 pto=0.113 label=REPOSITION p22->(24,8)
SROOT g=9 t=23 ctx=loose n=15
Q type=END_TURN prior=0.0588 q=0.5100 pto=0.000 label=END_TURN p-1 t-1
Q type=BLITZ prior=0.0588 q=0.4836 pto=0.880 label=BLITZ p-1 t17
Q type=PICKUP prior=0.1765 q=0.4453 pto=0.353 label=PICKUP p4 t-1
Q type=FOUL prior=0.0588 q=0.4909 pto=0.000 label=FOUL p4 t13
Q type=FOUL prior=0.0588 q=0.5050 pto=0.000 label=FOUL p5 t15
Q type=FOUL prior=0.0588 q=0.5050 pto=0.000 label=FOUL p6 t15
Q type=FOUL prior=0.0588 q=0.5050 pto=0.000 label=FOUL p7 t15
Q type=REPOSITION prior=0.0588 q=0.5100 pto=0.000 label=REPOSITION p3->(24,8)
Q type=REPOSITION prior=0.0588 q=0.5100 pto=0.000 label=REPOSITION p5->(24,8)
Q type=REPOSITION prior=0.0588 q=0.5100 pto=0.000 label=REPOSITION p6->(24,8)
Q type=REPOSITION prior=0.0588 q=0.5100 pto=0.000 label=REPOSITION p7->(24,8)
Q type=REPOSITION prior=0.0588 q=0.5100 pto=0.000 label=REPOSITION p8->(24,8)
Q type=REPOSITION prior=0.0588 q=0.5100 pto=0.000 label=REPOSITION p9->(24,8)
Q type=REPOSITION prior=0.0588 q=0.5100 pto=0.000 label=REPOSITION p10->(24,8)
Q type=REPOSITION prior=0.0588 q=0.5100 pto=0.000 label=REPOSITION p11->(24,8)
SROOT g=9 t=24 ctx=loose n=14
Q type=END_TURN prior=0.0581 q=-0.5200 pto=0.000 label=END_TURN p-1 t-1
Q type=BLITZ prior=0.0581 q=-0.5112 pto=0.020 label=BLITZ p-1 t8
Q type=PICKUP prior=0.2442 q=-0.2945 pto=0.113 label=PICKUP p20 t-1
Q type=FOUL prior=0.0581 q=-0.5252 pto=0.000 label=FOUL p12 t2
Q type=FOUL prior=0.0581 q=-0.5254 pto=0.000 label=FOUL p14 t1
Q type=FOUL prior=0.0581 q=-0.5254 pto=0.000 label=FOUL p19 t1
Q type=REPOSITION prior=0.0581 q=-0.5200 pto=0.000 label=REPOSITION p12->(24,8)
Q type=REPOSITION prior=0.0581 q=-0.5200 pto=0.000 label=REPOSITION p14->(24,8)
Q type=REPOSITION prior=0.0581 q=-0.5200 pto=0.000 label=REPOSITION p16->(24,8)
Q type=REPOSITION prior=0.0581 q=-0.5200 pto=0.000 label=REPOSITION p17->(24,8)
Q type=REPOSITION prior=0.0581 q=-0.5200 pto=0.000 label=REPOSITION p19->(24,8)
Q type=REPOSITION prior=0.0581 q=-0.3193 pto=0.113 label=REPOSITION p20->(24,8)
Q type=REPOSITION prior=0.0581 q=-0.3216 pto=0.113 label=REPOSITION p21->(24,8)
Q type=REPOSITION prior=0.0581 q=-0.3169 pto=0.113 label=REPOSITION p22->(24,8)
SROOT g=9 t=25 ctx=loose n=14
Q type=END_TURN prior=0.0633 q=0.4000 pto=0.000 label=END_TURN p-1 t-1
Q type=BLITZ prior=0.0633 q=0.3736 pto=0.880 label=BLITZ p-1 t17
Q type=PICKUP prior=0.1772 q=0.4400 pto=0.000 label=PICKUP p3 t-1
Q type=FOUL prior=0.0633 q=0.3950 pto=0.000 label=FOUL p5 t15
Q type=FOUL prior=0.0633 q=0.3950 pto=0.000 label=FOUL p6 t15
Q type=FOUL prior=0.0633 q=0.3950 pto=0.000 label=FOUL p7 t15
Q type=REPOSITION prior=0.0633 q=0.4400 pto=0.000 label=REPOSITION p3->(24,8)
Q type=REPOSITION prior=0.0633 q=0.4000 pto=0.000 label=REPOSITION p5->(24,8)
Q type=REPOSITION prior=0.0633 q=0.4000 pto=0.000 label=REPOSITION p6->(24,8)
Q type=REPOSITION prior=0.0633 q=0.4000 pto=0.000 label=REPOSITION p7->(24,8)
Q type=REPOSITION prior=0.0633 q=0.4400 pto=0.000 label=REPOSITION p8->(24,8)
Q type=REPOSITION prior=0.0633 q=0.4400 pto=0.000 label=REPOSITION p9->(24,8)
Q type=REPOSITION prior=0.0633 q=0.4000 pto=0.000 label=REPOSITION p10->(24,8)
Q type=REPOSITION prior=0.0633 q=0.4400 pto=0.000 label=REPOSITION p11->(24,8)
SROOT g=9 t=26 ctx=loose n=13
Q type=END_TURN prior=0.0604 q=-0.5200 pto=0.000 label=END_TURN p-1 t-1
Q type=BLITZ prior=0.0604 q=-0.5156 pto=0.080 label=BLITZ p-1 t10
Q type=PICKUP prior=0.2749 q=-0.5200 pto=0.000 label=PICKUP p20 t-1
Q type=FOUL prior=0.0604 q=-0.5252 pto=0.000 label=FOUL p12 t2
Q type=FOUL prior=0.0604 q=-0.5254 pto=0.000 label=FOUL p14 t1
Q type=FOUL prior=0.0604 q=-0.5254 pto=0.000 label=FOUL p19 t1
Q type=REPOSITION prior=0.0604 q=-0.5200 pto=0.000 label=REPOSITION p12->(24,8)
Q type=REPOSITION prior=0.0604 q=-0.5200 pto=0.000 label=REPOSITION p14->(24,8)
Q type=REPOSITION prior=0.0604 q=-0.5200 pto=0.000 label=REPOSITION p16->(24,8)
Q type=REPOSITION prior=0.0604 q=-0.5200 pto=0.000 label=REPOSITION p19->(24,8)
Q type=REPOSITION prior=0.0604 q=-0.5200 pto=0.000 label=REPOSITION p20->(24,8)
Q type=REPOSITION prior=0.0604 q=-0.5200 pto=0.000 label=REPOSITION p21->(24,8)
Q type=REPOSITION prior=0.0604 q=-0.5200 pto=0.000 label=REPOSITION p22->(24,8)
SROOT g=9 t=27 ctx=loose n=14
Q type=END_TURN prior=0.0538 q=0.4700 pto=0.000 label=END_TURN p-1 t-1
Q type=BLITZ prior=0.0538 q=0.4794 pto=0.000 label=BLITZ p-1 t17
Q type=BLOCK prior=0.0904 q=0.4794 pto=0.000 label=BLOCK p10 t17
Q type=PICKUP prior=0.2637 q=0.4700 pto=0.000 label=PICKUP p3 t-1
Q type=FOUL prior=0.0538 q=0.4646 pto=0.000 label=FOUL p3 t20
Q type=FOUL prior=0.0538 q=0.4646 pto=0.000 label=FOUL p8 t20
Q type=FOUL prior=0.0538 q=0.4646 pto=0.000 label=FOUL p11 t20
Q type=REPOSITION prior=0.0538 q=0.4700 pto=0.000 label=REPOSITION p3->(24,8)
Q type=REPOSITION prior=0.0538 q=0.4700 pto=0.000 label=REPOSITION p5->(24,8)
Q type=REPOSITION prior=0.0538 q=0.4700 pto=0.000 label=REPOSITION p6->(24,8)
Q type=REPOSITION prior=0.0538 q=0.4700 pto=0.000 label=REPOSITION p7->(24,8)
Q type=REPOSITION prior=0.0538 q=0.4700 pto=0.000 label=REPOSITION p8->(24,8)
Q type=REPOSITION prior=0.0538 q=0.4700 pto=0.000 label=REPOSITION p9->(24,8)
Q type=REPOSITION prior=0.0538 q=0.4700 pto=0.000 label=REPOSITION p11->(24,8)
SROOT g=9 t=28 ctx=loose n=12
Q type=END_TURN prior=0.0658 q=-0.5500 pto=0.000 label=END_TURN p-1 t-1
Q type=BLITZ prior=0.0658 q=-0.5632 pto=0.720 label=BLITZ p-1 t7
Q type=PICKUP prior=0.2763 q=-0.3182 pto=0.113 label=PICKUP p21 t-1
Q type=FOUL prior=0.0658 q=-0.5552 pto=0.000 label=FOUL p12 t2
Q type=FOUL prior=0.0658 q=-0.5554 pto=0.000 label=FOUL p14 t1
Q type=FOUL prior=0.0658 q=-0.5554 pto=0.000 label=FOUL p19 t1
Q type=REPOSITION prior=0.0658 q=-0.5500 pto=0.000 label=REPOSITION p12->(24,8)
Q type=REPOSITION prior=0.0658 q=-0.5500 pto=0.000 label=REPOSITION p14->(24,8)
Q type=REPOSITION prior=0.0658 q=-0.3904 pto=0.113 label=REPOSITION p16->(24,8)
Q type=REPOSITION prior=0.0658 q=-0.5500 pto=0.000 label=REPOSITION p19->(24,8)
Q type=REPOSITION prior=0.0658 q=-0.4094 pto=0.113 label=REPOSITION p21->(24,8)
Q type=REPOSITION prior=0.0658 q=-0.4094 pto=0.113 label=REPOSITION p22->(24,8)
SROOT g=9 t=30 ctx=off n=13
Q type=END_TURN prior=0.0708 q=-0.3900 pto=0.000 label=END_TURN p-1 t-1
Q type=ADVANCE prior=0.1105 q=-0.2874 pto=0.027 label=ADVANCE p21 t-1
Q type=CAGE prior=0.1105 q=-0.3900 pto=0.000 label=CAGE p21 t-1
Q type=BLITZ prior=0.0708 q=-0.3644 pto=0.073 label=BLITZ p-1 t7
Q type=PASS_ACTION prior=0.0708 q=-0.4433 pto=0.273 label=PASS_ACTION p21 t12
Q type=PASS_ACTION prior=0.0708 q=-0.4284 pto=0.253 label=PASS_ACTION p21 t14
Q type=PASS_ACTION prior=0.0708 q=-0.4585 pto=0.413 label=PASS_ACTION p21 t19
Q type=FOUL prior=0.0708 q=-0.3956 pto=0.000 label=FOUL p19 t2
Q type=REPOSITION prior=0.0708 q=-0.3900 pto=0.000 label=REPOSITION p12->(16,8)
Q type=REPOSITION prior=0.0708 q=-0.3900 pto=0.000 label=REPOSITION p14->(16,8)
Q type=REPOSITION prior=0.0708 q=-0.3900 pto=0.000 label=REPOSITION p16->(21,6)
Q type=REPOSITION prior=0.0708 q=-0.3900 pto=0.000 label=REPOSITION p19->(3,6)
Q type=REPOSITION prior=0.0708 q=-0.3900 pto=0.000 